"","c__Clostridia","f__Lachnospiraceae","f__Oscillospiraceae","f__Ruminococcaceae","f__Veillonellaceae","g__[Eubacterium]_coprostanoligenes_group","g__[Eubacterium]_eligens_group","g__[Eubacterium]_hallii_group","g__[Eubacterium]_ruminantium_group","g__[Ruminococcus]_gauvreauii_group","g__[Ruminococcus]_gnavus_group","g__[Ruminococcus]_torques_group","g__Acidaminococcus","g__Actinomyces","g__Agathobacter","g__Alistipes","g__Anaerostipes","g__Bacteroides","g__Bifidobacterium","g__Bilophila","g__Blautia","g__Butyricicoccus","g__Butyricimonas","g__Catenibacterium","g__Christensenellaceae_R-7_group","g__Clostridia_UCG-014","g__Clostridia_vadinBB60_group","g__Clostridium_sensu_stricto_1","g__Colidextribacter","g__Collinsella","g__Coprococcus","g__Dialister","g__Dorea","g__Escherichia-Shigella","g__Faecalibacterium","g__Flavonifractor","g__Fusicatenibacter","g__Fusobacterium","g__GCA-900066575","g__Haemophilus","g__Holdemanella","g__Howardella","g__Incertae_Sedis","g__Intestinibacter","g__Lachnoclostridium","g__Lachnospira","g__Lachnospiraceae","g__Lachnospiraceae_NK4A136_group","g__Lachnospiraceae_UCG-004","g__Marvinbryantia","g__Methanobrevibacter","g__Mitsuokella","g__Monoglobus","g__NK4A214_group","g__Odoribacter","g__Oscillibacter","g__Parabacteroides","g__Paraprevotella","g__Parasutterella","g__Peptoniphilus","g__Prevotella","g__Romboutsia","g__Roseburia","g__Ruminococcus","g__Slackia","g__Streptococcus","g__Subdoligranulum","g__Sutterella","g__Turicibacter","g__UCG-002","g__UCG-003","g__UCG-005","g__UCG-010","g__uncultured","g__Veillonella","o__Lactobacillales","o__Oscillospirales","s__[Clostridium]_leptum","s__[Eubacterium]_siraeum","s__Alistipes_obesi","s__Alistipes_shahii","s__Alistipes_sp.","s__Anaerostipes_hadrus","s__bacterium_YE57","s__Bacteroidaceae_bacterium","s__Bacteroides_stercoris","s__Bacteroides_vulgatus","s__Campylobacter_hominis","s__Clostridium_sp.","s__Dorea_longicatena","s__Eubacterium_ramulus","s__Fusobacterium_mortiferum","s__gut_metagenome","s__human_gut","s__Lachnospiraceae_bacterium","s__Massiliprevotella_massiliensis","s__Megasphaera_elsdenii","s__metagenome","s__Parabacteroides_merdae","s__Prevotella_bivia","s__Prevotella_buccalis","s__Prevotella_corporis","s__Prevotellaceae_bacterium","s__Trichuris_trichiura","s__uncultured_Alistipes","s__uncultured_bacterium","s__uncultured_Blautia","s__uncultured_Clostridium","s__uncultured_Desulfovibrionaceae","s__uncultured_Dorea","s__uncultured_Eubacterium","s__uncultured_Lachnospiraceae","s__uncultured_marine","s__uncultured_organism","s__uncultured_prokaryote","s__uncultured_Roseburia","s__uncultured_rumen","s__uncultured_Veillonellaceae","s__unidentified","Unassigned"
"c__Clostridia",0,-0.299946655615268,0.790327431321633,0.508418707629736,0,-0.055796637339411,-0.00188419809628276,0.0774251371661218,0.183735022189051,0.591721435109953,0,0.469365934237949,0,0,0.0458171325317648,0.142458304801811,0.860785068430124,-0.0621418420666359,-0.136979766964268,-0.82558156562314,0.320829826353138,0.403655073938388,-0.673424489110814,0.0932913612134484,0.397242114128509,-0.248624323426608,0.0400928195363408,-0.121590042315051,0.521059463020907,0.597156009898069,0.629735421322832,-0.133837040293634,0.47530303606778,-0.16279383878022,-0.369880470840759,-0.456742441750733,0.515435001585265,-0.302368262473118,-1.08087943909115,-0.701474127946856,1.38574332123158,-0.196429959536879,-0.250119697486811,1.1431583052255,0.328622600697954,-0.855392988658334,-0.0668657570430649,-0.100080237441768,-0.321049861322016,0.273195865506161,0,-0.705543233204587,-0.514384205987765,0.0347857066514209,-0.67854513549652,-0.259498156120756,0.556732514349415,-0.452899337941512,-0.132513050735087,0,-0.19711039005392,0.860672600081936,-0.100318423477079,-0.273452956519121,0.433529587182058,-0.468936282825797,-0.499954143712526,-0.889341445639995,0.760234444115569,0.0935042808944838,0.419646537966752,0.380119025974634,0.179699719202092,0.511402223010863,0,-0.408326023938946,0,0.287876232675512,0.575342488195382,-0.260189510293503,0.00588094516852147,-0.217456239770307,-0.556445066892636,0,0,0.0142473837796172,-0.390692624974012,0,-0.562791181047459,0.716685163034602,0.51103742547289,0,0.310873427971177,-0.31155145826839,-0.313713723533041,-0.347437463337878,0,0.0433943498002891,-0.0344599758178857,0,0,0,-0.409618926325562,-0.611438033266903,-0.224512304133357,-0.097826934000678,-0.650221850077085,0.520837225668788,-0.134425643632621,0.372640802922609,0.361248858092092,0.051569342952193,0.191621442942971,-0.020433396502484,-0.105852580349738,-0.509984641271797,0.0419210042077406,0.487179328983361,-0.438599954524129,0
"f__Lachnospiraceae",-0.299946655615268,0,-0.588976137234324,-0.133980585710047,0.309588433159608,-0.26916994963036,0.466270895022572,0.138373609023278,-0.0600476065854612,-0.355841489371548,0.351612183796,0.195771135855698,0.471443610466483,-0.328204747889106,0.203175871081535,0.654737700631228,0.256386335522817,0.216176232554698,0.0776381510916622,0.394808953281772,0.131464745416774,0.289831737100716,0.0890125562880524,-0.504049458099928,-0.276364738246733,0.153768830058515,-0.500165284729356,-0.0142147067262961,-0.52207550546132,-0.166629944917545,-0.0642056971827994,0.287923818102504,0.0314158324009489,-0.189242718542216,-0.00438299461423378,-1.04969722128923,0.0602095004349707,0.109763718949642,-0.0834407357568889,0.216493492913782,-0.00074986481656094,-0.244565556001097,0.0683519613530297,0.529634973673718,0.328815924141379,0.277287912564278,-0.323565787346939,-0.0361703674734468,0.0713334924677358,-0.409747526378034,-0.0262988534783438,-0.270507001799202,0.514596641568125,0.52177210376956,0.981031162790252,-0.309582833522358,0.0513552458189232,0.247970432793324,0.179833100334105,-0.784785075897801,-0.0675479349277587,0.141635005843849,0.351152047196321,0.120875347542018,-0.160093399975418,0.285231368833676,0.0595196767002175,0.26806947188132,0.772943551476238,-0.530639659495668,0.0434581304330611,-0.198887744730217,0.0691346454506552,-0.0201883707674449,0.34413262431527,0.120454871657906,-0.630804487584151,-0.118515987868303,0.0569566664908973,0.00604973975324674,0.185247132106643,-0.0755868600709182,-0.0920211686997253,-0.346193976970205,-0.0286288092247157,0.269360378528266,0.0693535174139098,-0.474954685899505,-0.0146091592987527,0.18726315803514,0.0693127759369178,-0.252494868104015,-0.320042990653837,-0.39782868298422,0.35465291233611,0.0440088148619689,0.593674512143115,-0.111719301657847,0.274213515748816,0.0780606165547292,-0.486906751013245,-0.60222321859193,0.0746721047381911,0.103624845428884,0.129813878709972,-0.560763024409517,-0.635082670413081,0.326632058357549,-0.255171908558493,-0.14315568277386,0.307685158247343,0.36705168257648,-1.02746054374977,-0.440719191076845,-0.106117624443862,-0.0304526981880778,-0.425104520992648,0.140024132726173,-0.206768059710535,-0.513360987538938
"f__Oscillospiraceae",0.790327431321633,-0.588976137234324,0,-0.270638637371134,-0.49621700311286,-0.500743201808657,0.321075867864838,0.0800419267162222,-0.0132784545335309,-0.167785647596763,0,0.0492539130673835,-1.14346774172745,-0.252997912082651,0.80448317974929,-0.188694542996899,0.367518355193235,-0.0854463998031006,0.106135164140915,0.263596352271791,0.657155823656874,0.307632261469292,0.0916001113753481,-0.112546876681544,-0.253703044036711,0.630334582464398,-0.315034846942891,-0.242760703335423,0.0112827859080628,0.587436256010002,0.379921310268373,0.398581140381047,0.0738335381860234,0.175470849158623,0.293190035713175,-0.655714407734054,-0.0673746856032322,-0.279353699002714,-0.0229149038898708,0.293847550704185,-0.00142798857794196,-0.310620324410446,0.0435241291730315,0.0283928826775163,0.443215088555582,0.329571004133261,-0.537885104201974,-0.703953858530982,-0.337298658176472,-0.563224548398804,0.384093583087358,-0.176839711028246,-0.497613417188056,-0.308845057011356,-0.0915558348453486,-0.176898146311807,-0.133016248260061,0.601938820159461,0.271665516489871,0.0672203205886252,-0.097407676385934,0.272142024280388,-0.0393071541344079,0.319916735166867,0.0555112824339936,0.257851399733548,0.363067401689785,-0.107032788913569,0.253594401781495,0.0215143088862192,-0.458256247175876,-0.248303648928782,-0.466347515172861,-0.221876350951803,-0.0928952348235949,0.0928565205364192,0.224934551718402,-0.224813002916051,-0.409985328685058,0.191159383630366,-0.407888578295783,0.609006328023665,-0.292413948591332,-0.0270118649074543,-0.50855300114996,-0.461727977579248,-0.360547617964084,0.652642840998408,-0.665367120801515,0.041389069022636,0.388508649616632,0.446188071012971,-0.250678468099966,-0.0942134641062314,0.181856120846607,0.128473472210718,0.696303630253048,-0.25491198493351,-0.208826498688278,0.051569342952193,0.278432860956591,-0.0314153091756935,-0.264459193197186,0.495023879144999,0.107439196784304,-0.157344300805148,-0.702382916709304,-0.610608611754342,-0.181066329384042,0.148079026756555,0.106347547281125,0.593410108108337,0.0298988904854541,-0.00743699728128255,0.111434901029682,-0.705420075832278,0.0509172689559628,0.243464613991326,-0.153172544021776,-0.402805394743377
"f__Ruminococcaceae",0.508418707629736,-0.133980585710047,-0.270638637371134,0,0.460913311531207,-0.410419181504598,-0.451045552789859,0.0702722622669826,-0.521261550109416,0.345985260405043,-0.120895979997893,-0.0175044801039766,0.028009019008974,0.0171737210753363,0.321049142257724,0.04310350881844,0.233441660759681,0.137980132356368,0.422280867701477,0.535920041406902,0.486344604377712,0.188921477544413,0.140879024254385,0.162565308376402,-0.413168703837434,-0.100816705732048,0.241167487874262,0.244905920636398,0.578363941066662,0.172879764717934,0.390200860446897,-0.131091117455831,0.298862013729573,-0.11443865650734,0.141199946015298,-0.419929907328038,0.467877433241344,-0.49999288014015,-0.531765897595686,0.191715272448265,-0.57859006618068,0.215691418309094,0.189160464948494,0.137962352547337,-0.0222061651935507,0.0204008673805288,0.253013556133785,-0.804518528806768,-0.560513997892428,-0.179028806179939,0.168964986890071,-0.603247124215156,-0.14086847667223,-0.23059750858989,-0.273424293055287,0.226409709347338,0.645428276063649,0.143394259702229,-0.110155095804281,0.133837472627805,-0.569521369128011,0.538161528189523,-0.299911603144134,-0.226638607721311,0.374886002100655,0.277951830500262,0.205584882124304,-0.495260155529705,0.319844255808171,-0.393713888958034,-0.415124973006909,0.240013167831209,-0.777070252749477,-0.250143930405113,-0.151228521915575,-0.451040083060914,0.0301567204492003,0.243296262816496,-0.412103651417116,-1.0380187847421,-0.175602935989346,-0.0551643592623415,-0.483329182788393,-0.0353589970601488,0.0571281261828379,0.976712115475703,-0.0240769058931812,0.968672178791872,0.644191989867759,-0.117936252971685,0.41347821326593,0.0171737210753364,-0.296890271091047,-0.426846007375111,0.120520318082831,0.0905049106498053,-0.149336808009681,-0.556532518444115,0.15920114180159,0.432674389441465,-0.372581364734996,0.0117638807081313,-0.000472877948390901,0.0399977169432413,0.209023246786039,-0.393358060124369,0.529462538311633,-0.0530627944463442,0.405747281080818,0.469476674232529,0.427318749017857,0.365037957376946,0.0402007349430832,-0.332252742470373,-0.333330220295677,0.609612528001707,-0.376435483345657,0.116885966573869,-0.24305128893018,0.129276079799674
"f__Veillonellaceae",0,0.309588433159608,-0.49621700311286,0.460913311531207,0,0,0.179699719202092,-0.442061612499895,0,0.00284314573584703,0,0.567583701078517,0,0,-0.761353930871509,-0.141504720568785,-0.300055764910674,0.0844970990806116,-0.246202227814775,0.0303261859220925,-0.282249102403965,0.430241610945642,0.631623290713663,0.0635501414995583,-0.262255100554439,0,0,-0.0232506964553327,-0.17477148097175,-0.328103730482528,-0.0462396239690938,-0.093010597247431,-0.294077401632681,0.245835383337231,-0.0357925415983034,0.0630619926085576,-0.894596309195336,0.705543233204587,0.355349655162079,-0.272006877817344,-0.123659272879161,0.31515297790188,-0.0708775096449823,-0.0345614953230323,0.116282955370558,-0.266885877404706,0,0.227545860986026,0.582996279960921,-0.40132674861392,-0.659813847226612,-0.168693078613107,0,0.179699719202092,0.370921556211901,-0.159052300136228,0.072278305012853,0.0400928195363408,0,0,-0.0163428511774356,-0.728144953997564,-0.0691580213458065,0,0.0133511981127479,-0.0966013908028882,-0.010205737661297,0.805542162183015,0.134425643632621,0.240722412687088,0.815020893478441,0,0,0.0647413976326577,-0.00667525703314239,0.424577371035842,0,-0.00572397992947209,-0.452899337941512,0,0.0143840713232736,0,0.204980133133472,0,0,-0.323407127888447,0.025672510097259,0,0,0.757187871126124,1.192827226028,0.313713723533041,0.60406221662321,-0.0654978658601265,0,-0.181847944390287,0,0.269046329678449,-0.0287092077713842,0,0,0,0.385789927377207,-0.0542078735742798,0,0.248003267721397,0,-0.408015667258065,0,-0.133029618035457,0.877574460827212,0,0,0.700494485459172,-0.292235630481721,-0.191621442942971,-0.236607399675893,0.304592762006558,0.624106662496552,0
"g__[Eubacterium]_coprostanoligenes_group",-0.055796637339411,-0.26916994963036,-0.500743201808657,-0.410419181504598,0,0,-0.0831874787326842,0.381072799244811,-0.0358880172718029,0.0176986640566129,0,0.450276251977085,-0.165840085286047,0,0.476483352949552,0.0917267357296924,0.342151139618879,0.0307685065636562,0.0611799627318118,0.616595723177805,0.34517491063223,0.814857729168773,0.0235754916032356,0.528412629918922,-0.283706633855273,0.120823762664984,-0.341524961121737,0.20491800874335,-0.279986543916255,0.178672317323636,0.156963002221476,0.263052935146052,0.139980113006427,0.260189510293503,0.533084374267836,-0.203207489688547,-0.0986009503186115,-0.0316053575222724,0.272136491705534,0.287358161855207,0.105328972390474,-0.332839835753042,0.04050478170732,-0.0783710003945958,-0.439188908565475,-0.195127113537314,-0.134031257447528,-0.317648806427925,-0.400385238064641,-0.0269918003596945,0.294489105295177,-0.266569969909706,0.189465523351332,-0.746532724469319,0.340899182168728,0.0982986661199798,-0.344930020295337,-0.0639953583946107,0.0745744103458,-0.507417068217665,-0.079603162794349,0.350558312135198,-0.478992211066662,-0.151510347505494,0.146303145971705,0.390836435946566,0.632584246983473,0.371494220457647,-0.400149081927007,-0.453421306323574,-0.30572661857987,0.0606835741866765,-0.202506072635422,-0.0958845632170279,0.0517094998706763,-0.262255100554439,0,-0.385026991148862,-0.52265314172842,-0.206940562485453,0.0399534829467287,0.092602794379189,0.381815003232462,0,0,0.129901910472651,-0.108530751672638,0,-0.192732554054082,-0.776485616074417,-0.217746556874665,-0.051569342952193,-1.01971581080523,-0.364314847837779,0.436310672082099,0.065932278479077,0.452899337941512,-0.383846794619489,0.0792371366218232,0,-0.00572397992947209,-0.203606946261715,0.20117897980685,0.397857153675238,0.522086607252739,-0.518358780617633,0.114042266919305,-0.112266816703715,-0.0157981964319718,0.21844886372389,0.295271149799531,0.652429378293156,-0.148066523925395,0.0999938627232006,-0.409597005320659,0.367533329526736,-0.520608058557909,-0.397230919504191,-0.625183253593552,0
"g__[Eubacterium]_eligens_group",-0.00188419809628276,0.466270895022572,0.321075867864838,-0.451045552789859,0.179699719202092,-0.0831874787326842,0,0.0379588522617855,0.331175105127127,0.531346547127258,0,-0.0187891923083911,0.10195775600025,0,0.306836423392337,-0.298556869813957,0.196982862533321,-0.296322837009241,-0.466965732028907,-0.318830856291826,0.355859644257992,0.19492202263991,-0.164356512748328,0.279897257974135,-0.513363262352832,-0.175480985423939,-0.488816971978055,-0.13129811495914,0.415988285008955,-0.189626575771978,0.149222330580191,-0.0204108331646261,0.187991745510693,-0.767424077075307,-0.148663772125007,-0.954574346853553,0.0893107152525547,0.0996935225169875,-0.00956800990979694,0.199926636425182,0.101875545919957,-0.128570513151997,0.150195947036066,-0.127406412145307,0.409816564683902,-0.196591129708134,0.491660340192543,0.0326992578636192,0.674977777565883,0.189006254357932,-1.01405738793476,0.283657052749048,-0.100245189291144,0.149538849992262,-0.277893516188881,0.314968229560441,-0.385664097925942,0.52199144066792,0.0954215809426461,-0.215660804282881,0.377161521781456,0.375045076991478,0.539320177276044,-0.219347730753179,0.460015823924287,0.579553406319207,-0.0948537789734008,0.0241010257813255,-0.671670593693726,-0.333331795462526,-0.133010565284025,-0.285554191904513,0.570862832185533,-0.276020812796642,0.444572847070874,-0.473303156423985,0.342827781329725,-0.0165119108795419,-0.511302261567813,-0.535547743046214,-0.127994669416395,0.0422758396932845,0.316892108328698,-0.555264258687457,0,-0.128432585016045,-0.0658741380823303,0,-0.34146841925145,0.307859563603343,0.114166669557252,0,-0.76102227740244,-0.377568527656759,0.195040246361774,0.343538440105172,-0.338892370926463,-0.0807702271208693,-0.290010842859484,0,0,0,0.761027768538684,0.181442455539347,-0.108508098926281,-0.415066457467353,-0.302653434065907,0.00900179564693544,0.11451791844388,0.023683983188548,0.128717001539804,-0.0184956563749327,0,-0.132043355131158,-0.490088067388849,0.175597927252741,-0.362668922210708,0.460520800502423,-0.088573214225615,0.0267078710071119
"g__[Eubacterium]_hallii_group",0.0774251371661218,0.138373609023278,0.0800419267162222,0.0702722622669826,-0.442061612499895,0.381072799244811,0.0379588522617855,0,-0.376954078307309,0.0260018090937258,0.0630619926085576,-0.149503673065054,0.482937466958475,-1.07225235201983,0.0624731533815375,-0.245716388139104,-0.115775494048793,0.0948701241753362,-0.505281951148475,0.507629601926142,-0.0984780253039226,-0.0915654278888533,0.68291154638616,0.573604337675285,-0.258467809218655,0.0769592412012996,-0.138281286529339,0.0270716668449143,-0.272193873982763,-0.0273344988278066,0.328249193892129,0.392783128047948,0.325733895222785,0.269358797014613,0.415028890870116,0.783391995161867,-0.043345036416287,-0.472924349886934,0.296134878075615,-0.519229912056899,0.137083596548504,-0.493633108672721,0.379185486203727,0.0643392336697476,0.232622581568436,0.0732244273731753,0.435228134857479,0.142070830396482,0.157865343511806,-0.0896139572084907,0.647335451751371,-0.190897854978351,0.0367399634761926,-0.362420372303418,0.035030213842848,0.253457574442138,0.127739329113964,-0.150410608142896,-0.274215196017272,-0.295589031451861,-0.015187001366585,-0.0608944049449494,-0.191410491349409,-0.312802390989424,-0.263268324273947,-0.382775684738243,-0.0362905688353801,0.510663551583802,-0.00399537921177465,0.302140668969924,0.168824318907461,0.112146869701069,-0.211125207866769,0.319702169640986,-0.387340139280456,-0.305118778052438,-0.266344752385205,0.235162324521243,0.0220417581071228,0.578477864393481,0.261858826773185,0.664493616583848,-0.265056702625932,1.02678419274035,0.213929930561023,0.084296168357262,-0.0531149733816144,-0.0445206045119086,0.429253390997643,-0.181963902929526,-0.0207926794346002,0.213468534241897,0.24096832468669,0.282762981267091,0.144176723173094,0.385621808373293,-0.944935717675533,0.221921845450878,0.0678539562926819,0.423971313178082,0.507525439737899,-0.31760838424498,0.153082282370909,0.332996597593567,-0.0541990400171873,0.221449099696786,0.223077452192733,0.164447886668085,0.951659096157995,0.00724751549710048,0.00804512572874818,-0.311946925972495,0.200695250986325,0.773978049879182,0.177535991518373,0.209892370246624,-0.0759739225322302,-0.195365813860855,0.354155269483875,-0.462536930711171
"g__[Eubacterium]_ruminantium_group",0.183735022189051,-0.0600476065854612,-0.0132784545335309,-0.521261550109416,0,-0.0358880172718029,0.331175105127127,-0.376954078307309,0,0.0627182795736824,0,0.255685558263156,0,0,-0.0516378267971928,0.150437751088624,-0.359868819499446,0.109660752454266,-0.298821388589121,-0.264656378816196,-0.455902277174906,0.302281847687455,-0.427882151977223,-0.248382816405124,-0.171749558387395,-0.0735788364171256,-0.151215045323998,0.0359430130906071,0.178818763847782,-0.429256275509842,-0.444041388387066,0.424112428040008,0.222412844276064,0.0685742313441461,-0.183563127487733,0,-0.427871648647022,0.210837160939611,0.0110694055628955,0.453931681523154,-0.450167932638414,0.139308634377667,-0.613376350873729,0,0.347555413936723,0.942699571045797,-0.294519604203112,-0.135269987697793,-0.00173827617429989,-0.108640233385143,-0.886549708885529,0.260747063144021,0.051569342952193,0.746343052055566,0.383095498744176,0.294727507904933,-0.0378082635212452,0.634507170398554,0,0,0.303378201739132,0.453650915301275,0.561084922138519,-0.067231999553794,0.192732554054082,0.371587521382603,-0.0520853220474845,-0.0708881507987655,0.242292501236036,-0.549778588042718,0.196413347293745,0.0693940376525239,0.350996120986759,-0.421153262536922,-0.051569342952193,0,0,-0.606926670963488,-0.495537258800154,-0.20176595932904,0.0126176541948413,-0.0922007771089126,-0.154818874089587,0.0171737210753364,0,0.517646305973529,0.284962544926429,0,-0.28501366091038,0.15693902525347,0.819297566808456,0,-0.329216201779148,-0.397348705556611,-0.275565109864664,0.262837093052961,0.277125909278258,0.142618269540985,0.167125835889888,0,0,0,0.46459614740627,0.258244338784885,0,-0.467945671125674,0.345749514293214,-0.171415597761006,-0.341258197231039,0.482974404546754,-0.0141303571971259,0.0866153238515227,-0.183735022189051,-1.10210463720911,-0.455107556393278,-0.663147180559945,-0.321583776997317,0.0968196194032044,0.257773395056826,0
"g__[Ruminococcus]_gauvreauii_group",0.591721435109953,-0.355841489371548,-0.167785647596763,0.345985260405043,0.00284314573584703,0.0176986640566129,0.531346547127258,0.0260018090937258,0.0627182795736824,0,0,0.159522788114047,-0.445040201915617,-0.143394661947098,0.410935478671958,-0.292312136344803,0.459686809452113,-0.060776225024082,-0.0607920471570634,0.302760760942498,-0.071709418979644,0.28605783004518,-0.368318619139904,-0.411622388953115,0.0224865382245214,0.828504516797325,-0.174264351526007,-0.0459800969210248,-0.801075004877812,0.0407395424497615,0.528385465223692,0.151975933603887,0.242978459520332,0.147855420469848,0.582508494746173,-0.0505229754344055,-0.0755740071778416,-0.0493764884963544,-0.0136660851554024,-0.0728051689107695,-0.117854377501022,0.103123476512285,-0.199416262006428,0.25086761539826,0.534483771951303,0.684412561043203,0.195624786462412,-0.142687706759682,-0.102159882088289,-0.0532557291580285,-0.0703315002619328,0.0142064832767576,0.444910596530908,-0.0346376239124958,0.150236083529351,-0.399163355459429,-0.337154597150506,-0.0629764697493297,-0.136212663571004,0.0934487544857421,0.24747471948545,0.077598411867696,0.0607020647534647,-0.366399439700495,-0.111132199388685,-0.0852931971578959,0.0874484692754096,0.197210321614356,0.37820612836033,0.0590983438686762,0.283923005872547,0.122049606874376,-0.131796531509346,0.263653129180729,-0.875845201953449,-0.43136704830258,0.446557101398494,-0.191502970576668,0.324715585646061,0.429748331558039,-0.083357867232365,0.277618316084741,0.254291310725465,0.765931798177595,0.202433776820578,0.114974005125581,-0.304337629390612,0.186719562868041,-0.373988956661455,0.568707513427492,0.474532839188747,0.481005777998013,0.5808940114296,-0.0344661396886228,0.398478612680927,0.145482827536954,-0.278954089763741,0.145445316990925,-0.390025275503474,0,0.366856026743476,0.0914433970204694,0.125506577716371,0.441095032249122,-0.203028096271539,0.0571677046021871,-0.240493905957968,0.142903541534576,-0.143153804495311,0.0557602967705969,-0.0395614537555384,0.573908268563489,-0.379231197377614,0.183509704426593,0.201833915445252,-0.704462919946845,0.0518939417275989,0.166069432619723,-0.218028826820159,0.110129461088121
"g__[Ruminococcus]_gnavus_group",0,0.351612183796,0,-0.120895979997893,0,0,0,0.0630619926085576,0,0,0,0.291836839174596,0,0,-0.379045871324594,0.051569342952193,-1.01605312228474,0.476189165163388,0,0,0.450654199207457,-0.354238159006167,0,-0.501258557395197,0,0,0,0.0953353477310756,0,-0.36288820784163,0,-0.256830571047308,0.299086714479157,0.275565109864664,0.638484332233431,0,-0.684081508283413,0,-0.450661923732093,-0.0630619926085576,0,0,-0.315152977901879,-0.367533329526736,-0.252682060015976,-0.0630619926085576,0,0.0018409869326759,0,0,0,0,0,0,0,0.422254138712609,-0.210837160939611,0,0,0,-1.21460478064698,0,0.542822772971943,0,0,0.270851764421616,0.258004382935388,-0.132563344870236,-0.60683360163965,0,0,0,0,-0.688425669043957,0,0,0,0,0,0,-0.00572397992947209,0,0,0,0,0,0.234273654531922,0,0,0,0,0,-0.100514425240261,-0.167623999109475,0,0,0,-0.928813213736245,-0.051569342952193,0,0,0,0,-0.573334133399773,0,0.0786902871347767,0,0,0,0.00890106003257729,0,0,0,-0.944524064157256,0,0,0,0,0,0
"g__[Ruminococcus]_torques_group",0.469365934237949,0.195771135855698,0.0492539130673835,-0.0175044801039766,0.567583701078517,0.450276251977085,-0.0187891923083911,-0.149503673065054,0.255685558263156,0.159522788114047,0.291836839174596,0,0.659366677249734,0.0717529697291335,0.204709504526501,-0.22227333081902,-0.0229988132381496,0.112427648470093,-0.549806640882966,-0.269051700819052,-0.0647068263213774,-0.156619619635507,0.105268919699504,-0.248321910321065,-0.219506793324888,0.190503515321686,-0.612677083482432,-0.335009041659613,0.304325506244149,-0.310640057073511,0.0827590116418939,-0.0860224510881755,0.286511333864256,-0.120674808809005,-0.0727245885098403,0.385190365378012,0.18268518701119,0.107571754214171,0.453142398795758,0.0328669214549757,-0.0477465889285805,-0.390463277122756,-0.598233277197982,-0.481700642190585,-0.0982534701694797,0.140493015419331,0.745034671490223,0.163719877436761,0.445799878714472,0.127899763141216,-0.554563110314106,-0.200637314617492,0.0264610288177994,0.0661947470723139,-0.190670962795638,0.14125512464472,-0.051290613288507,-0.140328926442458,-0.219812651951098,0.534366513431713,-0.0929965756211426,0.0307311137796621,-0.221132923649934,0.169281683896626,-0.161848947206896,0.0418291685848415,-0.61486513221287,-0.272319815675147,-0.567323032185187,0.312383825748986,-0.0350977531248629,0.178544861625216,0.0545986107026829,-0.44929228444248,-0.392675182281126,-0.252936343610158,0.180605679941228,0.346871389517987,0.0482187061790096,-0.000357142857142861,-0.122297453850853,0.479534551137083,-0.0673448936157292,0.226058569315845,0.406504115383177,-0.231395919813107,-0.34009715346342,0.0778494496034663,0.34030566360431,0.225573295151789,0.310166510169905,0.178253557289218,-0.065409836436034,0.00728835013121057,-0.316078628864361,-0.0709365659994164,-0.732460056503189,-0.153537956143682,-0.219018298440724,-0.329924225135565,-0.127114394631132,0.146548524828531,-0.017021571428678,-0.115084095413324,0.0362788062308932,0.386944968299937,-0.299903599578776,0.063097706704882,0.284221728958425,-0.0510512050461925,-0.363105469153336,0.140014369389271,-0.220775668233505,0.275278395281203,-0.180992693360576,0.282815202196138,0.121067585021811,0.217933793378947,0.156433532729813,0.00548884910851512
"g__Acidaminococcus",0,0.471443610466483,-1.14346774172745,0.028009019008974,0,-0.165840085286047,0.10195775600025,0.482937466958475,0,-0.445040201915617,0,0.659366677249734,0,0,0.0572478172072206,0.661158706030034,-0.162580361460102,0.569269475278027,0.441029315085777,0.124695157412161,0.18627320902321,0.143995306493238,0.703277554723103,0.142890414963106,-0.313205870982663,0,0,-0.202786297621696,-0.148066523925395,0.394566138126233,-0.322390847930635,-0.15932687978451,-0.56883033752739,-0.27624474100645,0.095918083051587,-0.183735022189051,-0.420014920521447,-0.264656378816196,0.184232496318078,-0.511498253908574,0.742643337732622,-0.238297431743036,0.231154977584346,-0.304085434190289,0.0462724197376051,-0.158229040043356,0,0.240297094349208,-0.154382502773185,-0.445350183034957,-0.052711070317787,0.821976287979899,0,-0.0286288092247157,0.134031257447528,0.436120503438043,-0.2613436465158,-0.602376160862689,0,0,-0.498403937711946,-0.0350124546540861,0.32479153201972,0.229852872826279,-0.60683360163965,-0.0855529355025977,0.215853399371521,-0.218480688915164,0.0421528846414768,0.32335410604326,-0.319179835978111,-0.0172747311763464,0,-0.16514970180155,0,0.051569342952193,0,-0.0897877340200145,0.913952765329367,0,0.901538622524082,0.0172747311763465,0.0448038120431028,0,0.547941858523226,0.0259158557615808,1.32794231967299,0,-0.0421528846414767,0,-0.214882672440206,0,-0.173457244066347,-0.0520892859571387,0,0.730106324379362,0.596785896872324,-0.252221078908597,0.597849417362464,0,0,0,0.218025710631851,0.347223613693297,0,-0.0417005909443866,0,0.593162056106834,0,-0.145104189670035,-0.351208112500631,0,-0.156029934344379,0.00248461926897195,0.210958917938418,0,-0.627838290800933,0.00946004711162554,0,0
"g__Actinomyces",0,-0.328204747889106,-0.252997912082651,0.0171737210753363,0,0,0,-1.07225235201983,0,-0.143394661947098,0,0.0717529697291335,0,0,-0.530359330110875,0.021658478565129,-0.681148903356399,0.352671441081334,-0.060540655102242,0,-0.845530666582169,0.148066523925395,0,-0.06712913388211,-0.0976733009324344,0,0,0.17477148097175,0.0171737210753364,-0.408187365700356,-0.633799935414507,0.395897971598209,-0.285283344359577,-0.0400928195363408,-0.224410132913631,0,-0.747388244237233,1.02739367286195,-0.326398334497628,0.522086607252739,-0.573334133399773,0,-0.055336385459135,0,-0.157629299760879,0.13922083506801,0,0.417889519488457,0.0286288092247157,0.422254138712609,0,0,0,0,0,0.0534596175544268,-0.613808528980631,0,0,0.525408621504237,-0.148419047477863,-0.0630619926085576,-0.746305838238988,0.060540655102242,0,0.953757357706448,-0.43421577758842,-0.0534596175544268,0,0.0758004160834781,0.21994812461042,0,0,0.59402107877903,0,0.28501366091038,0,0,-0.191621442942971,0,-0.164109141828029,0,0.364541100403614,0,0,0.0172747311763464,-0.274779084955121,0,0,0,-0.24141056148074,0,-0.0206107735662179,0.1205262448669,0,0,0,0.19144261277214,-0.699807406716269,0,0,0,0.126289112432415,-0.210837160939611,0,0.94155679098481,0,-0.370921556211901,0,-0.203875699762969,-0.135636702271033,0,0,-0.439286764932857,-0.225386430007483,0,0.106378385298408,0,0,0
"g__Agathobacter",0.0458171325317648,0.203175871081535,0.80448317974929,0.321049142257724,-0.761353930871509,0.476483352949552,0.306836423392337,0.0624731533815375,-0.0516378267971928,0.410935478671958,-0.379045871324594,0.204709504526501,0.0572478172072206,-0.530359330110875,0,-0.193325751790872,-0.273263234098631,-0.271063461218637,-0.107367086418166,-0.447024803388773,-0.225990925049545,0.550166475077967,0.393810603844658,0.356499091319763,0.00280656958923114,0.0628318539874095,-0.176367338895626,0.327452352395824,0.301203315100215,-0.278433776806869,-0.242878367805462,-0.206739452628689,0.271276216041796,-0.420164184178857,0.13372147937476,-0.225380227956334,-0.0583550811289926,-0.52663822911081,0.0853802803829708,-0.325595127372651,0.387514166486304,-0.406038669391453,0.283829579425536,0.0751936637387848,-0.550683883121207,-0.149524724386342,1.16888790972463,0.136116669667762,0.11806256796066,0.66646286416412,0.250968920890023,-0.141196746210114,-0.384310294846655,0.000947493553934559,-0.159419775759556,-0.0386360147166855,-0.315601083678091,-0.0282494532271482,-0.210074877589508,-0.5644950533557,0.210401073299115,0.300198820920037,0.0945216998443618,-0.288050432002664,0.0421956374349294,-0.0146220727696759,-0.304906318507857,0.113610547479357,-0.25025390807349,0.479235528919335,0.484093375584176,0.346903866993933,0.457875081323014,0.501675911763087,-0.300582761458378,-0.453472729890887,0.128055949472079,-0.286653654601587,-0.240693545200217,-0.613741460659481,0.147759366313336,0.33378084557452,-0.202898442320655,0.151259861347489,0.227403811989777,-0.274049151227991,-0.106778010751984,-0.484107343203484,0.10195951632629,-0.091481926429327,-0.1354309441302,-0.444469534307355,0.0691038786574797,-0.178007005541971,0.192179479609988,0.299467573492557,-0.245867211151628,0.392586801253273,-0.0885059627670725,-0.25195035863252,-0.20119292588232,0.0960672923943098,0.19395408242556,0.0727217411018994,-0.817085937929797,0.28950804581761,0.489435263942296,0.357264149629191,-0.0572792878516995,0.111782687462955,-0.166189605568827,-0.63454893625536,-0.445214160993939,0.187643850658722,0.411005018908003,0.674904349919517,0.00713605790234118,-0.0898337939973343,-0.333496767635464,0.101278828643211
"g__Alistipes",0.142458304801811,0.654737700631228,-0.188694542996899,0.04310350881844,-0.141504720568785,0.0917267357296924,-0.298556869813957,-0.245716388139104,0.150437751088624,-0.292312136344803,0.051569342952193,-0.22227333081902,0.661158706030034,0.021658478565129,-0.193325751790872,0,-0.106964014287977,-0.214486158719777,-0.338353451793357,0.0394648135776017,-0.0908758529291396,0.220708953409713,-0.476591861111348,0.2527733056832,-0.0776141753860005,0.169519060052569,0.221568938864354,0.458636129022255,0.163377545802701,-0.274324140805811,0.106690826263839,-0.0163003417184022,-0.228351772234618,-0.311971012223722,-0.203095232292431,0.43137105437351,-0.21142736561878,0.0441943739211453,-0.131883158133998,0.0232286284512266,-0.487658069719781,0.658503863231736,-0.283243738740615,-0.29138651450376,0.560306561048076,0.0486853386013805,-0.118686383645769,0.140716763378107,0.439923839646261,-0.151744154509219,-0.444370847833406,-0.120718744912744,0.0881754377872659,0.32230146447673,-0.805644462784629,0.411633390102193,0.12430686364435,-0.427378939216144,-0.238259648281417,0.167031535009056,0.214000594785224,0.0249846799962721,0.171246399477459,-0.360428868420206,0.190013221777167,-0.0402075000194317,0.069409030416798,0.0466968040708131,-0.0320180838525977,-0.347018473836143,-0.342374146411187,0.425739954517672,-0.130996336321984,-0.0774407920405342,-0.122009805765354,-0.104558740448169,0.522086607252739,0.379714607684984,0.674743429106033,-0.0653325854300463,-0.345681103490658,-0.580779158849134,0.484967497339674,0.385552358814089,-0.245835383337231,-0.0079908180201784,-0.0365145403118516,-0.939696255635191,0.448352868047927,-0.343605330288143,0.137872559269692,0.0310489233356653,-0.214154490171431,0.0998477560632544,0.21719807432848,0.0598440242826317,-0.181424727918653,-0.020504650243915,0.0306655220177773,-0.641758466632563,-0.301860364360123,-0.350089634447108,0.327776052352648,0.158815951088601,-0.273310049593149,-0.207485893292411,1.00534770826745,-0.307393403980425,0.536840379074552,-0.0375826514060006,0.161438566168907,-0.430221025330992,0.409827510043811,-0.53385789542945,-0.608165160737609,0.146477675451919,-0.0851263421261018,0.187428889059895,0.215098364890726,0.321616314100426
"g__Anaerostipes",0.860785068430124,0.256386335522817,0.367518355193235,0.233441660759681,-0.300055764910674,0.342151139618879,0.196982862533321,-0.115775494048793,-0.359868819499446,0.459686809452113,-1.01605312228474,-0.0229988132381496,-0.162580361460102,-0.681148903356399,-0.273263234098631,-0.106964014287977,0,-0.29117469376377,0.138470192107755,0.0179668588897497,0.16902748115586,0.391616718168607,0.152010787147449,0.472900538047796,0.39981340121916,0.573370231306473,-0.0816567031556304,0.70098898354398,-0.407290215048604,-0.39091046628449,0.111356525308999,-0.00120486018311597,0.165130970535534,-0.0328050203767451,0.390421786731962,-0.218948213619913,0.12461654380729,-0.210899555741821,0.167518085925086,-0.141873470560709,0.034179966364092,0.0951665423328313,0.128586874769453,-0.0149152489385845,0.33183903485964,-0.128949021448942,0.573989667425628,-0.115856964484589,0.48672554894569,0.283258643233207,-0.0911577476587723,-0.396302632006848,0.162816251387822,0.0598805004075481,-0.138725080629755,-0.443179250834255,-0.482728577106657,-0.0544446395112017,-0.331392523936549,-0.610558219716307,0.313699624591287,0.0639195932911069,0.339324752204338,-0.405811778509068,0.210772163268523,0.0802115431934051,0.048653033940519,0.0477379979743416,-0.349497013232902,0.0626009316000993,-0.0643781794763642,0.487694390791969,0.211312964152216,0.120056455846814,0.463280347152946,0.0622349828626365,0.0159220340283037,0.0318019378059986,-0.182386341683553,-0.186740346251567,-0.275034643467655,0.365339079083668,-0.33304569626505,0.687833890803237,-0.34521602496229,0.433642689216417,-0.395143429939391,-0.456478941263335,0.147411202112398,-0.0889049912856856,-0.414217709601405,0.47380917779473,0.0469365350180362,0.0102374106689899,0.550417732934371,0.126551188274241,-0.734553177371267,0.389177218649677,-0.250728137342014,-0.369087434870569,-0.567197898222521,-0.823603468521197,0.25875647277713,0.423060476089603,-0.140984417730046,0.117432392938872,0.433654598082397,0.391418408449868,0.0980038045989244,0.0561951183795496,-0.428016040662307,-0.612780609913467,-0.025809573317546,0.0738984923849409,0.0249859745086709,0.104106652724798,0.0089788807021404,-0.210717787752622,-0.059840020606645,0.176469165562095
"g__Bacteroides",-0.0621418420666359,0.216176232554698,-0.0854463998031006,0.137980132356368,0.0844970990806116,0.0307685065636562,-0.296322837009241,0.0948701241753362,0.109660752454266,-0.060776225024082,0.476189165163388,0.112427648470093,0.569269475278027,0.352671441081334,-0.271063461218637,-0.214486158719777,-0.29117469376377,0,-0.0802158929131492,-0.446697764917425,-0.208652701681046,-0.213950704471005,-0.4527349452586,0.358873905420578,-0.0448156666032695,0.437172538484174,0.0271830671043206,0.539284195570673,-0.453383238774115,-0.355497686370515,0.103708033593853,0.0778251373258742,0.25028129404761,-0.649388639023553,-0.205933780898975,0.424286872045386,-0.291906808441004,-0.0213814953204797,0.078633740225204,0.353601584250343,-0.294355956127305,0.403450491616743,-0.112611069442202,-0.533092022626195,0.450507583363507,0.290968535083209,-0.0870716728722801,-0.283755631936383,0.44990243787452,0.133705902928873,-0.552814000645772,0.0355968278762045,-0.144060107448065,0.150603681719045,-0.170119595956706,-0.135332966911359,-0.17017603125772,-0.113690453199532,-0.39992917420675,0.513681776127564,0.204951484619531,0.10893654260899,0.355141624748781,-0.094440242011187,-0.255750315325798,0.27203734610318,-0.387981747177439,0.107471541994659,-0.0519429124114508,-0.117787005116391,-0.397231859097865,-0.478319484260851,-0.450157649426407,-0.186019975341723,-0.140517249878059,0.213761751485841,0.0204304030048187,0.240359829188499,0.148742440325067,-0.17207707915509,-0.360692483085359,-0.174246186453231,0.251525164771944,0.0556310749365574,-0.615133641409731,-0.055506823975002,0.0512703123256947,0.00547307012233772,-0.186053908240318,-0.172428105167084,0.229339768876681,0.398164082670005,0.226343058431967,0.041683442016797,0.0983850369916241,-0.314174251797467,0.384011549504907,0.214348150389746,-0.418651455923644,-0.259589554579865,0.145162481725618,-0.50845627139711,0.390683176002455,-0.372068629012774,-0.748162885671734,-0.023008095054915,-0.0731790837366223,-0.196531310736526,-0.114108615942405,0.00704465668150065,0.0189050152874406,-1.30581851330873,-0.672886775503336,-0.480892696929168,-0.361515843334202,-0.376573495550055,0.170332217944934,-0.414850011319678,-0.175211727189163,0.36842407454798
"g__Bifidobacterium",-0.136979766964268,0.0776381510916622,0.106135164140915,0.422280867701477,-0.246202227814775,0.0611799627318118,-0.466965732028907,-0.505281951148475,-0.298821388589121,-0.0607920471570634,0,-0.549806640882966,0.441029315085777,-0.060540655102242,-0.107367086418166,-0.338353451793357,0.138470192107755,-0.0802158929131492,0,0.751831884596755,-0.358360814858564,-0.40992265101232,-0.0960111658046517,0.241230567124506,0.0313362709481767,0.400234913351326,0.501258557395197,-0.404923363408996,0.479197964551793,-0.660134830787828,0.380744579964926,0.187457009700533,-0.334312265686501,-0.2549038662108,0.334756360585313,0.366214609088562,0.0198404374667955,-0.0733515066562499,0.69583102687831,-0.401177944122103,-0.515997295408739,-0.144283111709686,-0.233693634518275,0.224578697093172,0.29924826263035,-0.0210347268313767,0.225945372858966,0.0546225021931931,1.08720660275885,-0.102943277920213,-0.125927656898624,0.282520551223008,0.323407127888447,0.0142167465247152,-0.132719058398586,-0.355114898999871,0.369187421138589,0.322147515844781,-0.0206665460934422,-0.321616314100426,0.44569913520095,-0.253956416125945,-0.0478697275578416,-0.380983189157719,-0.0615687273514305,-0.124545499706677,-0.167065867641938,0.717369106512673,0.248214895689497,-0.192304760218964,0.164480498677388,0.046649235033203,0.478808358335856,-0.100833069856663,-0.0147950187836631,-0.167920898896376,0,0.141418758197673,-0.154690863413368,-0.422107074978527,-0.32351985268118,-0.322735759298027,0.476843641039323,-0.61650885311254,0.783411166661657,0.384108593769141,-0.0763537298586087,-0.289267368040974,-0.538023527936382,-0.0290049491138945,-0.15751309245461,0.473303156423985,0.366538727009624,0.225487924805068,-0.486809132988726,0.289209760902614,-0.617222862454966,0.118602075489723,0.0848325571903649,0,-0.160013062880746,0.0528871762631237,0.305785780878497,0.759546990183449,-0.726404688649125,0.139998027335442,0.428884563391409,-0.233458332118794,-0.0390978555523979,-0.129834203823381,-0.186176900826521,-0.157806135453491,0.175597927252741,0.218789600002519,-0.206923004058575,0.15693902525347,0.0631835950837733,0.418705778046346,0.582897145818514,-0.224512304133357
"g__Bilophila",-0.82558156562314,0.394808953281772,0.263596352271791,0.535920041406902,0.0303261859220925,0.616595723177805,-0.318830856291826,0.507629601926142,-0.264656378816196,0.302760760942498,0,-0.269051700819052,0.124695157412161,0,-0.447024803388773,0.0394648135776017,0.0179668588897497,-0.446697764917425,0.751831884596755,0,-0.145406145715431,-0.147824150943798,0.397548516515159,0.421818621363858,-0.392046178394131,0.304008369373984,0.20176595932904,0.13230386718298,0.521092271681421,0.120673705136673,-0.371817672674403,-0.300151017598974,0.379230279657759,-0.996369329016418,0.0697688217161243,0.757689403220275,0.350872381575722,-0.219917098165317,0.0652176617925199,0.1409673950868,-0.0192239631496234,-0.26545726141838,0.287756889296601,0.0419936645719901,-0.147168683175686,-0.17303790655946,0,-0.225672014316535,0.522262255357485,0.351744764114656,0.119818067861532,0.291272346881132,-0.650221850077085,-0.329491251844048,-0.167690759291832,0.117758110359126,-0.0592921416977223,-0.3504032400758,-0.306926416402576,-0.02633475349569,0.104991397910584,-0.171604993578647,-0.0891138716944248,0.270424087881668,-0.116436459268565,-0.102929636130965,-0.392007873887219,0.309484257329132,-0.825410662607128,-0.28615991218333,-0.194150981641384,0.108366619471017,-0.61446908764509,0.0835461890944476,0.0976733009324345,0.266822154865265,0,0.0515893483261102,-0.286768295019222,-0.293168398059366,-0.150558628808759,-0.483991551067931,0.275438474597931,0.17477148097175,0.33394079842012,0.425420307872603,0.00435079856860354,-0.624106662496552,-0.285893533175533,-0.219819493654528,0.119789697749635,0.436310672082099,0.390625786780184,-0.126992497757247,0,-0.597996332115116,0.182521796207804,0.384951551532538,0.12516797635326,0,-0.0779105790442258,-0.101618537363576,0.391613286924001,0.0432395340306782,-0.0980591457582988,0.261290381277288,0.124695157412161,-0.141221405851792,-0.424904349371878,0.0626853697408024,-0.408130700969646,-1.38484863940219,0.245835383337231,-0.445750988445241,-0.307119306690107,-0.051569342952193,0.379675435826764,-0.438682282123839,0.556415028730147,0.183735022189051
"g__Blautia",0.320829826353138,0.131464745416774,0.657155823656874,0.486344604377712,-0.282249102403965,0.34517491063223,0.355859644257992,-0.0984780253039226,-0.455902277174906,-0.071709418979644,0.450654199207457,-0.0647068263213774,0.18627320902321,-0.845530666582169,-0.225990925049545,-0.0908758529291396,0.16902748115586,-0.208652701681046,-0.358360814858564,-0.145406145715431,0,0.0748084036553874,0.159707495159988,0.0966513107534719,0.342932529342492,-0.258765059528308,0.127849379146107,0.168509493859905,0.196948431953941,-0.0244660856071762,0.0119251066921128,-0.182032726654,0.347175468570923,0.244874553164965,0.0408676767753299,0.27063299691968,0.127459365825173,-0.565898832428568,0.0569396120453714,-0.406325564193334,0.358691375029699,-0.220973892505752,0.112942090766233,0.805149064868742,-0.225774808395235,-0.166690071594882,0.700202151759056,0.146523377091094,0.186224130129349,0.492078282593505,-0.107126788423892,-0.370082953012402,0.59285532801556,-0.0134532590524392,-0.36793684385164,-0.0150021180803922,-0.234494023185484,-0.0138422355021438,-0.197720983366628,-0.0583861121250733,0.225213446042727,0.0956597382742023,-0.123440941408368,-0.131671294804812,-0.0308677658647542,-0.630386581352128,0.0346149723948178,-0.129882017772712,-0.194642884808789,0.611559675439103,0.194210989762039,0.784566343561048,0.60835635505448,0.000992094255570841,-0.202532362522322,-0.0384144931001193,0.0967411567116665,-0.256473941911656,0.176906043801447,0.308819680322924,0.173998982414554,0.293872130491619,-0.413158201757747,0.741351800508752,0.731847787429532,-0.00650969244794361,-0.0960607203695667,-0.487828745785508,0.375966169632539,0.364823526962658,-0.238008235518307,0.275445559491074,0.407557855184077,0.0527561847428209,0.607279210622499,0.082255765755976,-0.639688952566003,0.58751160777905,-0.196033697775824,-0.357788764251485,-0.559748929164192,-0.609624342116475,0.0361468228495251,0.263516629416553,-0.0498070505793171,0.15685217207572,0.427846815511671,0.554873092706661,0.420658993109467,-0.176901267313395,-0.0649709253493649,-0.186541925646352,0.179402582406857,0.476560248162102,0.677643865549174,0.118937167231063,-0.0912208785947023,-0.105633534230808,-0.471866111414218,0.444877985556365
"g__Butyricicoccus",0.403655073938388,0.289831737100716,0.307632261469292,0.188921477544413,0.430241610945642,0.814857729168773,0.19492202263991,-0.0915654278888533,0.302281847687455,0.28605783004518,-0.354238159006167,-0.156619619635507,0.143995306493238,0.148066523925395,0.550166475077967,0.220708953409713,0.391616718168607,-0.213950704471005,-0.40992265101232,-0.147824150943798,0.0748084036553874,0,-0.393455160931012,-0.0159830344585221,0.253085612204917,-0.438599954524129,-0.385035401227808,0.0275987061354229,0.032317035939005,-0.169749512298778,0.0484168233111016,0.215100124870717,-0.0699159520843073,0.00749139982593293,-0.535388684232014,-0.562263315961318,0.311495882469645,0.338441514964126,-0.0216617958814479,0.148307402854966,-0.140922174918359,0.249199588349812,0.388176793580617,-0.109229106244225,-0.297369960876032,-0.178839985827191,0.411630510728279,0.0254586524204123,-0.185155013848269,0.131408644706701,-0.333372656496655,-0.121809589672512,-0.0958874600409756,0.0222824664028647,-0.394264230371412,-0.070676956292109,-0.254859085466799,0.25919491286872,0.745322549177108,0.010332042666725,-0.0289858880743856,0.0344216879605439,0.257947149290412,-0.141262592947125,0.254915960451123,0.133902714210556,0.236353930251148,-0.248025213931519,-0.672046270068534,-0.281769643180102,-0.223546762372286,0.142262670048942,0.107780968667343,0.260630499593171,1.10368749031844,-0.146747952914342,0.395606470144598,0.568038632365508,-0.625567413590436,0.157335422988187,-0.070677449015899,0.76204908301009,-0.319103500060275,0.387982590625647,0.142667556927654,-0.273087776894201,-0.327669335416132,0,0.547570685478297,0.334920918020553,0.196700424224858,0.487828745785507,-0.54096536244885,-0.758165985795081,0.484224712479891,-0.447336464863898,-0.32398045564751,0.054320621585599,-0.240250226088913,0,-0.107272734613179,0.667768300802767,-0.260082904626557,-0.176758229849714,0.254218411833112,-0.006783363389281,0.828620899137167,0.661579118558389,0.084877751727178,-0.502211389117606,-0.0871636368713102,-0.418006469735877,0.277208441105769,0.260233593812003,0.49800896040338,-0.249163880497786,-0.474353317406956,-0.00202507154349937,-0.386474804560316,0.122935738914463
"g__Butyricimonas",-0.673424489110814,0.0890125562880524,0.0916001113753481,0.140879024254385,0.631623290713663,0.0235754916032356,-0.164356512748328,0.68291154638616,-0.427882151977223,-0.368318619139904,0,0.105268919699504,0.703277554723103,0,0.393810603844658,-0.476591861111348,0.152010787147449,-0.4527349452586,-0.0960111658046517,0.397548516515159,0.159707495159988,-0.393455160931012,0,0.242915004416165,-0.743392721674566,-0.0310059744326922,-0.542323417894961,0.0340111298597139,0.496578995188655,0.393547310223971,0.288616099163522,0.0915035286054817,0.267490912611958,-0.2583843710811,-0.390257478432403,1.12150385885023,-0.184313512310446,-0.503481543896134,-0.0173119971571138,0.648208253818328,-0.215260937853188,-0.307610208428236,0.404807008725589,-0.1061771012378,0.298345173244332,-0.0654694187613956,-0.438116691637817,-0.20129009126454,0.160827545985021,-0.426713951598694,-0.258432384028589,0.446349024812871,0.322652795664665,-0.365955349639631,-0.121902952159814,0.490172311489514,0.074566831138206,0.0286314719774738,0.40040977718475,0.265406028192069,-0.031430459023246,0.285391091552149,0.499042546198794,-0.119435642705849,-0.376631609424707,-0.041407369472276,0.0259552493408615,0.142424023520733,0.0966566051441461,-0.489158734443835,-0.26425209223828,-0.857091747588113,-0.323538857799827,-0.467700193231988,-0.190558346053034,-0.226126074977897,-0.0939481420105366,0.164481392486633,-0.0961380472289799,-0.0744564083914314,-0.0589945513505271,-0.1311848001335,0.171290371367011,0.121118051213123,-0.0826284251666263,0.130205302889558,-0.0614675502090403,0.15693902525347,0.0852347044497198,0.325148214232813,0.787068029683048,0.0200285076868333,-0.244279141779578,-0.137673990591103,0.228168714611072,-0.645440362905963,0.886648594792655,-0.0477967394376869,0.111879746709807,0,-0.035943013090607,0.121192928426167,0.232644521707317,-0.0987638219131811,-0.344690595188719,-0.256297418788616,-0.282438968518413,-0.598817275066755,0.393524129728078,0.0875659645610721,0.0989066984819692,-0.502414766823813,0.170570020121789,-0.354179910665505,-0.190501029129311,-0.371592948999081,-0.0770127612438573,-0.233784308970256,-0.220426294679673,-0.0613713854645436
"g__Catenibacterium",0.0932913612134484,-0.504049458099928,-0.112546876681544,0.162565308376402,0.0635501414995583,0.528412629918922,0.279897257974135,0.573604337675285,-0.248382816405124,-0.411622388953115,-0.501258557395197,-0.248321910321065,0.142890414963106,-0.06712913388211,0.356499091319763,0.2527733056832,0.472900538047796,0.358873905420578,0.241230567124506,0.421818621363858,0.0966513107534719,-0.0159830344585221,0.242915004416165,0,0.0704966201128455,-0.191190108881329,-0.829907339217242,-0.186150713953265,0.0717052446085681,0.489460758551095,0.378581927248365,0.0487345870950575,0.173861790697747,0.609916374450185,0.447686557620227,0.0204482444927564,0.178875877403223,0.24774774887621,0.0223693203045842,-0.0301672908723906,0.261391798757683,-0.319017272676106,-0.141869022933194,0.791703983079618,-0.0479862087145475,0.117097589796028,0.204980133133472,-0.00841422248795928,0.0664663183447067,-0.0826947832686778,0.714203502147644,0.447269910912474,0.398997684084756,-0.52652941747468,-0.186121999164191,0.106022108352066,0.0858571412812615,-0.166922891707821,0.0305888506365087,-0.531247139469296,-0.0960652423357262,0.0748881365187209,-0.00976650774309042,-0.0211703820801725,-0.118477100378609,-0.29061846857024,0.249403581431812,-0.365397145404334,0.250349772979924,0.295698151133638,0.0023387775107461,0.344686757205401,0.339859824872946,-0.0341054549848162,0.0109281707140643,-0.0595323039116457,-0.526794167517568,0.184904673241217,0.314222729174166,0.193938716831727,0.151467747718928,0.19003890956349,-0.301606247964792,0.422185113672116,0.347325359684399,-0.144925735945298,0.0916264843329498,-0.257699946580548,0.503195429268781,-0.126554894902106,-0.308671988659101,0.327188758384332,0.186171880153366,0.0675371014647687,-0.54419239652621,0.176149829106177,-0.451346136044696,-0.0251312773218066,0.0929229698401791,0.602726067739491,-0.396880838977144,-0.0768550734947492,-0.528381663794198,0.355642231802918,0.264862642905596,0.249670072431731,-0.269065180511707,0.0709539397254859,0.108295805671818,-0.257957408843543,-0.419862471926664,0.67193957869571,0.582270745882369,0.41756222356972,0.691161126807017,0.149186895657781,0.177437355191509,0.0454961528177056,0.475052811814408,-0.796240065033615
"g__Christensenellaceae_R-7_group",0.397242114128509,-0.276364738246733,-0.253703044036711,-0.413168703837434,-0.262255100554439,-0.283706633855273,-0.513363262352832,-0.258467809218655,-0.171749558387395,0.0224865382245214,0,-0.219506793324888,-0.313205870982663,-0.0976733009324344,0.00280656958923114,-0.0776141753860005,0.39981340121916,-0.0448156666032695,0.0313362709481767,-0.392046178394131,0.342932529342492,0.253085612204917,-0.743392721674566,0.0704966201128455,0,0.383224572402027,0.179090322887424,0.874965480200641,0.120761122292679,-0.139926981223925,0.0621661040353418,0.333377454766642,0.21276874355558,0.730049291995399,-0.283279453274834,-0.383715487153051,0.431264148833399,0.123890016451663,-0.435553944670865,0.107856385601312,-0.555107182344572,0.28735404772761,-0.216181972422515,0.737397048116717,-0.286581014422542,0.284491151263886,-0.239710296994548,-0.262693256503597,-0.411844814608784,0.495458931382633,-0.170155766173489,-0.708721362887171,-0.442839243488098,-0.471554754956987,-0.517584954965163,0.0523328510423055,0.220752297225573,0.435217528317306,-0.191992767170748,-0.321759874902157,-0.255922837096497,0.205445859758505,-0.250735487294419,0.0333251441357419,0.718506363868378,0.598826939949122,0.273778984771832,-0.300013818975242,0.545252489012847,-0.271140305524835,-0.247772812697471,-0.0935353721231025,-0.668442342802307,0.122535001993549,-0.1241650361783,-0.00237439216284849,-0.482902368284981,0.0537643596776826,-0.146127599839833,-0.886366894398464,-0.26010933786748,-0.250230193860675,-0.489184373847566,-0.513557689119299,-0.495139349256187,-0.118216541139997,-0.297277576224028,0.0200285076868333,0.674304992053492,0.0466244822725197,0.0350218448264212,-0.411890716439179,0.114162626485893,-0.0474185794134196,-0.0320425976324824,-0.200397316386157,-0.158697860627262,-0.222177162785197,-0.311661538836903,0,-0.199454168161291,-0.168725410337982,-0.158563103609402,-0.264481410440731,0.322652795664665,-0.298984070726685,0.124229931169838,-0.16797340393589,0.0968742573217066,-0.0179439029081186,0.949263844787662,0.719043577790965,-0.321216984760595,-0.698080189926495,-0.458577819708154,0.620297843625612,-0.020083187393571,-0.337119410099104,0.0679650310876552,-0.222505700692101
"g__Clostridia_UCG-014",-0.248624323426608,0.153768830058515,0.630334582464398,-0.100816705732048,0,0.120823762664984,-0.175480985423939,0.0769592412012996,-0.0735788364171256,0.828504516797325,0,0.190503515321686,0,0,0.0628318539874095,0.169519060052569,0.573370231306473,0.437172538484174,0.400234913351326,0.304008369373984,-0.258765059528308,-0.438599954524129,-0.0310059744326922,-0.191190108881329,0.383224572402027,0,0.341081158182111,0.229100861628187,0.278169578428708,-0.280585834672827,-0.276352397554098,-0.0217210035589906,-0.0165119108795418,0,-0.166417272280736,0,0.515449267163151,0,-0.53134324181726,-0.0259158557615808,0.116130430128562,-0.183735022189051,-0.218989937023354,0,0.293439197615964,-0.121479607643744,0,0.174591402786441,0.210989425723576,-0.263967307017053,0.00572397992947209,0,-0.134425643632621,0.0345614953230323,0,0.119484471899813,0.689076293577874,0.210424431378662,0.832300527694053,0,-0.300534677213075,-0.284394384495666,-0.0105120815653814,0.162766156397784,0.167837326899328,-0.112655029551751,-0.0483750626118246,-0.233103182393552,-0.287752855257544,0.34251902513952,0.346636221314312,-0.148234845286015,1.07817755296959,-0.0497518812199548,0,0,0,-0.870099080768715,-0.276225070109554,-0.0745744103458,-0.0339423245555078,0.239992587787558,-0.224839436606109,0,0,0.473420518157357,0.134296879219813,0,0,0.247539946219203,0.63168666053175,0,-0.22287209596826,-0.203709628641923,-0.0518723732552233,0.101712513871311,0,0.267807373021676,0.334670247406702,0,0,0,0.286324639679787,-0.242226592867606,0.456742441750733,-0.550849155621597,0.137888655273509,0.23277480237573,0.311025456765154,-0.157870753315278,-0.712020092917179,0.051569342952193,0,0.137913693482661,0.384793658497747,-0.051569342952193,0.238375102125933,1.00675023788698,-0.287454934151133,0
"g__Clostridia_vadinBB60_group",0.0400928195363408,-0.500165284729356,-0.315034846942891,0.241167487874262,0,-0.341524961121737,-0.488816971978055,-0.138281286529339,-0.151215045323998,-0.174264351526007,0,-0.612677083482432,0,0,-0.176367338895626,0.221568938864354,-0.0816567031556304,0.0271830671043206,0.501258557395197,0.20176595932904,0.127849379146107,-0.385035401227808,-0.542323417894961,-0.829907339217242,0.179090322887424,0.341081158182111,0,0,0.0518723732552233,-0.118866632854268,0.0234540108050978,0.103811423568353,-0.480146351364891,0.328055071761454,-0.498908909045463,-0.302368262473118,-0.178098138007562,0,0.00364470080045706,-0.0200285076868333,-0.58086878162219,0.328055071761454,0.471300139387786,0,-0.203188342301246,-0.192460788001672,0,-0.218551239853168,-0.306546099220816,-0.772283058781153,0,-0.107272734613179,0.678709645076223,-0.28501366091038,0.0976733009324344,-0.0738702117085009,0.102404554476653,0,0,0,-0.547141490284325,-0.281949050039026,0.169453431200057,-0.282526561325946,0,0.668273881687189,0.41927366181582,-0.420835238981979,0.678299878704279,-0.728048720615255,-0.0614203439999286,-0.196429959536879,-0.343000350101303,0.0155838130948558,0,0,0,-0.0518723732552233,-0.849691089506706,0,-0.311986558639854,-0.17477148097175,0.243894607048685,0,0,-0.58461498853833,0.0231334992800831,0,0.239992587787558,0,-0.121967840788115,0,-0.160618156578499,-0.116698919863175,0,-0.771659415169558,0,-0.42680332625841,-0.305173870539486,0,0,0,-0.863143058407424,-0.70632086646535,-0.17477148097175,-0.0810317694064338,-0.0953353477310756,-0.408435204274646,0,-0.400930767128708,0.194842591793656,0,0,-0.519941534650377,0.0545395430475666,0,0.198711775482652,-0.142881829424507,0.125140565613364,0
"g__Clostridium_sensu_stricto_1",-0.121590042315051,-0.0142147067262961,-0.242760703335423,0.244905920636398,-0.0232506964553327,0.20491800874335,-0.13129811495914,0.0270716668449143,0.0359430130906071,-0.0459800969210248,0.0953353477310756,-0.335009041659613,-0.202786297621696,0.17477148097175,0.327452352395824,0.458636129022255,0.70098898354398,0.539284195570673,-0.404923363408996,0.13230386718298,0.168509493859905,0.0275987061354229,0.0340111298597139,-0.186150713953265,0.874965480200641,0.229100861628187,0,0,0.166031922422028,0.342668901062005,0.0596507051956092,-0.181558715936643,-0.164188036808744,0.276941629991603,0.322519038540776,0.580319823978863,0.232922708561439,0.304949082795012,-0.146773307918486,0.1118247309587,-0.0109558180595906,-0.0932852518788181,-0.101061420458601,-0.270890196066232,-0.301636361158768,-0.185650223930879,0.252280403005916,-0.203868443005674,-0.778445545125246,0.166281120916818,0.219882185446923,0.125158879156204,0.352559648154088,0.500650638159565,0.136719872151657,0.137499852992768,0.467512863302877,0.270250663317316,0.557548797850146,-0.28059732059551,-0.601130069666133,-0.207414174697279,-0.312744883776986,0.351136526745496,-0.365622189237073,-0.361557365183736,0.608604432745292,-0.141972532950651,-0.740591163478634,0.512813078446417,0.179545013387862,0.312502055637626,0.536047325441589,0.0360940316964404,0.00292838263338079,-0.252682775542133,-0.0518723732552233,-0.112500882748681,0.363617210265387,0.18935651977752,0.191350984320471,0.689275142718567,-0.488269331611463,0.758240709814859,-0.314069293274656,0.107975982066759,0.467752580831388,-0.21994812461042,-0.206087745482586,-0.134518198869102,-0.185008171154989,-0.285214595049569,0.314985493017968,0.0734380786213134,0.0861102733464722,0.26089636187562,-0.0344539717869909,-0.582393923990676,0.582758324675274,0,-0.709326973475076,-0.20200485525195,-0.676645240929708,-0.314604564321859,-0.0313766816964918,0.0407208728266902,0.146994528518554,0.00561095659362626,-0.8899414924912,-0.331540490335412,-0.00153788013500011,0.154885431591982,-0.151327639457916,0.220707685562982,0.803653122149598,0.120895979997893,0.334644122179286,0.357268085197463,-0.634283936697708,-0.424577371035842
"g__Colidextribacter",0.521059463020907,-0.52207550546132,0.0112827859080628,0.578363941066662,-0.17477148097175,-0.279986543916255,0.415988285008955,-0.272193873982763,0.178818763847782,-0.801075004877812,0,0.304325506244149,-0.148066523925395,0.0171737210753364,0.301203315100215,0.163377545802701,-0.407290215048604,-0.453383238774115,0.479197964551793,0.521092271681421,0.196948431953941,0.032317035939005,0.496578995188655,0.0717052446085681,0.120761122292679,0.278169578428708,0.0518723732552233,0.166031922422028,0,0.23010033603792,0.0258153250213384,0.353516724275319,-0.042087460518947,-0.131695906395082,-0.159201203159305,-0.444165722472624,-0.676187526742827,-0.0199048704734037,-0.527544450821804,-0.113978763722603,-0.23796037099642,-0.181575485592831,0.174222209810039,-0.289646976200319,-0.500983862828333,-0.137155234836093,-0.163226340216859,-0.546404976715677,-0.971687082253757,-0.127958075646614,0.0783710003945958,0.363675183705368,-0.190634710742504,-0.329491251844048,1.01323326609934,0.558888084999772,0.174834225195567,0.428050868010201,0.127617969683349,-0.057128126182838,-0.231303329071097,0.195362895346788,-0.207507811017661,0.251342137912267,-1.02995535016904,0.284348495494538,0.585060254368796,-0.0557672694487375,-0.722665889939776,-0.148608642333368,-0.678810609997263,-0.526243878178338,-0.159484745044736,-0.897015652408658,0.167015669379325,-0.121787320693521,0.311318864889437,0.282159971027843,0.496877317102086,0.415083618753473,0.370654391185872,0.791732839828963,-0.658393267985833,0.17477148097175,-0.0267078710071119,0.0424712095592601,0.178035478717253,-0.051569342952193,-0.278757226304817,0.0190336553078979,-0.375740221641,-0.313713723533041,0.0235148095970542,-0.00287174738997618,0.509984641271797,0.538593699170984,-0.0802995294083165,-0.279906794207299,0.0773462811524726,0,-0.197790621773131,0.296620093830768,0.245322189048636,0.221052445867418,0.818152110310819,-0.26408729905208,0.448952157108877,-0.0657881931324676,-0.71839269824062,0.155743095045057,-0.0152245821010471,0.236708405423111,0.312313017741453,0.00588262322564001,0.190939891997395,0,0.218297968433086,-1.08352416107739,-0.298388571246995,0.304085434190289
"g__Collinsella",0.597156009898069,-0.166629944917545,0.587436256010002,0.172879764717934,-0.328103730482528,0.178672317323636,-0.189626575771978,-0.0273344988278066,-0.429256275509842,0.0407395424497615,-0.36288820784163,-0.310640057073511,0.394566138126233,-0.408187365700356,-0.278433776806869,-0.274324140805811,-0.39091046628449,-0.355497686370515,-0.660134830787828,0.120673705136673,-0.0244660856071762,-0.169749512298778,0.393547310223971,0.489460758551095,-0.139926981223925,-0.280585834672827,-0.118866632854268,0.342668901062005,0.23010033603792,0,-0.080731714716072,0.130760499057895,0.176786492387767,0.29039340339049,0.0616779149377646,0.462776085604649,0.0790097767208331,-0.0128098108280572,0.432796214198685,-0.216689143164968,0.00255770120150123,-0.387676070295806,0.191931288149395,0.0831470229941111,-0.152894560955641,-0.243053398248011,0.0794785043151493,-0.24074149117998,0.237175984159364,0.378533313742457,-0.0206424348988144,-0.332736282375634,0.259398200594916,-0.310681401700886,-0.0214334235604023,-0.00336411897222144,-0.148087260233558,-0.6183872319358,-0.339544334806942,-0.156574752934626,0.160040064822368,0.0971359574056064,0.00246411703434897,-0.26949168842518,-0.377190748279281,-0.579661620849271,0.0586381561027587,0.312853350669532,-0.0199247337281095,0.0814396871760621,-0.10583506156068,-0.228826502316542,-0.281407240471438,-0.177534185855243,0.57262205137331,0.430482595145617,-0.382851054527672,0.720301639402946,0.0148001565801848,0.467086368619303,-0.316032521929313,0.369682784380889,-0.440948430101299,0.183197478541385,-0.240907596568586,0.0634780124108409,-0.247358429853077,-1.58385356369549,-0.0289412831856429,-0.113842517506804,-0.66139533136075,0.307858751516189,0.327767291889569,0.605364926208031,-0.495785254624613,0.0785340170764856,-0.267754510701654,0.23886254126545,-0.137206002151276,-0.288905114851404,0.156491820793478,-0.593817265758393,0.0329804711786309,0.400801492050871,-0.144072176091477,0.314566302977925,0.328850166215919,-0.0884597085196928,0.364794636841786,0.359239773498101,-0.229790916884787,-0.640405683656213,0.551220508205543,0.505830672856982,0.181991333858776,0.232966758397829,-0.0353264126882174,-0.539320325311242,0.260331750614332,-0.135707051531268
"g__Coprococcus",0.629735421322832,-0.0642056971827994,0.379921310268373,0.390200860446897,-0.0462396239690938,0.156963002221476,0.149222330580191,0.328249193892129,-0.444041388387066,0.528385465223692,0,0.0827590116418939,-0.322390847930635,-0.633799935414507,-0.242878367805462,0.106690826263839,0.111356525308999,0.103708033593853,0.380744579964926,-0.371817672674403,0.0119251066921128,0.0484168233111016,0.288616099163522,0.378581927248365,0.0621661040353418,-0.276352397554098,0.0234540108050978,0.0596507051956092,0.0258153250213384,-0.080731714716072,0,-0.487573141332682,0.623325470766216,0.417264010990944,0.482800519932043,0.0580253720931241,0.224742446522325,-0.0678584068108582,0.121435235843042,0.193828100818254,0.28276751052322,-0.60180245387998,-0.0892668026673742,0.476311494009274,-0.206355136000447,-0.184460817250679,-0.141262094512285,-0.12435125714976,0.446051408437362,0.400834269711673,-0.234649268282551,0.055600400787021,0.635973685177472,-0.512828599869366,-0.1058827662236,-0.453739694857764,-0.0334160300378763,-0.0347053990885145,-0.24708421594651,-0.279098196664182,0.122074546139565,0.241216585678686,0.0601563372997355,0.197813316667934,0.161937171301589,-0.194661567851626,0.191155968815576,-0.209718056552028,0.250535888560371,0.3049523569056,0.0198875101559101,0.0400666905692202,0.174963086394097,0.0586901571803094,0.0657012914411053,0.592594446408666,-0.136254583770399,-0.380842470644499,-0.384111838075121,0.282279717753701,-0.183338115384542,0.296177433855955,-0.333406089069751,0.01931012894096,0.291272346881132,-0.0138821748230287,0.239671356334547,-0.408245377252187,-0.179078974053999,0.196193598128291,-0.576361072847518,0.576478995673623,0.364286916947909,0.197043879127901,-0.927097356068661,0.0564442086328805,-0.274316029816899,0.238475997766228,-0.130494719635358,0,-0.151967619623447,-0.166761614675278,0.116383329344883,0.33343879090268,0.286497568585525,0.417036934052758,0.176491113457617,0.352045478673106,0.618076020689658,0.0613190294477026,-0.177768084038829,-0.217170011209858,0.334889495730102,0.441849277652573,0.27295263848147,0.491578159146569,-0.00615754702739756,-0.0400742707519438,0.108166539149902,0.226604751210878
"g__Dialister",-0.133837040293634,0.287923818102504,0.398581140381047,-0.131091117455831,-0.093010597247431,0.263052935146052,-0.0204108331646261,0.392783128047948,0.424112428040008,0.151975933603887,-0.256830571047308,-0.0860224510881755,-0.15932687978451,0.395897971598209,-0.206739452628689,-0.0163003417184022,-0.00120486018311597,0.0778251373258742,0.187457009700533,-0.300151017598974,-0.182032726654,0.215100124870717,0.0915035286054817,0.0487345870950575,0.333377454766642,-0.0217210035589906,0.103811423568353,-0.181558715936643,0.353516724275319,0.130760499057895,-0.487573141332682,0,0.273044382751915,0.414077976541797,0.0288582932467761,-0.688771516898423,-0.28915782085666,-0.9745923547014,0.10491604545559,-0.221713482138405,0.504770455888914,-0.380443564965108,-0.234683261107477,0.251122288497405,-0.0412583177505699,-0.00726089579328992,0.396041632871246,0.251857877654611,0.306243199080727,-0.0493443442171819,-0.340882503680427,0.787075761833701,-0.288621031138509,0.416274269040037,-0.631781838453431,0.035517889700475,0.0489158020588328,-0.301279263973101,0.323407127888447,-0.418386079850458,-0.0141968626440555,0.158315371830582,-0.071684901066239,0.246084007611254,0.520604680829987,-0.374575435634067,-0.107357700671506,-0.686604241475193,0.00811238240917586,0.984795633036092,0.805476043163432,0.365017431103308,0.993757518230193,-0.0414696150728647,-0.456250201747175,-0.0151960670618593,0.210424431378662,-0.464235828212337,0.011353264232123,-0.350968401215105,0.0241275514453853,-0.0608992907330042,0.557809122060872,-0.202786297621696,0.296388700973354,-0.709050113190443,0.369598337283091,0.0185292602695274,-0.241650825331955,0.179215486280894,0.0168476301270912,-0.314868357382149,0.122759709264166,0.157057880904978,-0.327375094454576,-0.00555678670207572,0.625150493765269,0.237091448839207,0.0235247799807277,-0.0563867355754152,-0.475199430508116,0.553994254075064,0.089136050432451,0.18995804170239,-0.513818168159249,0.507604739362998,-0.0549730905967421,-0.0753706955941617,-0.411050192622545,-0.192852642753652,-0.447578552606906,0.800685071614172,0.406495646986197,0.0564099499429268,0.480093140975611,0.445255917880676,0.143790552981921,0.313274108372986,0.180906784246847,-0.0544798760396189
"g__Dorea",0.47530303606778,0.0314158324009489,0.0738335381860234,0.298862013729573,-0.294077401632681,0.139980113006427,0.187991745510693,0.325733895222785,0.222412844276064,0.242978459520332,0.299086714479157,0.286511333864256,-0.56883033752739,-0.285283344359577,0.271276216041796,-0.228351772234618,0.165130970535534,0.25028129404761,-0.334312265686501,0.379230279657759,0.347175468570923,-0.0699159520843073,0.267490912611958,0.173861790697747,0.21276874355558,-0.0165119108795418,-0.480146351364891,-0.164188036808744,-0.042087460518947,0.176786492387767,0.623325470766216,0.273044382751915,0,0.155672515886455,0.682883452912626,0.75836104365574,0.0602367829835739,0.252974492976769,0.287346452162338,-0.301710137748641,0.114619375861023,-0.628031077696865,0.257944585431786,0.177245410171769,-0.0404975886431091,-0.0244741164153029,0.536121095941443,0.00973872988559448,-0.0374833446665674,-0.207285467035896,0.521352608146789,-0.347460138494489,0.218769600695977,-0.654114423232556,-0.114249487385785,0.174495307960198,0.0367533935992929,0.760235339390553,-0.0968202874996699,-0.36610553239822,-0.22749833671095,0.0936379890911903,-0.00811555787070112,-0.107775115351846,-0.35842367286212,-0.218492107935626,0.545102110967595,0.038463793133175,-0.153961631524513,0.101239469622155,-0.230752376420495,0.00694565193326965,0.148242993131278,0.214016198642851,-0.313941730759352,-0.397539068044443,-0.160011691860929,0.0117721030326404,-0.0572764853352204,0.294768037490057,-0.0994146726821694,0.511002303637397,-0.204822852434849,0.0945012891015877,0.671633727730716,0.182979686179658,0.210909454702296,-0.213022274506165,-0.289378850537329,0.0821461961921433,0.0607083137794867,-0.141437242617829,0.346837854048542,-0.160297977003831,0.382989656441552,0.2050096856581,-0.593386655461131,-0.143119430306512,0.0655589159289141,0.503357302002163,0.0479694952953663,-0.197056233940419,-0.295318686601117,0.260927505731625,-0.0879602778864613,-0.26710573755199,0.480871307143278,0.392539231585757,0.296368742949573,0.241916942580812,0.0520831665417861,0.0176886497955195,0.231263634942907,0.496874825068186,0.708534621954115,0.455917653158785,-0.112201493360658,-0.0682438136264729,-0.386356899653454,-0.372708980750712
"g__Escherichia-Shigella",-0.16279383878022,-0.189242718542216,0.175470849158623,-0.11443865650734,0.245835383337231,0.260189510293503,-0.767424077075307,0.269358797014613,0.0685742313441461,0.147855420469848,0.275565109864664,-0.120674808809005,-0.27624474100645,-0.0400928195363408,-0.420164184178857,-0.311971012223722,-0.0328050203767451,-0.649388639023553,-0.2549038662108,-0.996369329016418,0.244874553164965,0.00749139982593293,-0.2583843710811,0.609916374450185,0.730049291995399,0,0.328055071761454,0.276941629991603,-0.131695906395082,0.29039340339049,0.417264010990944,0.414077976541797,0.155672515886455,0,-0.235406752735057,-0.279832121403545,-0.280253841156374,-0.0815577697902576,0.0627881322681785,-0.539088515645747,0.249087220338069,0.399821194834185,-0.457418141125478,0.394886837662529,0.324040375675742,-0.637697232168737,0,0.353864817512348,0.199094260575154,-0.132071315947638,-0.0142473837796172,0.151967619623447,-0.670414140332144,0.161806424751151,-1.403152703666,0.138872632366471,-0.00305765011136216,-0.204383754952733,-0.372442876656342,0.164365771121383,0.372960028317321,-0.207034036340592,-0.356829002945166,-0.113780658392438,-0.22045773230295,-0.309622056107582,-0.307317913717202,-0.482062259712992,0.0835858737734621,0.49264153352232,0.564387702734441,0.167015669379325,0.148084457158913,-0.0494534134332492,-0.0793946868376869,0,0,0.526440239679869,0.490547408487619,0.189465523351332,-0.604348518011092,0.191999758687874,0.345740829722052,-0.60683360163965,-0.501258557395197,-0.254811578702243,-0.343262031829936,-0.436362787472079,-0.994972755678862,-0.0267078710071119,0.149817266451877,-0.105756926505656,0.364125538586456,0.685118566725088,0.132563344870236,-0.69965217066062,0.10042753677634,0.65763999798377,-0.42999409770548,0,-0.36108879843156,0.0444115121365136,-0.0846462437671856,0.358017369055158,-0.874011596647204,0.27991344751086,-0.677020262985588,0.301540584441489,-0.311025456765154,-0.0746918237468709,0.0565803565219863,0.427360978005508,-0.115244133076238,0.874625959997238,0.157995633373092,-0.215660804282881,0.532254835246986,-0.114385422431584,-0.268471507194105,-0.259130743497131
"g__Faecalibacterium",-0.369880470840759,-0.00438299461423378,0.293190035713175,0.141199946015298,-0.0357925415983034,0.533084374267836,-0.148663772125007,0.415028890870116,-0.183563127487733,0.582508494746173,0.638484332233431,-0.0727245885098403,0.095918083051587,-0.224410132913631,0.13372147937476,-0.203095232292431,0.390421786731962,-0.205933780898975,0.334756360585313,0.0697688217161243,0.0408676767753299,-0.535388684232014,-0.390257478432403,0.447686557620227,-0.283279453274834,-0.166417272280736,-0.498908909045463,0.322519038540776,-0.159201203159305,0.0616779149377646,0.482800519932043,0.0288582932467761,0.682883452912626,-0.235406752735057,0,0.094102970270637,0.403079234594103,-0.615134188459778,-0.230428615015689,0.0340032293132414,0.379943199640691,-0.290730863800315,-0.124693243869072,0.395128548437833,0.298371755522463,0.0387734224554694,0.233975909428777,-0.514359401728206,0.406314530022832,0.825457118916442,-0.180725143076868,0.106745563554408,0.302633236285794,-0.511652604235309,-0.0876023012028055,-0.456145053291207,-0.195454737650952,0.440124096158908,-0.179024675847315,-0.772410664803383,0.285031839353061,0.32660043414348,-0.0323468493545881,0.0517181995661668,0.473191278849621,0.0196819140206765,-0.205766968760486,-0.0762640369099533,0.105138061531859,-0.102651442468113,-0.253344120614796,-0.676250844549244,0.499330303895691,0.194078652006223,-0.104360775052389,-0.385162718522884,-0.404792061899286,-0.278225217434989,-0.510347350540417,-0.42032312328829,-0.110722656603235,-0.116689027991376,0.0924911688620902,-0.24539634308571,1.06842078002236,-0.0109621140853405,-0.10845551748973,0.0233921693573791,-0.00553430633898694,0.0953729325626198,-0.415523218764573,0.296407541812787,0.182251806318233,-0.193762660714438,-0.0791708922265508,-0.0982022608626257,0.244151009477722,0.478050363501505,-0.300581436284868,0.153056191097613,-0.0772940982491034,-0.384438224656316,0.385030094978187,-0.0437299772342977,-0.460300393482031,-0.0445561226596087,-0.133269682550978,0.689599227679592,-0.130536742490116,0.170229282159563,0.171330052325538,-0.554604483999857,-0.239186210340866,-0.187505910659454,0.157418917570861,-0.137149169582837,0.0413800169757546,0.258367046419148,-0.366105349219402,3.69431035174284e-06
"g__Flavonifractor",-0.456742441750733,-1.04969722128923,-0.655714407734054,-0.419929907328038,0.0630619926085576,-0.203207489688547,-0.954574346853553,0.783391995161867,0,-0.0505229754344055,0,0.385190365378012,-0.183735022189051,0,-0.225380227956334,0.43137105437351,-0.218948213619913,0.424286872045386,0.366214609088562,0.757689403220275,0.27063299691968,-0.562263315961318,1.12150385885023,0.0204482444927564,-0.383715487153051,0,-0.302368262473118,0.580319823978863,-0.444165722472624,0.462776085604649,0.0580253720931241,-0.688771516898423,0.75836104365574,-0.279832121403545,0.094102970270637,0,0.336702394375396,0.0791708922265508,-0.285452225602845,0.30970569137176,0.741758627548081,-0.897014314182173,0.210056796486924,-0.0134735836706347,0.25431356393315,-0.374988710112036,0,-0.780828784868725,-0.129327982209818,-0.241300954859267,0.203207489688547,0.203415969265891,-0.219819493654528,-0.450661923732093,0.672657459018675,-0.614230962002926,-0.140109287774081,0.0656171278676577,-0.159484745044736,0.705543233204587,-1.04524609392336,0.0562029078087422,0.312488740914808,-0.335959811824408,0.515669530247005,0.743119166389355,-0.66294435604375,-0.4410498272349,0.551301431167508,-0.713305299182468,-0.655128743405438,-0.861420948588996,0,-0.335241918268759,-0.0157981964319717,-0.395897971598209,0,0.0819018633769199,0.0200285076868333,-0.294519604203112,0.0223801043928989,-0.440063391072076,0.0970020143977423,0,0,0.637574663907346,0.620878464922248,0,0.609427962593747,0,-0.113059965893094,0.127617969683349,-0.0556262117057427,-0.236613974941998,0,-0.206393192727267,0,-0.134861701798502,0.43418967676614,0,0.104072237576797,-0.15693902525347,-0.38423085372952,-0.340547467226587,0.343699968898503,-0.265147003749149,-0.364541100403614,-0.427014545978537,0,0.139402946117043,-0.265641802869675,-0.0133511981127479,-0.587094327381306,-0.726186058642956,-0.477479191266462,0,-0.206973225426158,-0.0803110212461818,-0.00667525703314234,-0.048256014992777
"g__Fusicatenibacter",0.515435001585265,0.0602095004349707,-0.0673746856032322,0.467877433241344,-0.894596309195336,-0.0986009503186115,0.0893107152525547,-0.043345036416287,-0.427871648647022,-0.0755740071778416,-0.684081508283413,0.18268518701119,-0.420014920521447,-0.747388244237233,-0.0583550811289926,-0.21142736561878,0.12461654380729,-0.291906808441004,0.0198404374667955,0.350872381575722,0.127459365825173,0.311495882469645,-0.184313512310446,0.178875877403223,0.431264148833399,0.515449267163151,-0.178098138007562,0.232922708561439,-0.676187526742827,0.0790097767208331,0.224742446522325,-0.28915782085666,0.0602367829835739,-0.280253841156374,0.403079234594103,0.336702394375396,0,0.0579421629371123,0.171415464662396,-0.134002509307314,0.54994982775235,-0.0799881206414772,-0.239822939854632,0.27691060346212,0.471727634222585,0.44824496744075,0.0112742635779673,-0.12544042079474,0.224640772789941,0.111382011044767,0.37646153384413,-0.520096873379437,-0.0879841214245717,-0.312689871119287,-0.0723907696558426,-0.468635322666708,-0.693094515614562,-0.0451595044598511,-0.279618737713909,-0.279904622574425,0.308094495782073,-0.187502149231294,0.0801254795875823,-0.0584022057450158,-0.221195304054787,-0.135778144591689,-0.0552228689442407,0.206137126250733,0.0477610389490142,0.150502030948975,-0.301511430232796,0.24895500851442,-0.452393023028352,0.0902455529649272,-0.467269977257014,0.296747004982971,0.304191036512794,-0.409798881663024,0.332774889122863,0.187372975835324,-0.33315008264688,0.264402388985397,0.162805556693332,0.343231757485067,0.0166223945012803,0.0118949667002305,-0.201809879647887,-0.339637511386298,-0.203280775223237,-0.281996888829167,-0.203913106539865,0.1614278966709,0.588616979813243,0.00434521855997475,0.738567626437093,0.342262907466236,-0.373854172746661,0.32192325066976,-0.531180250497401,-0.13219189895184,0.418692378373206,-0.612129169108006,0.0513737341451608,0.616100771955167,-0.698491188988891,-0.0124664393170565,0.12988706349625,0.0482955676857632,-0.197973763724424,0.143476764074342,0.0968171522620494,-0.106941494023794,-0.102533900561771,-0.0532665260097626,0.0626868620446639,-0.586471206323594,0.156987365606077,-0.372549122576288,-0.486206315746062,1.17106688224621
"g__Fusobacterium",-0.302368262473118,0.109763718949642,-0.279353699002714,-0.49999288014015,0.705543233204587,-0.0316053575222724,0.0996935225169875,-0.472924349886934,0.210837160939611,-0.0493764884963544,0,0.107571754214171,-0.264656378816196,1.02739367286195,-0.52663822911081,0.0441943739211453,-0.210899555741821,-0.0213814953204797,-0.0733515066562499,-0.219917098165317,-0.565898832428568,0.338441514964126,-0.503481543896134,0.24774774887621,0.123890016451663,0,0,0.304949082795012,-0.0199048704734037,-0.0128098108280572,-0.0678584068108582,-0.9745923547014,0.252974492976769,-0.0815577697902576,-0.615134188459778,0.0791708922265508,0.0579421629371123,0,0.0579465215732765,0.577326871290778,-0.0370311153273553,0.187391652818611,-0.818594609191983,-0.173092182673444,-0.31167803694216,0.0316759927426735,0.239992587787558,0.0260419414823815,0.123344177124813,0.676855743529179,-0.421995499731779,-0.262890086589151,0,0.197698297727267,-0.0166223945012803,-0.73525741674885,-0.116145132074018,-0.107297954432621,-0.584559051617597,0.650968036343846,0.0224110202283014,-0.605635979007695,-0.625480695034067,0.307584124408028,0.636116042271808,0.174988919987061,-0.3839815519041,-0.894181609712376,-0.250121167076397,-0.128139375326891,0.479666872845987,0.410798962286019,0.260189510293503,0.216659336385945,0.316900290590089,0.571680439347294,0,-0.239134633163476,-0.262338616000916,-0.0210658107948071,-0.294537018724111,-0.587092195603739,0.264149804877055,0,0,0.24738164763985,-0.124432085110014,0.311433364139447,-0.358726248534158,0.0897877340200146,0.225201781840842,0.411890716439179,0.0480893699858213,-0.231740810150441,-0.408326023938946,-0.246722294893523,-0.436310672082099,0.040284680890231,-0.722034476141003,0,0.380733290476209,0.370873153723426,0.390416574347697,-0.115782142979972,1.44696003604183,0.311034945251489,-0.49481113792052,0.111577694912532,0,0.0193680332055681,0.114284333598387,0.120823762664984,0,-0.0398091373197236,-0.241588040555461,-0.589916444997966,-0.577050160952721,0.470379748942375,0.395897971598209,0
"g__GCA-900066575",-1.08087943909115,-0.0834407357568889,-0.0229149038898708,-0.531765897595686,0.355349655162079,0.272136491705534,-0.00956800990979694,0.296134878075615,0.0110694055628955,-0.0136660851554024,-0.450661923732093,0.453142398795758,0.184232496318078,-0.326398334497628,0.0853802803829708,-0.131883158133998,0.167518085925086,0.078633740225204,0.69583102687831,0.0652176617925199,0.0569396120453714,-0.0216617958814479,-0.0173119971571138,0.0223693203045842,-0.435553944670865,-0.53134324181726,0.00364470080045706,-0.146773307918486,-0.527544450821804,0.432796214198685,0.121435235843042,0.10491604545559,0.287346452162338,0.0627881322681785,-0.230428615015689,-0.285452225602845,0.171415464662396,0.0579465215732765,0,-0.0488006566173127,0.12866149942685,0.0675577166976192,0.174989556015361,-0.640822188247059,0.181329206247009,-0.275396660745886,-0.429241150215467,-0.208025437706426,-0.614425793656654,-0.337650538723959,-0.411886746765354,0.335147869882568,-0.732108599984161,-0.185285325982636,-0.0514740302431944,0.0929441573503734,-0.0752050884117262,-0.253598410025428,0.694829699939407,0.115750433794699,-0.0619404376384266,-0.156022604761905,0.0827353526488586,-0.190848858325859,0.0942705465115477,0.113433863210851,-0.555061461073186,-0.0910103321742045,-0.0302413179425115,-0.381863127413143,-0.339323288636395,-0.532591231931496,-0.504516508933974,-0.0767070373109027,0.0885522618012784,0.351122858724336,0.435676630955926,0.340860659068302,-0.17587182378707,-0.156696506434409,0.158466188901538,0.30893238263351,-0.523873716052476,-0.0455249800788702,0.616682367452161,-0.0667487089048907,0.172626260961552,-0.02633475349569,0.0280629167654644,0.119424820407295,0.462009059245055,-0.0761418113690493,-0.0510948621859365,-0.530091156019208,0.0611417771135929,-0.0623618007278017,0.354824508313214,0.16890292222149,0.156186962381364,0.832300527694053,0.400149081927007,0.542338203154684,0.147564945605212,-0.0471054241870276,0.245180436883174,-0.222768265623172,-0.291552900695522,0.685081068262528,0.328022227349242,0.224516337109993,0.0325386901494499,-0.0354521209354376,-0.152955689759392,-0.208250017390891,-0.0959604249522617,-1.38459546877738,-0.20658003995591,0.311866233420054,0.232928716731948,-0.301847268492543
"g__Haemophilus",-0.701474127946856,0.216493492913782,0.293847550704185,0.191715272448265,-0.272006877817344,0.287358161855207,0.199926636425182,-0.519229912056899,0.453931681523154,-0.0728051689107695,-0.0630619926085576,0.0328669214549757,-0.511498253908574,0.522086607252739,-0.325595127372651,0.0232286284512266,-0.141873470560709,0.353601584250343,-0.401177944122103,0.1409673950868,-0.406325564193334,0.148307402854966,0.648208253818328,-0.0301672908723906,0.107856385601312,-0.0259158557615808,-0.0200285076868333,0.1118247309587,-0.113978763722603,-0.216689143164968,0.193828100818254,-0.221713482138405,-0.301710137748641,-0.539088515645747,0.0340032293132414,0.30970569137176,-0.134002509307314,0.577326871290778,-0.0488006566173127,0,-0.0930521922786383,-0.183061854273092,0.0754349545599508,-0.416222529913923,-0.621638424390136,0.0814109591115254,0.575155032215507,0.524928180360672,-0.0791449688448466,0.163518340982662,-0.051132270212814,0.111284051732692,-0.299109289171396,0.199033461699197,0.560405349441811,-0.148429348086709,0.0911144900995738,0.0307122578283097,-0.0235565409004621,0.418372302553314,-0.18334465719507,-0.12704093424482,-0.520082195323317,-0.216282976806662,-0.122976643670522,0.219891834267234,-0.024627829316591,0.132715187991273,-0.627277226710047,0.224078202253637,0.38086517021356,0.266077220461948,0.242805873955017,0.391896435628646,-0.259473216620595,0.295558733487802,0,-0.516673896978954,-0.0395553755111925,-0.11822408239391,0.69660333684668,-0.21576282374,-0.0103973860333016,0.33394079842012,-0.372305704876064,0.142652303791789,-0.0488520029818683,0.540089160716488,-0.473420518157357,-0.252682775542133,-0.185480280801427,0.142259193762518,0.178590663316656,-0.257980060108428,-0.02633475349569,-0.00122477638566434,-0.184232496318078,-0.0402447448150154,0.233441026222948,0.17477148097175,0.19252344775411,0.349625259201699,0.0393243719101294,-0.63473629627149,0.581258339595789,0.207635473548947,-0.305199746494359,0.0757321775889494,0.171492872287867,-0.10101170442717,0.200156341123983,0.193927014575227,-0.127617969683349,-0.24986164037388,0.0425430949375138,-0.356823729341537,-0.127858347291964,0.120589127611782,-0.00950557724152873,0.329770101792728
"g__Holdemanella",1.38574332123158,-0.00074986481656094,-0.00142798857794196,-0.57859006618068,-0.123659272879161,0.105328972390474,0.101875545919957,0.137083596548504,-0.450167932638414,-0.117854377501022,0,-0.0477465889285805,0.742643337732622,-0.573334133399773,0.387514166486304,-0.487658069719781,0.034179966364092,-0.294355956127305,-0.515997295408739,-0.0192239631496234,0.358691375029699,-0.140922174918359,-0.215260937853188,0.261391798757683,-0.555107182344572,0.116130430128562,-0.58086878162219,-0.0109558180595906,-0.23796037099642,0.00255770120150123,0.28276751052322,0.504770455888914,0.114619375861023,0.249087220338069,0.379943199640691,0.741758627548081,0.54994982775235,-0.0370311153273553,0.12866149942685,-0.0930521922786383,0,-0.223700466286096,0.038065321077565,0.230208663156201,0.151101995627999,0.17537964392855,-0.165193467485205,-0.22087409982851,0.813002630269161,-0.126947683313218,0.256617976519818,-0.424661333693014,0.181249184176142,-0.575275042010238,-0.668160481341333,0.397310822520042,-0.145236370898195,-0.0896257780566591,0.237226582015313,-0.121750964140453,0.395028616060163,0.0579772215846624,-0.0036276210791437,-0.138383696406159,-0.463422557923803,-0.281524666049898,-0.136243114800803,0.126334108059601,0.248552935668813,-0.238318831006734,-0.844044730883939,-0.0139016829539074,-0.616036199580748,-0.381939510472318,-0.112508023566911,-0.628767753864242,-0.0286288092247157,1.20863027777015,0.117067561134103,0.131361168589539,-0.710584115383068,0.37236136613094,-0.262106257181882,-0.178337056091643,0.179393606282111,-0.135524773862102,-0.43732707738447,-0.411890716439179,0.211257918323042,0.054708845261701,-0.0244601275702107,-0.00253996062153888,-0.171923018203781,0.0850494506221443,-0.173608128341286,0.104964484576853,-0.444352959693983,-0.228801576384694,-0.201923543713573,0,0.0793946868376869,-0.357034765683037,0.111130834756555,0.571304848823916,0.27243902807946,-0.345205911011026,-0.548755136239198,-0.0771175826246388,0.504064907829922,0.159233974155673,0.10435330631408,-0.425071853612208,0.593752392350456,0.437863059630174,-0.0998302671803924,0.100204965204191,-0.487304862741945,-0.394844140201116,0.0611177000023891,-0.5149225951299
"g__Howardella",-0.196429959536879,-0.244565556001097,-0.310620324410446,0.215691418309094,0.31515297790188,-0.332839835753042,-0.128570513151997,-0.493633108672721,0.139308634377667,0.103123476512285,0,-0.390463277122756,-0.238297431743036,0,-0.406038669391453,0.658503863231736,0.0951665423328313,0.403450491616743,-0.144283111709686,-0.26545726141838,-0.220973892505752,0.249199588349812,-0.307610208428236,-0.319017272676106,0.28735404772761,-0.183735022189051,0.328055071761454,-0.0932852518788181,-0.181575485592831,-0.387676070295806,-0.60180245387998,-0.380443564965108,-0.628031077696865,0.399821194834185,-0.290730863800315,-0.897014314182173,-0.0799881206414772,0.187391652818611,0.0675577166976192,-0.183061854273092,-0.223700466286096,0,-0.400507043695673,0.146994528518554,-0.322545873362977,0.10879076983114,-0.316900290590089,0.0659205456443364,0.0131492025645032,0.11042858905017,-0.195040246361774,-0.446307022378279,-0.0735788364171256,-0.168079161365445,0.311337764764323,-0.809923560928045,-0.30822142681252,-0.307216924394247,0.00572511906251648,0.697246163052748,-0.194549186754246,-0.0118780654556351,-0.267502210261676,-0.132408713548377,0.0508700471069488,-0.125968685499387,-0.184765035575018,-0.288522126969591,0.305800300271935,0.209700862654479,0.260467975104335,0.0329753687552244,-0.0956651610790683,0.0966742274217702,0,0.541097612974654,0,0.168231463609217,-0.326603459192941,0.192732554054082,-0.109721912351728,0.422879965884672,-0.520133341737201,0,-0.215660804282881,-0.356646326373404,-0.0816679604127013,0,-0.168712873693067,0.77083365498689,-0.545969685085877,0.383095498744176,-0.0806902672652787,0.216425531411257,-0.20176595932904,0.104376117601626,0,0.521617567643602,-0.0715655358510837,0,0.167837326899328,0,-0.301049149105852,-0.227151748709745,0.105756926505656,0.516004391089813,-0.0353191206457114,-0.000256519988084902,0.0232506964553327,-0.393879089567881,0.33850938109945,-0.285968821826347,0.264656378816196,-0.0866091917523668,-0.368531102951285,0.0976733009324344,-0.341744342865693,0.239921200317457,0.0630525815499218,0
"g__Incertae_Sedis",-0.250119697486811,0.0683519613530297,0.0435241291730315,0.189160464948494,-0.0708775096449823,0.04050478170732,0.150195947036066,0.379185486203727,-0.613376350873729,-0.199416262006428,-0.315152977901879,-0.598233277197982,0.231154977584346,-0.055336385459135,0.283829579425536,-0.283243738740615,0.128586874769453,-0.112611069442202,-0.233693634518275,0.287756889296601,0.112942090766233,0.388176793580617,0.404807008725589,-0.141869022933194,-0.216181972422515,-0.218989937023354,0.471300139387786,-0.101061420458601,0.174222209810039,0.191931288149395,-0.0892668026673742,-0.234683261107477,0.257944585431786,-0.457418141125478,-0.124693243869072,0.210056796486924,-0.239822939854632,-0.818594609191983,0.174989556015361,0.0754349545599508,0.038065321077565,-0.400507043695673,0,-0.0897784487561257,0.100351145920437,0.420152735999855,-0.828554815553464,0.252385091121369,-0.0680530007926753,0.229297987390596,0.123497184843347,0.156493345537674,-0.235347490153942,-0.512518423579683,0.482430012583235,-0.318030261696855,0.0975153104778172,-0.0203554638556797,-0.464734264290054,0.196065887387415,0.219720090476833,0.328054242336117,0.03205452801614,0.423536638079225,-0.690189010099354,-0.225439511274245,0.0856082355743084,0.158334323342138,-0.0928175568000998,0.588562035025807,0.80492332774323,0.0596018684494691,-0.283291720401007,0.409376991492328,-0.297124913318557,0.498553018488641,-0.262123603172417,-0.227305040819525,-0.256745176406187,0.266822154865265,0.273497033413693,0.149030769816597,0.0158861993707246,0.342699880311019,-0.172822766087013,0.204478391626894,-0.00521319129134176,0.0561727955282748,0.369609312741934,-0.348148610359416,0.162807030563293,-0.206393192727267,0.224768640734073,0.504051332147131,0.599658027592116,0.274473411215891,0.68981777657076,0.355786202981915,-0.220604407299911,0,0.846341687862592,-0.438474552601864,-0.0130069882761114,0.189394283904843,-0.510624409708046,0.348374276077853,-0.576006852293992,-0.252665739102778,-0.110717824497468,-0.0836017087893222,0.234328062698547,-0.286374535458578,-0.18277743359124,0.242233063879124,-0.0883219346357967,-0.308489237821964,0.250889920325591,0.23234100047041,0.551531514940708,-0.540507338191718
"g__Intestinibacter",1.1431583052255,0.529634973673718,0.0283928826775163,0.137962352547337,-0.0345614953230323,-0.0783710003945958,-0.127406412145307,0.0643392336697476,0,0.25086761539826,-0.367533329526736,-0.481700642190585,-0.304085434190289,0,0.0751936637387848,-0.29138651450376,-0.0149152489385845,-0.533092022626195,0.224578697093172,0.0419936645719901,0.805149064868742,-0.109229106244225,-0.1061771012378,0.791703983079618,0.737397048116717,0,0,-0.270890196066232,-0.289646976200319,0.0831470229941111,0.476311494009274,0.251122288497405,0.177245410171769,0.394886837662529,0.395128548437833,-0.0134735836706347,0.27691060346212,-0.173092182673444,-0.640822188247059,-0.416222529913923,0.230208663156201,0.146994528518554,-0.0897784487561257,0,-0.125471736149125,-0.827438937904825,0,0.0283602590441982,-0.105952767708481,-0.0216847245440747,0.459963108825194,-0.0656171278676577,-0.0556418332971627,-0.141247548506692,-0.779501089991685,-0.0429965310796879,0.563491178554107,-0.268478813196427,0.13922083506801,-0.678709645076223,0.0149280635673649,-0.046639714197252,-0.413911493675621,-0.0038783660866156,-0.639904858928524,-0.62875921046211,0.270977020738826,-1.08979311548161,-0.530685484157636,0.45997856850044,-0.0910736031140662,0.770483318217898,0.0976733009324345,-0.0900727251107792,-0.228930158260507,-0.08688921144558,0,0.868114584138673,0.227453969423134,0.215660804282881,-0.922314784098931,-0.127617969683349,-0.476476099045824,0,0.0200285076868333,0.0121070074540246,-0.445215494207964,0,-0.169132920111513,0.224512304133357,-0.877182258278621,0.0579950011827979,0.168074483523069,0.18654941494536,0,0.00500824102422031,-0.0937666051341318,0.0623231060448385,0.0677165731644184,0,-0.76610230191678,-0.428110848368939,0.0267307782364276,0.537090098740589,0.202551498932458,0.414173244450382,0.558653882239422,0.175548137622295,0,0.466477768710333,0.49825995004391,0.0793946868376869,0.988425503211409,0.123532935890168,0.263868383415997,0,0.349688110742274,-0.527818834721069,0.00275423584390547,-0.120895979997893
"g__Lachnoclostridium",0.328622600697954,0.328815924141379,0.443215088555582,-0.0222061651935507,0.116282955370558,-0.439188908565475,0.409816564683902,0.232622581568436,0.347555413936723,0.534483771951303,-0.252682060015976,-0.0982534701694797,0.0462724197376051,-0.157629299760879,-0.550683883121207,0.560306561048076,0.33183903485964,0.450507583363507,0.29924826263035,-0.147168683175686,-0.225774808395235,-0.297369960876032,0.298345173244332,-0.0479862087145475,-0.286581014422542,0.293439197615964,-0.203188342301246,-0.301636361158768,-0.500983862828333,-0.152894560955641,-0.206355136000447,-0.0412583177505699,-0.0404975886431091,0.324040375675742,0.298371755522463,0.25431356393315,0.471727634222585,-0.31167803694216,0.181329206247009,-0.621638424390136,0.151101995627999,-0.322545873362977,0.100351145920437,-0.125471736149125,0,0.0785471154585656,0.310538459418915,0.110736404636776,0.79809674547387,0.0783123386843411,0.314489248909428,-0.085857822138225,0.292183356977123,-0.163624098587836,0.089143327121483,0.00184011679883544,0.075723540023932,0.124652993408482,-0.107249361880668,-0.247416985825704,0.0441820876012587,0.397553408354986,0.173680297701793,-0.170013018956335,0.36987731366872,-0.274594062772494,0.174791643529763,0.425725978835692,-0.379893540976434,-0.0213326727813993,0.00863574464923041,-0.510934047084133,0.112899458122994,0.345823438891317,0.600723550593829,-0.192312048936896,0.0137915025015907,-0.309996544820267,-0.472686095274924,0.393877655201979,0.13732359593091,0.277335665815998,0.185498522374227,-0.440179163821376,0.49104218952384,-0.196666804056204,0.346644647920324,-1.04333435031349,0.274355360516208,0.644815724320584,-0.44941889274104,0.0281299374445781,-0.203027160614434,-0.576036264648067,-0.0483869005610555,-0.139147180958447,-0.298390826682648,-0.0899825559979515,0.639823516518681,0.243967572245489,-0.590120172232079,-0.873061090566045,0.0974090229864573,-0.545961318568603,0.444709347376565,-0.330567044902333,0.0424048367028558,0.18920401592393,0.613014181008601,0.237535199796995,-0.572493714171946,-0.390259528824466,0.253861833800587,-0.140190246164198,0.115116205104457,0.042451606374943,-0.149837865035482,0.352124386252344,-0.0113591620040853,0.164186151999964
"g__Lachnospira",-0.855392988658334,0.277287912564278,0.329571004133261,0.0204008673805288,-0.266885877404706,-0.195127113537314,-0.196591129708134,0.0732244273731753,0.942699571045797,0.684412561043203,-0.0630619926085576,0.140493015419331,-0.158229040043356,0.13922083506801,-0.149524724386342,0.0486853386013805,-0.128949021448942,0.290968535083209,-0.0210347268313767,-0.17303790655946,-0.166690071594882,-0.178839985827191,-0.0654694187613956,0.117097589796028,0.284491151263886,-0.121479607643744,-0.192460788001672,-0.185650223930879,-0.137155234836093,-0.243053398248011,-0.184460817250679,-0.00726089579328992,-0.0244741164153029,-0.637697232168737,0.0387734224554694,-0.374988710112036,0.44824496744075,0.0316759927426735,-0.275396660745886,0.0814109591115254,0.17537964392855,0.10879076983114,0.420152735999855,-0.827438937904825,0.0785471154585656,0,0.481566576310377,0.317728290269333,-0.231651779705688,0.250545731081547,-0.417643857627129,0.2470006648647,-1.11932416000068,1.14886703111777,0.492600563971682,0.0468772922370937,0.425853819110143,0.213074150590793,0.587569173653175,0.0863353402142887,0.00843053773374963,-0.308290486822238,0.36483525919957,0.356733458212764,-0.361063597395913,-0.160957825301536,-0.381200424128972,0.117100592669703,-0.240792804411314,0.41628348378962,0.374498333364446,-0.29485041800985,0.493025104860571,0.0508488407964859,0.176488348288347,0.107627496305046,0.592780070936687,0.260015626151294,0.43965068731072,-0.266882383643706,0.236471721783256,-0.462520775876821,-0.365280106075416,0.391320227245475,-0.567355841111009,0.204938302443968,0.0986032860802562,-0.211829707333947,-0.056443726734862,0.119621604829076,0.130969215000638,-0.136247431450937,0.303327402202293,0.222721860760173,0.046944111393959,-0.279904262496675,0.0944131783036438,0.243361566908023,0.406937931516098,0,0.10042753677634,0.2437304892472,0.0509773991125395,-0.473528136074855,0.13908896971597,0.0889798414447937,0.238331292300483,0.833442027806836,-0.00533454259643029,0.0455482989004448,-0.198632613960402,-0.490533811345639,-0.581439033743495,0.0710413179192185,0.531966022461055,-0.244882513386688,0.292915105069048,0.308103773463895,-0.337771069845227,0.0613713854645436
"g__Lachnospiraceae",-0.0668657570430649,-0.323565787346939,-0.537885104201974,0.253013556133785,0,-0.134031257447528,0.491660340192543,0.435228134857479,-0.294519604203112,0.195624786462412,0,0.745034671490223,0,0,1.16888790972463,-0.118686383645769,0.573989667425628,-0.0870716728722801,0.225945372858966,0,0.700202151759056,0.411630510728279,-0.438116691637817,0.204980133133472,-0.239710296994548,0,0,0.252280403005916,-0.163226340216859,0.0794785043151493,-0.141262094512285,0.396041632871246,0.536121095941443,0,0.233975909428777,0,0.0112742635779673,0.239992587787558,-0.429241150215467,0.575155032215507,-0.165193467485205,-0.316900290590089,-0.828554815553464,0,0.310538459418915,0.481566576310377,0,-0.130095479382573,-0.065209305021563,-0.588086433965957,0,-0.179888009055629,0,0,0.302368262473118,-0.358422565869703,-0.221959930236931,-0.191621442942971,0.156029934344379,0,0.707042675465896,0.160729790468206,-0.0190857897446222,0.740068968074055,-0.578992726054788,0.298915928004383,0.134136079586079,0.100070584147235,0,-0.0997166072074528,0.164490699974633,0,0,-0.12191102017644,0,0,0,-0.289694595459427,-0.252280403005916,0,-0.841696443259958,0.104072237576797,-0.199558221085282,0,0,-0.121118051213123,-0.366515149694022,0,-0.504327977892218,1.04767053358025,1.05486019931102,0,0.0779463052834824,-0.209292780432918,0,0.191880713330014,0,-0.48505209349652,-0.554980420542011,0,0,0,0.834171674153401,0.71646581845173,0.134425643632621,-0.521881797285876,-0.323407127888447,-0.180824044102384,-0.558653882239422,0.104971181812569,0.16035466275959,-0.277125909278258,0,0.302569995531452,-0.633681424338243,-0.252280403005916,-0.675825988689119,-0.0671823882431112,0.175790916036157,0
"g__Lachnospiraceae_NK4A136_group",-0.100080237441768,-0.0361703674734468,-0.703953858530982,-0.804518528806768,0.227545860986026,-0.317648806427925,0.0326992578636192,0.142070830396482,-0.135269987697793,-0.142687706759682,0.0018409869326759,0.163719877436761,0.240297094349208,0.417889519488457,0.136116669667762,0.140716763378107,-0.115856964484589,-0.283755631936383,0.0546225021931931,-0.225672014316535,0.146523377091094,0.0254586524204123,-0.20129009126454,-0.00841422248795928,-0.262693256503597,0.174591402786441,-0.218551239853168,-0.203868443005674,-0.546404976715677,-0.24074149117998,-0.12435125714976,0.251857877654611,0.00973872988559448,0.353864817512348,-0.514359401728206,-0.780828784868725,-0.12544042079474,0.0260419414823815,-0.208025437706426,0.524928180360672,-0.22087409982851,0.0659205456443364,0.252385091121369,0.0283602590441982,0.110736404636776,0.317728290269333,-0.130095479382573,0,-0.390399258673471,-0.303623341371999,0.0108197594908042,-0.477455391386098,-0.635689059090442,-0.155876216077243,0.11371711671352,0.202307649796919,-0.180700128718193,-0.278273253527237,-0.167454864834609,-0.172844213124748,0.0236775995140284,-0.112375287955963,0.299306326085945,-0.00937494994775509,-0.223754740122085,0.453229565037526,-0.147972895104509,0.179013066179397,0.0507292738746526,-0.484512576247349,-0.215542205081912,-0.809413469879816,-1.01271023662948,-0.455849636533386,0.681053729569837,0.750461651074656,0.331151125871296,-0.223656453172756,-0.450907874290532,-0.143070555550887,-0.0702042138499745,0.306663932377745,-0.180301653428232,-0.779324714812301,0.291518895813867,-0.263270128581155,0.0751585792475395,1.11750381884458,0.615149785883284,0.0850255672586266,0.26917971287913,0.28908945865026,-0.0963534754296401,-0.306379509911625,0.297716082508591,0.381462465284903,0.688624273921401,-0.0884109556053255,-0.302450345830713,0.906512925292311,0.127829767761378,0.218519041243269,0.597441347560731,0.340584157129748,0.41897482068936,-0.465249967073769,0.234203061087745,-0.0587236792374439,0.365566980130167,0.125293365135126,0.322097530135197,0.38432134970349,-0.43116370415248,-0.399734748993113,-0.281096280255753,-0.769166485673413,0.0582207220063062,0.047384858235103,-0.161342220356458,0.0765978300821044
"g__Lachnospiraceae_UCG-004",-0.321049861322016,0.0713334924677358,-0.337298658176472,-0.560513997892428,0.582996279960921,-0.400385238064641,0.674977777565883,0.157865343511806,-0.00173827617429989,-0.102159882088289,0,0.445799878714472,-0.154382502773185,0.0286288092247157,0.11806256796066,0.439923839646261,0.48672554894569,0.44990243787452,1.08720660275885,0.522262255357485,0.186224130129349,-0.185155013848269,0.160827545985021,0.0664663183447067,-0.411844814608784,0.210989425723576,-0.306546099220816,-0.778445545125246,-0.971687082253757,0.237175984159364,0.446051408437362,0.306243199080727,-0.0374833446665674,0.199094260575154,0.406314530022832,-0.129327982209818,0.224640772789941,0.123344177124813,-0.614425793656654,-0.0791449688448466,0.813002630269161,0.0131492025645032,-0.0680530007926753,-0.105952767708481,0.79809674547387,-0.231651779705688,-0.065209305021563,-0.390399258673471,0,-0.450996934722559,0.534471133391272,0.176135679696205,-0.376751868375427,0.228839311725241,0.724389015340756,0.103271087921925,0.23217012096717,0.446391991651809,0.313804117705894,-0.09987575213248,-0.269913212781145,-0.283162727758753,0.0318065913572796,-0.345013755280198,0.0704567196395381,0.184295757847841,-0.159265912194173,0.492648967148059,-0.23153553666124,-0.707623753765111,-0.366393961933265,-0.800120190615762,0.461934102396811,0.20657877113711,0.62414477544179,-0.482412868056408,0.289694595459427,0.0683328828662841,-0.262458134248017,-0.0494519689086667,0.00526523432447462,0.271836479146085,0.765663627748387,-0.711334581251914,0.0585915477736446,0.352323128483503,0.132176859990056,-0.0529136004890356,0.0108624710789758,0.256859435037078,-0.012518577586076,0.430071640828628,-0.54758755744486,-0.639230120690687,-0.124729323373423,0.237855176091521,0.0536530330834307,-0.217265519016772,0.584061760044331,0,-0.164365771121383,0.127207525456889,0.0810992762052374,-0.342898976205564,0.72146063966672,-0.420965712946705,-0.0494730639798002,0.225940194267915,-0.137740176072212,0.263593752769465,-0.0917415186861373,-0.296174589967846,-0.184836032167888,-0.365224582561157,-0.073308150670029,-0.602376160862689,-0.0340516159149765,0.217711131381069,0.0839590283064781,-0.134834110853355
"g__Marvinbryantia",0.273195865506161,-0.409747526378034,-0.563224548398804,-0.179028806179939,-0.40132674861392,-0.0269918003596945,0.189006254357932,-0.0896139572084907,-0.108640233385143,-0.0532557291580285,0,0.127899763141216,-0.445350183034957,0.422254138712609,0.66646286416412,-0.151744154509219,0.283258643233207,0.133705902928873,-0.102943277920213,0.351744764114656,0.492078282593505,0.131408644706701,-0.426713951598694,-0.0826947832686778,0.495458931382633,-0.263967307017053,-0.772283058781153,0.166281120916818,-0.127958075646614,0.378533313742457,0.400834269711673,-0.0493443442171819,-0.207285467035896,-0.132071315947638,0.825457118916442,-0.241300954859267,0.111382011044767,0.676855743529179,-0.337650538723959,0.163518340982662,-0.126947683313218,0.11042858905017,0.229297987390596,-0.0216847245440747,0.0783123386843411,0.250545731081547,-0.588086433965957,-0.303623341371999,-0.450996934722559,0,-0.0209153494814474,0.376608489782628,0.484159779764859,0.0113684942877214,0.146458387449018,-0.095637841215058,0.115591222934805,0.324255535087628,0.162444164073737,-0.210005974404433,-0.0151930191396188,-0.244826524899104,0.418443084708338,-0.220459320278223,-0.371213006471553,0.208738475778468,0.450008847410002,-0.387192401903185,0.432487529051304,-0.314262268409463,-0.330181530464778,0.322581041404553,-0.220083572909133,-0.305707998500834,-0.116457925920399,0.321616314100426,-0.0227606939486223,0.268310113219161,0.0517124512322091,-0.0656171123755938,0.109654620736891,-0.00312633858604934,-0.192892785286839,0.41151512201592,0.181262016919799,0.50937145820444,-0.0202103684241111,0.557067201117986,-0.129136335549833,-0.236158707162171,0.107798773769183,-0.103969542400499,0.213065393992423,-0.301031171315368,0.142906684347124,0.260254322216563,0.0236945618754631,-0.243720002813228,-0.00876240417811791,0,0.0316053575222724,0.41837345778495,-0.148901765298681,0.594562419619633,0.67675234851444,-0.287936794106383,-0.191345424889268,0.185994257006701,-0.757010753434351,-0.214033490679182,0.141900350153699,0.257586795464672,0.13668814636489,-0.0641961007391205,0.616585843364939,-0.628497265194253,-0.0821416166007214,-0.115960799432066,0.110407692846904,-0.197698297727267
"g__Methanobrevibacter",0,-0.0262988534783438,0.384093583087358,0.168964986890071,-0.659813847226612,0.294489105295177,-1.01405738793476,0.647335451751371,-0.886549708885529,-0.0703315002619328,0,-0.554563110314106,-0.052711070317787,0,0.250968920890023,-0.444370847833406,-0.0911577476587723,-0.552814000645772,-0.125927656898624,0.119818067861532,-0.107126788423892,-0.333372656496655,-0.258432384028589,0.714203502147644,-0.170155766173489,0.00572397992947209,0,0.219882185446923,0.0783710003945958,-0.0206424348988144,-0.234649268282551,-0.340882503680427,0.521352608146789,-0.0142473837796172,-0.180725143076868,0.203207489688547,0.37646153384413,-0.421995499731779,-0.411886746765354,-0.051132270212814,0.256617976519818,-0.195040246361774,0.123497184843347,0.459963108825194,0.314489248909428,-0.417643857627129,0,0.0108197594908042,0.534471133391272,-0.0209153494814474,0,0.0170296640336021,0,-0.042675715337545,-0.285646174420562,0.0497397263381895,0.406271888738909,-0.462593084023473,0,-0.420953295546327,0.797482548573034,-0.0475376024572236,0.34266196197935,0.226666587250632,-0.247814236078059,-0.47673705442072,-0.432996910131499,-0.0278273272207261,0.583726652887719,-0.296104188761482,0.462675499048411,0.0620785730048069,-0.142667556927654,0.223600362413913,-0.435191903114751,-0.203876692280826,0,0.114272820404664,0.117783721124761,-0.196429959536879,-0.110250453765421,-0.10721592622461,0.184309640253067,-0.0779105790442258,-0.245835383337231,-0.693245948403565,-0.239849987772611,0,0.517354577748201,-0.257699946580548,-0.466875388202912,-0.380974286622964,0.726272022538977,0.654221726592046,0,0.241404017022321,0.114272820404664,0.24046831778108,0.0375435492116598,0,0.217456239770307,-0.380119025974634,0.200449667311407,0.317669831285298,-0.354238159006167,0.0323451281143547,-0.472665567530272,-0.254703267247046,0.0861102733464722,0.037959553503906,0.0128472742125551,-0.0579950011827978,0.387982590625647,-0.0396338369737847,-0.3219278093907,0,-0.12901590057263,-0.275290492827186,0.20723130909647,0
"g__Mitsuokella",-0.705543233204587,-0.270507001799202,-0.176839711028246,-0.603247124215156,-0.168693078613107,-0.266569969909706,0.283657052749048,-0.190897854978351,0.260747063144021,0.0142064832767576,0,-0.200637314617492,0.821976287979899,0,-0.141196746210114,-0.120718744912744,-0.396302632006848,0.0355968278762045,0.282520551223008,0.291272346881132,-0.370082953012402,-0.121809589672512,0.446349024812871,0.447269910912474,-0.708721362887171,0,-0.107272734613179,0.125158879156204,0.363675183705368,-0.332736282375634,0.055600400787021,0.787075761833701,-0.347460138494489,0.151967619623447,0.106745563554408,0.203415969265891,-0.520096873379437,-0.262890086589151,0.335147869882568,0.111284051732692,-0.424661333693014,-0.446307022378279,0.156493345537674,-0.0656171278676577,-0.085857822138225,0.2470006648647,-0.179888009055629,-0.477455391386098,0.176135679696205,0.376608489782628,0.0170296640336021,0,0,0.182988569900557,0.208579802448009,0.494022061188418,0.14985855600988,-0.273938186730992,-0.421821676895586,-0.0632826082592804,0.225126236873896,0.206361186160772,-0.0686183483552628,-0.292825981816383,-0.513884115723308,0.0409860972622888,0.179964856155909,0.554772507314706,-0.0270514686485358,-0.0217920200188825,-0.0289422233939458,-0.344479392943032,0.634424976881944,-0.368202781294001,-0.181847944390287,0.145783293079324,0,-0.195398911726207,0.383745099833173,-0.238700923185967,0.121342902175969,-0.302239562306539,0.335662015779232,-0.114198243282619,0.228930158260507,0.272481941609879,0.280972596971384,0,-0.193400023248081,-0.382318340146518,-0.226436523247477,-0.0518723732552233,0.0475126113559751,0.416753139335407,-0.489940298706619,0.317373653155642,0.899075574550204,0.0810999372494592,0.329956700581001,0,-0.504327977892218,0.266822154865265,0.439494701397939,0.454883006791899,0,-0.0863302313833977,0.0885009820752719,-0.172240408948048,0.113476006657124,0.663858893187262,-0.0114035351450873,0.0828639039735337,0.010332042666725,-0.250577503435961,0.127582337892052,0,0.126178932754919,-0.214047624041348,-0.216950884508826,0
"g__Monoglobus",-0.514384205987765,0.514596641568125,-0.497613417188056,-0.14086847667223,0,0.189465523351332,-0.100245189291144,0.0367399634761926,0.051569342952193,0.444910596530908,0,0.0264610288177994,0,0,-0.384310294846655,0.0881754377872659,0.162816251387822,-0.144060107448065,0.323407127888447,-0.650221850077085,0.59285532801556,-0.0958874600409756,0.322652795664665,0.398997684084756,-0.442839243488098,-0.134425643632621,0.678709645076223,0.352559648154088,-0.190634710742504,0.259398200594916,0.635973685177472,-0.288621031138509,0.218769600695977,-0.670414140332144,0.302633236285794,-0.219819493654528,-0.0879841214245717,0,-0.732108599984161,-0.299109289171396,0.181249184176142,-0.0735788364171256,-0.235347490153942,-0.0556418332971627,0.292183356977123,-1.11932416000068,0,-0.635689059090442,-0.376751868375427,0.484159779764859,0,0,0,0.0171737210753363,-0.09987575213248,-0.23901116653283,0.0238840830802454,0,-0.426124877300381,0,0.0465947443814546,0.875049598004064,0.434858387985903,-0.0898090909363099,-0.311433364139447,-0.224092620603967,-0.271879925782048,0.163054452857336,0.322316798118112,0.0285011323644078,0.105756926505656,-0.281988570546298,-0.408326023938946,0.102701153178483,0,0,-0.156029934344379,0.0685742313441462,0.00526562305885987,-0.266171530331348,0.461339814718775,0.148084457158913,-0.293538133190359,0,0,0.196065887387415,0.554237820418714,0,-0.21994812461042,0,-0.0172212861989988,0,0.374518122915074,-0.620790105279603,-0.109267261553018,0,0,-0.791629237346148,0.723761039117122,0,0,0,0.331187883282032,0.0444115121365136,0.186237347358096,-0.266322352929691,-0.0863353402142887,0.357770059800684,-0.0779105790442259,1.11246541880771,0.410315596860268,-0.0692195419543333,-0.296620093830768,-0.605724855833416,-0.341528655432089,0,0.217380964769297,0.00667525703314239,-0.0712113769862723,0.00863661408704973
"g__NK4A214_group",0.0347857066514209,0.52177210376956,-0.308845057011356,-0.23059750858989,0.179699719202092,-0.746532724469319,0.149538849992262,-0.362420372303418,0.746343052055566,-0.0346376239124958,0,0.0661947470723139,-0.0286288092247157,0,0.000947493553934559,0.32230146447673,0.0598805004075481,0.150603681719045,0.0142167465247152,-0.329491251844048,-0.0134532590524392,0.0222824664028647,-0.365955349639631,-0.52652941747468,-0.471554754956987,0.0345614953230323,-0.28501366091038,0.500650638159565,-0.329491251844048,-0.310681401700886,-0.512828599869366,0.416274269040037,-0.654114423232556,0.161806424751151,-0.511652604235309,-0.450661923732093,-0.312689871119287,0.197698297727267,-0.185285325982636,0.199033461699197,-0.575275042010238,-0.168079161365445,-0.512518423579683,-0.141247548506692,-0.163624098587836,1.14886703111777,0,-0.155876216077243,0.228839311725241,0.0113684942877214,-0.042675715337545,0.182988569900557,0.0171737210753363,0,-0.0172212861989988,-0.383916058944531,-0.702166392260242,-0.0284398578546039,0.289694595459427,0.0259158557615808,-0.00739588385955581,0.588955326862778,0.198944212733054,0.459903894766211,0.28059732059551,0.837824379313285,0.153228987789575,0.034566290778191,-0.00633990957969198,0.1794735321164,-0.423796667653061,0.891389561058966,0.663399267238505,0.660999603832428,0,0,0,-0.337264765932298,0.00248866451429158,0.21994812461042,-0.389909170874013,-0.630848451116875,0.196014637831826,0.462728158593337,-0.428110848368939,-0.829689983927359,-0.0873580785434994,0,-0.127617969683349,-0.21362476148861,-0.0999453209534562,0,-0.639905449044346,-0.0842018357871362,0.252280403005916,-0.368460339918463,-0.189465523351332,-0.214404411305059,-0.949118761989074,0,-0.557067201117986,-0.132563344870236,-0.0622500808322586,-0.260816264472875,-0.120895979997893,-0.36601699492592,0.273199618739419,-0.753511866264962,-0.322798963051793,-0.442971411084381,0.255571496575908,0.311025456765154,-0.0738702117085009,-0.387088709801067,-0.451454580380291,0,0.14526201285695,0.134977679456261,0.047254863142981,0
"g__Odoribacter",-0.67854513549652,0.981031162790252,-0.0915558348453486,-0.273424293055287,0.370921556211901,0.340899182168728,-0.277893516188881,0.035030213842848,0.383095498744176,0.150236083529351,0,-0.190670962795638,0.134031257447528,0,-0.159419775759556,-0.805644462784629,-0.138725080629755,-0.170119595956706,-0.132719058398586,-0.167690759291832,-0.36793684385164,-0.394264230371412,-0.121902952159814,-0.186121999164191,-0.517584954965163,0,0.0976733009324344,0.136719872151657,1.01323326609934,-0.0214334235604023,-0.1058827662236,-0.631781838453431,-0.114249487385785,-1.403152703666,-0.0876023012028055,0.672657459018675,-0.0723907696558426,-0.0166223945012803,-0.0514740302431944,0.560405349441811,-0.668160481341333,0.311337764764323,0.482430012583235,-0.779501089991685,0.089143327121483,0.492600563971682,0.302368262473118,0.11371711671352,0.724389015340756,0.146458387449018,-0.285646174420562,0.208579802448009,-0.09987575213248,-0.0172212861989988,0,0.291402125399364,-0.030892096601352,0.190072530561829,-0.338674212603996,0.389439467082523,0.239046944581475,-0.134602670333589,0.77913111348636,0.155426769565822,-0.107124185001201,0.157802421831617,-0.464714979949888,0.298073240405873,0.187876507900803,-0.0611371890086282,0.235943669916545,-0.196989905899874,-0.346644281793522,0.0280680886846401,0.0200285076868333,0.0571281261828379,0.277125909278258,-0.338298571285419,-0.301306955867435,-0.236938784022378,-0.0444059844356205,-0.693824267099018,0.74118504290225,0.0286288092247157,0.323407127888447,0.425168296635945,0.239766556752901,0,-0.0495432721590098,-0.287752855257544,0.750063240559182,-0.236567396984281,0.128241760000146,-0.253077772687861,0,-0.207571293833324,0.0400755063333015,0.00623727268825708,0.0397367100686951,0,0.354238159006167,0.647005714632724,0.789651765598091,-0.184513311175043,-0.447310033730387,-0.0686926030116774,-0.493181453877737,-0.256771991437193,0.0897877340200145,0.0329964464888736,0.11203040149671,-0.72829544026932,0.232945357726722,-0.417246118872297,-0.303401970967444,0,0.371173988064365,0.488365039765467,0.91339375386443,-0.256830571047308
"g__Oscillibacter",-0.259498156120756,-0.309582833522358,-0.176898146311807,0.226409709347338,-0.159052300136228,0.0982986661199798,0.314968229560441,0.253457574442138,0.294727507904933,-0.399163355459429,0.422254138712609,0.14125512464472,0.436120503438043,0.0534596175544268,-0.0386360147166855,0.411633390102193,-0.443179250834255,-0.135332966911359,-0.355114898999871,0.117758110359126,-0.0150021180803922,-0.070676956292109,0.490172311489514,0.106022108352066,0.0523328510423055,0.119484471899813,-0.0738702117085009,0.137499852992768,0.558888084999772,-0.00336411897222144,-0.453739694857764,0.035517889700475,0.174495307960198,0.138872632366471,-0.456145053291207,-0.614230962002926,-0.468635322666708,-0.73525741674885,0.0929441573503734,-0.148429348086709,0.397310822520042,-0.809923560928045,-0.318030261696855,-0.0429965310796879,0.00184011679883544,0.0468772922370937,-0.358422565869703,0.202307649796919,0.103271087921925,-0.095637841215058,0.0497397263381895,0.494022061188418,-0.23901116653283,-0.383916058944531,0.291402125399364,0,0.317346874177847,0.00563951520610867,0.000224787744474042,-0.180192596541947,0.0862260237443246,0.207852863463698,0.04783926050269,0.604971469993482,-0.778474666494763,-0.295582006525439,-0.0287992406543978,-0.24495276348913,0.232222713394811,-0.049620785989253,0.165072315042451,-0.411989955676244,-0.351786641711413,-0.474179525086049,0.279206662968364,-0.0130221125729189,-0.843803194977647,0.292625125697069,0.186004289657034,0.208284684795312,0.126596959074851,0.439975141020867,-0.30951697247822,-0.225386430007483,0.110705588169189,-0.265264313979466,0.3872680532845,-0.17477148097175,-0.22745416704727,0.0902137297822975,-0.177530028416881,0.269868555508881,0.274354279820556,0.538212422658495,-0.500104528980585,0.0969043613671445,0.321904060699267,-0.0478594760061543,0.0328379824976532,0,0.0741167600319723,-0.413936086707545,0.335371221139022,0.259739887482322,-0.191775643673844,-0.028914250551618,-0.159075250390596,-0.151622708475237,0.190243696392537,0.0797630385064676,-0.270350232468576,-0.194093135384401,-0.309654383071634,-0.0367926734443449,-0.396961890805639,0.612769545546756,-0.323521973828343,-0.24677487800403,-0.226797929046485,-0.0213730642191748
"g__Parabacteroides",0.556732514349415,0.0513552458189232,-0.133016248260061,0.645428276063649,0.072278305012853,-0.344930020295337,-0.385664097925942,0.127739329113964,-0.0378082635212452,-0.337154597150506,-0.210837160939611,-0.051290613288507,-0.2613436465158,-0.613808528980631,-0.315601083678091,0.12430686364435,-0.482728577106657,-0.17017603125772,0.369187421138589,-0.0592921416977223,-0.234494023185484,-0.254859085466799,0.074566831138206,0.0858571412812615,0.220752297225573,0.689076293577874,0.102404554476653,0.467512863302877,0.174834225195567,-0.148087260233558,-0.0334160300378763,0.0489158020588328,0.0367533935992929,-0.00305765011136216,-0.195454737650952,-0.140109287774081,-0.693094515614562,-0.116145132074018,-0.0752050884117262,0.0911144900995738,-0.145236370898195,-0.30822142681252,0.0975153104778172,0.563491178554107,0.075723540023932,0.425853819110143,-0.221959930236931,-0.180700128718193,0.23217012096717,0.115591222934805,0.406271888738909,0.14985855600988,0.0238840830802454,-0.702166392260242,-0.030892096601352,0.317346874177847,0,0.235061063837618,0.162809459261393,-0.417329132164181,-0.108337168416642,0.334986313747661,0.398457848728241,0.231124689235114,-0.139232015376352,0.146789860126587,0.168502700078807,-0.177923611575948,0.545286398505474,0.162909092881012,-0.243108216014818,-0.039187914602985,-0.457049525417659,0.0596073780365584,-0.351389683502902,0.2080977230697,0.817142481079164,-0.00256365736081854,0.26540749070842,0.106890912280056,-0.21380818818349,0.24747674564455,0.27897304371554,-0.0791708922265508,-0.137888655273509,-0.160064942325626,0.456127526375304,-0.00572511906251648,0.0886727195372363,0.160872996699686,-0.406139425681071,0.207694948753275,0.103673427028803,0.157389340745537,0.5254052765222,0.320839315568682,-0.0481729463528074,0.292585443246383,-0.4351404303991,0.165840085286047,-0.031078666442545,-0.315100126538238,0.2336052757959,0.208662878395787,-0.633344244291112,0.159736478022825,0.470216267475044,-0.311018942280849,-0.29511687784832,0.0200026646769291,-0.0204932997921756,-0.881332081717232,0.414535634422931,-0.295605550139957,0.13624260922036,0.784792625108573,0.585372349259563,-0.329868907958204,0.382924999650072,0.199948948973557
"g__Paraprevotella",-0.452899337941512,0.247970432793324,0.601938820159461,0.143394259702229,0.0400928195363408,-0.0639953583946107,0.52199144066792,-0.150410608142896,0.634507170398554,-0.0629764697493297,0,-0.140328926442458,-0.602376160862689,0,-0.0282494532271482,-0.427378939216144,-0.0544446395112017,-0.113690453199532,0.322147515844781,-0.3504032400758,-0.0138422355021438,0.25919491286872,0.0286314719774738,-0.166922891707821,0.435217528317306,0.210424431378662,0,0.270250663317316,0.428050868010201,-0.6183872319358,-0.0347053990885145,-0.301279263973101,0.760235339390553,-0.204383754952733,0.440124096158908,0.0656171278676577,-0.0451595044598511,-0.107297954432621,-0.253598410025428,0.0307122578283097,-0.0896257780566591,-0.307216924394247,-0.0203554638556797,-0.268478813196427,0.124652993408482,0.213074150590793,-0.191621442942971,-0.278273253527237,0.446391991651809,0.324255535087628,-0.462593084023473,-0.273938186730992,0,-0.0284398578546039,0.190072530561829,0.00563951520610867,0.235061063837618,0,-0.0383604763020272,-0.210424431378662,-0.227511593851508,0.02582535980937,0.402991100608811,-0.36667497553279,0.219061045465712,0.309892474495236,-0.486834688457098,-0.131884556294551,-0.283484137104812,0.131097839736279,0.0354571845326948,0.46668571436652,-0.000437056120671797,-0.289875998877088,0,-0.575275416581106,0.572218359281192,-0.191999758687874,0.0131785074423598,-0.252997912082651,-0.330010934534596,-0.0030049270288959,0.181488370255026,-0.0400755063333016,-0.00667525703314239,-0.0594479528650352,0.0860146452208002,0,-0.128997959562217,0.375793564489073,0.202147275799968,-0.422254138712609,-0.0826865898739105,-0.097847070943747,0.0171737210753363,-0.166002293340663,-0.617940077820228,0.138647503715551,0.290244585591381,0,-0.757187871126124,-0.156029934344379,0.287292413255378,-0.573768296139345,0.156029934344379,-0.0354675252904127,0.186433225186379,0.307991051549694,0.0201877687170061,0.265150048024813,-0.013742080704148,-0.0954215809426461,-0.405735143945172,-0.403281148399397,0.0102004851287836,0.148066523925395,0.431669082573821,0.10361764187756,0.0558910159683125,0
"g__Parasutterella",-0.132513050735087,0.179833100334105,0.271665516489871,-0.110155095804281,0,0.0745744103458,0.0954215809426461,-0.274215196017272,0,-0.136212663571004,0,-0.219812651951098,0,0,-0.210074877589508,-0.238259648281417,-0.331392523936549,-0.39992917420675,-0.0206665460934422,-0.306926416402576,-0.197720983366628,0.745322549177108,0.40040977718475,0.0305888506365087,-0.191992767170748,0.832300527694053,0,0.557548797850146,0.127617969683349,-0.339544334806942,-0.24708421594651,0.323407127888447,-0.0968202874996699,-0.372442876656342,-0.179024675847315,-0.159484745044736,-0.279618737713909,-0.584559051617597,0.694829699939407,-0.0235565409004621,0.237226582015313,0.00572511906251648,-0.464734264290054,0.13922083506801,-0.107249361880668,0.587569173653175,0.156029934344379,-0.167454864834609,0.313804117705894,0.162444164073737,0,-0.421821676895586,-0.426124877300381,0.289694595459427,-0.338674212603996,0.000224787744474042,0.162809459261393,-0.0383604763020272,0,0,0.288812209063762,-0.424539077953581,-0.228149313147849,0.413494634420131,-0.0368779564655001,0.34444745696952,-1.06040669313116,0.537559439117344,-1.05134826494486,0.636222163940949,-0.154585108351136,0.447294314495521,0,-0.346878764331358,0,0,0,-0.414581716736279,0.0596308699385021,-0.380119025974634,-0.234846938493371,-0.414581716736279,-0.165377137664061,0,0,-0.504708913558161,-0.175961241444012,0,0.0953353477310756,0,0.281577684926184,0,0.0346764312459055,0.281848081613263,0,-0.918392355949477,0,-0.0635843451602885,0.0335055401647665,0,0,0,0.0154704365597974,-0.157576331140005,-0.650198818315991,0.108588622287471,-0.35377708760473,0.0305468287964703,0.170344353136791,-0.212678366007667,-0.0980342414603697,0.0630619926085576,-0.657432873094665,0.325645846126626,-0.562100440676121,0,0.435848611509559,-0.297011055885977,0.230968912192542,0.23509387516015
"g__Peptoniphilus",0,-0.784785075897801,0.0672203205886252,0.133837472627805,0,-0.507417068217665,-0.215660804282881,-0.295589031451861,0,0.0934487544857421,0,0.534366513431713,0,0.525408621504237,-0.5644950533557,0.167031535009056,-0.610558219716307,0.513681776127564,-0.321616314100426,-0.02633475349569,-0.0583861121250733,0.010332042666725,0.265406028192069,-0.531247139469296,-0.321759874902157,0,0,-0.28059732059551,-0.057128126182838,-0.156574752934626,-0.279098196664182,-0.418386079850458,-0.36610553239822,0.164365771121383,-0.772410664803383,0.705543233204587,-0.279904622574425,0.650968036343846,0.115750433794699,0.418372302553314,-0.121750964140453,0.697246163052748,0.196065887387415,-0.678709645076223,-0.247416985825704,0.0863353402142887,0,-0.172844213124748,-0.09987575213248,-0.210005974404433,-0.420953295546327,-0.0632826082592804,0,0.0259158557615808,0.389439467082523,-0.180192596541947,-0.417329132164181,-0.210424431378662,0,0,-0.470247684701488,-0.0528871762631237,-0.196014637831826,-0.231943402876041,0.120895979997893,0.632413457442153,-0.203827788182718,-0.112109852858054,-0.45742255935669,0.0611833367115462,-0.274640812809511,-0.341524961121737,-0.0976733009324344,-0.0809228756649164,0.043213161830136,0.420953295546327,0,-0.143273248841464,-0.33694071167012,0,0.0654956282330008,-0.0861102733464722,0.0199048704734037,0,0,0,0.200737193399773,0.459972801624296,0,-0.46975346948107,0.509967705144059,0.0400928195363408,0.0351561642684966,-0.19686637435496,0,-0.420993391936129,-0.352905941724799,0.490935081711106,-0.23377855520988,0.0953353477310756,0.4020914343173,0.395672179112303,-0.668568687727684,-0.966136524456787,0.403648930193602,-0.0936384986953396,0,-0.352688598499164,0,-0.168318450000439,0.0255944204715057,-0.120895979997893,0,0.316149362320596,0.0238840830802454,0,-0.0632005645384447,0.295012818069554,-0.0630619926085576,0
"g__Prevotella",-0.19711039005392,-0.0675479349277587,-0.097407676385934,-0.569521369128011,-0.0163428511774356,-0.079603162794349,0.377161521781456,-0.015187001366585,0.303378201739132,0.24747471948545,-1.21460478064698,-0.0929965756211426,-0.498403937711946,-0.148419047477863,0.210401073299115,0.214000594785224,0.313699624591287,0.204951484619531,0.44569913520095,0.104991397910584,0.225213446042727,-0.0289858880743856,-0.031430459023246,-0.0960652423357262,-0.255922837096497,-0.300534677213075,-0.547141490284325,-0.601130069666133,-0.231303329071097,0.160040064822368,0.122074546139565,-0.0141968626440555,-0.22749833671095,0.372960028317321,0.285031839353061,-1.04524609392336,0.308094495782073,0.0224110202283014,-0.0619404376384266,-0.18334465719507,0.395028616060163,-0.194549186754246,0.219720090476833,0.0149280635673649,0.0441820876012587,0.00843053773374963,0.707042675465896,0.0236775995140284,-0.269913212781145,-0.0151930191396188,0.797482548573034,0.225126236873896,0.0465947443814546,-0.00739588385955581,0.239046944581475,0.0862260237443246,-0.108337168416642,-0.227511593851508,0.288812209063762,-0.470247684701488,0,0.0539697131290538,0.172618001491704,-0.214223628420086,-0.0996194285452287,-0.383079444594418,-0.0637318745105892,0.114413509064117,-0.0186714037671827,-0.169333387835993,0.0458352458112237,0.103075829387067,0.360675726365915,-0.097507823567744,0.644779201397891,0.182721141134428,-0.277290188421727,-0.0180147958564852,-0.272783243652735,0.243009361965159,0.277232230159835,0.566956877437238,-0.125178351308759,-0.3506618907657,0.762922124251187,-0.118303123566322,-0.0332276370718773,0.494700934097013,0.176471008842912,0.607603065091896,-0.425527122238704,0.063512539738147,-0.547301562476179,-0.612562757546804,0.23799855024954,0.177163920426393,0.379133570125935,0.062024538774362,0.417751887477353,0.39262666984278,-0.264346442813101,0.653709272543686,-0.317116097437779,-0.385101889431232,0.613475668030706,-0.0798548490585623,0.0354944791851528,0.432845593878122,-0.088435124931594,0.165311768482391,-0.0890755755284043,0.347417169149483,0.0965768298349547,0.0320987553154185,0.256000518993596,-0.0216665321493615,-0.0767702005827444,0.247685867353214,-0.0733126622330982,-0.385263587196141
"g__Romboutsia",0.860672600081936,0.141635005843849,0.272142024280388,0.538161528189523,-0.728144953997564,0.350558312135198,0.375045076991478,-0.0608944049449494,0.453650915301275,0.077598411867696,0,0.0307311137796621,-0.0350124546540861,-0.0630619926085576,0.300198820920037,0.0249846799962721,0.0639195932911069,0.10893654260899,-0.253956416125945,-0.171604993578647,0.0956597382742023,0.0344216879605439,0.285391091552149,0.0748881365187209,0.205445859758505,-0.284394384495666,-0.281949050039026,-0.207414174697279,0.195362895346788,0.0971359574056064,0.241216585678686,0.158315371830582,0.0936379890911903,-0.207034036340592,0.32660043414348,0.0562029078087422,-0.187502149231294,-0.605635979007695,-0.156022604761905,-0.12704093424482,0.0579772215846624,-0.0118780654556351,0.328054242336117,-0.046639714197252,0.397553408354986,-0.308290486822238,0.160729790468206,-0.112375287955963,-0.283162727758753,-0.244826524899104,-0.0475376024572236,0.206361186160772,0.875049598004064,0.588955326862778,-0.134602670333589,0.207852863463698,0.334986313747661,0.02582535980937,-0.424539077953581,-0.0528871762631237,0.0539697131290538,0,0.0420198548622993,0.0602820068350041,-0.269314548021458,-0.0643941482583534,0.0415369579199001,-0.271397894700451,-0.0212493706937603,0.180274039549636,-0.104246240810147,-0.0879354316994412,0.13552242091944,-0.0222998382410042,-0.508548390184833,-0.00949786314516849,0.435191903114751,-0.166379412084465,-0.0201221101109298,0.140503043109641,0.106852401364743,0.164879037129367,-0.175682627028829,0.26160393203346,0.184232496318078,-0.547003685378433,0.0873152600735113,-0.0415475341355754,0.0627364466695714,-0.220151487479016,-0.108526072671579,-0.257699946580548,0.678553418935738,0.239851434879907,0.218648409815663,0.317420339250329,-0.48657203648899,-0.322911895933218,-0.146126491360407,-0.0861102733464722,-0.0401506432035904,-0.208274440369152,0.0706208124918723,0.099519432523181,-0.186319749061441,0.127186245139899,0.0969641381776711,-0.0897329146662695,0.452072792770365,-0.00693432531510729,0.0628391494253295,-0.533795084081358,0.108925158993092,-0.0590025978023845,0.203691490109835,0.277354898150213,0.240600161462317,0.31023870256509,-0.176020565306824,0.203207489688547
"g__Roseburia",-0.100318423477079,0.351152047196321,-0.0393071541344079,-0.299911603144134,-0.0691580213458065,-0.478992211066662,0.539320177276044,-0.191410491349409,0.561084922138519,0.0607020647534647,0.542822772971943,-0.221132923649934,0.32479153201972,-0.746305838238988,0.0945216998443618,0.171246399477459,0.339324752204338,0.355141624748781,-0.0478697275578416,-0.0891138716944248,-0.123440941408368,0.257947149290412,0.499042546198794,-0.00976650774309042,-0.250735487294419,-0.0105120815653814,0.169453431200057,-0.312744883776986,-0.207507811017661,0.00246411703434897,0.0601563372997355,-0.071684901066239,-0.00811555787070112,-0.356829002945166,-0.0323468493545881,0.312488740914808,0.0801254795875823,-0.625480695034067,0.0827353526488586,-0.520082195323317,-0.0036276210791437,-0.267502210261676,0.03205452801614,-0.413911493675621,0.173680297701793,0.36483525919957,-0.0190857897446222,0.299306326085945,0.0318065913572796,0.418443084708338,0.34266196197935,-0.0686183483552628,0.434858387985903,0.198944212733054,0.77913111348636,0.04783926050269,0.398457848728241,0.402991100608811,-0.228149313147849,-0.196014637831826,0.172618001491704,0.0420198548622993,0,0.0534511698275963,-0.0705648113466275,0.0943863656914385,0.128129325208311,0.82607869971257,-0.339844958816161,0.00665158519840436,0.100216642268195,-0.605340741703305,-0.802154828053884,0.464136331452602,0.108717557372007,-0.311466309208258,0.073510782972382,-0.459459253098534,-0.111456044169538,-0.083704720074517,0.614621070136085,0.128106935804698,0.189133767020153,-0.0726023449856839,0.0237968657280618,0.196711349562544,0.310258817379126,0.292703658105345,0.335105384979355,-0.122077335419799,-0.0740513345840215,0.0404015735175261,-0.0994634110734273,-0.11743358697455,-0.224538731778186,0.438617032956085,-0.571210088567041,-0.244712900867841,0.337601145050728,-0.239656849971972,0.13922083506801,-0.0724049580082629,0.396228264919291,-0.376226165440616,0.827541548031777,-0.314659358550442,-0.475539508911285,0.0352570344961306,0.227281495382017,0.0492508321337229,0.231984088350945,-0.151876694947488,-0.32935072006015,-0.0175467346025473,-0.0463699691731525,0.00846032463414177,0.105496754510298,0.376249427464687,0.0729117863808885,-0.253435414297032
"g__Ruminococcus",-0.273452956519121,0.120875347542018,0.319916735166867,-0.226638607721311,0,-0.151510347505494,-0.219347730753179,-0.312802390989424,-0.067231999553794,-0.366399439700495,0,0.169281683896626,0.229852872826279,0.060540655102242,-0.288050432002664,-0.360428868420206,-0.405811778509068,-0.094440242011187,-0.380983189157719,0.270424087881668,-0.131671294804812,-0.141262592947125,-0.119435642705849,-0.0211703820801725,0.0333251441357419,0.162766156397784,-0.282526561325946,0.351136526745496,0.251342137912267,-0.26949168842518,0.197813316667934,0.246084007611254,-0.107775115351846,-0.113780658392438,0.0517181995661668,-0.335959811824408,-0.0584022057450158,0.307584124408028,-0.190848858325859,-0.216282976806662,-0.138383696406159,-0.132408713548377,0.423536638079225,-0.0038783660866156,-0.170013018956335,0.356733458212764,0.740068968074055,-0.00937494994775509,-0.345013755280198,-0.220459320278223,0.226666587250632,-0.292825981816383,-0.0898090909363099,0.459903894766211,0.155426769565822,0.604971469993482,0.231124689235114,-0.36667497553279,0.413494634420131,-0.231943402876041,-0.214223628420086,0.0602820068350041,0.0534511698275963,0,-0.518965655434682,-0.19741527808469,0.0813085295129835,0.170956521244924,0.264916799677288,0.0524325059465957,0.319570910308857,0.266980855421286,0.438027867029946,-0.366409510124779,-0.0912250897491548,0.0142167465247152,-0.216570589446621,-0.139294050510994,0.403568370074029,-0.210470188500992,0.00789110083103015,-0.0553084615486825,-0.146347146264351,0.0105667990905795,-0.39067220869988,0.204478503754971,-0.0352699061499607,-0.00667525703314239,-0.243448327153018,-0.0884533746314731,0.235330380356001,-1.36620145056574,-0.12383687808449,0.0843760393431378,0.361177804886967,0.322134310243145,-0.140199250091032,-0.141686376087461,0.0949763824856285,0,-0.0486483624871556,0.859178490943654,-0.443989244705248,-0.0498703989570344,-0.179813759051356,-0.165007455587734,0.550589539157903,0.0361677413273335,-0.182347273426104,0.346263178739781,0.0761839790224054,0.604399127552531,0.326069582477432,-0.262236081184033,0.469111161837925,0.345914065352363,-0.16216168052382,0.113852737791913,-0.157699708058289,-0.358726248534158
"g__Slackia",0.433529587182058,-0.160093399975418,0.0555112824339936,0.374886002100655,0.0133511981127479,0.146303145971705,0.460015823924287,-0.263268324273947,0.192732554054082,-0.111132199388685,0,-0.161848947206896,-0.60683360163965,0,0.0421956374349294,0.190013221777167,0.210772163268523,-0.255750315325798,-0.0615687273514305,-0.116436459268565,-0.0308677658647542,0.254915960451123,-0.376631609424707,-0.118477100378609,0.718506363868378,0.167837326899328,0,-0.365622189237073,-1.02995535016904,-0.377190748279281,0.161937171301589,0.520604680829987,-0.35842367286212,-0.22045773230295,0.473191278849621,0.515669530247005,-0.221195304054787,0.636116042271808,0.0942705465115477,-0.122976643670522,-0.463422557923803,0.0508700471069488,-0.690189010099354,-0.639904858928524,0.36987731366872,-0.361063597395913,-0.578992726054788,-0.223754740122085,0.0704567196395381,-0.371213006471553,-0.247814236078059,-0.513884115723308,-0.311433364139447,0.28059732059551,-0.107124185001201,-0.778474666494763,-0.139232015376352,0.219061045465712,-0.0368779564655001,0.120895979997893,-0.0996194285452287,-0.269314548021458,-0.0705648113466275,-0.518965655434682,0,-0.07124490317885,-0.150210854757247,0.186312670696241,-0.412522994516249,-0.0800406742090382,-0.0741500174820245,0.405889095920971,-0.0486585545842192,0.161821664407489,0.20176595932904,-0.277125909278258,0,0.907357485732077,0.287207972725824,0.935253167246396,-0.392382876718479,0.0679558856530128,0.0382921057082395,0.21994812461042,-0.127146062386802,0.0310617313389548,-0.8066897037087,0,-1.23293243056903,0.292773584137915,0.115900569057457,0.0976733009324345,-0.147366454753602,-0.330265512496276,0,-0.0493238647752735,-0.636712510324203,-0.488449747163616,-0.226035524043364,0,0,-0.229100861628187,-0.333161691782742,0.0902330259162804,-0.0486483624871556,0.149260886200327,0.18747452846876,-0.271032650941371,-0.242182348024441,-0.238736979684863,-0.748066733295213,-0.414064378057259,-0.040693030208872,0.565553832880502,-0.252443568680791,0,-0.101545483863958,-0.134972578838404,0.134758635833628,0
"g__Streptococcus",-0.468936282825797,0.285231368833676,0.257851399733548,0.277951830500262,-0.0966013908028882,0.390836435946566,0.579553406319207,-0.382775684738243,0.371587521382603,-0.0852931971578959,0.270851764421616,0.0418291685848415,-0.0855529355025977,0.953757357706448,-0.0146220727696759,-0.0402075000194317,0.0802115431934051,0.27203734610318,-0.124545499706677,-0.102929636130965,-0.630386581352128,0.133902714210556,-0.041407369472276,-0.29061846857024,0.598826939949122,-0.112655029551751,0.668273881687189,-0.361557365183736,0.284348495494538,-0.579661620849271,-0.194661567851626,-0.374575435634067,-0.218492107935626,-0.309622056107582,0.0196819140206765,0.743119166389355,-0.135778144591689,0.174988919987061,0.113433863210851,0.219891834267234,-0.281524666049898,-0.125968685499387,-0.225439511274245,-0.62875921046211,-0.274594062772494,-0.160957825301536,0.298915928004383,0.453229565037526,0.184295757847841,0.208738475778468,-0.47673705442072,0.0409860972622888,-0.224092620603967,0.837824379313285,0.157802421831617,-0.295582006525439,0.146789860126587,0.309892474495236,0.34444745696952,0.632413457442153,-0.383079444594418,-0.0643941482583534,0.0943863656914385,-0.19741527808469,-0.07124490317885,0,-0.372953105432762,-0.18935171695088,-0.822821732020998,0.615224152044394,0.673019062560107,0.330994300410325,0.753189893077952,0.0294997658056155,-0.249391421745981,-1.50798802762471,0.44133169321639,-0.301754245328809,0.201517017261186,0.0462498896437203,0.260892395601595,0.0485788644265163,0.342162231889695,-0.0206665460934422,0.458383925189152,-0.0567489843090591,-0.187928471241194,0.356224130641798,-0.444136366361804,-0.0696648578328357,0.25845244239325,-0.00949786314516849,0.147040612820733,-0.218632073289356,-0.337633055564272,-0.118681805686751,-0.586970637060081,-0.125006801265118,0.1405205641076,0.026707871007112,0.221216092260906,1.35859929080951,-0.0398410053118386,-0.375418577488812,0.000992527595545481,0.399120260215024,0.101083011877877,0.117428925509272,-0.375047974992534,-0.359486797233154,-0.556190795096386,0.129836369148804,-0.0501227446435576,0.109381601759296,0.414775354865581,-0.0453654715025887,-0.264060263464397,0.23834242015494,-0.137135612622236,0.38764846558397
"g__Subdoligranulum",-0.499954143712526,0.0595196767002175,0.363067401689785,0.205584882124304,-0.010205737661297,0.632584246983473,-0.0948537789734008,-0.0362905688353801,-0.0520853220474845,0.0874484692754096,0.258004382935388,-0.61486513221287,0.215853399371521,-0.43421577758842,-0.304906318507857,0.069409030416798,0.048653033940519,-0.387981747177439,-0.167065867641938,-0.392007873887219,0.0346149723948178,0.236353930251148,0.0259552493408615,0.249403581431812,0.273778984771832,-0.0483750626118246,0.41927366181582,0.608604432745292,0.585060254368796,0.0586381561027587,0.191155968815576,-0.107357700671506,0.545102110967595,-0.307317913717202,-0.205766968760486,-0.66294435604375,-0.0552228689442407,-0.3839815519041,-0.555061461073186,-0.024627829316591,-0.136243114800803,-0.184765035575018,0.0856082355743084,0.270977020738826,0.174791643529763,-0.381200424128972,0.134136079586079,-0.147972895104509,-0.159265912194173,0.450008847410002,-0.432996910131499,0.179964856155909,-0.271879925782048,0.153228987789575,-0.464714979949888,-0.0287992406543978,0.168502700078807,-0.486834688457098,-1.06040669313116,-0.203827788182718,-0.0637318745105892,0.0415369579199001,0.128129325208311,0.0813085295129835,-0.150210854757247,-0.372953105432762,0,-0.546418804553572,-0.188845922143791,0.254857488805063,0.00642088816453044,0.480889833588085,-0.225995181496263,-0.42659582085792,0.249009339113221,0.130499012570192,0.109018641684542,-0.0201133832613082,0.182468316093204,-0.0368338165487057,0.179990420394795,-0.201983109739873,-0.402116994466192,0.87104424452017,-0.330432943683834,0.503471831346108,-0.0914557619618184,-0.310015781450354,0.0600977242327441,-0.116754550906923,-0.289937138687515,0.401396097396037,0.456809634117895,-0.105190065757473,-0.0619501317244292,-0.177787020499743,0.0906221673675439,0.35388481323939,-0.110968604191843,-0.955161991031913,-0.868051039952795,-0.782857282862237,0.0192391303211521,0.0122519810432185,-0.327426418205505,-0.0411037964838821,0.306993889955345,0.452156702214452,-0.194163456822896,0.16525561883093,0.174064054043813,-0.113146464173614,-0.271978434706389,-0.165742176443121,0.194185469919315,-0.395588601854057,0.334533079113093,0.199608184333758,-0.767004539946092,0.0111305292882377
"g__Sutterella",-0.889341445639995,0.26806947188132,-0.107032788913569,-0.495260155529705,0.805542162183015,0.371494220457647,0.0241010257813255,0.510663551583802,-0.0708881507987655,0.197210321614356,-0.132563344870236,-0.272319815675147,-0.218480688915164,-0.0534596175544268,0.113610547479357,0.0466968040708131,0.0477379979743416,0.107471541994659,0.717369106512673,0.309484257329132,-0.129882017772712,-0.248025213931519,0.142424023520733,-0.365397145404334,-0.300013818975242,-0.233103182393552,-0.420835238981979,-0.141972532950651,-0.0557672694487375,0.312853350669532,-0.209718056552028,-0.686604241475193,0.038463793133175,-0.482062259712992,-0.0762640369099533,-0.4410498272349,0.206137126250733,-0.894181609712376,-0.0910103321742045,0.132715187991273,0.126334108059601,-0.288522126969591,0.158334323342138,-1.08979311548161,0.425725978835692,0.117100592669703,0.100070584147235,0.179013066179397,0.492648967148059,-0.387192401903185,-0.0278273272207261,0.554772507314706,0.163054452857336,0.034566290778191,0.298073240405873,-0.24495276348913,-0.177923611575948,-0.131884556294551,0.537559439117344,-0.112109852858054,0.114413509064117,-0.271397894700451,0.82607869971257,0.170956521244924,0.186312670696241,-0.18935171695088,-0.546418804553572,0,-0.393734894793354,-0.315932173577718,0.227493442375995,-0.492306487551223,0.487457238365942,0.0653614714474656,0.396992631422905,0.140439675681673,0.051569342952193,-0.0947699367598608,-0.503265017316462,-0.0399149879319301,0.384513654981559,0.434518933175621,0.320782468802882,-0.21362476148861,0.347227367807532,-0.111849305464753,0.304814643525251,-0.09510459024104,0.282571069160633,0.0761765927239983,0.037947577679225,0.152345338977232,-0.830009121820286,-0.500283326277447,0.0675732788798872,0.367943872877922,0.78369314591483,0.332726686685637,0.211583244222665,0,0.262338616000916,0.10489405805853,0.318655947065817,-0.450889752080886,-0.322118295597639,-0.27713150947081,-0.37230236416158,0.214516188472856,0.104564444183937,0.112566437890036,-0.434725952411911,-0.645033855896041,-0.380733290476209,-0.508553637761906,-0.296064583413967,-0.419517989847914,-0.0255856278692613,0.614629926523141,0.074383619279172,-0.266668938870273
"g__Turicibacter",0.760234444115569,0.772943551476238,0.253594401781495,0.319844255808171,0.134425643632621,-0.400149081927007,-0.671670593693726,-0.00399537921177465,0.242292501236036,0.37820612836033,-0.60683360163965,-0.567323032185187,0.0421528846414768,0,-0.25025390807349,-0.0320180838525977,-0.349497013232902,-0.0519429124114508,0.248214895689497,-0.825410662607128,-0.194642884808789,-0.672046270068534,0.0966566051441461,0.250349772979924,0.545252489012847,-0.287752855257544,0.678299878704279,-0.740591163478634,-0.722665889939776,-0.0199247337281095,0.250535888560371,0.00811238240917586,-0.153961631524513,0.0835858737734621,0.105138061531859,0.551301431167508,0.0477610389490142,-0.250121167076397,-0.0302413179425115,-0.627277226710047,0.248552935668813,0.305800300271935,-0.0928175568000998,-0.530685484157636,-0.379893540976434,-0.240792804411314,0,0.0507292738746526,-0.23153553666124,0.432487529051304,0.583726652887719,-0.0270514686485358,0.322316798118112,-0.00633990957969198,0.187876507900803,0.232222713394811,0.545286398505474,-0.283484137104812,-1.05134826494486,-0.45742255935669,-0.0186714037671827,-0.0212493706937603,-0.339844958816161,0.264916799677288,-0.412522994516249,-0.822821732020998,-0.188845922143791,-0.393734894793354,0,0.62802850448524,-0.120355759062433,-0.268240623065747,-0.313205870982663,0.54936541014663,-0.687615747524104,0.117693990294068,1.07089764707169,0.254388477596942,0.410580818183093,0.688268502028241,0.0799495494766302,0.247572853401599,0.167800100380788,-0.060540655102242,0.0368779564655001,-0.344906322879377,0.380799212028617,-0.0400928195363408,0.361804803452667,0.360852098874294,-1.36987327747291,-0.0668657570430649,0.479864267060663,0.140382710869936,-0.304085434190289,0.251573608589124,0.313205870982663,0.150010776899283,0.226604629813463,0,0.0105315779015121,-0.563738473121393,0.274825112376473,-0.190762179414373,0.0274269430677827,0.612004331065564,0.366160319901982,0.0542134991446133,-0.239992587787558,0.36778330099437,-0.167902163707753,0.0793946868376869,0.743567984789625,0.369294230985897,0.208304649399635,0,1.17115328535906,-0.13254469454601,0.615265169165027,0.380119025974634
"g__UCG-002",0.0935042808944838,-0.530639659495668,0.0215143088862192,-0.393713888958034,0.240722412687088,-0.453421306323574,-0.333331795462526,0.302140668969924,-0.549778588042718,0.0590983438686762,0,0.312383825748986,0.32335410604326,0.0758004160834781,0.479235528919335,-0.347018473836143,0.0626009316000993,-0.117787005116391,-0.192304760218964,-0.28615991218333,0.611559675439103,-0.281769643180102,-0.489158734443835,0.295698151133638,-0.271140305524835,0.34251902513952,-0.728048720615255,0.512813078446417,-0.148608642333368,0.0814396871760621,0.3049523569056,0.984795633036092,0.101239469622155,0.49264153352232,-0.102651442468113,-0.713305299182468,0.150502030948975,-0.128139375326891,-0.381863127413143,0.224078202253637,-0.238318831006734,0.209700862654479,0.588562035025807,0.45997856850044,-0.0213326727813993,0.41628348378962,-0.0997166072074528,-0.484512576247349,-0.707623753765111,-0.314262268409463,-0.296104188761482,-0.0217920200188825,0.0285011323644078,0.1794735321164,-0.0611371890086282,-0.049620785989253,0.162909092881012,0.131097839736279,0.636222163940949,0.0611833367115462,-0.169333387835993,0.180274039549636,0.00665158519840436,0.0524325059465957,-0.0800406742090382,0.615224152044394,0.254857488805063,-0.315932173577718,0.62802850448524,0,-0.265570897806188,-0.189223836093669,-0.309548617068925,-0.125154586482947,0.410755977904259,-0.0248967462778454,-0.526063112111818,0.0234925695901531,-0.559213328592797,0.125150537545896,-0.249971345532049,-0.0649914587028485,-0.606975422885271,-0.452378473145979,-0.656581005533331,-0.149772226568601,-0.282597467078268,0.395675064953014,0.139323282695752,-0.145719411954164,0.52899461644461,-0.729066893734537,-0.195332462593363,0.233883142898343,0.712092262747188,-0.591982413430871,0.871663942438932,-0.236920114001292,-0.152148165837224,0,0.0797947771405086,0.146832724169603,-0.392526449405025,0.0335822530724455,-0.148297659715214,-0.370090672805183,-0.36353969714224,-0.217165381034333,-0.44414288086985,-0.0234690792867084,0.525730135138599,0.45775683123738,-0.599281148925523,-0.0879403807086256,0.29194557981823,-0.338223002540657,-0.230582407564419,-0.396715366497756,-0.558445860968764,-0.954629384318592
"g__UCG-003",0.419646537966752,0.0434581304330611,-0.458256247175876,-0.415124973006909,0.815020893478441,-0.30572661857987,-0.133010565284025,0.168824318907461,0.196413347293745,0.283923005872547,0,-0.0350977531248629,-0.319179835978111,0.21994812461042,0.484093375584176,-0.342374146411187,-0.0643781794763642,-0.397231859097865,0.164480498677388,-0.194150981641384,0.194210989762039,-0.223546762372286,-0.26425209223828,0.0023387775107461,-0.247772812697471,0.346636221314312,-0.0614203439999286,0.179545013387862,-0.678810609997263,-0.10583506156068,0.0198875101559101,0.805476043163432,-0.230752376420495,0.564387702734441,-0.253344120614796,-0.655128743405438,-0.301511430232796,0.479666872845987,-0.339323288636395,0.38086517021356,-0.844044730883939,0.260467975104335,0.80492332774323,-0.0910736031140662,0.00863574464923041,0.374498333364446,0.164490699974633,-0.215542205081912,-0.366393961933265,-0.330181530464778,0.462675499048411,-0.0289422233939458,0.105756926505656,-0.423796667653061,0.235943669916545,0.165072315042451,-0.243108216014818,0.0354571845326948,-0.154585108351136,-0.274640812809511,0.0458352458112237,-0.104246240810147,0.100216642268195,0.319570910308857,-0.0741500174820245,0.673019062560107,0.00642088816453044,0.227493442375995,-0.120355759062433,-0.265570897806188,0,-0.320882707209382,-0.0829853138621191,0.226308431080985,0.381391114966427,0.650661496817262,0.0861102733464722,-0.00982558097549202,-1.10469327254348,0.0599780762292836,-0.351841237956709,-0.306721691036728,-0.0933510167742887,0.228162378125318,-0.17245511902819,-0.616713412937464,-0.240435950918785,0.13922083506801,0.420707784315149,-0.0824050136846392,0.0603229478923897,-0.436458641519596,0.00608242398075459,-0.0476080911054464,0.836119041887517,-0.0658346642665409,0.764941255315082,-0.0036052245546937,-0.661238802894326,0,-0.149311397166212,0.301715464604291,0.666068571507235,0.27172970533418,-0.153716576176343,-0.145019560550458,0.361569394270005,-0.225567140364094,0.178343065258963,-0.0587522469111169,0.844389213262527,-0.172737028947673,-0.0551643592623415,-0.362430331296652,-0.175383478350841,0.125915996702445,0.711962981979956,-0.126377965468467,0.368760777387216,-0.00215591959163861
"g__UCG-005",0.380119025974634,-0.198887744730217,-0.248303648928782,0.240013167831209,0,0.0606835741866765,-0.285554191904513,0.112146869701069,0.0693940376525239,0.122049606874376,0,0.178544861625216,-0.0172747311763464,0,0.346903866993933,0.425739954517672,0.487694390791969,-0.478319484260851,0.046649235033203,0.108366619471017,0.784566343561048,0.142262670048942,-0.857091747588113,0.344686757205401,-0.0935353721231025,-0.148234845286015,-0.196429959536879,0.312502055637626,-0.526243878178338,-0.228826502316542,0.0400666905692202,0.365017431103308,0.00694565193326965,0.167015669379325,-0.676250844549244,-0.861420948588996,0.24895500851442,0.410798962286019,-0.532591231931496,0.266077220461948,-0.0139016829539074,0.0329753687552244,0.0596018684494691,0.770483318217898,-0.510934047084133,-0.29485041800985,0,-0.809413469879816,-0.800120190615762,0.322581041404553,0.0620785730048069,-0.344479392943032,-0.281988570546298,0.891389561058966,-0.196989905899874,-0.411989955676244,-0.039187914602985,0.46668571436652,0.447294314495521,-0.341524961121737,0.103075829387067,-0.0879354316994412,-0.605340741703305,0.266980855421286,0.405889095920971,0.330994300410325,0.480889833588085,-0.492306487551223,-0.268240623065747,-0.189223836093669,-0.320882707209382,0,0.121971241020515,-0.330595843435796,0.197698297727267,0.219819493654528,0.137888655273509,0.195607572009952,-0.0656573436448696,-0.060540655102242,-0.238852373430349,-0.047817952319015,-0.605849891541285,0.400693021536707,0.0791708922265508,-0.472353991597674,-0.449278687679581,0,-0.34279410199209,-0.0166223945012803,-0.0540216500365175,0,-0.403519402834476,-0.435232784406858,0.383306665463808,-0.682800529390451,-0.0267078710071119,0.0665213817541145,-0.24229165688352,0,-0.624106662496552,0.13922083506801,0.27605829793881,-0.0816918051775089,0.450661923732093,-0.12562966717085,0.279807155268068,0.00751929068979218,-0.681003212383914,-0.589833852958753,0.944011447602425,0.43862640265842,0.302607060774679,-0.45119453033318,0.0546873589600695,0,-0.291981640188396,-0.36610997994799,-0.734117159503723,0
"g__UCG-010",0.179699719202092,0.0691346454506552,-0.466347515172861,-0.777070252749477,0,-0.202506072635422,0.570862832185533,-0.211125207866769,0.350996120986759,-0.131796531509346,0,0.0545986107026829,0,0,0.457875081323014,-0.130996336321984,0.211312964152216,-0.450157649426407,0.478808358335856,-0.61446908764509,0.60835635505448,0.107780968667343,-0.323538857799827,0.339859824872946,-0.668442342802307,1.07817755296959,-0.343000350101303,0.536047325441589,-0.159484745044736,-0.281407240471438,0.174963086394097,0.993757518230193,0.148242993131278,0.148084457158913,0.499330303895691,0,-0.452393023028352,0.260189510293503,-0.504516508933974,0.242805873955017,-0.616036199580748,-0.0956651610790683,-0.283291720401007,0.0976733009324345,0.112899458122994,0.493025104860571,0,-1.01271023662948,0.461934102396811,-0.220083572909133,-0.142667556927654,0.634424976881944,-0.408326023938946,0.663399267238505,-0.346644281793522,-0.351786641711413,-0.457049525417659,-0.000437056120671797,0,-0.0976733009324344,0.360675726365915,0.13552242091944,-0.802154828053884,0.438027867029946,-0.0486585545842192,0.753189893077952,-0.225995181496263,0.487457238365942,-0.313205870982663,-0.309548617068925,-0.0829853138621191,0.121971241020515,0,-0.416012086705162,0,-0.256830571047308,0,-0.611918434034448,0.00568634235842067,0,-0.687247096326027,-0.800141559507467,0.850161225521634,0,0,-0.893938907970574,-0.687511033287507,0,-0.697246163052748,0.170344353136791,0.128289650698923,0,-0.741823938381957,-0.0530465454460085,0,-0.0431371419605796,0.0937666051341317,-0.354264551877098,-1.08843539373492,0,0,0,0.724415742947336,0.216760199322584,0.641758466632563,-0.158201185104994,-0.0136657764120066,-0.364093725460456,0,-0.0556686330457375,0.916564305715593,-0.153061918148382,-0.372950302472469,-0.606807063610989,-0.591129542293447,0,0.225605335224199,-0.30227748568545,0.068817872154938,0
"g__uncultured",0.511402223010863,-0.0201883707674449,-0.221876350951803,-0.250143930405113,0.0647413976326577,-0.0958845632170279,-0.276020812796642,0.319702169640986,-0.421153262536922,0.263653129180729,-0.688425669043957,-0.44929228444248,-0.16514970180155,0.59402107877903,0.501675911763087,-0.0774407920405342,0.120056455846814,-0.186019975341723,-0.100833069856663,0.0835461890944476,0.000992094255570841,0.260630499593171,-0.467700193231988,-0.0341054549848162,0.122535001993549,-0.0497518812199548,0.0155838130948558,0.0360940316964404,-0.897015652408658,-0.177534185855243,0.0586901571803094,-0.0414696150728647,0.214016198642851,-0.0494534134332492,0.194078652006223,-0.335241918268759,0.0902455529649272,0.216659336385945,-0.0767070373109027,0.391896435628646,-0.381939510472318,0.0966742274217702,0.409376991492328,-0.0900727251107792,0.345823438891317,0.0508488407964859,-0.12191102017644,-0.455849636533386,0.20657877113711,-0.305707998500834,0.223600362413913,-0.368202781294001,0.102701153178483,0.660999603832428,0.0280680886846401,-0.474179525086049,0.0596073780365584,-0.289875998877088,-0.346878764331358,-0.0809228756649164,-0.097507823567744,-0.0222998382410042,0.464136331452602,-0.366409510124779,0.161821664407489,0.0294997658056155,-0.42659582085792,0.0653614714474656,0.54936541014663,-0.125154586482947,0.226308431080985,-0.330595843435796,-0.416012086705162,0,0.37441131626014,0.357114132801015,0.512684747684006,0.503043690492999,-0.267654547016271,-0.0107069104196308,-0.163665907432882,0.135469225920672,0.03519898524671,-0.114152131757699,0.0426701441034733,-0.341418813143413,-0.217131398591596,0.469241392095018,0.0743220098058561,-0.0211806999427582,0.192072401134026,-0.0718106635288685,-0.14181511365829,-0.373152525420164,0.296376593522578,-0.126717422375664,0.7418088940704,-0.0596194884826618,-0.0769770160331939,1.20019724962734,0.405436212087073,-0.28966942454389,0.236208639068787,-0.0518173415897919,-0.312900914066676,0.0193819793238238,-0.12744931131419,-0.16180227544184,0.128432862369545,-0.297949896190775,0.225959189184594,-0.094098843890969,-0.0770065378031398,-0.0235561742839694,-0.139874275659626,-0.144414095763473,0.107121756893646,0.0555771316274328,0.129264852181857,-0.0282902479244293
"g__Veillonella",0,0.34413262431527,-0.0928952348235949,-0.151228521915575,-0.00667525703314239,0.0517094998706763,0.444572847070874,-0.387340139280456,-0.051569342952193,-0.875845201953449,0,-0.392675182281126,0,0,-0.300582761458378,-0.122009805765354,0.463280347152946,-0.140517249878059,-0.0147950187836631,0.0976733009324345,-0.202532362522322,1.10368749031844,-0.190558346053034,0.0109281707140643,-0.1241650361783,0,0,0.00292838263338079,0.167015669379325,0.57262205137331,0.0657012914411053,-0.456250201747175,-0.313941730759352,-0.0793946868376869,-0.104360775052389,-0.0157981964319717,-0.467269977257014,0.316900290590089,0.0885522618012784,-0.259473216620595,-0.112508023566911,0,-0.297124913318557,-0.228930158260507,0.600723550593829,0.176488348288347,0,0.681053729569837,0.62414477544179,-0.116457925920399,-0.435191903114751,-0.181847944390287,0,0,0.0200285076868333,0.279206662968364,-0.351389683502902,0,0,0.043213161830136,0.644779201397891,-0.508548390184833,0.108717557372007,-0.0912250897491548,0.20176595932904,-0.249391421745981,0.249009339113221,0.396992631422905,-0.687615747524104,0.410755977904259,0.381391114966427,0.197698297727267,0,0.37441131626014,0,0.0724625300960975,0,-0.148084457158913,-0.287752855257544,0,0.412641183103016,0,0.175924262068833,0,0,-0.283345251406684,-0.0744576445373971,0,-0.156029934344379,0.203415969265891,0.204980133133472,0.501258557395197,-0.0665665572703488,0.442556320231514,-0.109267261553018,-0.0210378137713544,-0.478285394076543,-0.0515159562587214,-0.45472764715441,0,0.39456903958203,0.626548424768892,-0.114811625477925,-0.0278273272207261,-0.408326023938946,-0.137404819200683,0,-0.474696331930556,0,-0.553522176836881,-0.186893550095116,-0.175790916036157,0,0.0523859678331933,-0.0231995075338644,0,-0.22727981805491,0.380360399846911,-0.052711070317787,0
"o__Lactobacillales",-0.408326023938946,0.120454871657906,0.0928565205364192,-0.451040083060914,0.424577371035842,-0.262255100554439,-0.473303156423985,-0.305118778052438,0,-0.43136704830258,0,-0.252936343610158,0.051569342952193,0.28501366091038,-0.453472729890887,-0.104558740448169,0.0622349828626365,0.213761751485841,-0.167920898896376,0.266822154865265,-0.0384144931001193,-0.146747952914342,-0.226126074977897,-0.0595323039116457,-0.00237439216284849,0,0,-0.252682775542133,-0.121787320693521,0.430482595145617,0.592594446408666,-0.0151960670618593,-0.397539068044443,0,-0.385162718522884,-0.395897971598209,0.296747004982971,0.571680439347294,0.351122858724336,0.295558733487802,-0.628767753864242,0.541097612974654,0.498553018488641,-0.08688921144558,-0.192312048936896,0.107627496305046,0,0.750461651074656,-0.482412868056408,0.321616314100426,-0.203876692280826,0.145783293079324,0,0,0.0571281261828379,-0.0130221125729189,0.2080977230697,-0.575275416581106,0,0.420953295546327,0.182721141134428,-0.00949786314516849,-0.311466309208258,0.0142167465247152,-0.277125909278258,-1.50798802762471,0.130499012570192,0.140439675681673,0.117693990294068,-0.0248967462778454,0.650661496817262,0.219819493654528,-0.256830571047308,0.357114132801015,0.0724625300960975,0,0,0.127617969683349,-0.337604628796296,0,0.231874974710965,-0.104072237576797,0.0375435492116598,0,0,0.452028784218405,0.425164475085965,0,0,0.0263347534956901,0.0310617313389548,0.191621442942971,0.966565863634677,0.222720700042459,0,-0.158143145257412,0.212748423425226,0.470226415631736,-0.501651813853737,0,0.349152150164435,0.459972801624296,-0.029434289129318,0.0494264948881228,0,0.397427474226403,0,0.165362811849557,0,-0.0970453085082088,-0.0427676271022509,-0.0255944204715056,0,0.16777145688521,0.114748948416339,0,-0.185474264284381,0.165473265283357,0.436310672082099,0
"o__Oscillospirales",0,-0.630804487584151,0.224934551718402,0.0301567204492003,0,0,0.342827781329725,-0.266344752385205,0,0.446557101398494,0,0.180605679941228,0,0,0.128055949472079,0.522086607252739,0.0159220340283037,0.0204304030048187,0,0,0.0967411567116665,0.395606470144598,-0.0939481420105366,-0.526794167517568,-0.482902368284981,0,0,-0.0518723732552233,0.311318864889437,-0.382851054527672,-0.136254583770399,0.210424431378662,-0.160011691860929,0,-0.404792061899286,0,0.304191036512794,0,0.435676630955926,0,-0.0286288092247157,0,-0.262123603172417,0,0.0137915025015907,0.592780070936687,0,0.331151125871296,0.289694595459427,-0.0227606939486223,0,0,-0.156029934344379,0,0.277125909278258,-0.843803194977647,0.817142481079164,0.572218359281192,0,0,-0.277290188421727,0.435191903114751,0.073510782972382,-0.216570589446621,0,0.44133169321639,0.109018641684542,0.051569342952193,1.07089764707169,-0.526063112111818,0.0861102733464722,0.137888655273509,0,0.512684747684006,0,0,0,0.120895979997893,0.349152150164435,0,-0.0973432511659023,0.0745744103458,-0.0286288092247157,0,0,0.120895979997893,-0.0230738248100047,0,0.0976733009324345,0,0.935273697456171,0,-0.520399012755858,-0.45857599255355,0,0,0,-0.431081141071535,0.552011155276077,0,0,0,-0.0660086752979216,-0.442435652550009,0,-0.461151376997846,-0.870099080768715,-0.475267409448053,0,0.298082166026699,0.257125352803789,0,-0.277125909278258,-0.59798332500329,-0.235380750788899,0,-0.255626868556991,0,-0.501258557395197,0
"s__[Clostridium]_leptum",0.287876232675512,-0.118515987868303,-0.224813002916051,0.243296262816496,-0.00572397992947209,-0.385026991148862,-0.0165119108795419,0.235162324521243,-0.606926670963488,-0.191502970576668,0,0.346871389517987,-0.0897877340200145,0,-0.286653654601587,0.379714607684984,0.0318019378059986,0.240359829188499,0.141418758197673,0.0515893483261102,-0.256473941911656,0.568038632365508,0.164481392486633,0.184904673241217,0.0537643596776826,-0.870099080768715,-0.0518723732552233,-0.112500882748681,0.282159971027843,0.720301639402946,-0.380842470644499,-0.464235828212337,0.0117721030326404,0.526440239679869,-0.278225217434989,0.0819018633769199,-0.409798881663024,-0.239134633163476,0.340860659068302,-0.516673896978954,1.20863027777015,0.168231463609217,-0.227305040819525,0.868114584138673,-0.309996544820267,0.260015626151294,-0.289694595459427,-0.223656453172756,0.0683328828662841,0.268310113219161,0.114272820404664,-0.195398911726207,0.0685742313441462,-0.337264765932298,-0.338298571285419,0.292625125697069,-0.00256365736081854,-0.191999758687874,-0.414581716736279,-0.143273248841464,-0.0180147958564852,-0.166379412084465,-0.459459253098534,-0.139294050510994,0.907357485732077,-0.301754245328809,-0.0201133832613082,-0.0947699367598608,0.254388477596942,0.0234925695901531,-0.00982558097549202,0.195607572009952,-0.611918434034448,0.503043690492999,-0.148084457158913,0.127617969683349,0.120895979997893,0,-0.521513465227995,-0.0630619926085576,0.421547675966038,-0.0549868587790783,1.04860852663783,-0.281949050039026,-0.0802995294083165,0.0089191747685694,0.545135560607473,0,-0.0655014759194738,-0.0398272168639256,0.0904636972019036,0.260189510293503,0.241263500833254,-0.143759980185643,0,0.0925157265430062,0.141247548506692,-0.0605651905352951,0.0746283777700956,0,-0.0630619926085576,-0.39456903958203,-0.0227755711926971,0.329497642012417,-0.464713380112472,-0.00974726218658797,-0.173500642132536,-0.653046556245439,0,0.37455011852511,0.386333732914827,-0.203207489688547,0.519824074680461,-0.489821220266685,-0.415084549707644,0,-0.144973099518842,-0.123652842084856,0.269902789265309,0.296620093830768
"s__[Eubacterium]_siraeum",0.575342488195382,0.0569566664908973,-0.409985328685058,-0.412103651417116,-0.452899337941512,-0.52265314172842,-0.511302261567813,0.0220417581071228,-0.495537258800154,0.324715585646061,0,0.0482187061790096,0.913952765329367,-0.191621442942971,-0.240693545200217,0.674743429106033,-0.182386341683553,0.148742440325067,-0.154690863413368,-0.286768295019222,0.176906043801447,-0.625567413590436,-0.0961380472289799,0.314222729174166,-0.146127599839833,-0.276225070109554,-0.849691089506706,0.363617210265387,0.496877317102086,0.0148001565801848,-0.384111838075121,0.011353264232123,-0.0572764853352204,0.490547408487619,-0.510347350540417,0.0200285076868333,0.332774889122863,-0.262338616000916,-0.17587182378707,-0.0395553755111925,0.117067561134103,-0.326603459192941,-0.256745176406187,0.227453969423134,-0.472686095274924,0.43965068731072,-0.252280403005916,-0.450907874290532,-0.262458134248017,0.0517124512322091,0.117783721124761,0.383745099833173,0.00526562305885987,0.00248866451429158,-0.301306955867435,0.186004289657034,0.26540749070842,0.0131785074423598,0.0596308699385021,-0.33694071167012,-0.272783243652735,-0.0201221101109298,-0.111456044169538,0.403568370074029,0.287207972725824,0.201517017261186,0.182468316093204,-0.503265017316462,0.410580818183093,-0.559213328592797,-1.10469327254348,-0.0656573436448696,0.00568634235842067,-0.267654547016271,-0.287752855257544,-0.337604628796296,0.349152150164435,-0.521513465227995,0,0.00863661408704971,0.0947087917661084,-0.514348868154509,-0.346147105367643,0.275993001245921,-0.116823892348305,0.0765407847675765,0.492999875466122,0.0400928195363408,0.60761385828267,-0.0118725498209003,-0.2528122078837,-0.0866153238515227,-0.098163145255516,0.130205000320571,0.289694595459427,-0.00459620256964511,-0.120045913991762,-0.592636725598106,0.219427005085983,0,-0.479837576755009,0.0554200822141473,0.0856648929883888,0.348185150685607,0.289694595459427,-0.169096449939952,-0.054782907933264,-0.807653625710266,-0.0236146407560385,0.0409229180397327,-0.142486078540397,0.903155459934597,0.21362476148861,-0.634290934843836,-0.516578439117137,0.167837326899328,-0.3667974273715,-0.244762349817133,-0.0251867929192929,0
"s__Alistipes_obesi",-0.260189510293503,0.00604973975324674,0.191159383630366,-1.0380187847421,0,-0.206940562485453,-0.535547743046214,0.578477864393481,-0.20176595932904,0.429748331558039,0,-0.000357142857142861,0,0,-0.613741460659481,-0.0653325854300463,-0.186740346251567,-0.17207707915509,-0.422107074978527,-0.293168398059366,0.308819680322924,0.157335422988187,-0.0744564083914314,0.193938716831727,-0.886366894398464,-0.0745744103458,0,0.18935651977752,0.415083618753473,0.467086368619303,0.282279717753701,-0.350968401215105,0.294768037490057,0.189465523351332,-0.42032312328829,-0.294519604203112,0.187372975835324,-0.0210658107948071,-0.156696506434409,-0.11822408239391,0.131361168589539,0.192732554054082,0.266822154865265,0.215660804282881,0.393877655201979,-0.266882383643706,0,-0.143070555550887,-0.0494519689086667,-0.0656171123755938,-0.196429959536879,-0.238700923185967,-0.266171530331348,0.21994812461042,-0.236938784022378,0.208284684795312,0.106890912280056,-0.252997912082651,-0.380119025974634,0,0.243009361965159,0.140503043109641,-0.083704720074517,-0.210470188500992,0.935253167246396,0.0462498896437203,-0.0368338165487057,-0.0399149879319301,0.688268502028241,0.125150537545896,0.0599780762292836,-0.060540655102242,0,-0.0107069104196308,0,0,0,-0.0630619926085576,0.00863661408704971,0,0.0301031456781307,-1.34110921623675,-0.157303821828713,0,0,0.317921705073042,0.0130865179836346,0,0,0,0.396481443819722,-0.0976733009324344,-0.445309561749448,0.517825762289573,0,-1.03304900298356,0,0.153028312519389,-0.0425344046795224,0,0,0,-0.0394299124245879,0.0287926119807464,-0.225386430007483,-0.105776235899814,-0.597194356468744,-0.0170307726980032,0.403648930193602,0.190386046519753,0.484130430363802,0,0,-0.123615525664803,-0.205535435712586,0,-0.202440437401186,0.618887594072527,0.134425643632621,0
"s__Alistipes_shahii",0.00588094516852147,0.185247132106643,-0.407888578295783,-0.175602935989346,0.0143840713232736,0.0399534829467287,-0.127994669416395,0.261858826773185,0.0126176541948413,-0.083357867232365,-0.00572397992947209,-0.122297453850853,0.901538622524082,-0.164109141828029,0.147759366313336,-0.345681103490658,-0.275034643467655,-0.360692483085359,-0.32351985268118,-0.150558628808759,0.173998982414554,-0.070677449015899,-0.0589945513505271,0.151467747718928,-0.26010933786748,-0.0339423245555078,-0.311986558639854,0.191350984320471,0.370654391185872,-0.316032521929313,-0.183338115384542,0.0241275514453853,-0.0994146726821694,-0.604348518011092,-0.110722656603235,0.0223801043928989,-0.33315008264688,-0.294537018724111,0.158466188901538,0.69660333684668,-0.710584115383068,-0.109721912351728,0.273497033413693,-0.922314784098931,0.13732359593091,0.236471721783256,-0.841696443259958,-0.0702042138499745,0.00526523432447462,0.109654620736891,-0.110250453765421,0.121342902175969,0.461339814718775,-0.389909170874013,-0.0444059844356205,0.126596959074851,-0.21380818818349,-0.330010934534596,-0.234846938493371,0.0654956282330008,0.277232230159835,0.106852401364743,0.614621070136085,0.00789110083103015,-0.392382876718479,0.260892395601595,0.179990420394795,0.384513654981559,0.0799495494766302,-0.249971345532049,-0.351841237956709,-0.238852373430349,-0.687247096326027,-0.163665907432882,0.412641183103016,0.231874974710965,-0.0973432511659023,0.421547675966038,0.0947087917661084,0.0301031456781307,0,-0.553147257194122,0.0526853290663596,0.156529278804906,-0.21719807432848,0.626218147132297,-0.0710704947283589,0.167662306285356,0.0812526131526688,-0.228573042132587,0.0477401025205561,0.185512748668185,-0.222720966799081,0.299134773153451,-0.0157981964319718,0.0169101248449878,0.854534576036172,-0.086955198705066,0.137468188087663,0,0.600367572951448,-0.0439598238755489,0.544955911504818,0.216113790016408,-0.350760919950366,-0.111045931186318,-0.406310294085187,-0.535531360295498,0.289980036115266,0.0850143398062956,0.0478166970360932,-0.931806635491939,-0.0845490803303048,-0.474402626326618,-0.614142259770866,0.371987319559136,0.281196383048551,-0.461202941971824,0.452023987328807,-0.048256014992777
"s__Alistipes_sp.",-0.217456239770307,-0.0755868600709182,0.609006328023665,-0.0551643592623415,0,0.092602794379189,0.0422758396932845,0.664493616583848,-0.0922007771089126,0.277618316084741,0,0.479534551137083,0.0172747311763465,0,0.33378084557452,-0.580779158849134,0.365339079083668,-0.174246186453231,-0.322735759298027,-0.483991551067931,0.293872130491619,0.76204908301009,-0.1311848001335,0.19003890956349,-0.250230193860675,0.239992587787558,-0.17477148097175,0.689275142718567,0.791732839828963,0.369682784380889,0.296177433855955,-0.0608992907330042,0.511002303637397,0.191999758687874,-0.116689027991376,-0.440063391072076,0.264402388985397,-0.587092195603739,0.30893238263351,-0.21576282374,0.37236136613094,0.422879965884672,0.149030769816597,-0.127617969683349,0.277335665815998,-0.462520775876821,0.104072237576797,0.306663932377745,0.271836479146085,-0.00312633858604934,-0.10721592622461,-0.302239562306539,0.148084457158913,-0.630848451116875,-0.693824267099018,0.439975141020867,0.24747674564455,-0.0030049270288959,-0.414581716736279,-0.0861102733464722,0.566956877437238,0.164879037129367,0.128106935804698,-0.0553084615486825,0.0679558856530128,0.0485788644265163,-0.201983109739873,0.434518933175621,0.247572853401599,-0.0649914587028485,-0.306721691036728,-0.047817952319015,-0.800141559507467,0.135469225920672,0,-0.104072237576797,0.0745744103458,-0.0549868587790783,-0.514348868154509,-1.34110921623675,-0.553147257194122,0,-0.202945389145512,-0.46768735377859,0.328055071761454,-0.468472132200644,0.0813391451552527,0,0.600851399908032,0.48689021028232,0.974521321154491,0,0.120931169917921,-0.0377620175109791,0,-0.283116923548248,-0.0745744103458,-0.0807750258235929,-0.194192134450876,0,0,0,0.236449599677515,0.452045012821851,-0.562305086076403,-0.547341546280581,-0.266822154865265,0.139122693780553,0.643771652651821,0.245095143462597,0.112586089020234,-0.722822783670675,-0.643610439900023,0.138781628011235,-0.279980599861481,0,-0.00534527328335743,0.120333326753165,0.298805318488826,0.192732554054082
"s__Anaerostipes_hadrus",-0.556445066892636,-0.0920211686997253,-0.292413948591332,-0.483329182788393,0.204980133133472,0.381815003232462,0.316892108328698,-0.265056702625932,-0.154818874089587,0.254291310725465,0,-0.0673448936157292,0.0448038120431028,0.364541100403614,-0.202898442320655,0.484967497339674,-0.33304569626505,0.251525164771944,0.476843641039323,0.275438474597931,-0.413158201757747,-0.319103500060275,0.171290371367011,-0.301606247964792,-0.489184373847566,-0.224839436606109,0.243894607048685,-0.488269331611463,-0.658393267985833,-0.440948430101299,-0.333406089069751,0.557809122060872,-0.204822852434849,0.345740829722052,0.0924911688620902,0.0970020143977423,0.162805556693332,0.264149804877055,-0.523873716052476,-0.0103973860333016,-0.262106257181882,-0.520133341737201,0.0158861993707246,-0.476476099045824,0.185498522374227,-0.365280106075416,-0.199558221085282,-0.180301653428232,0.765663627748387,-0.192892785286839,0.184309640253067,0.335662015779232,-0.293538133190359,0.196014637831826,0.74118504290225,-0.30951697247822,0.27897304371554,0.181488370255026,-0.165377137664061,0.0199048704734037,-0.125178351308759,-0.175682627028829,0.189133767020153,-0.146347146264351,0.0382921057082395,0.342162231889695,-0.402116994466192,0.320782468802882,0.167800100380788,-0.606975422885271,-0.0933510167742887,-0.605849891541285,0.850161225521634,0.03519898524671,0.175924262068833,0.0375435492116598,-0.0286288092247157,1.04860852663783,-0.346147105367643,-0.157303821828713,0.0526853290663596,-0.202945389145512,0,-0.983578819570643,0.425977973347794,0.752311319380597,0.151721480092196,-0.610122153392014,-0.0628151619450015,-0.134957769276281,-0.558681470477943,-0.0976902012163911,-0.360893357852918,-0.370485369211237,-0.364541100403614,0.359358610801802,-0.203469713429013,0.0831159781038596,0.431562371479574,0,-0.0528871762631237,0.0172212861989988,0.673191930183252,0.0162265264327558,0.542600920275085,-0.302858669492644,-0.136283029024244,0.291392580283851,0.284857327781642,0.118980874478709,-0.0482047650768711,-0.54365017464207,0.00526562305885985,-0.422832254231491,-0.314080765682422,-0.182417457661087,0.0858364500617814,0.365231407931327,0.586487914824895,0.218847726703883
"s__bacterium_YE57",0,-0.346193976970205,-0.0270118649074543,-0.0353589970601488,0,0,-0.555264258687457,1.02678419274035,0.0171737210753364,0.765931798177595,0,0.226058569315845,0,0,0.151259861347489,0.385552358814089,0.687833890803237,0.0556310749365574,-0.61650885311254,0.17477148097175,0.741351800508752,0.387982590625647,0.121118051213123,0.422185113672116,-0.513557689119299,0,0,0.758240709814859,0.17477148097175,0.183197478541385,0.01931012894096,-0.202786297621696,0.0945012891015877,-0.60683360163965,-0.24539634308571,0,0.343231757485067,0,-0.0455249800788702,0.33394079842012,-0.178337056091643,0,0.342699880311019,0,-0.440179163821376,0.391320227245475,0,-0.779324714812301,-0.711334581251914,0.41151512201592,-0.0779105790442258,-0.114198243282619,0,0.462728158593337,0.0286288092247157,-0.225386430007483,-0.0791708922265508,-0.0400755063333016,0,0,-0.3506618907657,0.26160393203346,-0.0726023449856839,0.0105667990905795,0.21994812461042,-0.0206665460934422,0.87104424452017,-0.21362476148861,-0.060540655102242,-0.452378473145979,0.228162378125318,0.400693021536707,0,-0.114152131757699,0,0,0,-0.281949050039026,0.275993001245921,0,0.156529278804906,-0.46768735377859,-0.983578819570643,0,-0.380119025974634,0,-0.141378433888503,0,0,0.0844766175059923,0.298805318488826,0,-0.327726184817629,-0.020187949062937,0,-0.686755719453055,0,-0.240146476064158,-0.148084457158913,0,0,0,-0.305800300271935,-0.287032748972625,0,-0.657359767720669,0,-0.0622085869103996,0.229100861628187,-0.00011689654362329,0.43580632976002,1.03789172074621,-0.0976733009324344,-0.17250493097132,-0.53536578898756,0,-1.05668090054698,0.102751309227131,-0.277125909278258,0
"s__Bacteroidaceae_bacterium",0,-0.0286288092247157,-0.50855300114996,0.0571281261828379,0,0,0,0.213929930561023,0,0.202433776820578,0,0.406504115383177,0.547941858523226,0,0.227403811989777,-0.245835383337231,-0.34521602496229,-0.615133641409731,0.783411166661657,0.33394079842012,0.731847787429532,0.142667556927654,-0.0826284251666263,0.347325359684399,-0.495139349256187,0,0,-0.314069293274656,-0.0267078710071119,-0.240907596568586,0.291272346881132,0.296388700973354,0.671633727730716,-0.501258557395197,1.06842078002236,0,0.0166223945012803,0,0.616682367452161,-0.372305704876064,0.179393606282111,-0.215660804282881,-0.172822766087013,0.0200285076868333,0.49104218952384,-0.567355841111009,0,0.291518895813867,0.0585915477736446,0.181262016919799,-0.245835383337231,0.228930158260507,0,-0.428110848368939,0.323407127888447,0.110705588169189,-0.137888655273509,-0.00667525703314239,0,0,0.762922124251187,0.184232496318078,0.0237968657280618,-0.39067220869988,-0.127146062386802,0.458383925189152,-0.330432943683834,0.347227367807532,0.0368779564655001,-0.656581005533331,-0.17245511902819,0.0791708922265508,0,0.0426701441034733,0,0,0,-0.0802995294083165,-0.116823892348305,0,-0.21719807432848,0.328055071761454,0.425977973347794,-0.380119025974634,0,0,-0.527783013667085,0,-0.264656378816196,0.112534544230364,-0.1241650361783,0,-0.270547852788259,0.120650095743618,0,0.527319580463398,-0.120823762664984,0.048946755821647,-0.047430477213986,0,0,0.39456903958203,1.08540114401592,1.15722669868504,0,0.146084043010948,0,0.360495979770324,-0.380974286622964,0.793299304588391,-0.156380038174422,-0.144273316358083,0,-0.478042711766942,-0.288672154682517,0,-0.199948948973557,-0.409894428355004,0.252280403005916,0
"s__Bacteroides_stercoris",0.0142473837796172,0.269360378528266,-0.461727977579248,0.976712115475703,-0.323407127888447,0.129901910472651,-0.128432585016045,0.084296168357262,0.517646305973529,0.114974005125581,0,-0.231395919813107,0.0259158557615808,0.0172747311763464,-0.274049151227991,-0.0079908180201784,0.433642689216417,-0.055506823975002,0.384108593769141,0.425420307872603,-0.00650969244794361,-0.273087776894201,0.130205302889558,-0.144925735945298,-0.118216541139997,0.473420518157357,-0.58461498853833,0.107975982066759,0.0424712095592601,0.0634780124108409,-0.0138821748230287,-0.709050113190443,0.182979686179658,-0.254811578702243,-0.0109621140853405,0.637574663907346,0.0118949667002305,0.24738164763985,-0.0667487089048907,0.142652303791789,-0.135524773862102,-0.356646326373404,0.204478391626894,0.0121070074540246,-0.196666804056204,0.204938302443968,-0.121118051213123,-0.263270128581155,0.352323128483503,0.50937145820444,-0.693245948403565,0.272481941609879,0.196065887387415,-0.829689983927359,0.425168296635945,-0.265264313979466,-0.160064942325626,-0.0594479528650352,-0.504708913558161,0,-0.118303123566322,-0.547003685378433,0.196711349562544,0.204478503754971,0.0310617313389548,-0.0567489843090591,0.503471831346108,-0.111849305464753,-0.344906322879377,-0.149772226568601,-0.616713412937464,-0.472353991597674,-0.893938907970574,-0.341418813143413,-0.283345251406684,0.452028784218405,0.120895979997893,0.0089191747685694,0.0765407847675765,0.317921705073042,0.626218147132297,-0.468472132200644,0.752311319380597,0,0,0,0.144863033295106,0,0.146147243374197,0.0477641578318453,-0.270046438770099,0.445724529803806,0.110724677235917,-0.280391397986662,0.540187514158789,-0.407881322463615,0.524306144334055,0.153344289161339,-0.100167378019048,0,0,0,0.195651991039244,-0.328887175465313,-0.805373604889904,-0.0565417043429956,0.0370792181479159,-0.180266141753704,-0.406917118330469,-0.160586802977431,0.351300350050443,-0.201960938297017,-0.130400241032698,-0.167265677984763,-0.0776406593890223,0.0267078710071119,0.0481066666536739,-0.348955191572002,-0.399274894807993,0.480033645824794
"s__Bacteroides_vulgatus",-0.390692624974012,0.0693535174139098,-0.360547617964084,-0.0240769058931812,0.025672510097259,-0.108530751672638,-0.0658741380823303,-0.0531149733816144,0.284962544926429,-0.304337629390612,0.234273654531922,-0.34009715346342,1.32794231967299,-0.274779084955121,-0.106778010751984,-0.0365145403118516,-0.395143429939391,0.0512703123256947,-0.0763537298586087,0.00435079856860354,-0.0960607203695667,-0.327669335416132,-0.0614675502090403,0.0916264843329498,-0.297277576224028,0.134296879219813,0.0231334992800831,0.467752580831388,0.178035478717253,-0.247358429853077,0.239671356334547,0.369598337283091,0.210909454702296,-0.343262031829936,-0.10845551748973,0.620878464922248,-0.201809879647887,-0.124432085110014,0.172626260961552,-0.0488520029818683,-0.43732707738447,-0.0816679604127013,-0.00521319129134176,-0.445215494207964,0.346644647920324,0.0986032860802562,-0.366515149694022,0.0751585792475395,0.132176859990056,-0.0202103684241111,-0.239849987772611,0.280972596971384,0.554237820418714,-0.0873580785434994,0.239766556752901,0.3872680532845,0.456127526375304,0.0860146452208002,-0.175961241444012,0.200737193399773,-0.0332276370718773,0.0873152600735113,0.310258817379126,-0.0352699061499607,-0.8066897037087,-0.187928471241194,-0.0914557619618184,0.304814643525251,0.380799212028617,-0.282597467078268,-0.240435950918785,-0.449278687679581,-0.687511033287507,-0.217131398591596,-0.0744576445373971,0.425164475085965,-0.0230738248100047,0.545135560607473,0.492999875466122,0.0130865179836346,-0.0710704947283589,0.0813391451552527,0.151721480092196,-0.141378433888503,-0.527783013667085,0.144863033295106,0,-0.0295669675426849,0.0287049008792745,-0.0655164623834797,-0.141775904496746,0.271627429601595,0.122944918741664,0.210334833184757,-0.464039655566147,-0.240791261665194,0.340848558670665,-0.0111219540888464,0.0182492753534532,-0.433780743237677,0.325214866912573,-0.31955179094197,0.0667075853764068,-0.267548495573127,-0.481143146374643,-0.0368428860561328,0.289540791263992,-0.158446305416942,-0.153230836068512,0.120795244951742,0.171562695314441,-0.826512957987151,-0.245504864802689,-0.289694471426616,-0.303843260371078,0.382517418457747,0.047077395514322,-0.555813051080008,0.349665110202243,0.0839602687701278
"s__Campylobacter_hominis",0,-0.474954685899505,0.652642840998408,0.968672178791872,0,0,0,-0.0445206045119086,0,0.186719562868041,0,0.0778494496034663,0,0,-0.484107343203484,-0.939696255635191,-0.456478941263335,0.00547307012233772,-0.289267368040974,-0.624106662496552,-0.487828745785508,0,0.15693902525347,-0.257699946580548,0.0200285076868333,0,0,-0.21994812461042,-0.051569342952193,-1.58385356369549,-0.408245377252187,0.0185292602695274,-0.213022274506165,-0.436362787472079,0.0233921693573791,0,-0.339637511386298,0.311433364139447,-0.02633475349569,0.540089160716488,-0.411890716439179,0,0.0561727955282748,0,-1.04333435031349,-0.211829707333947,0,1.11750381884458,-0.0529136004890356,0.557067201117986,0,0,0,0,0,-0.17477148097175,-0.00572511906251648,0,0,0.459972801624296,0.494700934097013,-0.0415475341355754,0.292703658105345,-0.00667525703314239,0,0.356224130641798,-0.310015781450354,-0.09510459024104,-0.0400928195363408,0.395675064953014,0.13922083506801,0,0,0.469241392095018,0,0,0,0,0.0400928195363408,0,0.167662306285356,0,-0.610122153392014,0,0,0,-0.0295669675426849,0,0,0,0.104072237576797,0,0.58127634299137,1.01590580903248,0,0.289694595459427,0,1.24203887048318,-0.251546050971261,0,0.683334278075788,0.60670759263845,0.0467651565005088,-0.27624474100645,0,0.70536676517734,0,0.316027985259299,0,0.0376772435349607,0.0601595848596342,0,0,0.250353663611266,0.116823892348306,0,0.480309554290972,-0.134425643632621,0.0861102733464722,0
"s__Clostridium_sp.",-0.562791181047459,-0.0146091592987527,-0.665367120801515,0.644191989867759,0,-0.192732554054082,-0.34146841925145,0.429253390997643,-0.28501366091038,-0.373988956661455,0,0.34030566360431,-0.0421528846414767,0,0.10195951632629,0.448352868047927,0.147411202112398,-0.186053908240318,-0.538023527936382,-0.285893533175533,0.375966169632539,0.547570685478297,0.0852347044497198,0.503195429268781,0.674304992053492,0,0.239992587787558,-0.206087745482586,-0.278757226304817,-0.0289412831856429,-0.179078974053999,-0.241650825331955,-0.289378850537329,-0.994972755678862,-0.00553430633898694,0.609427962593747,-0.203280775223237,-0.358726248534158,0.0280629167654644,-0.473420518157357,0.211257918323042,-0.168712873693067,0.369609312741934,-0.169132920111513,0.274355360516208,-0.056443726734862,-0.504327977892218,0.615149785883284,0.0108624710789758,-0.129136335549833,0.517354577748201,-0.193400023248081,-0.21994812461042,-0.127617969683349,-0.0495432721590098,-0.22745416704727,0.0886727195372363,-0.128997959562217,0.0953353477310756,0,0.176471008842912,0.0627364466695714,0.335105384979355,-0.243448327153018,-1.23293243056903,-0.444136366361804,0.0600977242327441,0.282571069160633,0.361804803452667,0.139323282695752,0.420707784315149,-0.34279410199209,-0.697246163052748,0.0743220098058561,-0.156029934344379,0,0.0976733009324345,-0.0655014759194738,0.60761385828267,0,0.0812526131526688,0.600851399908032,-0.0628151619450015,0,-0.264656378816196,0.146147243374197,0.0287049008792745,0,0,-0.0518723732552233,0.55017365757928,0,0.291251713239507,0.332195277245393,0,-0.109028382132791,-0.641758466632563,0.44999149847502,0.220710751729688,0,0,0.380974286622964,0.00395272187746037,0.366761185728518,-0.414064378057259,0.139517958117039,-0.120823762664984,-0.663128292831541,-1.3817702604112,-0.488377627277363,-0.0627776549507075,-0.436362787472079,-0.0497373673860227,0.232774082981791,0.203321872273172,-0.354238159006167,-0.496406579442426,-0.182157782302702,-0.276183664907911,-0.572218359281192
"s__Dorea_longicatena",0.716685163034602,0.18726315803514,0.041389069022636,-0.117936252971685,0.757187871126124,-0.776485616074417,0.307859563603343,-0.181963902929526,0.15693902525347,0.568707513427492,0,0.225573295151789,0,0,-0.091481926429327,-0.343605330288143,-0.0889049912856856,-0.172428105167084,-0.0290049491138945,-0.219819493654528,0.364823526962658,0.334920918020553,0.325148214232813,-0.126554894902106,0.0466244822725197,0.247539946219203,0,-0.134518198869102,0.0190336553078979,-0.113842517506804,0.196193598128291,0.179215486280894,0.0821461961921433,-0.0267078710071119,0.0953729325626198,0,-0.281996888829167,0.0897877340200146,0.119424820407295,-0.252682775542133,0.054708845261701,0.77083365498689,-0.348148610359416,0.224512304133357,0.644815724320584,0.119621604829076,1.04767053358025,0.0850255672586266,0.256859435037078,-0.236158707162171,-0.257699946580548,-0.382318340146518,0,-0.21362476148861,-0.287752855257544,0.0902137297822975,0.160872996699686,0.375793564489073,0,-0.46975346948107,0.607603065091896,-0.220151487479016,-0.122077335419799,-0.0884533746314731,0.292773584137915,-0.0696648578328357,-0.116754550906923,0.0761765927239983,0.360852098874294,-0.145719411954164,-0.0824050136846392,-0.0166223945012803,0.170344353136791,-0.0211806999427582,0.203415969265891,0.0263347534956901,0,-0.0398272168639256,-0.0118725498209003,0,-0.228573042132587,0.48689021028232,-0.134957769276281,0.0844766175059923,0.112534544230364,0.0477641578318453,-0.0655164623834797,0,-0.0518723732552233,0,-0.193643020743739,0,0.321945150039556,0.140412255429258,0,0.140185935635976,-0.372305704876064,-0.289061340834179,-0.296624974186452,0,-0.0861102733464722,-0.104072237576797,0.645456347869049,0.309327116476222,0.156029934344379,-0.116046365245732,0.367861168574918,0.223766000654757,0,0.292462177947374,0.082247111669868,-0.138346530731385,0.116436459268565,0.376547571850334,-0.266891029881556,-0.422254138712609,0.0788914864350122,0.13611380610868,0.296620093830768,0
"s__Eubacterium_ramulus",0.51103742547289,0.0693127759369178,0.388508649616632,0.41347821326593,1.192827226028,-0.217746556874665,0.114166669557252,-0.0207926794346002,0.819297566808456,0.474532839188747,0,0.310166510169905,-0.214882672440206,-0.24141056148074,-0.1354309441302,0.137872559269692,-0.414217709601405,0.229339768876681,-0.15751309245461,0.119789697749635,-0.238008235518307,0.196700424224858,0.787068029683048,-0.308671988659101,0.0350218448264212,0.63168666053175,-0.121967840788115,-0.185008171154989,-0.375740221641,-0.66139533136075,-0.576361072847518,0.0168476301270912,0.0607083137794867,0.149817266451877,-0.415523218764573,-0.113059965893094,-0.203913106539865,0.225201781840842,0.462009059245055,-0.185480280801427,-0.0244601275702107,-0.545969685085877,0.162807030563293,-0.877182258278621,-0.44941889274104,0.130969215000638,1.05486019931102,0.26917971287913,-0.012518577586076,0.107798773769183,-0.466875388202912,-0.226436523247477,-0.0172212861989988,-0.0999453209534562,0.750063240559182,-0.177530028416881,-0.406139425681071,0.202147275799968,0.281577684926184,0.509967705144059,-0.425527122238704,-0.108526072671579,-0.0740513345840215,0.235330380356001,0.115900569057457,0.25845244239325,-0.289937138687515,0.037947577679225,-1.36987327747291,0.52899461644461,0.0603229478923897,-0.0540216500365175,0.128289650698923,0.192072401134026,0.204980133133472,0.0310617313389548,0.935273697456171,0.0904636972019036,-0.2528122078837,0.396481443819722,0.0477401025205561,0.974521321154491,-0.558681470477943,0.298805318488826,-0.1241650361783,-0.270046438770099,-0.141775904496746,0.104072237576797,0.55017365757928,-0.193643020743739,0,0.174129121748257,-0.0957556507916534,-0.0466055150535091,0.250600779232116,-0.196908003645748,-0.167920898896376,0.187434753440399,-0.257167944379851,0,0.129721546012355,0.244097875586556,-0.116948964777782,-0.400650220145907,0.109982296630373,0.161743462325245,0.683195288584246,0.30989000192866,0.200528207051209,-0.204859264120809,-0.638834133368526,-0.6529105442145,-0.360949651621322,0.471907902650076,0.481486739432987,0.262920687512506,0.191058268725819,0.005209041504569,-0.331905940500042,0.709223384711812
"s__Fusobacterium_mortiferum",0,-0.252494868104015,0.446188071012971,0.0171737210753364,0.313713723533041,-0.051569342952193,0,0.213468534241897,0,0.481005777998013,0,0.178253557289218,0,0,-0.444469534307355,0.0310489233356653,0.47380917779473,0.398164082670005,0.473303156423985,0.436310672082099,0.275445559491074,0.487828745785507,0.0200285076868333,0.327188758384332,-0.411890716439179,0,0,-0.285214595049569,-0.313713723533041,0.307858751516189,0.576478995673623,-0.314868357382149,-0.141437242617829,-0.105756926505656,0.296407541812787,0.127617969683349,0.1614278966709,0.411890716439179,-0.0761418113690493,0.142259193762518,-0.00253996062153888,0.383095498744176,-0.206393192727267,0.0579950011827979,0.0281299374445781,-0.136247431450937,0,0.28908945865026,0.430071640828628,-0.103969542400499,-0.380974286622964,-0.0518723732552233,0,0,-0.236567396984281,0.269868555508881,0.207694948753275,-0.422254138712609,0,0.0400928195363408,0.063512539738147,-0.257699946580548,0.0404015735175261,-1.36620145056574,0.0976733009324345,-0.00949786314516849,0.401396097396037,0.152345338977232,-0.0668657570430649,-0.729066893734537,-0.436458641519596,0,0,-0.0718106635288685,0.501258557395197,0.191621442942971,0,0.260189510293503,-0.0866153238515227,-0.0976733009324344,0.185512748668185,0,-0.0976902012163911,0,0,0.445724529803806,0.271627429601595,0,0,0,0.174129121748257,0,-0.213857156977915,-0.497348984647371,0,0.181847944390287,0,-0.0585530140904654,0.497115338650769,0,0,0,-0.655082263254726,-0.0369794332141002,0.976822878510005,-0.0664309870855486,0,0.0190220224192409,0,0.258106884479218,0.107272734613179,0,0,-0.169498730201616,-0.260332852271156,0,-0.389824453026253,0.305493155241779,0,0
"s__gut_metagenome",0.310873427971177,-0.320042990653837,-0.250678468099966,-0.296890271091047,0.60406221662321,-1.01971581080523,-0.76102227740244,0.24096832468669,-0.329216201779148,0.5808940114296,-0.100514425240261,-0.065409836436034,-0.173457244066347,-0.0206107735662179,0.0691038786574797,-0.214154490171431,0.0469365350180362,0.226343058431967,0.366538727009624,0.390625786780184,0.407557855184077,-0.54096536244885,-0.244279141779578,0.186171880153366,0.114162626485893,-0.22287209596826,-0.160618156578499,0.314985493017968,0.0235148095970542,0.327767291889569,0.364286916947909,0.122759709264166,0.346837854048542,0.364125538586456,0.182251806318233,-0.0556262117057427,0.588616979813243,0.0480893699858213,-0.0510948621859365,0.178590663316656,-0.171923018203781,-0.0806902672652787,0.224768640734073,0.168074483523069,-0.203027160614434,0.303327402202293,0.0779463052834824,-0.0963534754296401,-0.54758755744486,0.213065393992423,0.726272022538977,0.0475126113559751,0.374518122915074,-0.639905449044346,0.128241760000146,0.274354279820556,0.103673427028803,-0.0826865898739105,0.0346764312459055,0.0351561642684966,-0.547301562476179,0.678553418935738,-0.0994634110734273,-0.12383687808449,-0.147366454753602,0.147040612820733,0.456809634117895,-0.830009121820286,0.479864267060663,-0.195332462593363,0.00608242398075459,-0.403519402834476,-0.741823938381957,-0.14181511365829,-0.0665665572703488,0.966565863634677,-0.520399012755858,0.241263500833254,-0.098163145255516,-0.445309561749448,-0.222720966799081,0.120931169917921,-0.360893357852918,-0.327726184817629,-0.270547852788259,0.110724677235917,0.122944918741664,0.58127634299137,0.291251713239507,0.321945150039556,-0.0957556507916534,-0.213857156977915,0,-0.159339120322811,0.0369625810318636,-0.0841050832471757,0.654171183960834,0.0858082576949425,-0.146298775599929,0.636712510324203,0.0210378137713544,-0.157285195996305,-0.300111554975187,-0.444293889562226,0.0704540256701927,-0.0712754391710684,0.241464833734898,0.249224626264365,-0.207017213102041,0.325809981805432,0.123893590770164,0.280725321390716,-0.12501732095278,-0.295705988074275,0.229926294247425,-0.19958707374679,0.133877578712054,-0.42552310376447,-0.110538583960328,-0.19000281450501
"s__human_gut",-0.31155145826839,-0.39782868298422,-0.0942134641062314,-0.426846007375111,-0.0654978658601265,-0.364314847837779,-0.377568527656759,0.282762981267091,-0.397348705556611,-0.0344661396886228,-0.167623999109475,0.00728835013121057,-0.0520892859571387,0.1205262448669,-0.178007005541971,0.0998477560632544,0.0102374106689899,0.041683442016797,0.225487924805068,-0.126992497757247,0.0527561847428209,-0.758165985795081,-0.137673990591103,0.0675371014647687,-0.0474185794134196,-0.203709628641923,-0.116698919863175,0.0734380786213134,-0.00287174738997618,0.605364926208031,0.197043879127901,0.157057880904978,-0.160297977003831,0.685118566725088,-0.193762660714438,-0.236613974941998,0.00434521855997475,-0.231740810150441,-0.530091156019208,-0.257980060108428,0.0850494506221443,0.216425531411257,0.504051332147131,0.18654941494536,-0.576036264648067,0.222721860760173,-0.209292780432918,-0.306379509911625,-0.639230120690687,-0.301031171315368,0.654221726592046,0.416753139335407,-0.620790105279603,-0.0842018357871362,-0.253077772687861,0.538212422658495,0.157389340745537,-0.097847070943747,0.281848081613263,-0.19686637435496,-0.612562757546804,0.239851434879907,-0.11743358697455,0.0843760393431378,-0.330265512496276,-0.218632073289356,-0.105190065757473,-0.500283326277447,0.140382710869936,0.233883142898343,-0.0476080911054464,-0.435232784406858,-0.0530465454460085,-0.373152525420164,0.442556320231514,0.222720700042459,-0.45857599255355,-0.143759980185643,0.130205000320571,0.517825762289573,0.299134773153451,-0.0377620175109791,-0.370485369211237,-0.020187949062937,0.120650095743618,-0.280391397986662,0.210334833184757,1.01590580903248,0.332195277245393,0.140412255429258,-0.0466055150535091,-0.497348984647371,-0.159339120322811,0,0.388037774513019,-0.216707515857622,0.64637596856252,0.107971611409228,0.0220104911649704,0.368321696696197,-0.0271109822099554,0.46845345589751,-0.312502766695192,-0.413642950913502,0.0835313621137558,0.124036158492482,0.116178449914599,-0.00961684695658549,0.223485722127718,0.0016237903685634,0.0794301089721257,0.653965490775523,0.346262024554809,0.328314323053995,0.481947092765619,-0.58502826684391,0.262964903645342,-0.0279526616937302,-0.172784368725912,-0.253303332180555
"s__Lachnospiraceae_bacterium",-0.313713723533041,0.35465291233611,0.181856120846607,0.120520318082831,0,0.436310672082099,0.195040246361774,0.144176723173094,-0.275565109864664,0.398478612680927,0,-0.316078628864361,0,0,0.192179479609988,0.21719807432848,0.550417732934371,0.0983850369916241,-0.486809132988726,0,0.607279210622499,0.484224712479891,0.228168714611072,-0.54419239652621,-0.0320425976324824,-0.0518723732552233,0,0.0861102733464722,0.509984641271797,-0.495785254624613,-0.927097356068661,-0.327375094454576,0.382989656441552,0.132563344870236,-0.0791708922265508,0,0.738567626437093,-0.408326023938946,0.0611417771135929,-0.02633475349569,-0.173608128341286,-0.20176595932904,0.599658027592116,0,-0.0483869005610555,0.046944111393959,0,0.297716082508591,-0.124729323373423,0.142906684347124,0,-0.489940298706619,-0.109267261553018,0.252280403005916,0,-0.500104528980585,0.5254052765222,0.0171737210753363,0,0,0.23799855024954,0.218648409815663,-0.224538731778186,0.361177804886967,0,-0.337633055564272,-0.0619501317244292,0.0675732788798872,-0.304085434190289,0.712092262747188,0.836119041887517,0.383306665463808,0,0.296376593522578,-0.109267261553018,0,0,0,0.289694595459427,0,-0.0157981964319718,0,-0.364541100403614,0,0,0.540187514158789,-0.464039655566147,0,0,0,0.250600779232116,0,0.0369625810318636,0.388037774513019,0,0.232705842329112,0,0.201842587617429,0.307317688885442,0,0,0,-0.342812240584743,-0.396207153960866,0,-0.16530460712821,-0.408326023938946,0.12567244956885,-0.132563344870236,-0.653390767012315,0.839854956359676,0,0,0.154292166416817,0.0948639549592637,0,0.0391893002157621,-0.132919577618402,0.281949050039026,0
"s__Massiliprevotella_massiliensis",-0.347437463337878,0.0440088148619689,0.128473472210718,0.0905049106498053,-0.181847944390287,0.065932278479077,0.343538440105172,0.385621808373293,0.262837093052961,0.145482827536954,0,-0.0709365659994164,0.730106324379362,0,0.299467573492557,0.0598440242826317,0.126551188274241,-0.314174251797467,0.289209760902614,-0.597996332115116,0.082255765755976,-0.447336464863898,-0.645440362905963,0.176149829106177,-0.200397316386157,0.101712513871311,-0.771659415169558,0.26089636187562,0.538593699170984,0.0785340170764856,0.0564442086328805,-0.00555678670207572,0.2050096856581,-0.69965217066062,-0.0982022608626257,-0.206393192727267,0.342262907466236,-0.246722294893523,-0.0623618007278017,-0.00122477638566434,0.104964484576853,0.104376117601626,0.274473411215891,0.00500824102422031,-0.139147180958447,-0.279904262496675,0.191880713330014,0.381462465284903,0.237855176091521,0.260254322216563,0.241404017022321,0.317373653155642,0,-0.368460339918463,-0.207571293833324,0.0969043613671445,0.320839315568682,-0.166002293340663,-0.918392355949477,-0.420993391936129,0.177163920426393,0.317420339250329,0.438617032956085,0.322134310243145,-0.0493238647752735,-0.118681805686751,-0.177787020499743,0.367943872877922,0.251573608589124,-0.591982413430871,-0.0658346642665409,-0.682800529390451,-0.0431371419605796,-0.126717422375664,-0.0210378137713544,-0.158143145257412,0,0.0925157265430062,-0.00459620256964511,-1.03304900298356,0.0169101248449878,-0.283116923548248,0.359358610801802,-0.686755719453055,0.527319580463398,-0.407881322463615,-0.240791261665194,0.289694595459427,-0.109028382132791,0.140185935635976,-0.196908003645748,0.181847944390287,-0.0841050832471757,-0.216707515857622,0.232705842329112,0,0.881029939487518,-0.0516249227418556,0.0368652260890697,0,0.239593285647352,-0.00344389273578189,0.44425062342794,-0.129152411912109,-0.23509387516015,-0.17800633592082,-0.205387160842677,0.350765228717386,0.0232743483498921,0.141937377375848,0.249661034993472,-0.444861506928387,0.027558798756709,-0.370335264485033,-0.243859570680517,0.956429632143948,-0.14331564994103,-0.30589468246562,-0.0993511503275348,0.0976733009324344
"s__Megasphaera_elsdenii",0,0.593674512143115,0.696303630253048,-0.149336808009681,0,0.452899337941512,-0.338892370926463,-0.944935717675533,0.277125909278258,-0.278954089763741,0,-0.732460056503189,0.596785896872324,0,-0.245867211151628,-0.181424727918653,-0.734553177371267,0.384011549504907,-0.617222862454966,0.182521796207804,-0.639688952566003,-0.32398045564751,0.886648594792655,-0.451346136044696,-0.158697860627262,0,0,-0.0344539717869909,-0.0802995294083165,-0.267754510701654,-0.274316029816899,0.625150493765269,-0.593386655461131,0.10042753677634,0.244151009477722,0,-0.373854172746661,-0.436310672082099,0.354824508313214,-0.184232496318078,-0.444352959693983,0,0.68981777657076,-0.0937666051341318,-0.298390826682648,0.0944131783036438,0,0.688624273921401,0.0536530330834307,0.0236945618754631,0.114272820404664,0.899075574550204,0,-0.189465523351332,0.0400755063333015,0.321904060699267,-0.0481729463528074,-0.617940077820228,0,-0.352905941724799,0.379133570125935,-0.48657203648899,-0.571210088567041,-0.140199250091032,-0.636712510324203,-0.586970637060081,0.0906221673675439,0.78369314591483,0.313205870982663,0.871663942438932,0.764941255315082,-0.0267078710071119,0.0937666051341317,0.7418088940704,-0.478285394076543,0.212748423425226,0,0.141247548506692,-0.120045913991762,0,0.854534576036172,-0.0745744103458,-0.203469713429013,0,-0.120823762664984,0.524306144334055,0.340848558670665,0,-0.641758466632563,-0.372305704876064,-0.167920898896376,0,0.654171183960834,0.64637596856252,0,0.881029939487518,0,0.323824130757186,0.447433547251147,0,0.17477148097175,0.100514425240261,-0.55602202712563,0.263288243862779,0,0.549540199185864,0,0.587382517103766,0.408326023938946,-0.342392843640029,-0.253528728374627,-0.144273316358083,-0.0976733009324344,0.344389253904123,0.786411914214907,0,0.179738374683705,-0.141162197998804,0.312986877159591,0
"s__metagenome",0.0433943498002891,-0.111719301657847,-0.25491198493351,-0.556532518444115,0.269046329678449,-0.383846794619489,-0.0807702271208693,0.221921845450878,0.142618269540985,0.145445316990925,-0.928813213736245,-0.153537956143682,-0.252221078908597,0.19144261277214,0.392586801253273,-0.020504650243915,0.389177218649677,0.214348150389746,0.118602075489723,0.384951551532538,0.58751160777905,0.054320621585599,-0.0477967394376869,-0.0251312773218066,-0.222177162785197,0.267807373021676,-0.42680332625841,-0.582393923990676,-0.279906794207299,0.23886254126545,0.238475997766228,0.237091448839207,-0.143119430306512,0.65763999798377,0.478050363501505,-0.134861701798502,0.32192325066976,0.040284680890231,0.16890292222149,-0.0402447448150154,-0.228801576384694,0.521617567643602,0.355786202981915,0.0623231060448385,-0.0899825559979515,0.243361566908023,-0.48505209349652,-0.0884109556053255,-0.217265519016772,-0.243720002813228,0.24046831778108,0.0810999372494592,-0.791629237346148,-0.214404411305059,0.00623727268825708,-0.0478594760061543,0.292585443246383,0.138647503715551,-0.0635843451602885,0.490935081711106,0.062024538774362,-0.322911895933218,-0.244712900867841,-0.141686376087461,-0.488449747163616,-0.125006801265118,0.35388481323939,0.332726686685637,0.150010776899283,-0.236920114001292,-0.0036052245546937,0.0665213817541145,-0.354264551877098,-0.0596194884826618,-0.0515159562587214,0.470226415631736,-0.431081141071535,-0.0605651905352951,-0.592636725598106,0.153028312519389,-0.086955198705066,-0.0807750258235929,0.0831159781038596,-0.240146476064158,0.048946755821647,0.153344289161339,-0.0111219540888464,1.24203887048318,0.44999149847502,-0.289061340834179,0.187434753440399,-0.0585530140904654,0.0858082576949425,0.107971611409228,0.201842587617429,-0.0516249227418556,0.323824130757186,0,0.198508784936458,1.54855258737473,0.0669619440777463,0.631716856915372,-0.111253736694176,0.273749740156372,0.860616188273557,-0.0192605127717301,-0.252641429816264,0.118225241561262,-0.0329473985342459,-0.0195907625798476,0.45106620131895,0.624509006862186,0.103163333679232,0.204726290934079,0.469634753649615,-0.424936815428123,0.129559644860016,0.0549420309473483,0.25097634205881,-0.945750964137934
"s__Parabacteroides_merdae",-0.0344599758178857,0.274213515748816,-0.208826498688278,0.15920114180159,-0.0287092077713842,0.0792371366218232,-0.290010842859484,0.0678539562926819,0.167125835889888,-0.390025275503474,-0.051569342952193,-0.219018298440724,0.597849417362464,-0.699807406716269,-0.0885059627670725,0.0306655220177773,-0.250728137342014,-0.418651455923644,0.0848325571903649,0.12516797635326,-0.196033697775824,-0.240250226088913,0.111879746709807,0.0929229698401791,-0.311661538836903,0.334670247406702,-0.305173870539486,0.582758324675274,0.0773462811524726,-0.137206002151276,-0.130494719635358,0.0235247799807277,0.0655589159289141,-0.42999409770548,-0.300581436284868,0.43418967676614,-0.531180250497401,-0.722034476141003,0.156186962381364,0.233441026222948,-0.201923543713573,-0.0715655358510837,-0.220604407299911,0.0677165731644184,0.639823516518681,0.406937931516098,-0.554980420542011,-0.302450345830713,0.584061760044331,-0.00876240417811791,0.0375435492116598,0.329956700581001,0.723761039117122,-0.949118761989074,0.0397367100686951,0.0328379824976532,-0.4351404303991,0.290244585591381,0.0335055401647665,-0.23377855520988,0.417751887477353,-0.146126491360407,0.337601145050728,0.0949763824856285,-0.226035524043364,0.1405205641076,-0.110968604191843,0.211583244222665,0.226604629813463,-0.152148165837224,-0.661238802894326,-0.24229165688352,-1.08843539373492,-0.0769770160331939,-0.45472764715441,-0.501651813853737,0.552011155276077,0.0746283777700956,0.219427005085983,-0.0425344046795224,0.137468188087663,-0.194192134450876,0.431562371479574,-0.148084457158913,-0.047430477213986,-0.100167378019048,0.0182492753534532,-0.251546050971261,0.220710751729688,-0.296624974186452,-0.257167944379851,0.497115338650769,-0.146298775599929,0.0220104911649704,0.307317688885442,0.0368652260890697,0.447433547251147,0.198508784936458,0,-0.465162101253338,0.0183914427973278,-0.708043057971296,0.260997949402077,0.051470368363608,-0.598921981533589,-0.353137279254474,-0.627871415411004,-0.357680459848259,-0.0483263898582283,-0.172138083144437,0.00773609875212666,-0.864156856889209,0.0727855115573741,-0.558012665806293,-0.389973423399036,0.223055423454578,0.255046355303553,-0.336577069632979,0.209477425831993,0.618945871597105
"s__Prevotella_bivia",0,0.0780606165547292,0.051569342952193,0.432674389441465,0,0,0,0.423971313178082,0,0,0,-0.329924225135565,0,0,-0.25195035863252,-0.641758466632563,-0.369087434870569,-0.259589554579865,0,0,-0.357788764251485,0,0,0.602726067739491,0,0,0,0,0,-0.288905114851404,0,-0.0563867355754152,0.503357302002163,0,0.153056191097613,0,-0.13219189895184,0,0.832300527694053,0.17477148097175,0,0,0,0,0.243967572245489,0,0,0.906512925292311,0,0,0,0,0,0,0,0,0.165840085286047,0,0,0.0953353477310756,0.39262666984278,-0.0861102733464722,-0.239656849971972,0,0,0.026707871007112,-0.955161991031913,0,0,0,0,0,0,1.20019724962734,0,0,0,0,0,0,0,0,0,0,0,0,-0.433780743237677,0,0,0,0,0,0.636712510324203,0.368321696696197,0,0,0,1.54855258737473,-0.465162101253338,0,0.424577371035842,0,0,0.121603050704964,0,0.64805897297936,0,0.0171737210753363,0,0.282746426808889,0,0,0,0.0832205969487902,0.0861102733464722,0,0.501258557395197,0,0,0
"s__Prevotella_buccalis",0,-0.486906751013245,0.278432860956591,-0.372581364734996,0,-0.00572397992947209,0,0.507525439737899,0,0.366856026743476,0,-0.127114394631132,0,0,-0.20119292588232,-0.301860364360123,-0.567197898222521,0.145162481725618,-0.160013062880746,-0.0779105790442258,-0.559748929164192,-0.107272734613179,-0.035943013090607,-0.396880838977144,-0.199454168161291,0,0,-0.709326973475076,-0.197790621773131,0.156491820793478,-0.151967619623447,-0.475199430508116,0.0479694952953663,-0.36108879843156,-0.0772940982491034,0.104072237576797,0.418692378373206,0.380733290476209,0.400149081927007,0.19252344775411,0.0793946868376869,0.167837326899328,0.846341687862592,-0.76610230191678,-0.590120172232079,0.10042753677634,0,0.127829767761378,-0.164365771121383,0.0316053575222724,0.217456239770307,-0.504327977892218,0,-0.557067201117986,0.354238159006167,0.0741167600319723,-0.031078666442545,-0.757187871126124,0,0.4020914343173,-0.264346442813101,-0.0401506432035904,0.13922083506801,-0.0486483624871556,0,0.221216092260906,-0.868051039952795,0.262338616000916,0.0105315779015121,0.0797947771405086,-0.149311397166212,-0.624106662496552,0,0.405436212087073,0.39456903958203,0.349152150164435,0,-0.0630619926085576,-0.479837576755009,0,0.600367572951448,0,-0.0528871762631237,0,0,0,0.325214866912573,0.683334278075788,0,-0.0861102733464722,0.129721546012355,0,0.0210378137713544,-0.0271109822099554,0,0.239593285647352,0.17477148097175,0.0669619440777463,0.0183914427973278,0.424577371035842,0,0.272767751475394,-0.0597846042446064,-0.175217585370391,0,0.182093722259439,0,0.388482628313136,0,0.668042817586249,-0.0105667990905794,-0.215660804282881,0,0.0409946604649336,-0.257779251491128,0,-0.482051247970616,0.168725410337982,0.179699719202092,0
"s__Prevotella_corporis",0,-0.60222321859193,-0.0314153091756935,0.0117638807081313,0,-0.203606946261715,0,-0.31760838424498,0,0.0914433970204694,0,0.146548524828531,0,0,0.0960672923943098,-0.350089634447108,-0.823603468521197,-0.50845627139711,0.0528871762631237,-0.101618537363576,-0.609624342116475,0.667768300802767,0.121192928426167,-0.0768550734947492,-0.168725410337982,0,0,-0.20200485525195,0.296620093830768,-0.593817265758393,-0.166761614675278,0.553994254075064,-0.197056233940419,0.0444115121365136,-0.384438224656316,-0.15693902525347,-0.612129169108006,0.370873153723426,0.542338203154684,0.349625259201699,-0.357034765683037,0,-0.438474552601864,-0.428110848368939,-0.873061090566045,0.2437304892472,0,0.218519041243269,0.127207525456889,0.41837345778495,-0.380119025974634,0.266822154865265,0,-0.132563344870236,0.647005714632724,-0.413936086707545,-0.315100126538238,-0.156029934344379,0,0.395672179112303,0.653709272543686,-0.208274440369152,-0.0724049580082629,0.859178490943654,-0.229100861628187,1.35859929080951,-0.782857282862237,0.10489405805853,-0.563738473121393,0.146832724169603,0.301715464604291,0.13922083506801,0,-0.28966942454389,0.626548424768892,0.459972801624296,0,-0.39456903958203,0.0554200822141473,0,-0.0439598238755489,0,0.0172212861989988,0,0.39456903958203,0,-0.31955179094197,0.60670759263845,0.380974286622964,-0.104072237576797,0.244097875586556,0,-0.157285195996305,0.46845345589751,0,-0.00344389273578189,0.100514425240261,0.631716856915372,-0.708043057971296,0,0.272767751475394,0,1.01167253520093,0.0310617313389548,0,0.290293110428942,0,0.113934233668583,0,-0.144123033283051,0.0900422051492739,-0.203606946261715,0,0.40948323048952,-0.295228002602763,0,0.487665397058204,-0.350527273669972,0.414064378057259,0
"s__Prevotellaceae_bacterium",-0.409618926325562,0.0746721047381911,-0.264459193197186,-0.000472877948390901,0.385789927377207,0.20117897980685,0.761027768538684,0.153082282370909,0.46459614740627,0.125506577716371,0,-0.017021571428678,0.218025710631851,0.126289112432415,0.19395408242556,0.327776052352648,0.25875647277713,0.390683176002455,0.305785780878497,0.391613286924001,0.0361468228495251,-0.260082904626557,0.232644521707317,-0.528381663794198,-0.158563103609402,0.286324639679787,-0.863143058407424,-0.676645240929708,0.245322189048636,0.0329804711786309,0.116383329344883,0.089136050432451,-0.295318686601117,-0.0846462437671856,0.385030094978187,-0.38423085372952,0.0513737341451608,0.390416574347697,0.147564945605212,0.0393243719101294,0.111130834756555,-0.301049149105852,-0.0130069882761114,0.0267307782364276,0.0974090229864573,0.0509773991125395,0.834171674153401,0.597441347560731,0.0810992762052374,-0.148901765298681,0.200449667311407,0.439494701397939,0.331187883282032,-0.0622500808322586,0.789651765598091,0.335371221139022,0.2336052757959,0.287292413255378,0.0154704365597974,-0.668568687727684,-0.317116097437779,0.0706208124918723,0.396228264919291,-0.443989244705248,-0.333161691782742,-0.0398410053118386,0.0192391303211521,0.318655947065817,0.274825112376473,-0.392526449405025,0.666068571507235,0.27605829793881,0.724415742947336,0.236208639068787,-0.114811625477925,-0.029434289129318,-0.0660086752979216,-0.0227755711926971,0.0856648929883888,-0.0394299124245879,0.544955911504818,0.236449599677515,0.673191930183252,-0.305800300271935,1.08540114401592,0.195651991039244,0.0667075853764068,0.0467651565005088,0.00395272187746037,0.645456347869049,-0.116948964777782,-0.655082263254726,-0.300111554975187,-0.312502766695192,-0.342812240584743,0.44425062342794,-0.55602202712563,-0.111253736694176,0.260997949402077,0,-0.0597846042446064,1.01167253520093,0,-0.343515922839418,0.670893475409826,0.081661521615291,-0.00449314754479533,0.45707605391951,-0.224934137413304,0.0704873943291627,-0.45502949186401,0.702990451980815,0.295232234750401,0.00598575312580613,0.468118202857536,0.223037543559403,0.0363809540839731,0.448550183124218,0.698372262842775,-0.87907392325072
"s__Trichuris_trichiura",-0.611438033266903,0.103624845428884,0.495023879144999,0.0399977169432413,-0.0542078735742798,0.397857153675238,0.181442455539347,0.332996597593567,0.258244338784885,0.441095032249122,-0.573334133399773,-0.115084095413324,0.347223613693297,-0.210837160939611,0.0727217411018994,0.158815951088601,0.423060476089603,-0.372068629012774,0.759546990183449,0.0432395340306782,0.263516629416553,-0.176758229849714,-0.0987638219131811,0.355642231802918,-0.264481410440731,-0.242226592867606,-0.70632086646535,-0.314604564321859,0.221052445867418,0.400801492050871,0.33343879090268,0.18995804170239,0.260927505731625,0.358017369055158,-0.0437299772342977,-0.340547467226587,0.616100771955167,-0.115782142979972,-0.0471054241870276,-0.63473629627149,0.571304848823916,-0.227151748709745,0.189394283904843,0.537090098740589,-0.545961318568603,-0.473528136074855,0.71646581845173,0.340584157129748,-0.342898976205564,0.594562419619633,0.317669831285298,0.454883006791899,0.0444115121365136,-0.260816264472875,-0.184513311175043,0.259739887482322,0.208662878395787,-0.573768296139345,-0.157576331140005,-0.966136524456787,-0.385101889431232,0.099519432523181,-0.376226165440616,-0.0498703989570344,0.0902330259162804,-0.375418577488812,0.0122519810432185,-0.450889752080886,-0.190762179414373,0.0335822530724455,0.27172970533418,-0.0816918051775089,0.216760199322584,-0.0518173415897919,-0.0278273272207261,0.0494264948881228,-0.442435652550009,0.329497642012417,0.348185150685607,0.0287926119807464,0.216113790016408,0.452045012821851,0.0162265264327558,-0.287032748972625,1.15722669868504,-0.328887175465313,-0.267548495573127,-0.27624474100645,0.366761185728518,0.309327116476222,-0.400650220145907,-0.0369794332141002,-0.444293889562226,-0.413642950913502,-0.396207153960866,-0.129152411912109,0.263288243862779,0.273749740156372,0.051470368363608,0.121603050704964,-0.175217585370391,0.0310617313389548,-0.343515922839418,0,0.264853143869433,0.0768732881144282,0.522901838206514,0.984002552914295,-0.222796989059797,0.195782126897711,-0.0497276552246597,0.33550600432285,0.463525332942822,0.458713069267288,0.693358747879285,-0.219871919639341,-0.0114067874715256,-0.0683501150328388,-0.455782599510485,-0.988263918731932
"s__uncultured_Alistipes",-0.224512304133357,0.129813878709972,0.107439196784304,0.209023246786039,0,0.522086607252739,-0.108508098926281,-0.0541990400171873,0,-0.203028096271539,0,0.0362788062308932,0,0,-0.817085937929797,-0.273310049593149,-0.140984417730046,-0.748162885671734,-0.726404688649125,-0.0980591457582988,-0.0498070505793171,0.254218411833112,-0.344690595188719,0.264862642905596,0.322652795664665,0.456742441750733,-0.17477148097175,-0.0313766816964918,0.818152110310819,-0.144072176091477,0.286497568585525,-0.513818168159249,-0.0879602778864613,-0.874011596647204,-0.460300393482031,0.343699968898503,-0.698491188988891,1.44696003604183,0.245180436883174,0.581258339595789,0.27243902807946,0.105756926505656,-0.510624409708046,0.202551498932458,0.444709347376565,0.13908896971597,0.134425643632621,0.41897482068936,0.72146063966672,0.67675234851444,-0.354238159006167,0,0.186237347358096,-0.120895979997893,-0.447310033730387,-0.191775643673844,-0.633344244291112,0.156029934344379,-0.650198818315991,0.403648930193602,0.613475668030706,-0.186319749061441,0.827541548031777,-0.179813759051356,-0.0486483624871556,0.000992527595545481,-0.327426418205505,-0.322118295597639,0.0274269430677827,-0.148297659715214,-0.153716576176343,0.450661923732093,0.641758466632563,-0.312900914066676,-0.408326023938946,0,0,-0.464713380112472,0.289694595459427,-0.225386430007483,-0.350760919950366,-0.562305086076403,0.542600920275085,0,0,-0.805373604889904,-0.481143146374643,0,-0.414064378057259,0.156029934344379,0.109982296630373,0.976822878510005,0.0704540256701927,0.0835313621137558,0,-0.23509387516015,0,0.860616188273557,-0.598921981533589,0,0,0,0.670893475409826,0.264853143869433,0,0.335011189897802,-0.181262016919799,-0.110495370559295,-0.225386430007483,-0.0424851247216979,-0.336569457508092,-0.822662760150013,-0.277125909278258,0.0447766204645204,-0.24954161301073,0,0.0781347924934562,0.746230399124895,0.019022022419241,0.100514425240261
"s__uncultured_bacterium",-0.097826934000678,-0.560763024409517,-0.157344300805148,-0.393358060124369,0.248003267721397,-0.518358780617633,-0.415066457467353,0.221449099696786,-0.467945671125674,0.0571677046021871,0.0786902871347767,0.386944968299937,-0.0417005909443866,0.94155679098481,0.28950804581761,-0.207485893292411,0.117432392938872,-0.023008095054915,0.139998027335442,0.261290381277288,0.15685217207572,-0.006783363389281,-0.256297418788616,0.249670072431731,-0.298984070726685,-0.550849155621597,-0.0810317694064338,0.0407208728266902,-0.26408729905208,0.314566302977925,0.417036934052758,0.507604739362998,-0.26710573755199,0.27991344751086,-0.0445561226596087,-0.265147003749149,-0.0124664393170565,0.311034945251489,-0.222768265623172,0.207635473548947,-0.345205911011026,0.516004391089813,0.348374276077853,0.414173244450382,-0.330567044902333,0.0889798414447937,-0.521881797285876,-0.465249967073769,-0.420965712946705,-0.287936794106383,0.0323451281143547,-0.0863302313833977,-0.266322352929691,-0.36601699492592,-0.0686926030116774,-0.028914250551618,0.159736478022825,-0.0354675252904127,0.108588622287471,-0.0936384986953396,-0.0798548490585623,0.127186245139899,-0.314659358550442,-0.165007455587734,0.149260886200327,0.399120260215024,-0.0411037964838821,-0.27713150947081,0.612004331065564,-0.370090672805183,-0.145019560550458,-0.12562966717085,-0.158201185104994,0.0193819793238238,-0.137404819200683,0.397427474226403,-0.461151376997846,-0.00974726218658797,-0.169096449939952,-0.105776235899814,-0.111045931186318,-0.547341546280581,-0.302858669492644,-0.657359767720669,0.146084043010948,-0.0565417043429956,-0.0368428860561328,0.70536676517734,0.139517958117039,-0.116046365245732,0.161743462325245,-0.0664309870855486,-0.0712754391710684,0.124036158492482,-0.16530460712821,-0.17800633592082,0.549540199185864,-0.0192605127717301,-0.353137279254474,0.64805897297936,0.182093722259439,0.290293110428942,0.081661521615291,0.0768732881144282,0.335011189897802,0,-0.288255841813232,-0.030759017006823,0.0497804482992589,-0.106158126097199,0.502181083138332,0.719088107518355,0.317842912139796,0.529454981646179,0.23570734167592,-0.4318337654013,0.133918919776525,0.2206079597768,0.466994698926102,-0.219292801009816
"s__uncultured_Blautia",-0.650221850077085,-0.635082670413081,-0.702382916709304,0.529462538311633,0,0.114042266919305,-0.302653434065907,0.223077452192733,0.345749514293214,-0.240493905957968,0,-0.299903599578776,0,0,0.489435263942296,1.00534770826745,0.433654598082397,-0.0731790837366223,0.428884563391409,0.124695157412161,0.427846815511671,0.828620899137167,-0.282438968518413,-0.269065180511707,0.124229931169838,0.137888655273509,-0.0953353477310756,0.146994528518554,0.448952157108877,0.328850166215919,0.176491113457617,-0.0549730905967421,0.480871307143278,-0.677020262985588,-0.133269682550978,-0.364541100403614,0.12988706349625,-0.49481113792052,-0.291552900695522,-0.305199746494359,-0.548755136239198,-0.0353191206457114,-0.576006852293992,0.558653882239422,0.0424048367028558,0.238331292300483,-0.323407127888447,0.234203061087745,-0.0494730639798002,-0.191345424889268,-0.472665567530272,0.0885009820752719,-0.0863353402142887,0.273199618739419,-0.493181453877737,-0.159075250390596,0.470216267475044,0.186433225186379,-0.35377708760473,0,0.0354944791851528,0.0969641381776711,-0.475539508911285,0.550589539157903,0.18747452846876,0.101083011877877,0.306993889955345,-0.37230236416158,0.366160319901982,-0.36353969714224,0.361569394270005,0.279807155268068,-0.0136657764120066,-0.12744931131419,0,0,-0.870099080768715,-0.173500642132536,-0.054782907933264,-0.597194356468744,-0.406310294085187,-0.266822154865265,-0.136283029024244,0,0,0.0370792181479159,0.289540791263992,0,-0.120823762664984,0.367861168574918,0.683195288584246,0,0.241464833734898,0.116178449914599,-0.408326023938946,-0.205387160842677,0,-0.252641429816264,-0.627871415411004,0,0,0,-0.00449314754479533,0.522901838206514,-0.181262016919799,-0.288255841813232,0,-0.160055891816969,-0.060540655102242,-0.228876330590132,0.59642855969255,0.47440000202613,-0.881129873675592,-0.476643856044583,-0.669560601800573,0,-0.215012117333641,0.241605651103116,-0.684058342135916,-0.57955050472707
"s__uncultured_Clostridium",0.520837225668788,0.326632058357549,-0.610608611754342,-0.0530627944463442,-0.408015667258065,-0.112266816703715,0.00900179564693544,0.164447886668085,-0.171415597761006,0.142903541534576,0,0.063097706704882,0.593162056106834,-0.370921556211901,0.357264149629191,-0.307393403980425,0.391418408449868,-0.196531310736526,-0.233458332118794,-0.141221405851792,0.554873092706661,0.661579118558389,-0.598817275066755,0.0709539397254859,-0.16797340393589,0.23277480237573,-0.408435204274646,0.00561095659362626,-0.0657881931324676,-0.0884597085196928,0.352045478673106,-0.0753706955941617,0.392539231585757,0.301540584441489,0.689599227679592,-0.427014545978537,0.0482955676857632,0.111577694912532,0.685081068262528,0.0757321775889494,-0.0771175826246388,-0.000256519988084902,-0.252665739102778,0.175548137622295,0.18920401592393,0.833442027806836,-0.180824044102384,-0.0587236792374439,0.225940194267915,0.185994257006701,-0.254703267247046,-0.172240408948048,0.357770059800684,-0.753511866264962,-0.256771991437193,-0.151622708475237,-0.311018942280849,0.307991051549694,0.0305468287964703,-0.352688598499164,0.432845593878122,-0.0897329146662695,0.0352570344961306,0.0361677413273335,-0.271032650941371,0.117428925509272,0.452156702214452,0.214516188472856,0.0542134991446133,-0.217165381034333,-0.225567140364094,0.00751929068979218,-0.364093725460456,-0.16180227544184,-0.474696331930556,0.165362811849557,-0.475267409448053,-0.653046556245439,-0.807653625710266,-0.0170307726980032,-0.535531360295498,0.139122693780553,0.291392580283851,-0.0622085869103996,0.360495979770324,-0.180266141753704,-0.158446305416942,0.316027985259299,-0.663128292831541,0.223766000654757,0.30989000192866,0.0190220224192409,0.249224626264365,-0.00961684695658549,0.12567244956885,0.350765228717386,0.587382517103766,0.118225241561262,-0.357680459848259,0.0171737210753363,0.388482628313136,0.113934233668583,0.45707605391951,0.984002552914295,-0.110495370559295,-0.030759017006823,-0.160055891816969,0,-0.138294086766645,0.237423513945457,0.163906010169597,0.133984521779852,-0.743044695380829,-0.358473839101638,-0.373554180335329,-0.467410295117104,-0.420738957208561,-0.0465081434738197,-0.257946025048347,-0.6992244807431
"s__uncultured_Desulfovibrionaceae",-0.134425643632621,-0.255171908558493,-0.181066329384042,0.405747281080818,0,-0.0157981964319718,0.11451791844388,0.951659096157995,-0.341258197231039,-0.143153804495311,0,0.284221728958425,0,0,-0.0572792878516995,0.536840379074552,0.0980038045989244,-0.114108615942405,-0.0390978555523979,-0.424904349371878,0.420658993109467,0.084877751727178,0.393524129728078,0.108295805671818,0.0968742573217066,0.311025456765154,0,-0.8899414924912,-0.71839269824062,0.364794636841786,0.618076020689658,-0.411050192622545,0.296368742949573,-0.311025456765154,-0.130536742490116,0,-0.197973763724424,0,0.328022227349242,0.171492872287867,0.504064907829922,0.0232506964553327,-0.110717824497468,0,0.613014181008601,-0.00533454259643029,-0.558653882239422,0.365566980130167,-0.137740176072212,-0.757010753434351,0.0861102733464722,0.113476006657124,-0.0779105790442259,-0.322798963051793,0.0897877340200145,0.190243696392537,-0.29511687784832,0.0201877687170061,0.170344353136791,0,-0.088435124931594,0.452072792770365,0.227281495382017,-0.182347273426104,-0.242182348024441,-0.375047974992534,-0.194163456822896,0.104564444183937,-0.239992587787558,-0.44414288086985,0.178343065258963,-0.681003212383914,0,0.128432862369545,0,0,0,0,-0.0236146407560385,0.403648930193602,0.289980036115266,0.643771652651821,0.284857327781642,0.229100861628187,-0.380974286622964,-0.406917118330469,-0.153230836068512,0,-1.3817702604112,0,0.200528207051209,0,-0.207017213102041,0.223485722127718,-0.132563344870236,0.0232743483498921,0.408326023938946,-0.0329473985342459,-0.0483263898582283,0,0,0,-0.224934137413304,-0.222796989059797,-0.225386430007483,0.0497804482992589,-0.060540655102242,-0.138294086766645,0,0.525446159255348,-0.782642173013605,0,0,0.130953482273594,-0.520523777437165,-0.313205870982663,-0.184007567117415,0.410065144557532,0.0579950011827978,-0.191621442942971
"s__uncultured_Dorea",0.372640802922609,-0.14315568277386,0.148079026756555,0.469476674232529,-0.133029618035457,0.21844886372389,0.023683983188548,0.00724751549710048,0.482974404546754,0.0557602967705969,0.00890106003257729,-0.0510512050461925,-0.145104189670035,-0.203875699762969,0.111782687462955,-0.0375826514060006,0.0561951183795496,0.00704465668150065,-0.129834203823381,0.0626853697408024,-0.176901267313395,-0.502211389117606,0.0875659645610721,-0.257957408843543,-0.0179439029081186,-0.157870753315278,-0.400930767128708,-0.331540490335412,0.155743095045057,0.359239773498101,0.0613190294477026,-0.192852642753652,0.241916942580812,-0.0746918237468709,0.170229282159563,0.139402946117043,0.143476764074342,0.0193680332055681,0.224516337109993,-0.10101170442717,0.159233974155673,-0.393879089567881,-0.0836017087893222,0.466477768710333,0.237535199796995,0.0455482989004448,0.104971181812569,0.125293365135126,0.263593752769465,-0.214033490679182,0.037959553503906,0.663858893187262,1.11246541880771,-0.442971411084381,0.0329964464888736,0.0797630385064676,0.0200026646769291,0.265150048024813,-0.212678366007667,-0.168318450000439,0.165311768482391,-0.00693432531510729,0.0492508321337229,0.346263178739781,-0.238736979684863,-0.359486797233154,0.16525561883093,0.112566437890036,0.36778330099437,-0.0234690792867084,-0.0587522469111169,-0.589833852958753,-0.0556686330457375,-0.297949896190775,-0.553522176836881,-0.0970453085082088,0.298082166026699,0.37455011852511,0.0409229180397327,0.190386046519753,0.0850143398062956,0.245095143462597,0.118980874478709,-0.00011689654362329,0.793299304588391,-0.160586802977431,0.120795244951742,0.0376772435349607,-0.488377627277363,0.292462177947374,-0.204859264120809,0.258106884479218,0.325809981805432,0.0016237903685634,-0.653390767012315,0.141937377375848,-0.342392843640029,-0.0195907625798476,-0.172138083144437,0.282746426808889,0.668042817586249,-0.144123033283051,0.0704873943291627,0.195782126897711,-0.0424851247216979,-0.106158126097199,-0.228876330590132,0.237423513945457,0.525446159255348,0,-0.237212178985596,-0.18946720038728,0.128144754513862,0.443097152916876,0.323838413963816,-0.0132168208031948,0.197038863393255,0.0718633687001681,-0.0796925066196458,0.0580978041214889
"s__uncultured_Eubacterium",0.361248858092092,0.307685158247343,0.106347547281125,0.427318749017857,0.877574460827212,0.295271149799531,0.128717001539804,0.00804512572874818,-0.0141303571971259,-0.0395614537555384,0,-0.363105469153336,-0.351208112500631,-0.135636702271033,-0.166189605568827,0.161438566168907,-0.428016040662307,0.0189050152874406,-0.186176900826521,-0.408130700969646,-0.0649709253493649,-0.0871636368713102,0.0989066984819692,-0.419862471926664,0.949263844787662,-0.712020092917179,0.194842591793656,-0.00153788013500011,-0.0152245821010471,-0.229790916884787,-0.177768084038829,-0.447578552606906,0.0520831665417861,0.0565803565219863,0.171330052325538,-0.265641802869675,0.0968171522620494,0.114284333598387,0.0325386901494499,0.200156341123983,0.10435330631408,0.33850938109945,0.234328062698547,0.49825995004391,-0.572493714171946,-0.198632613960402,0.16035466275959,0.322097530135197,-0.0917415186861373,0.141900350153699,0.0128472742125551,-0.0114035351450873,0.410315596860268,0.255571496575908,0.11203040149671,-0.270350232468576,-0.0204932997921756,-0.013742080704148,-0.0980342414603697,0.0255944204715057,-0.0890755755284043,0.0628391494253295,0.231984088350945,0.0761839790224054,-0.748066733295213,-0.556190795096386,0.174064054043813,-0.434725952411911,-0.167902163707753,0.525730135138599,0.844389213262527,0.944011447602425,0.916564305715593,0.225959189184594,-0.186893550095116,-0.0427676271022509,0.257125352803789,0.386333732914827,-0.142486078540397,0.484130430363802,0.0478166970360932,0.112586089020234,-0.0482047650768711,0.43580632976002,-0.156380038174422,0.351300350050443,0.171562695314441,0.0601595848596342,-0.0627776549507075,0.082247111669868,-0.638834133368526,0.107272734613179,0.123893590770164,0.0794301089721257,0.839854956359676,0.249661034993472,-0.253528728374627,0.45106620131895,0.00773609875212666,0,-0.0105667990905794,0.0900422051492739,-0.45502949186401,-0.0497276552246597,-0.336569457508092,0.502181083138332,0.59642855969255,0.163906010169597,-0.782642173013605,-0.237212178985596,0,-0.680709150208367,0.229246265150113,0.567360378771685,0.61142645724179,0.937569229477296,0.0989732068672507,-0.574008378514512,0.187162626659608,0.0579950011827978
"s__uncultured_Lachnospiraceae",0.051569342952193,0.36705168257648,0.593410108108337,0.365037957376946,0,0.652429378293156,-0.0184956563749327,-0.311946925972495,0.0866153238515227,0.573908268563489,0,0.140014369389271,0,0,-0.63454893625536,-0.430221025330992,-0.612780609913467,-1.30581851330873,-0.157806135453491,-1.38484863940219,-0.186541925646352,-0.418006469735877,-0.502414766823813,0.67193957869571,0.719043577790965,0.051569342952193,0,0.154885431591982,0.236708405423111,-0.640405683656213,-0.217170011209858,0.800685071614172,0.0176886497955195,0.427360978005508,-0.554604483999857,-0.0133511981127479,-0.106941494023794,0.120823762664984,-0.0354521209354376,0.193927014575227,-0.425071853612208,-0.285968821826347,-0.286374535458578,0.0793946868376869,-0.390259528824466,-0.490533811345639,-0.277125909278258,0.38432134970349,-0.296174589967846,0.257586795464672,-0.0579950011827978,0.0828639039735337,-0.0692195419543333,0.311025456765154,-0.72829544026932,-0.194093135384401,-0.881332081717232,-0.0954215809426461,0.0630619926085576,-0.120895979997893,0.347417169149483,-0.533795084081358,-0.151876694947488,0.604399127552531,-0.414064378057259,0.129836369148804,-0.113146464173614,-0.645033855896041,0.0793946868376869,0.45775683123738,-0.172737028947673,0.43862640265842,-0.153061918148382,-0.094098843890969,-0.175790916036157,-0.0255944204715056,0,-0.203207489688547,0.903155459934597,0,-0.931806635491939,-0.722822783670675,-0.54365017464207,1.03789172074621,-0.144273316358083,-0.201960938297017,-0.826512957987151,0,-0.436362787472079,-0.138346530731385,-0.6529105442145,0,0.280725321390716,0.653965490775523,0,-0.444861506928387,-0.144273316358083,0.624509006862186,-0.864156856889209,0,-0.215660804282881,-0.203606946261715,0.702990451980815,0.33550600432285,-0.822662760150013,0.719088107518355,0.47440000202613,0.133984521779852,0,-0.18946720038728,-0.680709150208367,0,0,0.399645860532715,0.100455102492457,0,0.52830437885321,-0.537582876339688,0.253842128160627,-0.121603050704964
"s__uncultured_marine",0.191621442942971,-1.02746054374977,0.0298988904854541,0.0402007349430832,0,-0.148066523925395,0,0.200695250986325,-0.183735022189051,-0.379231197377614,0,-0.220775668233505,-0.156029934344379,0,-0.445214160993939,0.409827510043811,-0.025809573317546,-0.672886775503336,0.175597927252741,0.245835383337231,0.179402582406857,0.277208441105769,0.170570020121789,0.582270745882369,-0.321216984760595,0,0,-0.151327639457916,0.312313017741453,0.551220508205543,0.334889495730102,0.406495646986197,0.231263634942907,-0.115244133076238,-0.239186210340866,-0.587094327381306,-0.102533900561771,0,-0.152955689759392,-0.127617969683349,0.593752392350456,0.264656378816196,-0.18277743359124,0.988425503211409,0.253861833800587,-0.581439033743495,0,-0.43116370415248,-0.184836032167888,0.13668814636489,0.387982590625647,0.010332042666725,-0.296620093830768,-0.0738702117085009,0.232945357726722,-0.309654383071634,0.414535634422931,-0.405735143945172,-0.657432873094665,0,0.0965768298349547,0.108925158993092,-0.32935072006015,0.326069582477432,-0.040693030208872,-0.0501227446435576,-0.271978434706389,-0.380733290476209,0.743567984789625,-0.599281148925523,-0.0551643592623415,0.302607060774679,-0.372950302472469,-0.0770065378031398,0,0,-0.277125909278258,0.519824074680461,0.21362476148861,0,-0.0845490803303048,-0.643610439900023,0.00526562305885985,-0.0976733009324344,0,-0.130400241032698,-0.245504864802689,0,-0.0497373673860227,0.116436459268565,-0.360949651621322,0,-0.12501732095278,0.346262024554809,0,0.027558798756709,-0.0976733009324344,0.103163333679232,0.0727855115573741,0,0,0,0.295232234750401,0.463525332942822,-0.277125909278258,0.317842912139796,-0.881129873675592,-0.743044695380829,0,0.128144754513862,0.229246265150113,0,0,-0.139622234380837,-0.995870196961851,0,0.153061932630998,-0.149311397166212,0.0779105790442258,-0.277125909278258
"s__uncultured_organism",-0.020433396502484,-0.440719191076845,-0.00743699728128255,-0.332252742470373,0.700494485459172,0.0999938627232006,-0.132043355131158,0.773978049879182,-1.10210463720911,0.183509704426593,-0.944524064157256,0.275278395281203,0.00248461926897195,-0.439286764932857,0.187643850658722,-0.53385789542945,0.0738984923849409,-0.480892696929168,0.218789600002519,-0.445750988445241,0.476560248162102,0.260233593812003,-0.354179910665505,0.41756222356972,-0.698080189926495,0.137913693482661,-0.519941534650377,0.220707685562982,0.00588262322564001,0.505830672856982,0.441849277652573,0.0564099499429268,0.496874825068186,0.874625959997238,-0.187505910659454,-0.726186058642956,-0.0532665260097626,-0.0398091373197236,-0.208250017390891,-0.24986164037388,0.437863059630174,-0.0866091917523668,0.242233063879124,0.123532935890168,-0.140190246164198,0.0710413179192185,0.302569995531452,-0.399734748993113,-0.365224582561157,-0.0641961007391205,-0.0396338369737847,-0.250577503435961,-0.605724855833416,-0.387088709801067,-0.417246118872297,-0.0367926734443449,-0.295605550139957,-0.403281148399397,0.325645846126626,0.316149362320596,0.0320987553154185,-0.0590025978023845,-0.0175467346025473,-0.262236081184033,0.565553832880502,0.109381601759296,-0.165742176443121,-0.508553637761906,0.369294230985897,-0.0879403807086256,-0.362430331296652,-0.45119453033318,-0.606807063610989,-0.0235561742839694,0.0523859678331933,0.16777145688521,-0.59798332500329,-0.489821220266685,-0.634290934843836,-0.123615525664803,-0.474402626326618,0.138781628011235,-0.422832254231491,-0.17250493097132,-0.478042711766942,-0.167265677984763,-0.289694471426616,0.250353663611266,0.232774082981791,0.376547571850334,0.471907902650076,-0.169498730201616,-0.295705988074275,0.328314323053995,0.154292166416817,-0.370335264485033,0.344389253904123,0.204726290934079,-0.558012665806293,0.0832205969487902,0.0409946604649336,0.40948323048952,0.00598575312580613,0.458713069267288,0.0447766204645204,0.529454981646179,-0.476643856044583,-0.358473839101638,0.130953482273594,0.443097152916876,0.567360378771685,0.399645860532715,-0.139622234380837,0,-0.378817994492573,-0.960722979020347,-0.477525607503199,-0.114174503997346,0.0014315133002598,-0.808162707903981
"s__uncultured_prokaryote",-0.105852580349738,-0.106117624443862,0.111434901029682,-0.333330220295677,-0.292235630481721,-0.409597005320659,-0.490088067388849,0.177535991518373,-0.455107556393278,0.201833915445252,0,-0.180992693360576,0.210958917938418,-0.225386430007483,0.411005018908003,-0.608165160737609,0.0249859745086709,-0.361515843334202,-0.206923004058575,-0.307119306690107,0.677643865549174,0.49800896040338,-0.190501029129311,0.691161126807017,-0.458577819708154,0.384793658497747,0.0545395430475666,0.803653122149598,0.190939891997395,0.181991333858776,0.27295263848147,0.480093140975611,0.708534621954115,0.157995633373092,0.157418917570861,-0.477479191266462,0.0626868620446639,-0.241588040555461,-0.0959604249522617,0.0425430949375138,-0.0998302671803924,-0.368531102951285,-0.0883219346357967,0.263868383415997,0.115116205104457,0.531966022461055,-0.633681424338243,-0.281096280255753,-0.073308150670029,0.616585843364939,-0.3219278093907,0.127582337892052,-0.341528655432089,-0.451454580380291,-0.303401970967444,-0.396961890805639,0.13624260922036,0.0102004851287836,-0.562100440676121,0.0238840830802454,0.256000518993596,0.203691490109835,-0.0463699691731525,0.469111161837925,-0.252443568680791,0.414775354865581,0.194185469919315,-0.296064583413967,0.208304649399635,0.29194557981823,-0.175383478350841,0.0546873589600695,-0.591129542293447,-0.139874275659626,-0.0231995075338644,0.114748948416339,-0.235380750788899,-0.415084549707644,-0.516578439117137,-0.205535435712586,-0.614142259770866,-0.279980599861481,-0.314080765682422,-0.53536578898756,-0.288672154682517,-0.0776406593890223,-0.303843260371078,0.116823892348306,0.203321872273172,-0.266891029881556,0.481486739432987,-0.260332852271156,0.229926294247425,0.481947092765619,0.0948639549592637,-0.243859570680517,0.786411914214907,0.469634753649615,-0.389973423399036,0.0861102733464722,-0.257779251491128,-0.295228002602763,0.468118202857536,0.693358747879285,-0.24954161301073,0.23570734167592,-0.669560601800573,-0.373554180335329,-0.520523777437165,0.323838413963816,0.61142645724179,0.100455102492457,-0.995870196961851,-0.378817994492573,0,-0.524992468114522,0.0273585387159388,-0.297637868349075,-0.131206069819797,-0.818084332399959
"s__uncultured_Roseburia",-0.509984641271797,-0.0304526981880778,-0.705420075832278,0.609612528001707,-0.191621442942971,0.367533329526736,0.175597927252741,0.209892370246624,-0.663147180559945,-0.704462919946845,0,0.282815202196138,0,0,0.674904349919517,0.146477675451919,0.104106652724798,-0.376573495550055,0.15693902525347,-0.051569342952193,0.118937167231063,-0.249163880497786,-0.371592948999081,0.149186895657781,0.620297843625612,-0.051569342952193,0,0.120895979997893,0,0.232966758397829,0.491578159146569,0.445255917880676,0.455917653158785,-0.215660804282881,-0.137149169582837,0,-0.586471206323594,-0.589916444997966,-1.38459546877738,-0.356823729341537,0.100204965204191,0.0976733009324344,-0.308489237821964,0,0.042451606374943,-0.244882513386688,-0.252280403005916,-0.769166485673413,-0.602376160862689,-0.628497265194253,0,0,0,0,0,0.612769545546756,0.784792625108573,0.148066523925395,0,0,-0.0216665321493615,0.277354898150213,0.00846032463414177,0.345914065352363,0,-0.0453654715025887,-0.395588601854057,-0.419517989847914,0,-0.338223002540657,0.125915996702445,0,0,-0.144414095763473,0,0,0,0,0.167837326899328,0,0.371987319559136,0,-0.182417457661087,0,0,0.0267078710071119,0.382517418457747,0,-0.354238159006167,-0.422254138712609,0.262920687512506,0,-0.19958707374679,-0.58502826684391,0,0.956429632143948,0,-0.424936815428123,0.223055423454578,0,0,0,0.223037543559403,-0.219871919639341,0,-0.4318337654013,0,-0.467410295117104,-0.313205870982663,-0.0132168208031948,0.937569229477296,0,0,-0.960722979020347,-0.524992468114522,0,0.103537709385637,0.00532294653529984,-0.424577371035842,0
"s__uncultured_rumen",0.0419210042077406,-0.425104520992648,0.0509172689559628,-0.376435483345657,-0.236607399675893,-0.520608058557909,-0.362668922210708,-0.0759739225322302,-0.321583776997317,0.0518939417275989,0,0.121067585021811,-0.627838290800933,0.106378385298408,0.00713605790234118,-0.0851263421261018,0.0089788807021404,0.170332217944934,0.0631835950837733,0.379675435826764,-0.0912208785947023,-0.474353317406956,-0.0770127612438573,0.177437355191509,-0.020083187393571,0.238375102125933,0.198711775482652,0.334644122179286,0.218297968433086,-0.0353264126882174,-0.00615754702739756,0.143790552981921,-0.112201493360658,0.532254835246986,0.0413800169757546,-0.206973225426158,0.156987365606077,-0.577050160952721,-0.20658003995591,-0.127858347291964,-0.487304862741945,-0.341744342865693,0.250889920325591,0.349688110742274,-0.149837865035482,0.292915105069048,-0.675825988689119,0.0582207220063062,-0.0340516159149765,-0.0821416166007214,-0.12901590057263,0.126178932754919,0.217380964769297,0.14526201285695,0.371173988064365,-0.323521973828343,0.585372349259563,0.431669082573821,0.435848611509559,-0.0632005645384447,-0.0767702005827444,0.240600161462317,0.105496754510298,-0.16216168052382,-0.101545483863958,-0.264060263464397,0.334533079113093,-0.0255856278692613,1.17115328535906,-0.230582407564419,0.711962981979956,-0.291981640188396,0.225605335224199,0.107121756893646,-0.22727981805491,-0.185474264284381,-0.255626868556991,-0.144973099518842,-0.3667974273715,-0.202440437401186,0.281196383048551,-0.00534527328335743,0.0858364500617814,-1.05668090054698,-0.199948948973557,0.0481066666536739,0.047077395514322,0.480309554290972,-0.496406579442426,0.0788914864350122,0.191058268725819,-0.389824453026253,0.133877578712054,0.262964903645342,0.0391893002157621,-0.14331564994103,0.179738374683705,0.129559644860016,0.255046355303553,0.501258557395197,-0.482051247970616,0.487665397058204,0.0363809540839731,-0.0114067874715256,0.0781347924934562,0.133918919776525,-0.215012117333641,-0.420738957208561,-0.184007567117415,0.197038863393255,0.0989732068672507,0.52830437885321,0.153061932630998,-0.477525607503199,0.0273585387159388,0.103537709385637,0,-0.141171859139218,0.200812629972475,0.0898330522752256
"s__uncultured_Veillonellaceae",0.487179328983361,0.140024132726173,0.243464613991326,0.116885966573869,0.304592762006558,-0.397230919504191,0.460520800502423,-0.195365813860855,0.0968196194032044,0.166069432619723,0,0.217933793378947,0.00946004711162554,0,-0.0898337939973343,0.187428889059895,-0.210717787752622,-0.414850011319678,0.418705778046346,-0.438682282123839,-0.105633534230808,-0.00202507154349937,-0.233784308970256,0.0454961528177056,-0.337119410099104,1.00675023788698,-0.142881829424507,0.357268085197463,-1.08352416107739,-0.539320325311242,-0.0400742707519438,0.313274108372986,-0.0682438136264729,-0.114385422431584,0.258367046419148,-0.0803110212461818,-0.372549122576288,0.470379748942375,0.311866233420054,0.120589127611782,-0.394844140201116,0.239921200317457,0.23234100047041,-0.527818834721069,0.352124386252344,0.308103773463895,-0.0671823882431112,0.047384858235103,0.217711131381069,-0.115960799432066,-0.275290492827186,-0.214047624041348,0.00667525703314239,0.134977679456261,0.488365039765467,-0.24677487800403,-0.329868907958204,0.10361764187756,-0.297011055885977,0.295012818069554,0.247685867353214,0.31023870256509,0.376249427464687,0.113852737791913,-0.134972578838404,0.23834242015494,0.199608184333758,0.614629926523141,-0.13254469454601,-0.396715366497756,-0.126377965468467,-0.36610997994799,-0.30227748568545,0.0555771316274328,0.380360399846911,0.165473265283357,0,-0.123652842084856,-0.244762349817133,0.618887594072527,-0.461202941971824,0.120333326753165,0.365231407931327,0.102751309227131,-0.409894428355004,-0.348955191572002,-0.555813051080008,-0.134425643632621,-0.182157782302702,0.13611380610868,0.005209041504569,0.305493155241779,-0.42552310376447,-0.0279526616937302,-0.132919577618402,-0.30589468246562,-0.141162197998804,0.0549420309473483,-0.336577069632979,0,0.168725410337982,-0.350527273669972,0.448550183124218,-0.0683501150328388,0.746230399124895,0.2206079597768,0.241605651103116,-0.0465081434738197,0.410065144557532,0.0718633687001681,-0.574008378514512,-0.537582876339688,-0.149311397166212,-0.114174503997346,-0.297637868349075,0.00532294653529984,-0.141171859139218,0,0.16154710260412,1.15817440861759
"s__unidentified",-0.438599954524129,-0.206768059710535,-0.153172544021776,-0.24305128893018,0.624106662496552,-0.625183253593552,-0.088573214225615,0.354155269483875,0.257773395056826,-0.218028826820159,0,0.156433532729813,0,0,-0.333496767635464,0.215098364890726,-0.059840020606645,-0.175211727189163,0.582897145818514,0.556415028730147,-0.471866111414218,-0.386474804560316,-0.220426294679673,0.475052811814408,0.0679650310876552,-0.287454934151133,0.125140565613364,-0.634283936697708,-0.298388571246995,0.260331750614332,0.108166539149902,0.180906784246847,-0.386356899653454,-0.268471507194105,-0.366105349219402,-0.00667525703314234,-0.486206315746062,0.395897971598209,0.232928716731948,-0.00950557724152873,0.0611177000023891,0.0630525815499218,0.551531514940708,0.00275423584390547,-0.0113591620040853,-0.337771069845227,0.175790916036157,-0.161342220356458,0.0839590283064781,0.110407692846904,0.20723130909647,-0.216950884508826,-0.0712113769862723,0.047254863142981,0.91339375386443,-0.226797929046485,0.382924999650072,0.0558910159683125,0.230968912192542,-0.0630619926085576,-0.0733126622330982,-0.176020565306824,0.0729117863808885,-0.157699708058289,0.134758635833628,-0.137135612622236,-0.767004539946092,0.074383619279172,0.615265169165027,-0.558445860968764,0.368760777387216,-0.734117159503723,0.068817872154938,0.129264852181857,-0.052711070317787,0.436310672082099,-0.501258557395197,0.269902789265309,-0.0251867929192929,0.134425643632621,0.452023987328807,0.298805318488826,0.586487914824895,-0.277125909278258,0.252280403005916,-0.399274894807993,0.349665110202243,0.0861102733464722,-0.276183664907911,0.296620093830768,-0.331905940500042,0,-0.110538583960328,-0.172784368725912,0.281949050039026,-0.0993511503275348,0.312986877159591,0.25097634205881,0.209477425831993,0,0.179699719202092,0.414064378057259,0.698372262842775,-0.455782599510485,0.019022022419241,0.466994698926102,-0.684058342135916,-0.257946025048347,0.0579950011827978,-0.0796925066196458,0.187162626659608,0.253842128160627,0.0779105790442258,0.0014315133002598,-0.131206069819797,-0.424577371035842,0.200812629972475,0.16154710260412,0,-0.0937666051341317
"Unassigned",0,-0.513360987538938,-0.402805394743377,0.129276079799674,0,0,0.0267078710071119,-0.462536930711171,0,0.110129461088121,0,0.00548884910851512,0,0,0.101278828643211,0.321616314100426,0.176469165562095,0.36842407454798,-0.224512304133357,0.183735022189051,0.444877985556365,0.122935738914463,-0.0613713854645436,-0.796240065033615,-0.222505700692101,0,0,-0.424577371035842,0.304085434190289,-0.135707051531268,0.226604751210878,-0.0544798760396189,-0.372708980750712,-0.259130743497131,3.69431035174284e-06,-0.048256014992777,1.17106688224621,0,-0.301847268492543,0.329770101792728,-0.5149225951299,0,-0.540507338191718,-0.120895979997893,0.164186151999964,0.0613713854645436,0,0.0765978300821044,-0.134834110853355,-0.197698297727267,0,0,0.00863661408704973,0,-0.256830571047308,-0.0213730642191748,0.199948948973557,0,0.23509387516015,0,-0.385263587196141,0.203207489688547,-0.253435414297032,-0.358726248534158,0,0.38764846558397,0.0111305292882377,-0.266668938870273,0.380119025974634,-0.954629384318592,-0.00215591959163861,0,0,-0.0282902479244293,0,0,0,0.296620093830768,0,0,-0.048256014992777,0.192732554054082,0.218847726703883,0,0,0.480033645824794,0.0839602687701278,0,-0.572218359281192,0,0.709223384711812,0,-0.19000281450501,-0.253303332180555,0,0.0976733009324344,0,-0.945750964137934,0.618945871597105,0,0,0,-0.87907392325072,-0.988263918731932,0.100514425240261,-0.219292801009816,-0.57955050472707,-0.6992244807431,-0.191621442942971,0.0580978041214889,0.0579950011827978,-0.121603050704964,-0.277125909278258,-0.808162707903981,-0.818084332399959,0,0.0898330522752256,1.15817440861759,-0.0937666051341317,0
