"t1","t2","r1","r2","n1","n2","p","BH_p"
"s__Collinsella_aerofaciens","s__Blautia_wexlerae",0.272929439506621,0.49941034954479,149,86,0.052565650645569,0.254397001673871
"s__Blautia_wexlerae","s__Prevotella_copri",-0.282345055632513,-0.447672221989001,139,83,0.177849593968953,0.431025196377188
"s__Faecalibacterium_prausnitzii","s__Prevotella_copri",0.279176906921668,0.251038999202384,139,83,0.827038118451556,0.927955657212039
"s__Prevotella_copri","s__Catenibacterium_mitsuokai",0.406808777943165,0.125339896858884,130,80,0.0347151688294466,0.215111810772751
"s__Collinsella_aerofaciens","s__Dorea_longicatena",0.448100852530383,0.270041039671683,149,86,0.134965688389794,0.371300714463921
"s__Blautia_wexlerae","s__Dorea_longicatena",0.376887357155814,0.269984433227982,149,86,0.383120050207182,0.620607561310645
"s__Collinsella_aerofaciens","s__Mediterraneibacter_faecis",0.277605659350626,0.336459266946554,149,86,0.64169993458671,0.81987704275039
"s__Blautia_wexlerae","s__Mediterraneibacter_faecis",0.32727371666969,0.324911552431718,149,86,0.979984620060757,0.993125234484607
"s__Dorea_longicatena","s__Mediterraneibacter_faecis",0.367455106112824,0.431331666588047,149,86,0.586565241389885,0.775248987371182
"s__Faecalibacterium_prausnitzii","s__Fusicatenibacter_saccharivorans",0.312127698167967,0.101372706259729,149,86,0.10835894591539,0.335697719623155
"s__Dorea_longicatena","s__Fusicatenibacter_saccharivorans",0.28815164157446,0.373781782159536,149,86,0.489351871446493,0.704134345566732
"s__Mediterraneibacter_faecis","s__Fusicatenibacter_saccharivorans",0.271518229639035,0.0960328317373461,149,86,0.185957235704564,0.439523665696216
"s__Blautia_wexlerae","s__Holdemanella_biformis",0.155128693958991,0.396881644223955,148,84,0.0592284876583596,0.268389073557926
"s__Catenibacterium_mitsuokai","s__Holdemanella_biformis",0.465006440532417,0.374517038343074,137,82,0.435498996662984,0.666524721639521
"s__Dorea_longicatena","s__Holdemanella_biformis",0.404146784779575,0.402470385744659,148,84,0.982447034792414,0.993588244632266
"s__Mediterraneibacter_faecis","s__Holdemanella_biformis",0.173904352236088,0.499686139516047,148,84,0.00751919668499236,0.134117881318168
"s__Prevotella_copri","s__Ruminococcus_bromii",-0.282108226462308,-0.0475840644809202,139,83,0.0863780165870666,0.305502311173032
"s__Collinsella_aerofaciens","s__Blautia_obeum",0.219829493923454,0.54826171045804,149,86,0.00456061566883772,0.109029309974668
"s__Blautia_wexlerae","s__Blautia_obeum",0.576597134046798,0.631039199962262,149,86,0.541035720618893,0.743116288443784
"s__Prevotella_copri","s__Blautia_obeum",-0.387702757049019,-0.428193610679652,139,83,0.736655178948759,0.876897597924812
"s__Holdemanella_biformis","s__Blautia_obeum",0.0557457882481852,0.366791535891465,148,84,0.0184473236186008,0.174935012587289
"s__Faecalibacterium_prausnitzii","s__Extibacter_muris",0.282648285869762,0.346837114958253,149,86,0.609583833122015,0.797701218457614
"s__Fusicatenibacter_saccharivorans","s__Extibacter_muris",0.404219118447306,0.199433935562998,149,86,0.0996533711200362,0.320887587342514
"s__Faecalibacterium_prausnitzii","s__Gemmiger_formicilis",0.25354979140214,0.376725317231945,149,86,0.323662568815287,0.571090155282389
"s__Collinsella_aerofaciens","s__Holdemanella_porci",0.287689873489973,0.44104485167561,138,84,0.210799996123511,0.468610980393506
"s__Blautia_wexlerae","s__Holdemanella_porci",0.225163189029861,0.468462083628632,138,84,0.0487288130862996,0.242867229280847
"s__Catenibacterium_mitsuokai","s__Holdemanella_porci",0.363517441860465,0.334769974205766,129,82,0.81602504238405,0.925430804293688
"s__Dorea_longicatena","s__Holdemanella_porci",0.355486096682793,0.455239445175661,138,84,0.400602051927532,0.638105815923475
"s__Mediterraneibacter_faecis","s__Holdemanella_porci",0.220752119345463,0.503573959704364,138,84,0.0198298971707113,0.181130497027004
"s__Holdemanella_biformis","s__Holdemanella_porci",0.536426713912907,0.484782828794168,138,84,0.614086147808633,0.801679239643986
"s__Blautia_obeum","s__Holdemanella_porci",0.204683222638011,0.428753670142756,138,84,0.0765480466539036,0.297641673044626
"s__Extibacter_muris","s__Holdemanella_porci",0.277269520467409,0.0239748911612838,138,84,0.0644518365083763,0.273935615341439
"s__Collinsella_aerofaciens","s__Bifidobacterium_adolescentis",0.326981887800086,0.316028552887735,106,68,0.934505671989532,0.97461511414844
"s__Collinsella_aerofaciens","s__Blautia_massiliensis",0.309909416333194,0.526675786593707,148,86,0.0559909126244747,0.261578298047884
"s__Blautia_wexlerae","s__Blautia_massiliensis",0.472190036907199,0.351686400301901,148,86,0.288871922167601,0.540625624568485
"s__Dorea_longicatena","s__Blautia_massiliensis",0.527795155791321,0.225359686777678,148,86,0.00943045331684225,0.145585547892241
"s__Mediterraneibacter_faecis","s__Blautia_massiliensis",0.286373210630162,0.304759658474456,148,86,0.888320987287602,0.95542659581021
"s__Fusicatenibacter_saccharivorans","s__Blautia_massiliensis",0.275393596582475,0.173262889758951,148,86,0.433744061235007,0.665319280368951
"s__Blautia_obeum","s__Blautia_massiliensis",0.306525947944932,0.329723100146233,148,86,0.856360619422001,0.943011261668992
"s__Gemmiger_formicilis","s__Blautia_massiliensis",0.28424466104236,0.0647294683711496,148,86,0.0992676034384003,0.320653865212621
"s__Holdemanella_porci","s__Blautia_massiliensis",0.370851779382587,0.208443859471499,138,84,0.20592665502576,0.46346974256125
"s__Blautia_wexlerae","s__Coprococcus_comes",0.424190096136405,0.292117552714751,149,86,0.26823528076603,0.521754033118992
"s__Dorea_longicatena","s__Coprococcus_comes",0.51248322147651,0.544148308882494,149,86,0.757369940975231,0.889462933481955
"s__Mediterraneibacter_faecis","s__Coprococcus_comes",0.358157083257754,0.346478607481485,149,86,0.917947355557872,0.966874042977536
"s__Fusicatenibacter_saccharivorans","s__Coprococcus_comes",0.455697442408852,0.432199632058116,149,86,0.825707025621715,0.92756033593777
"s__Ruminococcus_bromii","s__Coprococcus_comes",-0.141324587153926,-0.38498985801217,148,86,0.0571211065798537,0.26510052028086
"s__Blautia_obeum","s__Coprococcus_comes",0.309341556321422,0.400179253738384,149,86,0.454854809449106,0.679515938182222
"s__Extibacter_muris","s__Coprococcus_comes",0.353313985126066,0.229303269022124,149,86,0.322767769944198,0.571090155282389
"s__Blautia_massiliensis","s__Coprococcus_comes",0.433461539885317,0.302099155620548,148,86,0.2674824985642,0.520599078567715
"s__Collinsella_aerofaciens","s__Anaerobutyricum_hallii",0.20125521494649,0.371498655596962,149,86,0.179283757051639,0.431758022706543
"s__Blautia_wexlerae","s__Anaerobutyricum_hallii",0.369849446762198,0.315250719373555,149,86,0.649419852840287,0.825021442363827
"s__Dorea_longicatena","s__Anaerobutyricum_hallii",0.283417377108652,0.368328694749752,149,86,0.494633884227463,0.708769136607602
"s__Mediterraneibacter_faecis","s__Anaerobutyricum_hallii",0.210328314892073,0.364215293174206,149,86,0.22501388325192,0.482132551092431
"s__Fusicatenibacter_saccharivorans","s__Anaerobutyricum_hallii",0.330618538001088,0.15897919713194,149,86,0.183114038540777,0.435497357221115
"s__Blautia_obeum","s__Anaerobutyricum_hallii",0.36423725739162,0.438690504269069,149,86,0.524465226687772,0.730566023852064
"s__Blautia_massiliensis","s__Anaerobutyricum_hallii",0.296612459603831,0.210868437190434,148,86,0.504090912600148,0.714845198537817
"s__Coprococcus_comes","s__Anaerobutyricum_hallii",0.293085434427716,0.435426199349026,149,86,0.235547038748278,0.494533740082618
"s__Blautia_wexlerae","s__Anaerostipes_hadrus",0.309414112098676,0.373253455351668,149,86,0.604754204114083,0.79331605953903
"s__Prevotella_copri","s__Anaerostipes_hadrus",-0.30744001072434,-0.411275765081231,139,83,0.402183931860057,0.638850134719047
"s__Catenibacterium_mitsuokai","s__Anaerostipes_hadrus",-0.410789291914798,-0.0581419755677763,137,83,0.00759241910483623,0.134117881318168
"s__Blautia_obeum","s__Anaerostipes_hadrus",0.148703065481589,0.367177697061182,149,86,0.0891449894913639,0.309656754558584
"s__Holdemanella_porci","s__Anaerostipes_hadrus",0.0376105335978757,0.378151260504202,138,84,0.0108295517221357,0.153262668199278
"s__Coprococcus_comes","s__Anaerostipes_hadrus",0.328935243968801,0.264606821076466,149,86,0.605397876659956,0.793733624793591
"s__Collinsella_aerofaciens","s__Dorea_formicigenerans",0.454402321784872,0.452577951790179,149,86,0.980129992974922,0.993125234484607
"s__Blautia_wexlerae","s__Dorea_formicigenerans",0.436767640123345,0.443426576725317,149,86,0.958659763757525,0.987370747997044
"s__Catenibacterium_mitsuokai","s__Dorea_formicigenerans",0.285245580301305,0.549808992065824,137,83,0.0224900395865545,0.186369267802797
"s__Dorea_longicatena","s__Dorea_formicigenerans",0.582818791946309,0.390254257276287,149,86,0.0636542936921412,0.273795071750365
"s__Mediterraneibacter_faecis","s__Dorea_formicigenerans",0.36823145292944,0.53835558281051,149,86,0.120335030641658,0.351300653970001
"s__Holdemanella_biformis","s__Dorea_formicigenerans",0.425513720815734,0.524572238533968,148,84,0.361771127171549,0.603486221976607
"s__Blautia_obeum","s__Dorea_formicigenerans",0.31928532559405,0.39121656681919,149,86,0.554919113516731,0.752510580198753
"s__Holdemanella_porci","s__Dorea_formicigenerans",0.323526389932167,0.500536600182242,138,84,0.130350206857875,0.36623722335313
"s__Blautia_massiliensis","s__Dorea_formicigenerans",0.385100893250462,0.361856691353366,148,86,0.839747579350985,0.934562986067955
"s__Coprococcus_comes","s__Dorea_formicigenerans",0.33161980772719,0.319213170432568,149,86,0.91522391253836,0.966874042977536
"s__Anaerobutyricum_hallii","s__Dorea_formicigenerans",0.371978958824596,0.338968819283928,149,86,0.77927086322665,0.903575523901187
"s__Collinsella_aerofaciens","s__Roseburia_faecis",-0.0701759477598404,-0.360252842115194,149,86,0.0265060661237122,0.197451590932345
"s__Faecalibacterium_prausnitzii","s__Roseburia_faecis",0.492095048068202,0.252983631303363,149,86,0.0416310193346739,0.233174390052025
"s__Fusicatenibacter_saccharivorans","s__Roseburia_faecis",0.295193179756938,0.0595216755507335,149,86,0.0758974524502771,0.297517581109422
"s__Extibacter_muris","s__Roseburia_faecis",0.537551242517685,0.550129723100146,149,86,0.904795256090839,0.963039730568882
"s__Coprococcus_comes","s__Roseburia_faecis",0.295849809541085,0.0942969007972074,149,86,0.126709458966822,0.360425003628535
"s__Prevotella_copri","s__Subdoligranulum_sp._APC924_74",-0.322074266052996,-0.0947421120797553,139,82,0.0920035964134959,0.313119522683078
"s__Fusicatenibacter_saccharivorans","s__Subdoligranulum_sp._APC924_74",0.0817103913939964,0.398846980652726,148,85,0.0143532456198708,0.163446396313694
"s__Blautia_obeum","s__Subdoligranulum_sp._APC924_74",0.299159315458453,0.206175493453195,148,85,0.470867122807868,0.690243834329181
"s__Gemmiger_formicilis","s__Subdoligranulum_sp._APC924_74",0.28303046232097,0.26953292945085,148,85,0.91208813858651,0.966021283830924
"s__Blautia_wexlerae","s__Methanobrevibacter_smithii",-0.490756302521008,-0.147691197691198,85,55,0.0291460439677175,0.202888448883072
"s__Faecalibacterium_prausnitzii","s__Methanobrevibacter_smithii",-0.451260504201681,-0.57041847041847,85,55,0.368963708263925,0.608767124583747
"s__Mediterraneibacter_faecis","s__Methanobrevibacter_smithii",-0.378639828024233,-0.182683982683983,85,55,0.229215131791553,0.487440612236507
"s__Fusicatenibacter_saccharivorans","s__Methanobrevibacter_smithii",-0.428923197185851,-0.227200577200577,85,55,0.200582428278768,0.457732561944713
"s__Ruminococcus_bromii","s__Methanobrevibacter_smithii",0.3874926714872,0.226984126984127,85,55,0.316327173384084,0.567074334183973
"s__Coprococcus_comes","s__Methanobrevibacter_smithii",-0.43421926910299,-0.369047619047619,85,55,0.65750110674039,0.829912556976741
"s__Dorea_longicatena","s__Oliverpabstia_intestinalis",0.337373258753892,0.29577877662693,148,85,0.734551589464183,0.875306100104804
"s__Fusicatenibacter_saccharivorans","s__Oliverpabstia_intestinalis",0.363567375072648,0.112605042016807,148,85,0.0530120489623944,0.254397001673871
"s__Holdemanella_biformis","s__Oliverpabstia_intestinalis",0.195910055988334,0.437724005264757,147,84,0.052796109856851,0.254397001673871
"s__Blautia_obeum","s__Oliverpabstia_intestinalis",0.132540155550702,0.355872581590776,148,85,0.0860882474894778,0.305502311173032
"s__Holdemanella_porci","s__Oliverpabstia_intestinalis",0.214624111564446,0.492335729472512,138,84,0.0232491834260523,0.188660361314407
"s__Dorea_formicigenerans","s__Oliverpabstia_intestinalis",0.340623461428831,0.324545632206371,148,85,0.891478967352825,0.957384821206385
"s__Methanobrevibacter_smithii","s__Oliverpabstia_intestinalis",-0.413699433261677,-0.252453102453102,85,55,0.304818204001306,0.556425803023507
"s__Collinsella_aerofaciens","s__Bifidobacterium_longum",0.491836096340319,0.293921329918979,139,83,0.0944529100700179,0.318722942175102
"s__Blautia_obeum","s__Bifidobacterium_longum",0.129639394074802,0.362285378447588,139,83,0.0791121310637626,0.301472266942823
"s__Bifidobacterium_adolescentis","s__Bifidobacterium_longum",0.577087817950182,0.510936366759553,103,68,0.550691717406381,0.749437600380113
"s__Dorea_longicatena","s__Phocaeicola_vulgatus",-0.361420316357996,-0.306420114156328,148,86,0.649758052989919,0.825021442363827
"s__Holdemanella_biformis","s__Phocaeicola_vulgatus",-0.252030616022788,-0.357578212007695,147,84,0.406711533362594,0.642185933532581
"s__Holdemanella_porci","s__Phocaeicola_vulgatus",-0.319385069165718,-0.324491242280045,137,84,0.972135953755425,0.991906748949407
"s__Dorea_formicigenerans","s__Phocaeicola_vulgatus",-0.368091005674898,-0.412425114392188,148,86,0.710213711043,0.861627663193757
"s__Catenibacterium_mitsuokai","s__Mogibacterium_kristiansenii",0.5088317809449,0.236468910873848,134,82,0.0248269567732315,0.193968401129788
"s__Holdemanella_biformis","s__Mogibacterium_kristiansenii",0.316761139977956,0.236671053963754,145,84,0.531505749452592,0.73587812533766
"s__Blautia_obeum","s__Mogibacterium_kristiansenii",-0.339340261376161,0.179811683709628,145,84,0.000129715493311151,0.0273030864084864
"s__Extibacter_muris","s__Mogibacterium_kristiansenii",-0.216036844591403,-0.484620836286322,145,84,0.0272952203919654,0.198452987162725
"s__Anaerostipes_hadrus","s__Mogibacterium_kristiansenii",-0.37253188474256,-0.143079882555432,145,84,0.0762450633952561,0.297641673044626
"s__Roseburia_faecis","s__Mogibacterium_kristiansenii",-0.256577704298536,-0.436630555836793,145,84,0.143133104452504,0.380397794599815
"s__Subdoligranulum_sp._APC924_74","s__Mogibacterium_kristiansenii",-0.350783341206109,-0.211460969930141,145,84,0.275965749107321,0.529011265986665
"s__Collinsella_aerofaciens","s__Cyclospora_cayetanensis",-0.288775621258843,-0.34593141185905,149,86,0.64922774167216,0.825021442363827
"s__Blautia_wexlerae","s__Cyclospora_cayetanensis",-0.406758570651188,-0.492202462380301,149,86,0.441860281336886,0.672073201025012
"s__Mediterraneibacter_faecis","s__Cyclospora_cayetanensis",-0.281607110466171,-0.320477381008538,149,86,0.760971788857367,0.892331898458729
"s__Holdemanella_biformis","s__Cyclospora_cayetanensis",-0.263355260478942,-0.491242280044548,148,84,0.0552348839100326,0.259498313888801
"s__Blautia_obeum","s__Cyclospora_cayetanensis",-0.354373299473971,-0.42382187839049,149,86,0.557616358356269,0.754039610378955
"s__Holdemanella_porci","s__Cyclospora_cayetanensis",-0.308475783638402,-0.38706084843576,138,84,0.529958551726938,0.734885806592723
"s__Anaerobutyricum_hallii","s__Cyclospora_cayetanensis",-0.227687284600036,-0.528279635831879,149,86,0.0100899960889452,0.148978653411758
"s__Dorea_formicigenerans","s__Cyclospora_cayetanensis",-0.339060402684564,-0.456672484551158,149,86,0.313595704215529,0.565365682184795
"s__Oliverpabstia_intestinalis","s__Cyclospora_cayetanensis",-0.205791875974043,-0.410748485440688,148,85,0.10192626424769,0.325766192144802
"s__Phocaeicola_vulgatus","s__Cyclospora_cayetanensis",0.268456375838926,0.391952450587292,148,86,0.317757818749882,0.567672279834204
"s__Faecalibacterium_prausnitzii","s__Roseburia_inulinivorans",0.41999429918893,0.47446577668758,148,86,0.627599188735484,0.810863999566575
"s__Extibacter_muris","s__Roseburia_inulinivorans",0.464523556565743,0.531770366526723,148,86,0.522604716341902,0.72880682055953
"s__Roseburia_faecis","s__Roseburia_inulinivorans",0.45824896256344,0.424633237416859,148,86,0.756382220638581,0.889462933481955
"s__Methanobrevibacter_smithii","s__Roseburia_inulinivorans",-0.371526284932578,-0.474386724386724,85,55,0.486570681534887,0.702708782171555
"s__Mogibacterium_kristiansenii","s__Roseburia_inulinivorans",-0.0550582585419619,-0.359501873038372,145,84,0.021870080633844,0.186024486279693
"s__Blautia_wexlerae","s__Ruminococcus_torques",0.37070197714493,0.383480352846832,149,86,0.919496444828613,0.966874042977536
"s__Prevotella_copri","s__Ruminococcus_torques",-0.34003306671433,-0.37783888165904,139,83,0.763829271663582,0.893675275980691
"s__Dorea_longicatena","s__Ruminococcus_torques",0.296949029566479,0.388895702627482,149,86,0.453506717435084,0.679272474416052
"s__Mediterraneibacter_faecis","s__Ruminococcus_torques",0.504469435878832,0.460955705457805,149,86,0.674327800319509,0.840951616395283
"s__Blautia_obeum","s__Ruminococcus_torques",0.378984219118447,0.35347893768574,149,86,0.825786090027679,0.92756033593777
"s__Blautia_massiliensis","s__Ruminococcus_torques",0.305085937875967,0.142544459644323,148,86,0.213037647790875,0.470749244019566
"s__Coprococcus_comes","s__Ruminococcus_torques",0.409051333212407,0.406443700174537,149,86,0.975994541514903,0.992976983620747
"s__Dorea_formicigenerans","s__Ruminococcus_torques",0.303823689461273,0.285532336430964,149,86,0.880394406731105,0.951397470328581
"s__Cyclospora_cayetanensis","s__Ruminococcus_torques",-0.279310720116089,-0.229114580876456,149,86,0.694004505716299,0.855441396114104
"s__Blautia_wexlerae","s__Ruminococcus_callidus",-0.279642929443861,-0.383272795886598,146,86,0.403375343180569,0.639365561712854
"s__Prevotella_copri","s__Ruminococcus_callidus",0.250494707562492,0.37884639603711,137,83,0.316992079479898,0.567074334183973
"s__Anaerostipes_hadrus","s__Ruminococcus_callidus",-0.15148699063943,-0.387857917826313,146,86,0.0647599897565947,0.273935615341439
"s__Roseburia_faecis","s__Ruminococcus_callidus",0.280182776936944,0.265889900467003,146,86,0.907447568030486,0.96411081226968
"s__Cyclospora_cayetanensis","s__Ruminococcus_callidus",0.23410293734877,0.367460729279683,146,86,0.291343279857627,0.542982486909939
"s__Eubacterium_coprostanoligenes","s__Ruminococcus_callidus",0.371436705434316,0.155514042231644,137,83,0.0992941930187478,0.320653865212621
"s__Collinsella_aerofaciens","s__Paratractidigestivibacter_faecalis",0.363182021466905,0.288863035698479,129,78,0.566130008138392,0.759625867338249
"s__Prevotella_copri","s__Paratractidigestivibacter_faecalis",0.297410068230772,0.0564172669435827,123,77,0.0916021463165154,0.312519624188984
"s__Catenibacterium_mitsuokai","s__Paratractidigestivibacter_faecalis",0.436826922123712,0.433198380566802,122,77,0.970254591655899,0.991145697069595
"s__Anaerostipes_hadrus","s__Paratractidigestivibacter_faecalis",-0.330422629695885,0.107474803677335,129,78,0.00206940306887819,0.0837256135749657
"s__Phocaeicola_vulgatus","s__Paratractidigestivibacter_faecalis",-0.300276963926021,-0.372323878652993,128,78,0.583606042541427,0.77312063956085
"s__Mogibacterium_kristiansenii","s__Paratractidigestivibacter_faecalis",0.544476744186047,0.141162634833521,129,78,0.00135862973320659,0.0685616371500049
"s__Collinsella_aerofaciens","s__Bifidobacterium_catenulatum",0.407493061979648,0.171595558153127,93,59,0.128731236344838,0.363249406205181
"s__Bifidobacterium_adolescentis","s__Bifidobacterium_catenulatum",0.292185978578384,0.496093005526968,79,54,0.184245336623487,0.436377212567613
"s__Bifidobacterium_longum","s__Bifidobacterium_catenulatum",0.461958266452648,0.507422559906487,90,59,0.73638219081951,0.876897597924812
"s__Blautia_wexlerae","s__Blautia_faecis",0.450379103936151,0.481484975706401,149,86,0.779823249473313,0.903575523901187
"s__Prevotella_copri","s__Blautia_faecis",-0.386750971893293,-0.512908777969019,139,83,0.265261589072459,0.518020786382843
"s__Catenibacterium_mitsuokai","s__Blautia_faecis",-0.312683181809696,0.0455480458419042,137,83,0.00926169584894534,0.144777145566014
"s__Blautia_obeum","s__Blautia_faecis",0.412911300562307,0.428954195952639,149,86,0.893693213766677,0.957847822311387
"s__Extibacter_muris","s__Blautia_faecis",0.323119898421912,0.168507948488136,149,86,0.230325965363281,0.487440612236507
"s__Gemmiger_formicilis","s__Blautia_faecis",0.279191003083621,0.0693145903108637,149,86,0.114702307808451,0.343906919401275
"s__Blautia_massiliensis","s__Blautia_faecis",0.27272087866527,-0.067993773291193,148,86,0.0118035598578649,0.155628921442454
"s__Coprococcus_comes","s__Blautia_faecis",0.325354616361328,0.18260295296948,149,86,0.265949663167551,0.518481231084586
"s__Anaerostipes_hadrus","s__Blautia_faecis",0.295994921095592,0.304325675739422,149,86,0.951475100852137,0.983609588904214
"s__Dorea_formicigenerans","s__Blautia_faecis",0.128579720660258,0.370442001981226,149,86,0.0606504397818951,0.270009215585479
"s__Roseburia_faecis","s__Blautia_faecis",0.307204788681299,0.0996179065050238,149,86,0.114348743678999,0.343146011790644
"s__Subdoligranulum_sp._APC924_74","s__Blautia_faecis",0.338857690727298,0.283935899941372,148,85,0.656873000481874,0.829736938206459
"s__Mogibacterium_kristiansenii","s__Blautia_faecis",-0.514765391276964,-0.0394249265971449,145,84,0.000148592927202984,0.0273030864084864
"s__Ruminococcus_torques","s__Blautia_faecis",0.330535098857247,0.238492381716119,149,86,0.464553153799608,0.686645616191669
"s__Paratractidigestivibacter_faecalis","s__Blautia_faecis",-0.37871198568873,-0.123205908016035,129,78,0.0602408018811641,0.269165196463275
"s__Blautia_wexlerae","s__Blautia_glucerasea",0.406366769454018,0.50044813434596,149,86,0.394382241967142,0.631319576537471
"s__Prevotella_copri","s__Blautia_glucerasea",-0.321989365029715,-0.391314386465724,139,83,0.578569718218123,0.770008227922649
"s__Blautia_obeum","s__Blautia_glucerasea",0.542100489751496,0.44203028444738,149,86,0.332776676415678,0.575767691900037
"s__Anaerobutyricum_hallii","s__Blautia_glucerasea",0.293277707237439,0.295646021038728,149,86,0.989292429769926,0.994944497409309
"s__Anaerostipes_hadrus","s__Blautia_glucerasea",0.0779466715037185,0.370536346054059,149,86,0.0245786341260226,0.193322353452484
"s__Subdoligranulum_sp._APC924_74","s__Blautia_glucerasea",0.305134061605778,0.34547586476451,148,85,0.749558414997437,0.886176739847665
"s__Cyclospora_cayetanensis","s__Blautia_glucerasea",-0.252055142390713,-0.423991697721591,149,86,0.15968180260867,0.408308232318392
"s__Paratractidigestivibacter_faecalis","s__Blautia_glucerasea",-0.345466234347048,-0.123989934116516,129,78,0.106941477222934,0.333334529864302
"s__Blautia_faecis","s__Blautia_glucerasea",0.381186286958099,0.593527996603613,149,86,0.0420730822158055,0.234504586288744
"s__Blautia_wexlerae","s__Blautia_luti",0.41576274260838,0.454634652577952,149,86,0.734076324339116,0.875306100104804
"s__Mediterraneibacter_faecis","s__Blautia_luti",0.319709776890985,0.186905042690693,149,86,0.300888729108001,0.55245933764144
"s__Coprococcus_comes","s__Blautia_luti",0.313484491202612,0.131015613944054,149,86,0.161757319439778,0.410164948370234
"s__Blautia_glucerasea","s__Blautia_luti",0.246939960094323,0.445105901221756,149,86,0.102225526842609,0.326419300660848
"s__Collinsella_aerofaciens","s__Slackia_isoflavoniconvertens",0.391079645482777,0.475862068965517,147,86,0.454448023705427,0.679515938182222
"s__Catenibacterium_mitsuokai","s__Slackia_isoflavoniconvertens",0.372420208959496,0.378006800722052,136,83,0.968561330832617,0.990155296294105
"s__Dorea_longicatena","s__Slackia_isoflavoniconvertens",0.402677768626888,0.261002877494221,147,86,0.246200005709254,0.503442223619277
"s__Mediterraneibacter_faecis","s__Slackia_isoflavoniconvertens",0.32047087624387,0.420500967026747,147,86,0.405034051557368,0.639831007490027
"s__Holdemanella_biformis","s__Slackia_isoflavoniconvertens",0.366583804939969,0.343241875063278,147,84,0.842930302548065,0.936689181298525
"s__Holdemanella_porci","s__Slackia_isoflavoniconvertens",0.342225489681248,0.565839829907867,138,84,0.0443450479434132,0.237362745014921
"s__Dorea_formicigenerans","s__Slackia_isoflavoniconvertens",0.340826149045327,0.37093259115996,147,86,0.808153837442673,0.920310957419341
"s__Phocaeicola_vulgatus","s__Slackia_isoflavoniconvertens",-0.280225193525686,-0.353667625831407,146,86,0.559206104216335,0.75475266577707
"s__Paratractidigestivibacter_faecalis","s__Slackia_isoflavoniconvertens",0.331309512909723,0.221740285031424,128,78,0.415425095141555,0.650043135306028
"s__Prevotella_copri","s__Romboutsia_timonensis",-0.0429699088106693,-0.394387263976305,123,74,0.0131030737365297,0.161624609637361
"s__Paratractidigestivibacter_faecalis","s__Romboutsia_timonensis",0.323862188853422,-0.00264922870556673,117,71,0.0277625421468883,0.200578534544431
"s__Dorea_longicatena","s__Blautia_faecicola",0.273031017594776,0.258870701448182,149,86,0.908272230618546,0.964355727414998
"s__Fusicatenibacter_saccharivorans","s__Blautia_faecicola",0.356738617812443,0.208189065521959,149,86,0.238946809028992,0.4974201430089
"s__Holdemanella_biformis","s__Blautia_faecicola",0.346631524004487,0.38432722486585,148,84,0.759970318865008,0.891688135986613
"s__Dorea_formicigenerans","s__Blautia_faecicola",0.345459822238346,0.31672248690976,149,86,0.810427574592572,0.921951845525589
"s__Oliverpabstia_intestinalis","s__Blautia_faecicola",0.348441716610461,0.490580418213797,148,85,0.214744200427981,0.470999161458597
"s__Catenibacterium_mitsuokai","s__Bacteroides_uniformis",-0.417711510798706,-0.393459915611814,133,80,0.835085315646175,0.931802366544284
"s__Dorea_longicatena","s__Bacteroides_uniformis",-0.422189418989136,-0.33292053230343,145,83,0.453414332880036,0.679272474416052
"s__Mediterraneibacter_faecis","s__Bacteroides_uniformis",-0.190690442450008,-0.40909281726208,145,83,0.0864905672637184,0.305502311173032
"s__Holdemanella_biformis","s__Bacteroides_uniformis",-0.544883851780404,-0.381662149954833,144,81,0.137543462562861,0.37421832891905
"s__Holdemanella_porci","s__Bacteroides_uniformis",-0.407818052594172,-0.35736224028907,134,81,0.675684289929032,0.841912417777515
"s__Blautia_massiliensis","s__Bacteroides_uniformis",-0.19044289044289,-0.384555644179505,144,83,0.131844838483052,0.368249578575738
"s__Dorea_formicigenerans","s__Bacteroides_uniformis",-0.462974334750433,-0.533667772133832,145,83,0.50806678569543,0.716834713710464
"s__Subdoligranulum_sp._APC924_74","s__Bacteroides_uniformis",0.303544731130938,0.157497197461934,144,82,0.271576095981511,0.524986056256558
"s__Phocaeicola_vulgatus","s__Bacteroides_uniformis",0.636635962840498,0.717182318122665,145,83,0.292481641048345,0.543993706633456
"s__Mogibacterium_kristiansenii","s__Bacteroides_uniformis",-0.430844642322017,-0.174435411020777,141,81,0.0447945395506495,0.237362745014921
"s__Cyclospora_cayetanensis","s__Bacteroides_uniformis",0.289222169737049,0.347466521136812,145,83,0.648482859669028,0.825021442363827
"s__Paratractidigestivibacter_faecalis","s__Bacteroides_uniformis",-0.256782902137233,-0.452358168147642,126,76,0.131188823584357,0.367392804809938
"s__Blautia_faecis","s__Bacteroides_uniformis",0.290875452684617,-0.0506695772637589,145,83,0.0125623934676745,0.160007670871602
"s__Slackia_isoflavoniconvertens","s__Bacteroides_uniformis",-0.314480120818149,-0.409638554216867,143,83,0.439781765630607,0.669800483615437
"s__Blautia_wexlerae","s__Ruminococcus_gnavus",0.563518955196808,0.497315911127883,149,86,0.497499132852353,0.70994856362817
"s__Prevotella_copri","s__Ruminococcus_gnavus",-0.388726037803298,-0.327694051467193,139,83,0.61609995715043,0.802563542666791
"s__Dorea_longicatena","s__Ruminococcus_gnavus",0.329958280428079,0.151884522854852,149,86,0.168068423119074,0.419963255497818
"s__Mediterraneibacter_faecis","s__Ruminococcus_gnavus",0.361320515146018,0.250568423038823,149,86,0.372329537742321,0.611577141395837
"s__Blautia_obeum","s__Ruminococcus_gnavus",0.425184110284781,0.454917684796453,149,86,0.7954285360186,0.912738984106762
"s__Blautia_massiliensis","s__Ruminococcus_gnavus",0.383198155010236,0.290419359403745,148,86,0.444751361439504,0.673626924949021
"s__Coprococcus_comes","s__Ruminococcus_gnavus",0.513321240703791,0.422142553894052,149,86,0.391962541865961,0.629005684310331
"s__Anaerostipes_hadrus","s__Ruminococcus_gnavus",0.381374931978959,0.193678947120147,149,86,0.135205505293806,0.371300714463921
"s__Dorea_formicigenerans","s__Ruminococcus_gnavus",0.376237982949392,0.376480022642577,149,86,0.996160386213835,0.998890085259645
"s__Methanobrevibacter_smithii","s__Ruminococcus_gnavus",-0.364021887824897,-0.189393939393939,85,55,0.285356054088683,0.537474368092521
"s__Mogibacterium_kristiansenii","s__Ruminococcus_gnavus",-0.30167690127539,0.108291991495393,145,84,0.00265806902476948,0.0905059344176459
"s__Cyclospora_cayetanensis","s__Ruminococcus_gnavus",-0.330818066388536,-0.302797301759517,149,86,0.816983984249967,0.925430804293688
"s__Eubacterium_coprostanoligenes","s__Ruminococcus_gnavus",-0.295562804414853,-0.281474329373242,139,83,0.90951413739507,0.965078407436485
"s__Ruminococcus_torques","s__Ruminococcus_gnavus",0.500428079085797,0.437973489315534,149,86,0.555502934538078,0.752708665041943
"s__Ruminococcus_callidus","s__Ruminococcus_gnavus",-0.411311733006854,-0.280890608047549,146,86,0.280965040064237,0.533833576122051
"s__Blautia_faecis","s__Ruminococcus_gnavus",0.390694721567205,0.242190669371197,149,86,0.228272928643004,0.486087059816278
"s__Anaerobutyricum_hallii","s__Anaerobutyricum_soehngenii",-0.320928713948848,-0.122996367753196,149,86,0.128973373829096,0.363249406205181
"s__Blautia_faecicola","s__Anaerobutyricum_soehngenii",0.13186286958099,0.348761734044059,149,86,0.0946029420160696,0.318722942175102
"s__Collinsella_aerofaciens","s__Oscillibacter_sp._ER4",-0.227428751377736,-0.411934525213453,145,86,0.138217314947962,0.375161283430181
"s__Blautia_wexlerae","s__Oscillibacter_sp._ER4",-0.516749330814045,-0.617680079249021,145,86,0.285690541370916,0.537474368092521
"s__Prevotella_copri","s__Oscillibacter_sp._ER4",0.326693673343663,0.526090424415432,137,83,0.0846926231175255,0.304982126598084
"s__Dorea_longicatena","s__Oscillibacter_sp._ER4",-0.325826641473784,-0.328270201424596,145,86,0.988817174758084,0.994944497409309
"s__Mediterraneibacter_faecis","s__Oscillibacter_sp._ER4",-0.267481498976539,-0.426237086655031,145,86,0.193742743308259,0.448533015709933
"s__Holdemanella_biformis","s__Oscillibacter_sp._ER4",-0.078389230042513,-0.57436468563329,145,84,3.95718505248488e-05,0.0155434121052311
"s__Blautia_obeum","s__Oscillibacter_sp._ER4",-0.44742953865533,-0.595018632954385,145,86,0.143801478776013,0.381584325239744
"s__Holdemanella_porci","s__Oscillibacter_sp._ER4",-0.062124898621249,-0.514731193682292,136,84,0.000348295678519112,0.0407355371348675
"s__Blautia_massiliensis","s__Oscillibacter_sp._ER4",-0.335061407652338,-0.298249917448936,145,86,0.763835213547771,0.893675275980691
"s__Coprococcus_comes","s__Oscillibacter_sp._ER4",-0.471071484805542,-0.335383744516251,145,86,0.238394355960578,0.4974201430089
"s__Anaerobutyricum_hallii","s__Oscillibacter_sp._ER4",-0.285242481498977,-0.440332091136374,145,86,0.198496139610563,0.455389075464126
"s__Anaerostipes_hadrus","s__Oscillibacter_sp._ER4",-0.328015273185325,-0.407160715128072,145,86,0.51319459299285,0.719564166235784
"s__Dorea_formicigenerans","s__Oscillibacter_sp._ER4",-0.363907258699417,-0.43678475399783,145,86,0.53574229295201,0.73992680540641
"s__Oliverpabstia_intestinalis","s__Oscillibacter_sp._ER4",-0.176905211777673,-0.449306234121556,145,85,0.0289272573040471,0.202888448883072
"s__Phocaeicola_vulgatus","s__Oscillibacter_sp._ER4",0.0750622940278113,0.395877164017171,144,86,0.0135772839292471,0.162159797474217
"s__Cyclospora_cayetanensis","s__Oscillibacter_sp._ER4",0.432341363564793,0.570470305203076,145,86,0.183926770358829,0.436284985276864
"s__Ruminococcus_torques","s__Oscillibacter_sp._ER4",-0.465954180444025,-0.464069059861314,145,86,0.979691658531422,0.993125234484607
"s__Ruminococcus_callidus","s__Oscillibacter_sp._ER4",0.384122919334187,0.397216849851408,143,86,0.916817466116937,0.966874042977536
"s__Blautia_faecis","s__Oscillibacter_sp._ER4",-0.317268934026138,-0.435011085428558,145,86,0.324977839392733,0.571219725917493
"s__Blautia_glucerasea","s__Oscillibacter_sp._ER4",-0.246390332231145,-0.46599367894712,145,86,0.0687341467047122,0.281930300262324
"s__Ruminococcus_gnavus","s__Oscillibacter_sp._ER4",-0.565056683986774,-0.514788433416671,145,86,0.601921530270949,0.790683018564475
"s__Collinsella_aerofaciens","s__Prevotella_stercorea",-0.184781985279056,-0.381697250118303,130,77,0.144660084551609,0.382839361268956
"s__Blautia_wexlerae","s__Prevotella_stercorea",-0.364721626677955,-0.439060939060939,130,77,0.550678005263389,0.749437600380113
"s__Prevotella_copri","s__Prevotella_stercorea",0.777969160104987,0.806452494873548,127,76,0.614488652428481,0.801679239643986
"s__Catenibacterium_mitsuokai","s__Prevotella_stercorea",0.337938630999213,0.0803129445234708,124,75,0.06921313220892,0.282748884106976
"s__Blautia_obeum","s__Prevotella_stercorea",-0.464501768425078,-0.400362795099637,130,77,0.585350699955375,0.774238868133282
"s__Coprococcus_comes","s__Prevotella_stercorea",-0.321842439470702,-0.242021136757979,130,77,0.55133915474304,0.749725327465921
"s__Anaerobutyricum_hallii","s__Prevotella_stercorea",-0.161911264662907,-0.381486934118513,130,77,0.105745655980534,0.33081084115812
"s__Anaerostipes_hadrus","s__Prevotella_stercorea",-0.264777615425583,-0.39797045060203,130,77,0.310218434214034,0.561222822403362
"s__Bifidobacterium_longum","s__Prevotella_stercorea",-0.305195908733281,-0.0884210526315789,124,75,0.129007056364704,0.363249406205181
"s__Mogibacterium_kristiansenii","s__Prevotella_stercorea",0.357356887298748,-5.46821599453178e-05,129,76,0.0113234028575661,0.154197753696049
"s__Ruminococcus_torques","s__Prevotella_stercorea",-0.324650070327329,-0.272306640727693,130,77,0.69158536242163,0.85522551459465
"s__Blautia_faecis","s__Prevotella_stercorea",-0.398926654740608,-0.452521163047479,130,77,0.661345410313634,0.83249153223594
"s__Blautia_glucerasea","s__Prevotella_stercorea",-0.328943451364896,-0.501393343498607,130,77,0.155943600221418,0.403832862320375
"s__Ruminococcus_gnavus","s__Prevotella_stercorea",-0.471100247169837,-0.174904043325096,130,77,0.0223457717169813,0.18605471229115
"s__Oscillibacter_sp._ER4","s__Prevotella_stercorea",0.3465711408167,0.510936431989064,128,77,0.171725406355066,0.424052309821364
"s__Collinsella_aerofaciens","s__Prevotella_hominis",-0.196646393549048,-0.442665123159046,112,72,0.0748312537059824,0.295210567212534
"s__Faecalibacterium_prausnitzii","s__Prevotella_hominis",0.150092254074555,0.399832786674384,112,72,0.0791655009560117,0.301472266942823
"s__Prevotella_copri","s__Prevotella_hominis",0.687549116752657,0.667181169207023,112,72,0.798628136993544,0.9154940543736
"s__Catenibacterium_mitsuokai","s__Prevotella_hominis",0.331675669496127,-0.0242459322142903,108,72,0.0178022360183191,0.174935012587289
"s__Blautia_obeum","s__Prevotella_hominis",-0.376456418491817,-0.26963148755547,112,72,0.436673023034102,0.667133952116515
"s__Methanobrevibacter_smithii","s__Prevotella_hominis",-0.150877869959483,-0.485610859728507,72,51,0.0463317727313016,0.241102185683687
"s__Eubacterium_coprostanoligenes","s__Prevotella_hominis",0.327988796478893,0.0166891761528073,108,72,0.0374523806908014,0.221684573486516
"s__Ruminococcus_torques","s__Prevotella_hominis",-0.334523524789012,-0.238922117177954,112,72,0.497137395591827,0.70994856362817
"s__Blautia_faecis","s__Prevotella_hominis",-0.256901971503741,-0.426458293137822,112,72,0.214585885282862,0.470999161458597
"s__Blautia_glucerasea","s__Prevotella_hominis",-0.306061434380018,-0.43124959804489,112,72,0.350669654531558,0.591733533824351
"s__Ruminococcus_gnavus","s__Prevotella_hominis",-0.333737656746506,-0.166345102578944,112,72,0.245161617394924,0.503349732669339
"s__Oscillibacter_sp._ER4","s__Prevotella_hominis",0.253667953667954,0.388610200012863,111,72,0.332836921051839,0.575767691900037
"s__Prevotella_stercorea","s__Prevotella_hominis",0.630283803481094,0.669915143032106,108,70,0.669256455689966,0.837544742037042
"s__Collinsella_aerofaciens","s__Roseburia_intestinalis",-0.0681262470524216,-0.357252700599085,149,86,0.0271935835759759,0.198452987162725
"s__Faecalibacterium_prausnitzii","s__Roseburia_intestinalis",0.28183566116452,0.266323883202038,149,86,0.899354127362827,0.960818038403743
"s__Extibacter_muris","s__Roseburia_intestinalis",0.50052602938509,0.371574130855229,149,86,0.243713122286636,0.501573565256577
"s__Coprococcus_comes","s__Roseburia_intestinalis",0.271663341193543,0.207283362422756,149,86,0.617612025565757,0.80331609528012
"s__Roseburia_faecis","s__Roseburia_intestinalis",0.475258479956467,0.494183687909807,149,86,0.86461793259007,0.946647905182187
"s__Roseburia_inulinivorans","s__Roseburia_intestinalis",0.423200079959428,0.581602905797443,148,86,0.124714776758117,0.357611865315889
"s__Blautia_faecis","s__Roseburia_intestinalis",0.307687284600036,0.21388744752111,149,86,0.462664108811007,0.685198304056833
"s__Collinsella_aerofaciens","s__Ellagibacter_isourolithinifaciens",0.170462049813037,0.357196094155385,140,86,0.150395498719955,0.392702000927911
"s__Roseburia_faecis","s__Ellagibacter_isourolithinifaciens",-0.30867901423542,-0.252077928204161,140,86,0.656687377889289,0.829736938206459
"s__Mogibacterium_kristiansenii","s__Ellagibacter_isourolithinifaciens",0.407452275261857,0.276946441227093,140,84,0.289750901717453,0.541725802702567
"s__Roseburia_inulinivorans","s__Ellagibacter_isourolithinifaciens",-0.0495025256390632,-0.392027925845559,140,86,0.0091527667322032,0.143727693114369
"s__Paratractidigestivibacter_faecalis","s__Ellagibacter_isourolithinifaciens",0.386702298113899,0.1962467911835,128,78,0.152760917981666,0.397386381950795
"s__Blautia_faecis","s__Ellagibacter_isourolithinifaciens",-0.316398066956769,0.0499929241945375,140,86,0.00683200298883003,0.126318592895626
"s__Slackia_isoflavoniconvertens","s__Ellagibacter_isourolithinifaciens",0.405585593636892,0.546676730034436,139,86,0.192392292037455,0.446750231138966
"s__Roseburia_intestinalis","s__Ellagibacter_isourolithinifaciens",-0.231335417987798,-0.373253455351668,140,86,0.264408941474972,0.517236831474647
"s__Blautia_obeum","s__Coprococcus_eutactus",-0.0774569200072556,-0.355101655738478,149,86,0.0337630043293399,0.213915117364569
"s__Extibacter_muris","s__Coprococcus_eutactus",0.307248322147651,0.169092881739705,149,86,0.285809492897424,0.537474368092521
"s__Ruminococcus_callidus","s__Coprococcus_eutactus",0.234014248117764,0.492126987122034,146,86,0.0306130655200881,0.20797255177117
"s__Ruminococcus_gnavus","s__Coprococcus_eutactus",-0.0621150009069472,-0.372725128543799,149,86,0.0172334667135587,0.173292081953007
"s__Catenibacterium_mitsuokai","s__Akkermansia_muciniphila",-0.327083036604472,-0.328205128205128,119,64,0.999807399048696,0.999807399048696
"s__Dorea_formicigenerans","s__Akkermansia_muciniphila",-0.181396325459318,-0.396221688759002,126,66,0.131923082525533,0.368249578575738
"s__Methanobrevibacter_smithii","s__Akkermansia_muciniphila",0.392240975152368,0.295837187789084,80,46,0.5623356059814,0.756897122884554
"s__Blautia_wexlerae","s__Blautia_sp._BIOML_A1",0.280313882756693,0.27356950799566,146,86,0.954072607860117,0.983979803877563
"s__Blautia_obeum","s__Blautia_sp._BIOML_A1",0.335362902837091,0.163639794329921,146,86,0.183485112732524,0.435777142739744
"s__Methanobrevibacter_smithii","s__Blautia_sp._BIOML_A1",-0.365981573352232,-0.0808080808080808,84,55,0.0899296545642675,0.310107898392772
"s__Paratractidigestivibacter_faecalis","s__Blautia_sp._BIOML_A1",-0.371080159311481,-0.289242403166454,128,78,0.527191788777165,0.733014022915539
"s__Blautia_glucerasea","s__Blautia_sp._BIOML_A1",0.756656030385702,0.740874569555168,146,86,0.784808437816455,0.906570845352461
"s__Blautia_luti","s__Blautia_sp._BIOML_A1",0.190541100710478,0.405783291664701,146,86,0.087317134992167,0.306411864528635
"s__Collinsella_aerofaciens","s__Vescimonas_coprocola",-0.205136652883537,-0.399103731308081,148,86,0.12201307830388,0.354693978264618
"s__Blautia_wexlerae","s__Vescimonas_coprocola",-0.557531918989254,-0.601358554648804,148,86,0.639933133085189,0.819638750346356
"s__Dorea_longicatena","s__Vescimonas_coprocola",-0.35992848073385,-0.379442426529553,148,86,0.875318328232501,0.950649665294409
"s__Mediterraneibacter_faecis","s__Vescimonas_coprocola",-0.266435179186857,-0.402122741638757,148,86,0.270406274166492,0.524197957642934
"s__Holdemanella_biformis","s__Vescimonas_coprocola",-0.151663785412587,-0.537734129796497,148,84,0.00132347547143187,0.0685616371500049
"s__Blautia_obeum","s__Vescimonas_coprocola",-0.427668183181127,-0.472126043681306,148,86,0.692451744631458,0.85522551459465
"s__Holdemanella_porci","s__Vescimonas_coprocola",-0.19771957743231,-0.423995140224765,138,84,0.0748542060509828,0.295210567212534
"s__Blautia_massiliensis","s__Vescimonas_coprocola",-0.312452570362446,-0.396141327421105,148,86,0.492190105205934,0.707034992399
"s__Coprococcus_comes","s__Vescimonas_coprocola",-0.425395262403891,-0.510731638284825,148,86,0.433078423253342,0.664891382842965
"s__Anaerobutyricum_hallii","s__Vescimonas_coprocola",-0.21143715966343,-0.452162837869711,148,86,0.0491312789915883,0.244165416838255
"s__Dorea_formicigenerans","s__Vescimonas_coprocola",-0.418487656263303,-0.592490211802444,148,86,0.0896956532753488,0.310107898392772
"s__Methanobrevibacter_smithii","s__Vescimonas_coprocola",0.508794215360563,0.401731601731602,85,55,0.442706543676788,0.672468111176887
"s__Oliverpabstia_intestinalis","s__Vescimonas_coprocola",-0.279714995957657,-0.448290013679891,147,85,0.161966850795806,0.410164948370234
"s__Cyclospora_cayetanensis","s__Vescimonas_coprocola",0.500409051703395,0.556696070569366,148,86,0.577810720127117,0.769593751555831
"s__Ruminococcus_torques","s__Vescimonas_coprocola",-0.396021278092227,-0.440464172838341,148,86,0.70212251531224,0.85806657077427
"s__Ruminococcus_callidus","s__Vescimonas_coprocola",0.188119499098648,0.381159488655125,146,86,0.129075537767587,0.363249406205181
"s__Blautia_faecis","s__Vescimonas_coprocola",-0.29574623246723,-0.293155337515921,148,86,0.979392232624352,0.993125234484607
"s__Blautia_glucerasea","s__Vescimonas_coprocola",-0.242199328488878,-0.350818434831832,148,86,0.391162520090144,0.628601825509349
"s__Blautia_luti","s__Vescimonas_coprocola",-0.329592021825962,-0.271041086843719,148,86,0.637494046654244,0.818038069568636
"s__Ruminococcus_gnavus","s__Vescimonas_coprocola",-0.469868992400153,-0.50799566017265,148,86,0.723296274232744,0.869796578695495
"s__Oscillibacter_sp._ER4","s__Vescimonas_coprocola",0.536411588726185,0.70168404170008,145,86,0.0513372967264672,0.251136505607853
"s__Roseburia_intestinalis","s__Vescimonas_coprocola",-0.327615247078334,-0.0713712910986367,148,86,0.0515502735617183,0.25134481566346
"s__Faecalibacterium_prausnitzii","s__Eubacterium_ramulus",0.382452385271177,0.306042737864994,149,86,0.525563156584023,0.731449492307752
"s__Fusicatenibacter_saccharivorans","s__Eubacterium_ramulus",0.436669689824052,0.204000188688146,149,86,0.057681119783296,0.265991487869591
"s__Extibacter_muris","s__Eubacterium_ramulus",0.354181026664248,0.264248313599698,149,86,0.467383066289704,0.688102730661772
"s__Coprococcus_comes","s__Eubacterium_ramulus",0.492000725557773,0.45504976649842,149,86,0.723355107609513,0.869796578695495
"s__Anaerostipes_hadrus","s__Eubacterium_ramulus",0.31561400326501,-0.0584838907495637,149,86,0.00522686180785862,0.112953552375992
"s__Roseburia_faecis","s__Eubacterium_ramulus",0.341915472519499,0.227246568234351,149,86,0.362587190511695,0.603869339419666
"s__Methanobrevibacter_smithii","s__Eubacterium_ramulus",-0.470588235294118,-0.521933621933622,85,55,0.709092046660996,0.861627663193757
"s__Oliverpabstia_intestinalis","s__Eubacterium_ramulus",0.413157027730374,0.182528825483682,148,85,0.0654943108243518,0.275086720364539
"s__Roseburia_inulinivorans","s__Eubacterium_ramulus",0.356089687825067,0.413821406670126,148,86,0.628529406724461,0.810863999566575
"s__Paratractidigestivibacter_faecalis","s__Eubacterium_ramulus",-0.315071556350626,-0.213925315191138,129,78,0.454653094158512,0.679515938182222
"s__Roseburia_intestinalis","s__Eubacterium_ramulus",0.315185924179213,0.327515448841927,149,86,0.925306213697775,0.970150166386398
"s__Vescimonas_coprocola","s__Eubacterium_ramulus",-0.275101152378238,-0.168375866786169,148,86,0.414000736762339,0.648928228680805
"s__Faecalibacterium_prausnitzii","s__Faecalibacterium_sp._HTFF",0.477863232359877,0.59562243502052,149,85,0.234129759087509,0.492761469707431
"s__Prevotella_copri","s__Faecalibacterium_sp._HTFF",0.369641181464766,0.222864357157628,139,82,0.253961469258895,0.509552796255158
"s__Blautia_obeum","s__Faecalibacterium_sp._HTFF",-0.284505713767459,-0.101172562048075,149,85,0.167014441060096,0.419054424479112
"s__Roseburia_faecis","s__Faecalibacterium_sp._HTFF",0.281719571920914,0.2406292749658,149,85,0.746623907508555,0.884742047182734
"s__Methanobrevibacter_smithii","s__Faecalibacterium_sp._HTFF",-0.375649794801642,-0.328499278499279,85,55,0.757887606579779,0.889547945060703
"s__Eubacterium_coprostanoligenes","s__Faecalibacterium_sp._HTFF",0.326207605344296,0.0986104697535788,139,83,0.0897535081015302,0.310107898392772
"s__Roseburia_inulinivorans","s__Faecalibacterium_sp._HTFF",0.313218848214054,0.263513777604065,148,85,0.692016502671022,0.85522551459465
"s__Ruminococcus_callidus","s__Faecalibacterium_sp._HTFF",0.328317893052356,0.145495407465312,146,85,0.161058425795733,0.409182704881402
"s__Prevotella_stercorea","s__Faecalibacterium_sp._HTFF",0.344532903631075,0.264005468215995,130,76,0.543450919978995,0.744592714664447
"s__Prevotella_hominis","s__Faecalibacterium_sp._HTFF",0.364198585437523,0.410026368255193,112,72,0.732036682141542,0.874122968709988
"s__Roseburia_intestinalis","s__Faecalibacterium_sp._HTFF",0.284230001813894,0.00381082665624389,149,85,0.0372035869264544,0.221482703005685
"s__Akkermansia_muciniphila","s__Faecalibacterium_sp._HTFF",-0.303073115860517,-0.0796765734265734,126,65,0.135563847899755,0.371300714463921
"s__Coprococcus_comes","s__Coprococcus_catus",0.316495555958643,0.273890277843295,149,86,0.731197800932428,0.873424535396534
"s__Eubacterium_ramulus","s__Coprococcus_catus",0.292076909123889,0.161922732204349,149,86,0.317407892267498,0.567341861490605
"s__Prevotella_copri","s__Dialister_succinatiphilus",0.322958309537407,0.440054682159945,103,56,0.42709341711465,0.661908184523335
"s__Subdoligranulum_sp._APC924_74","s__Dialister_succinatiphilus",-0.216929297117976,-0.42132947799071,105,58,0.17628421862742,0.428439171632294
"s__Blautia_glucerasea","s__Dialister_succinatiphilus",-0.23188886585113,-0.434802670029838,105,58,0.174955678116203,0.426444412516351
"s__Prevotella_hominis","s__Dialister_succinatiphilus",0.242869946695599,0.48911465892598,86,53,0.11289909229203,0.340877944154778
"s__Fusicatenibacter_saccharivorans","s__Blautia_stercoris",0.272352621077453,0.0536723430350488,149,86,0.101570649332874,0.32553724422717
"s__Oliverpabstia_intestinalis","s__Blautia_stercoris",0.295986851116285,0.0160054719562243,148,85,0.0369989956012763,0.221312535736377
"s__Paratractidigestivibacter_faecalis","s__Blautia_stercoris",-0.32137186940966,0.102745355909913,129,78,0.00289838084379189,0.0925290546907238
"s__Blautia_faecicola","s__Blautia_stercoris",0.296335933248685,0.223340723619039,149,86,0.567275957237518,0.759766317876521
"s__Collinsella_aerofaciens","s__Lentihominibacter_faecis",0.226592432728578,0.422610904827047,148,85,0.113752148931104,0.341653834213158
"s__Faecalibacterium_prausnitzii","s__Lentihominibacter_faecis",-0.358244150190459,-0.56296658198163,148,85,0.05971601486766,0.268615996087196
"s__Roseburia_faecis","s__Lentihominibacter_faecis",-0.319763675468373,-0.299570060582373,148,85,0.867613035573243,0.948116056350931
"s__Methanobrevibacter_smithii","s__Lentihominibacter_faecis",0.188938831346492,0.464718614718615,85,55,0.0814219068661779,0.301472266942823
"s__Mogibacterium_kristiansenii","s__Lentihominibacter_faecis",0.303381357266572,0.366184063987041,145,84,0.617091515007537,0.80331609528012
"s__Roseburia_inulinivorans","s__Lentihominibacter_faecis",-0.259712664314774,-0.384795778776627,148,85,0.316271831368448,0.567074334183973
"s__Blautia_faecis","s__Lentihominibacter_faecis",-0.353250387766208,0.114676568301739,148,85,0.000480028341542308,0.0485534548989411
"s__Bacteroides_uniformis","s__Lentihominibacter_faecis",-0.36996222168636,-0.290930660310619,144,82,0.525157190389243,0.731180395849638
"s__Prevotella_hominis","s__Lentihominibacter_faecis",-0.0358765845491509,-0.381182069586469,112,72,0.0182870021031732,0.174935012587289
"s__Roseburia_intestinalis","s__Lentihominibacter_faecis",-0.423947848684186,-0.305198358413133,148,85,0.319222345832195,0.568702988705836
"s__Ellagibacter_isourolithinifaciens","s__Lentihominibacter_faecis",0.383988979029542,0.272522962673441,140,85,0.369173932918829,0.608767124583747
"s__Faecalibacterium_sp._HTFF","s__Lentihominibacter_faecis",-0.16740394688621,-0.355540355677155,148,85,0.145290994117552,0.383171571142839
"s__Collinsella_aerofaciens","s__Parolsenella_catena",0.308748406449194,0.433609000461777,126,83,0.31687009694315,0.567074334183973
"s__Prevotella_copri","s__Parolsenella_catena",0.357547303659181,0.169896115627823,123,81,0.164652036390144,0.415435328793622
"s__Catenibacterium_mitsuokai","s__Parolsenella_catena",0.460959977211223,0.509038865489057,119,82,0.672251386159224,0.840069955305804
"s__Blautia_massiliensis","s__Parolsenella_catena",0.00962579677540307,0.366735233617396,126,83,0.00944041209071525,0.145585547892241
"s__Phocaeicola_vulgatus","s__Parolsenella_catena",-0.351913010873641,-0.308026531211956,126,83,0.72915507918361,0.872499762460833
"s__Mogibacterium_kristiansenii","s__Parolsenella_catena",0.486296212973378,0.325540644964683,126,82,0.179734425385214,0.431758022706543
"s__Roseburia_inulinivorans","s__Parolsenella_catena",0.0204964379452568,-0.365580790059191,126,83,0.00518438665486831,0.112842441177798
"s__Paratractidigestivibacter_faecalis","s__Parolsenella_catena",0.816250881056464,0.768535262206148,118,78,0.380208839812576,0.617655342210444
"s__Bifidobacterium_catenulatum","s__Parolsenella_catena",0.434385626128206,0.177458549940017,83,58,0.103917553709032,0.328994165143086
"s__Blautia_faecis","s__Parolsenella_catena",-0.349267341582302,-0.247281810167499,126,83,0.434688242955574,0.666173292123092
"s__Blautia_glucerasea","s__Parolsenella_catena",-0.326698162729659,-0.195436799462659,126,83,0.326160820364147,0.571838362583659
"s__Bacteroides_uniformis","s__Parolsenella_catena",-0.347035379396628,-0.419308943089431,123,81,0.56549815440241,0.759335264505457
"s__Ellagibacter_isourolithinifaciens","s__Parolsenella_catena",0.412731182795699,0.27083245875488,125,83,0.26272332808431,0.516630791061407
"s__Blautia_sp._BIOML_A1","s__Parolsenella_catena",-0.240196620583717,-0.360858066411989,125,83,0.360110071721288,0.602128464189274
"s__Collinsella_aerofaciens","s__Senegalimassilia_anaerobia",0.195056667470461,0.531033808872386,144,85,0.00481549692670962,0.110342158222733
"s__Catenibacterium_mitsuokai","s__Senegalimassilia_anaerobia",0.389584884871609,0.272733209259803,133,82,0.35588581512054,0.598187350048649
"s__Holdemanella_biformis","s__Senegalimassilia_anaerobia",0.361256114777242,0.275282313924688,143,83,0.492618443769862,0.70714625820406
"s__Extibacter_muris","s__Senegalimassilia_anaerobia",-0.169700988666506,-0.400058628102404,144,85,0.0711921859587553,0.287022189346025
"s__Holdemanella_porci","s__Senegalimassilia_anaerobia",0.313333083953665,0.14577473657697,134,83,0.211914879594343,0.4698744493391
"s__Dorea_formicigenerans","s__Senegalimassilia_anaerobia",0.270645446507515,0.390521790111393,144,85,0.336499044990714,0.579006961773341
"s__Mogibacterium_kristiansenii","s__Senegalimassilia_anaerobia",0.252441807019272,0.513412535158054,143,83,0.0284430851078798,0.202888448883072
"s__Paratractidigestivibacter_faecalis","s__Senegalimassilia_anaerobia",0.372001464933162,0.267811136232189,128,77,0.426889145665206,0.661889888161697
"s__Slackia_isoflavoniconvertens","s__Senegalimassilia_anaerobia",0.385851786810732,0.25452413523549,142,85,0.291704305739249,0.54313541279766
"s__Roseburia_intestinalis","s__Senegalimassilia_anaerobia",-0.326935133831686,-0.367090091850694,144,85,0.747986238019703,0.885069475511394
"s__Ellagibacter_isourolithinifaciens","s__Senegalimassilia_anaerobia",0.46468260042422,0.434707836623021,140,85,0.782766118777591,0.906374640564356
"s__Lentihominibacter_faecis","s__Senegalimassilia_anaerobia",0.329229455990019,0.385643413992103,143,84,0.648975883037986,0.825021442363827
"s__Parolsenella_catena","s__Senegalimassilia_anaerobia",0.363035620547432,0.411173147876057,126,82,0.699988306404952,0.85806657077427
"s__Collinsella_aerofaciens","s__Collinsella_bouchesdurhonensis",0.41111763080808,0.420330059734737,138,84,0.942678670998294,0.977645340640269
"s__Catenibacterium_mitsuokai","s__Collinsella_bouchesdurhonensis",0.48515205724508,0.430803974706414,129,81,0.628962063855194,0.810863999566575
"s__Holdemanella_biformis","s__Collinsella_bouchesdurhonensis",0.335042660888744,0.250157424121573,138,83,0.508808821217576,0.716834713710464
"s__Anaerostipes_hadrus","s__Collinsella_bouchesdurhonensis",-0.326672587667727,-0.0437582261820391,138,84,0.036208467801786,0.220391010212995
"s__Mogibacterium_kristiansenii","s__Collinsella_bouchesdurhonensis",0.496093677077305,0.364006548843457,137,83,0.248609717955121,0.505599538762662
"s__Roseburia_inulinivorans","s__Collinsella_bouchesdurhonensis",-0.0998997691722851,-0.369504910397894,138,84,0.0420346933858543,0.234504586288744
"s__Paratractidigestivibacter_faecalis","s__Collinsella_bouchesdurhonensis",0.66335808023997,0.593520403646986,126,78,0.424895029229159,0.66028649142299
"s__Blautia_faecis","s__Collinsella_bouchesdurhonensis",-0.340819061665932,-0.112584792953326,138,84,0.0858852866382597,0.305502311173032
"s__Slackia_isoflavoniconvertens","s__Collinsella_bouchesdurhonensis",0.31812029794463,0.469515034929634,137,84,0.205372646131997,0.463132150851107
"s__Romboutsia_timonensis","s__Collinsella_bouchesdurhonensis",0.316257959626067,0.0963050721954831,121,74,0.125326075436916,0.357802894725935
"s__Bacteroides_uniformis","s__Collinsella_bouchesdurhonensis",-0.325432985448696,-0.301151761517615,134,81,0.84705596251322,0.939382604025464
"s__Roseburia_intestinalis","s__Collinsella_bouchesdurhonensis",-0.27877184130195,-0.311005366001822,138,84,0.806355533087558,0.919731197027373
"s__Ellagibacter_isourolithinifaciens","s__Collinsella_bouchesdurhonensis",0.450838942542191,0.30373595221221,135,84,0.222262802679574,0.479825347404303
"s__Eubacterium_ramulus","s__Collinsella_bouchesdurhonensis",-0.291320101646388,-0.241632074516554,138,84,0.701377245243539,0.85806657077427
"s__Faecalibacterium_sp._HTFF","s__Collinsella_bouchesdurhonensis",-0.28010064179694,-0.259225053524201,138,83,0.870105836797151,0.949524601824355
"s__Lentihominibacter_faecis","s__Collinsella_bouchesdurhonensis",0.356682473760757,0.179505478359431,138,83,0.17492378829159,0.426444412516351
"s__Parolsenella_catena","s__Collinsella_bouchesdurhonensis",0.633202202989772,0.64893857271906,124,81,0.8620196717513,0.945881049701348
"s__Senegalimassilia_anaerobia","s__Collinsella_bouchesdurhonensis",0.460011449835409,0.447546282691743,136,83,0.905912628203063,0.963039730568882
"s__Collinsella_aerofaciens","s__Lachnospira_eligens",-0.277859604571014,-0.276663993584603,149,86,0.988485585306513,0.994944497409309
"s__Extibacter_muris","s__Lachnospira_eligens",0.358048249591874,0.548469267418274,149,86,0.081434989807746,0.301472266942823
"s__Roseburia_faecis","s__Lachnospira_eligens",0.432987484128424,0.456955516769659,149,86,0.834829715857377,0.931802366544284
"s__Mogibacterium_kristiansenii","s__Lachnospira_eligens",-0.185293654542592,-0.368127974081199,145,84,0.156653696443201,0.404150084072144
"s__Roseburia_inulinivorans","s__Lachnospira_eligens",0.168303490451141,0.360026416340393,148,86,0.135524038478697,0.371300714463921
"s__Ruminococcus_callidus","s__Lachnospira_eligens",0.296432186478748,0.308684371904335,146,86,0.92670742597264,0.970742259494337
"s__Slackia_isoflavoniconvertens","s__Lachnospira_eligens",-0.281018368102517,-0.2649275909241,147,86,0.896181482844897,0.958753030770298
"s__Ellagibacter_isourolithinifaciens","s__Lachnospira_eligens",-0.322687017559205,-0.225397424406812,140,86,0.448281702597039,0.676751876747681
"s__Eubacterium_ramulus","s__Lachnospira_eligens",0.285009976419372,0.439501863295438,149,86,0.198239758034416,0.455104491241893
"s__Lentihominibacter_faecis","s__Lachnospira_eligens",-0.329225541114323,-0.293550908735587,148,85,0.771432886961977,0.898045695426416
"s__Collinsella_bouchesdurhonensis","s__Lachnospira_eligens",-0.232140533209738,-0.357861698896426,138,84,0.330832263480871,0.573742891634248
"s__Collinsella_aerofaciens","s__Anthropogastromicrobium_aceti",-0.174082039853852,-0.375008255106373,148,86,0.115309449655025,0.345125498140671
"s__Faecalibacterium_prausnitzii","s__Anthropogastromicrobium_aceti",0.381665599307018,0.37732911929808,148,86,0.965301982703383,0.988666530498236
"s__Blautia_obeum","s__Anthropogastromicrobium_aceti",-0.351051503496374,-0.242813340251899,148,86,0.386812579778702,0.624884972294745
"s__Dorea_formicigenerans","s__Anthropogastromicrobium_aceti",-0.261867126680166,-0.371479786782395,148,86,0.38039953905255,0.617655342210444
"s__Cyclospora_cayetanensis","s__Anthropogastromicrobium_aceti",0.298130208005568,0.277758384829473,148,86,0.868235079455491,0.948193216337705
"s__Prevotella_hominis","s__Anthropogastromicrobium_aceti",0.13475780975781,0.423917936844813,111,72,0.0412825809240353,0.232859151125377
"s__Faecalibacterium_sp._HTFF","s__Anthropogastromicrobium_aceti",0.446221731936018,0.332323627125269,148,85,0.328568130491134,0.572832565339331
"s__Lentihominibacter_faecis","s__Anthropogastromicrobium_aceti",-0.124115029203092,-0.422923588039867,147,85,0.0190361166745054,0.175981734525871
"s__Parolsenella_catena","s__Anthropogastromicrobium_aceti",-0.157591397849462,-0.377880861424793,125,83,0.0994760195769078,0.320653865212621
"s__Senegalimassilia_anaerobia","s__Anthropogastromicrobium_aceti",-0.206519419547589,-0.415262849325777,143,85,0.0971532140114428,0.320352910475913
"s__Collinsella_aerofaciens","s__Ruminococcus_bicirculans",-0.0984555984555985,-0.368188721271641,147,84,0.0397033418179877,0.227628292193161
"s__Ruminococcus_bromii","s__Ruminococcus_bicirculans",0.213280248329847,0.404920522425838,146,84,0.128810182350631,0.363249406205181
"s__Holdemanella_porci","s__Ruminococcus_bicirculans",-0.153337149945136,-0.379436444966859,136,82,0.0870418157003508,0.305980940985272
"s__Coprococcus_comes","s__Ruminococcus_bicirculans",-0.309050313942682,-0.387870810974992,147,84,0.52390981294343,0.730330703977485
"s__Dorea_formicigenerans","s__Ruminococcus_bicirculans",-0.405008726926535,-0.41990482940164,147,84,0.903677571683519,0.963039730568882
"s__Cyclospora_cayetanensis","s__Ruminococcus_bicirculans",0.260916213949482,0.36093955654551,147,84,0.430068424080175,0.66293380117065
"s__Ruminococcus_callidus","s__Ruminococcus_bicirculans",0.391552511415525,0.307299787384833,145,84,0.487996726691363,0.703195807554654
"s__Blautia_luti","s__Ruminococcus_bicirculans",-0.306953584840082,-0.0041915561405285,147,84,0.0246963407344576,0.193464045070158
"s__Ruminococcus_gnavus","s__Ruminococcus_bicirculans",-0.30629623193224,-0.2989976713577,147,84,0.949555710321632,0.982407366966333
"s__Vescimonas_coprocola","s__Ruminococcus_bicirculans",0.262360097558154,0.545206034220917,146,84,0.0143407147036611,0.163446396313694
"s__Lachnospira_eligens","s__Ruminococcus_bicirculans",0.278740300266719,0.0649589956464514,147,84,0.112048329618809,0.339501502695229
"s__Fusicatenibacter_saccharivorans","s__Veillonella_parvula",0.308554121934404,0.0626538987688098,143,85,0.0661654952058033,0.27648011909205
"s__Extibacter_muris","s__Veillonella_parvula",0.631348698250107,0.594723470783662,143,85,0.665975788229765,0.8363668001196
"s__Coprococcus_comes","s__Veillonella_parvula",0.345320759053153,0.223392612859097,143,85,0.338823412285029,0.581001850874735
"s__Roseburia_faecis","s__Veillonella_parvula",0.369394103549033,0.235294117647059,143,85,0.287088849272612,0.538430554994487
"s__Roseburia_inulinivorans","s__Veillonella_parvula",0.326491907852411,0.29828024232949,142,85,0.818890460287392,0.926503558968691
"s__Roseburia_intestinalis","s__Veillonella_parvula",0.313056075380019,0.1624975571624,143,85,0.250369793715673,0.506022503321001
"s__Lachnospira_eligens","s__Veillonella_parvula",0.245695032666864,0.523666210670315,143,85,0.0182339541232952,0.174935012587289
"s__Blautia_wexlerae","s__Ruminococcus_flavefaciens",-0.450033623223447,-0.585452143969055,147,86,0.181658463241779,0.434137216878721
"s__Faecalibacterium_prausnitzii","s__Ruminococcus_flavefaciens",-0.277387815548285,-0.195697910278787,147,86,0.528821616704,0.734498198645014
"s__Prevotella_copri","s__Ruminococcus_flavefaciens",0.171581934706123,0.365748709122203,138,83,0.139275105076594,0.376546451539629
"s__Dorea_longicatena","s__Ruminococcus_flavefaciens",-0.365389991613084,-0.422312373225152,147,86,0.631087283144556,0.812545551004914
"s__Mediterraneibacter_faecis","s__Ruminococcus_flavefaciens",-0.368782537079993,-0.238379168828718,147,86,0.295747316960543,0.546814528509305
"s__Fusicatenibacter_saccharivorans","s__Ruminococcus_flavefaciens",-0.427328502670968,-0.215849804236049,147,86,0.0853120248780014,0.305502311173032
"s__Holdemanella_biformis","s__Ruminococcus_flavefaciens",-0.113238795754485,-0.475792244608687,146,84,0.00390250612380037,0.103609687350916
"s__Blautia_obeum","s__Ruminococcus_flavefaciens",-0.308687636476286,-0.494447851313741,147,86,0.108823484298688,0.335697719623155
"s__Extibacter_muris","s__Ruminococcus_flavefaciens",-0.289333504597692,-0.20311335440351,147,86,0.504109100882652,0.714845198537817
"s__Holdemanella_porci","s__Ruminococcus_flavefaciens",-0.159753206265051,-0.501306064594513,137,84,0.00590265224611706,0.117336538002292
"s__Blautia_massiliensis","s__Ruminococcus_flavefaciens",-0.416995555898316,-0.257908391905279,146,86,0.191435198433976,0.44603363645965
"s__Coprococcus_comes","s__Ruminococcus_flavefaciens",-0.500782023286916,-0.485371951507147,147,86,0.876018636429474,0.950649665294409
"s__Anaerobutyricum_hallii","s__Ruminococcus_flavefaciens",-0.255970955579566,-0.348931553375159,147,86,0.462491781661475,0.685198304056833
"s__Anaerostipes_hadrus","s__Ruminococcus_flavefaciens",-0.304471510929437,-0.281815179961319,147,86,0.853756286011221,0.942675381206634
"s__Dorea_formicigenerans","s__Ruminococcus_flavefaciens",-0.30916365065093,-0.379706589933487,147,86,0.56686936006688,0.759766317876521
"s__Methanobrevibacter_smithii","s__Ruminococcus_flavefaciens",0.373011530193473,0.260894660894661,85,55,0.480577776431088,0.697650171298397
"s__Oliverpabstia_intestinalis","s__Ruminococcus_flavefaciens",-0.206121693401537,-0.440531561461794,147,85,0.0583889533496633,0.267020758736027
"s__Bifidobacterium_longum","s__Ruminococcus_flavefaciens",-0.14543002221517,-0.392489819906805,137,83,0.0593512116802619,0.268389073557926
"s__Cyclospora_cayetanensis","s__Ruminococcus_flavefaciens",0.292722272174327,0.404330392943063,147,86,0.36096072005991,0.602802596932588
"s__Ruminococcus_torques","s__Ruminococcus_flavefaciens",-0.485946248177168,-0.405349308929666,147,86,0.46175113663475,0.685071883370938
"s__Ruminococcus_callidus","s__Ruminococcus_flavefaciens",0.0925090536923319,0.401330251426954,145,86,0.016782828378799,0.171264530548041
"s__Bifidobacterium_catenulatum","s__Ruminococcus_flavefaciens",-0.177704483454834,-0.416656925774401,92,59,0.12537147081848,0.357802894725935
"s__Blautia_faecis","s__Ruminococcus_flavefaciens",-0.259756401635071,-0.394424265295533,147,86,0.277205765375012,0.529911410297201
"s__Blautia_luti","s__Ruminococcus_flavefaciens",-0.275597095557957,-0.488881551016557,147,86,0.0699547135466387,0.283361907993982
"s__Ruminococcus_gnavus","s__Ruminococcus_flavefaciens",-0.449032482300584,-0.410519364120949,147,86,0.726914523595666,0.871216166507459
"s__Oscillibacter_sp._ER4","s__Ruminococcus_flavefaciens",0.320247568523431,0.498674465776688,144,86,0.122250402930882,0.35488702608187
"s__Roseburia_intestinalis","s__Ruminococcus_flavefaciens",-0.292098920278959,-0.156771545827633,147,86,0.300435620969131,0.55245933764144
"s__Vescimonas_coprocola","s__Ruminococcus_flavefaciens",0.408315579420242,0.52741167036181,146,86,0.272973602234179,0.526703613194159
"s__Eubacterium_ramulus","s__Ruminococcus_flavefaciens",-0.323334517072286,-0.152884570026888,147,86,0.188898801834542,0.444924445916351
"s__Ruminococcus_bicirculans","s__Ruminococcus_flavefaciens",0.272752322468903,0.321352637440518,145,84,0.707041958110274,0.860105162342141
"s__Blautia_wexlerae","s__Prevotella_sp._885",-0.221624639981191,-0.393187708256201,107,73,0.222699742570097,0.480015960097621
"s__Prevotella_copri","s__Prevotella_sp._885",0.634152314896452,0.678982571226445,107,72,0.619487600863746,0.805146583284362
"s__Blautia_obeum","s__Prevotella_sp._885",-0.278287192147182,-0.434622979143527,107,73,0.249445366719489,0.506022503321001
"s__Anaerostipes_hadrus","s__Prevotella_sp._885",-0.276278923960109,-0.421695668271011,107,73,0.287374870601485,0.538573395094554
"s__Eubacterium_coprostanoligenes","s__Prevotella_sp._885",0.379298183741844,0.151167277638433,106,72,0.113570063739112,0.341653834213158
"s__Blautia_faecis","s__Prevotella_sp._885",-0.177922764944454,-0.385628779464396,107,73,0.145603322639602,0.383425838957024
"s__Blautia_glucerasea","s__Prevotella_sp._885",-0.236240913811007,-0.516074293471554,107,73,0.0340257213770581,0.21431219013865
"s__Ruminococcus_gnavus","s__Prevotella_sp._885",-0.316140598365955,-0.16990620757744,107,73,0.314588312621726,0.566190217107428
"s__Oscillibacter_sp._ER4","s__Prevotella_sp._885",0.209471748494848,0.482167098605455,106,73,0.0447860235411058,0.237362745014921
"s__Prevotella_stercorea","s__Prevotella_sp._885",0.724382195128095,0.736401014784358,106,70,0.879074485020791,0.951137149179212
"s__Prevotella_hominis","s__Prevotella_sp._885",0.617472335468841,0.632371209353306,101,69,0.885718800106642,0.953936199753484
"s__Faecalibacterium_sp._HTFF","s__Prevotella_sp._885",0.370305060835831,0.305072195483154,107,73,0.63197413474168,0.813078581884264
"s__Collinsella_aerofaciens","s__Phascolarctobacterium_succinatutens",-0.00984283972361469,-0.441985244802146,121,71,0.00242357242797913,0.0905059344176459
"s__Prevotella_copri","s__Phascolarctobacterium_succinatutens",0.568096329931514,0.451386580351675,117,70,0.30139061842901,0.55308555857917
"s__Blautia_obeum","s__Phascolarctobacterium_succinatutens",-0.363954748679041,-0.464453386988598,121,71,0.431609112359929,0.664415280844135
"s__Phocaeicola_vulgatus","s__Phascolarctobacterium_succinatutens",-0.0543964232488823,0.423138832997988,121,71,0.000960507537947612,0.0600579167818516
"s__Blautia_glucerasea","s__Phascolarctobacterium_succinatutens",-0.296484216230863,-0.265392354124748,121,71,0.821142226687165,0.926503558968691
"s__Oscillibacter_sp._ER4","s__Phascolarctobacterium_succinatutens",0.212633789459423,0.539637826961771,121,71,0.0115022951801555,0.154197753696049
"s__Prevotella_stercorea","s__Phascolarctobacterium_succinatutens",0.503912256124646,0.601671947169523,112,68,0.37506862571218,0.614219525630565
"s__Prevotella_hominis","s__Phascolarctobacterium_succinatutens",0.407338380896913,0.344619559544933,101,66,0.648086274497928,0.825021442363827
"s__Faecalibacterium_sp._HTFF","s__Phascolarctobacterium_succinatutens",0.405161902181276,0.35868544600939,121,71,0.716411184839368,0.864772925469494
"s__Anthropogastromicrobium_aceti","s__Phascolarctobacterium_succinatutens",0.340218070699354,0.320254862508384,120,71,0.878732964861427,0.951137149179212
"s__Prevotella_sp._885","s__Phascolarctobacterium_succinatutens",0.335628534450331,0.561438332633508,98,68,0.0783989079121593,0.300908308381603
"s__Collinsella_aerofaciens","s__Oscillibacter_valericigenes",-0.30395428986033,-0.3297419689608,149,86,0.839992494892715,0.934562986067955
"s__Blautia_wexlerae","s__Oscillibacter_valericigenes",-0.699735171413024,-0.617132883626586,149,86,0.282673438466549,0.535599975144057
"s__Prevotella_copri","s__Oscillibacter_valericigenes",0.146038696992716,0.356450191007934,139,83,0.111759620255539,0.339285546859496
"s__Dorea_longicatena","s__Oscillibacter_valericigenes",-0.464951931797569,-0.454370489174018,149,86,0.915889439206597,0.966874042977536
"s__Mediterraneibacter_faecis","s__Oscillibacter_valericigenes",-0.400500634863051,-0.396028114533704,149,86,0.963491862879229,0.988204150444876
"s__Fusicatenibacter_saccharivorans","s__Oscillibacter_valericigenes",-0.306036640667513,-0.129789140997217,149,86,0.17750952093132,0.430504402315098
"s__Holdemanella_biformis","s__Oscillibacter_valericigenes",-0.246430514886891,-0.525827680469778,148,84,0.0172189134438764,0.173292081953007
"s__Ruminococcus_bromii","s__Oscillibacter_valericigenes",0.307751252142431,0.222718052738337,148,86,0.504759153452701,0.714936873444744
"s__Blautia_obeum","s__Oscillibacter_valericigenes",-0.503156176310539,-0.57730081607623,149,86,0.452885437233437,0.679229401938853
"s__Extibacter_muris","s__Oscillibacter_valericigenes",-0.29421004897515,-0.215830935421482,149,86,0.540369483391733,0.743116288443784
"s__Holdemanella_porci","s__Oscillibacter_valericigenes",-0.37019422862218,-0.465687961931761,138,84,0.415468104507894,0.650043135306028
"s__Blautia_massiliensis","s__Oscillibacter_valericigenes",-0.470909205329148,-0.339742440681164,148,86,0.25150049821834,0.507278717520745
"s__Coprococcus_comes","s__Oscillibacter_valericigenes",-0.565550516959913,-0.555960186801264,149,86,0.91109511050682,0.965800889959009
"s__Anaerobutyricum_hallii","s__Oscillibacter_valericigenes",-0.36120079811355,-0.474975234680881,149,86,0.320250332218981,0.56887442794477
"s__Anaerostipes_hadrus","s__Oscillibacter_valericigenes",-0.24712497732632,-0.393046841832162,149,86,0.23985583981467,0.497689671530425
"s__Dorea_formicigenerans","s__Oscillibacter_valericigenes",-0.490074369671685,-0.437671588282466,149,86,0.622227349041613,0.807598035404311
"s__Roseburia_faecis","s__Oscillibacter_valericigenes",-0.281715944132052,-0.0161234020472664,149,86,0.0473968422242625,0.241120917765146
"s__Methanobrevibacter_smithii","s__Oscillibacter_valericigenes",0.527906976744186,0.5002886002886,85,55,0.825704957489467,0.92756033593777
"s__Oliverpabstia_intestinalis","s__Oscillibacter_valericigenes",-0.306696231911956,-0.452276724643346,148,85,0.221247114814792,0.478835008085633
"s__Cyclospora_cayetanensis","s__Oscillibacter_valericigenes",0.501411209867586,0.550809000424548,149,86,0.626984003051408,0.810600746802177
"s__Ruminococcus_torques","s__Oscillibacter_valericigenes",-0.435327407944858,-0.476107363554885,149,86,0.715211492264454,0.864162977348381
"s__Blautia_faecis","s__Oscillibacter_valericigenes",-0.348496281516416,-0.333345912543044,149,86,0.896243921649567,0.958753030770298
"s__Blautia_glucerasea","s__Oscillibacter_valericigenes",-0.313099945583167,-0.309476862116138,149,86,0.972293588458404,0.991906748949407
"s__Blautia_luti","s__Oscillibacter_valericigenes",-0.306976237982949,-0.399537714043115,149,86,0.446793324120115,0.675300960430833
"s__Ruminococcus_gnavus","s__Oscillibacter_valericigenes",-0.551739524759659,-0.509958016887589,149,86,0.665978500219573,0.8363668001196
"s__Oscillibacter_sp._ER4","s__Oscillibacter_valericigenes",0.65830184222957,0.781970847681494,145,86,0.0615603665908464,0.271418077828104
"s__Blautia_sp._BIOML_A1","s__Oscillibacter_valericigenes",-0.29102214338735,-0.139959432048682,146,86,0.250353282941539,0.506022503321001
"s__Vescimonas_coprocola","s__Oscillibacter_valericigenes",0.742763856857817,0.716533798764093,148,86,0.67442412271538,0.840951616395283
"s__Ruminococcus_bicirculans","s__Oscillibacter_valericigenes",0.290719990328601,0.425351827477979,147,84,0.269732561424697,0.523777684212046
"s__Ruminococcus_flavefaciens","s__Oscillibacter_valericigenes",0.549581031968507,0.679550922213312,147,86,0.130517858095084,0.366408909378771
"s__Faecalibacterium_prausnitzii","s__Lachnoclostridium_sp._210928_DFI_6_3",0.360336789647134,0.266529532765207,144,83,0.455258762128723,0.679824091602553
"s__Blautia_obeum","s__Lachnoclostridium_sp._210928_DFI_6_3",-0.369946145808215,-0.196696192435246,144,83,0.176991394112393,0.42985409911901
"s__Dorea_formicigenerans","s__Lachnoclostridium_sp._210928_DFI_6_3",-0.292231331886504,-0.160068846815835,144,83,0.318941818009799,0.568702988705836
"s__Cyclospora_cayetanensis","s__Lachnoclostridium_sp._210928_DFI_6_3",0.296599951772366,0.205029175937198,144,83,0.483734347780332,0.700742385011189
"s__Prevotella_hominis","s__Lachnoclostridium_sp._210928_DFI_6_3",0.11864516726902,0.401627154229726,109,70,0.0514255623093221,0.251210949974089
"s__Faecalibacterium_sp._HTFF","s__Lachnoclostridium_sp._210928_DFI_6_3",0.433096214130697,0.237840249888443,144,82,0.11554058908339,0.345516596398068
"s__Parolsenella_catena","s__Lachnoclostridium_sp._210928_DFI_6_3",-0.167123233351288,-0.390650406504065,122,81,0.0965354421660884,0.320352910475913
"s__Anthropogastromicrobium_aceti","s__Lachnoclostridium_sp._210928_DFI_6_3",0.94488787074994,0.879182234163133,144,83,0.0032685595735242,0.0993100757848638
"s__Fusicatenibacter_saccharivorans","s__Ruminococcus_lactaris",0.271249773263196,0.275739421670834,149,86,0.97593376764289,0.992976983620747
"s__Extibacter_muris","s__Ruminococcus_lactaris",0.216597134046798,0.445747440917024,149,86,0.0611393183091368,0.271192593506721
"s__Mogibacterium_kristiansenii","s__Ruminococcus_lactaris",-0.274783498661628,-0.288873139617293,145,84,0.91694958578912,0.966874042977536
"s__Prevotella_stercorea","s__Ruminococcus_lactaris",-0.304772699340425,-0.339371155160629,130,77,0.797322887024343,0.914607541186362
"s__Oscillibacter_sp._ER4","s__Ruminococcus_sp._NSJ_71",0.287440249731733,0.238466947960619,135,80,0.711353917469417,0.861627663193757
"s__Vescimonas_coprocola","s__Ruminococcus_sp._NSJ_71",0.191775201564811,0.446530707923113,136,80,0.0472890505562322,0.241102185683687
"s__Ruminococcus_flavefaciens","s__Ruminococcus_sp._NSJ_71",0.228231392059311,0.417932489451477,135,80,0.141045031170841,0.377569017439026
"s__Blautia_wexlerae","s__Ruthenibacterium_lactatiformans",-0.270803555233085,-0.0589933487428652,149,86,0.112613284624189,0.340313783675384
"s__Faecalibacterium_prausnitzii","s__Ruthenibacterium_lactatiformans",-0.290691093778342,-0.178791452427001,149,86,0.388051021789075,0.625062043996547
"s__Dorea_longicatena","s__Ruthenibacterium_lactatiformans",-0.347371666968982,-0.203358648992877,149,86,0.255722788643619,0.511296901247328
"s__Mediterraneibacter_faecis","s__Ruthenibacterium_lactatiformans",-0.341523671322329,-0.290136327185245,149,86,0.674923940820379,0.84126981967426
"s__Fusicatenibacter_saccharivorans","s__Ruthenibacterium_lactatiformans",-0.342608380192273,-0.0438228218312185,149,86,0.0231012474309254,0.188369795221213
"s__Holdemanella_biformis","s__Ruthenibacterium_lactatiformans",-0.427505302864843,-0.34478080388782,148,84,0.48009404038518,0.697650171298397
"s__Extibacter_muris","s__Ruthenibacterium_lactatiformans",-0.377304552875023,-0.0783338836737582,149,86,0.0208668589445039,0.186024486279693
"s__Holdemanella_porci","s__Ruthenibacterium_lactatiformans",-0.40701250488026,-0.184691708008505,138,84,0.081525708259685,0.301472266942823
"s__Coprococcus_comes","s__Ruthenibacterium_lactatiformans",-0.407542173045529,-0.30168404170008,149,86,0.376048735474356,0.614653802897487
"s__Dorea_formicigenerans","s__Ruthenibacterium_lactatiformans",-0.365652095048068,-0.423689796688523,149,86,0.623262705449975,0.807611320287289
"s__Methanobrevibacter_smithii","s__Ruthenibacterium_lactatiformans",0.544987297244479,0.405699855699856,85,55,0.306490593323098,0.558271507482124
"s__Oliverpabstia_intestinalis","s__Ruthenibacterium_lactatiformans",-0.347460732887387,-0.256185264803596,148,85,0.465352331212609,0.686645616191669
"s__Cyclospora_cayetanensis","s__Ruthenibacterium_lactatiformans",0.323551605296572,0.365253077975376,149,86,0.736428489212964,0.876897597924812
"s__Roseburia_inulinivorans","s__Ruthenibacterium_lactatiformans",-0.275652724358381,-0.257832916647012,148,86,0.885819005199486,0.953936199753484
"s__Ruminococcus_torques","s__Ruthenibacterium_lactatiformans",-0.277986577181208,0.0153875182791641,149,86,0.0291621076047372,0.202888448883072
"s__Blautia_faecicola","s__Ruthenibacterium_lactatiformans",-0.210633049156539,-0.405028539082032,149,86,0.119285601366338,0.350613527585544
"s__Oscillibacter_sp._ER4","s__Ruthenibacterium_lactatiformans",0.281731223429381,0.141393461955753,145,86,0.28714208719392,0.538430554994487
"s__Vescimonas_coprocola","s__Ruthenibacterium_lactatiformans",0.358181219159167,0.369158922590688,148,86,0.932270184320555,0.974195431138982
"s__Eubacterium_ramulus","s__Ruthenibacterium_lactatiformans",-0.363693089062217,-0.271475069578754,149,86,0.453487398586945,0.679272474416052
"s__Blautia_stercoris","s__Ruthenibacterium_lactatiformans",-0.310651188100853,-0.201792537383839,149,86,0.395506894407201,0.632332966000169
"s__Oscillibacter_valericigenes","s__Ruthenibacterium_lactatiformans",0.458741157264647,0.296419642435964,149,86,0.166216314102591,0.41846113045301
"s__Collinsella_aerofaciens","s__Butyrivibrio_crossotus",-0.276296005258823,-0.320695720148525,147,85,0.729752478816561,0.872607362534824
"s__Blautia_wexlerae","s__Butyrivibrio_crossotus",-0.416346175641675,-0.492104748876295,147,85,0.4965432317706,0.70994856362817
"s__Dorea_longicatena","s__Butyrivibrio_crossotus",-0.27071228343244,-0.196071917138949,147,85,0.566860095354394,0.759766317876521
"s__Holdemanella_biformis","s__Butyrivibrio_crossotus",-0.086774700432842,-0.417616685228308,146,84,0.0105565936542321,0.152189034101287
"s__Blautia_obeum","s__Butyrivibrio_crossotus",-0.442587401491511,-0.426753957396912,147,85,0.881931132070389,0.952264101472549
"s__Holdemanella_porci","s__Butyrivibrio_crossotus",-0.164815609942274,-0.480793763288448,136,84,0.011682322859957,0.155117792723521
"s__Bifidobacterium_adolescentis","s__Butyrivibrio_crossotus",-0.386626580966204,-0.233385502156736,105,68,0.284265219315257,0.537474368092521
"s__Blautia_massiliensis","s__Butyrivibrio_crossotus",-0.403190884289474,-0.25890170021497,146,85,0.240252167289792,0.497689671530425
"s__Coprococcus_comes","s__Butyrivibrio_crossotus",-0.295419685830645,-0.317607973421927,147,85,0.864481394155813,0.946647905182187
"s__Anaerobutyricum_hallii","s__Butyrivibrio_crossotus",-0.365858450007178,-0.283036935704514,147,85,0.501049567684477,0.713128495129002
"s__Dorea_formicigenerans","s__Butyrivibrio_crossotus",-0.357728430135475,-0.384873949579832,147,85,0.825937844637435,0.92756033593777
"s__Slackia_isoflavoniconvertens","s__Butyrivibrio_crossotus",-0.286297433475043,-0.283486417822943,145,85,0.978414966313679,0.993125234484607
"s__Ruminococcus_gnavus","s__Butyrivibrio_crossotus",-0.332375008500253,-0.451338675004886,147,85,0.313859177782219,0.565406868723442
"s__Vescimonas_coprocola","s__Butyrivibrio_crossotus",0.341019733353899,0.291459839749853,146,85,0.687904336473829,0.853428215416125
"s__Lachnospira_eligens","s__Butyrivibrio_crossotus",0.27236699937287,0.172229822161423,147,85,0.445508586538819,0.674044887420588
"s__Ruminococcus_flavefaciens","s__Butyrivibrio_crossotus",0.364911037631869,0.406468633965214,145,85,0.73101385591565,0.873424535396534
"s__Oscillibacter_valericigenes","s__Butyrivibrio_crossotus",0.354339662558841,0.364569083447332,147,85,0.937828600323698,0.975698046283382
"s__Blautia_wexlerae","s__Flavonifractor_plautii",-0.348674043170687,-0.33636492287372,149,86,0.9145752666781,0.966874042977536
"s__Dorea_longicatena","s__Flavonifractor_plautii",-0.328122619263559,-0.290872210953347,149,86,0.761037934916968,0.892331898458729
"s__Mediterraneibacter_faecis","s__Flavonifractor_plautii",-0.391420279339742,-0.411142035001651,149,86,0.870488767608233,0.949524601824355
"s__Fusicatenibacter_saccharivorans","s__Flavonifractor_plautii",-0.303272265554145,-0.0637105523845464,149,86,0.070459311421517,0.284735102207517
"s__Holdemanella_biformis","s__Flavonifractor_plautii",-0.330639638405698,-0.371934798015592,148,84,0.740157986858819,0.879545029995673
"s__Blautia_obeum","s__Flavonifractor_plautii",-0.182165789951025,-0.36425303080334,149,86,0.153864064904221,0.399349825815559
"s__Coprococcus_comes","s__Flavonifractor_plautii",-0.251347723562489,-0.412500589650455,149,86,0.189927147152658,0.445075097689828
"s__Anaerobutyricum_hallii","s__Flavonifractor_plautii",-0.289758752040631,-0.463295438464079,149,86,0.142803636163107,0.380397794599815
"s__Dorea_formicigenerans","s__Flavonifractor_plautii",-0.463109015055324,-0.435992263786028,149,86,0.799083059629628,0.915710310585235
"s__Methanobrevibacter_smithii","s__Flavonifractor_plautii",0.470822747703733,0.56010101010101,85,55,0.500356017518786,0.712810416009571
"s__Oliverpabstia_intestinalis","s__Flavonifractor_plautii",-0.280317024324695,-0.333085792456517,148,85,0.678681326859292,0.843507438767295
"s__Cyclospora_cayetanensis","s__Flavonifractor_plautii",0.296745873390169,0.485617246096514,149,86,0.105531104195035,0.330529569514321
"s__Ruminococcus_torques","s__Flavonifractor_plautii",-0.196154543805551,-0.356516816830983,149,86,0.208944005118232,0.465991202076265
"s__Blautia_glucerasea","s__Flavonifractor_plautii",-0.291783058226011,-0.354082739751875,149,86,0.61831141604374,0.803921723922277
"s__Slackia_isoflavoniconvertens","s__Flavonifractor_plautii",-0.303277697602551,-0.1893391197698,147,86,0.377788028414603,0.615536514943387
"s__Blautia_faecicola","s__Flavonifractor_plautii",-0.317863232359877,-0.306948440964196,149,86,0.925657252104315,0.970150166386398
"s__Bacteroides_uniformis","s__Flavonifractor_plautii",0.367670445599118,0.36541287099618,145,83,0.979686273195717,0.993125234484607
"s__Oscillibacter_sp._ER4","s__Flavonifractor_plautii",0.279869311919383,0.455842256710222,145,86,0.142164124976156,0.379288150343679
"s__Akkermansia_muciniphila","s__Flavonifractor_plautii",0.373600299962505,0.350840204571548,126,66,0.85960352460895,0.94392784679357
"s__Blautia_sp._BIOML_A1","s__Flavonifractor_plautii",-0.366994109878245,-0.202905797443276,146,86,0.194285174677587,0.448817892287786
"s__Vescimonas_coprocola","s__Flavonifractor_plautii",0.40433927969882,0.584923817161187,148,86,0.0824598532567876,0.302969482211637
"s__Eubacterium_ramulus","s__Flavonifractor_plautii",-0.245427172138582,-0.406990895796972,149,86,0.190663537700384,0.445698714627729
"s__Evtepia_gabavorous","s__Flavonifractor_plautii",0.346855661924155,0.234942349032636,147,85,0.375278926895011,0.614271408658707
"s__Blautia_stercoris","s__Flavonifractor_plautii",-0.271169961908217,-0.161960469833483,149,86,0.403809745605491,0.639365561712854
"s__Ruminococcus_flavefaciens","s__Flavonifractor_plautii",0.132951514556211,0.393141185904996,147,86,0.0422478331291131,0.234717767578385
"s__Oscillibacter_valericigenes","s__Flavonifractor_plautii",0.484233629602757,0.64436058304637,149,86,0.0874412514834459,0.306427039528854
"s__Ruthenibacterium_lactatiformans","s__Flavonifractor_plautii",0.392787955740976,0.517675362045379,149,86,0.255395448525975,0.511236872806071
"s__Prevotella_copri","s__Prevotellamassilia_timonensis",0.660346749702072,0.638911731257108,116,70,0.80105036175272,0.916742826644793
"s__Catenibacterium_mitsuokai","s__Prevotellamassilia_timonensis",0.372714201818513,0.02879064669346,114,69,0.0200907517729774,0.181821303545445
"s__Blautia_obeum","s__Prevotellamassilia_timonensis",-0.324035220346287,-0.287096491995451,118,70,0.787414973096477,0.907278170488015
"s__Subdoligranulum_sp._APC924_74","s__Prevotellamassilia_timonensis",-0.331843297944993,-0.0571253608608171,118,70,0.0621156779390031,0.272817134651637
"s__Mogibacterium_kristiansenii","s__Prevotellamassilia_timonensis",0.372903834914355,-0.0596448254745867,117,70,0.003502855591843,0.100803435816765
"s__Ruminococcus_torques","s__Prevotellamassilia_timonensis",-0.324568419284272,-0.134528912606071,118,70,0.190972239993804,0.445698714627729
"s__Blautia_faecis","s__Prevotellamassilia_timonensis",-0.338994006990019,-0.354667133234188,118,70,0.91349563486936,0.966874042977536
"s__Blautia_glucerasea","s__Prevotellamassilia_timonensis",-0.238577308367936,-0.458525063424022,118,70,0.103988559904197,0.328994165143086
"s__Ruminococcus_gnavus","s__Prevotellamassilia_timonensis",-0.378837845438045,0.12112676056338,118,70,0.000751859610044766,0.0570244993538577
"s__Oscillibacter_sp._ER4","s__Prevotellamassilia_timonensis",0.322873113638748,0.328212754789607,117,70,0.974161666518178,0.992976983620747
"s__Prevotella_stercorea","s__Prevotellamassilia_timonensis",0.69357575354315,0.716149068322981,113,69,0.783838707463605,0.906570845352461
"s__Prevotella_hominis","s__Prevotellamassilia_timonensis",0.613090792702443,0.572910846835342,104,67,0.691601110520923,0.85522551459465
"s__Akkermansia_muciniphila","s__Prevotellamassilia_timonensis",-0.402544272866967,-0.143472317156528,106,56,0.0957503530972907,0.320352910475913
"s__Faecalibacterium_sp._HTFF","s__Prevotellamassilia_timonensis",0.381613401553581,0.273309421747879,118,70,0.427845225074655,0.66217809587387
"s__Anthropogastromicrobium_aceti","s__Prevotellamassilia_timonensis",0.194180940820333,0.478190884437057,117,70,0.0368538245536021,0.221312535736377
"s__Prevotella_sp._885","s__Prevotellamassilia_timonensis",0.626356367789834,0.521390374331551,103,67,0.323542747589214,0.571090155282389
"s__Phascolarctobacterium_succinatutens","s__Prevotellamassilia_timonensis",0.528527204686612,0.453190559440559,107,65,0.531329528193097,0.73587812533766
"s__Lachnoclostridium_sp._210928_DFI_6_3","s__Prevotellamassilia_timonensis",0.151527915595067,0.435629339931359,114,67,0.0471871402746128,0.241102185683687
"s__Ruminococcus_lactaris","s__Prevotellamassilia_timonensis",-0.408083441981747,-0.328772635814889,118,70,0.547285352409112,0.74776095627133
"s__Extibacter_muris","s__Roseburia_sp._BX1005",0.143330310175948,0.399648231385577,149,85,0.0447170191891025,0.237362745014921
"s__Mogibacterium_kristiansenii","s__Roseburia_sp._BX1005",-0.105999055266887,-0.510863622557457,145,84,0.00108995739758815,0.0646269567294078
"s__Roseburia_intestinalis","s__Roseburia_sp._BX1005",0.306134590966806,0.321887824897401,149,85,0.904281711525953,0.963039730568882
"s__Prevotella_copri","s__Olsenella_uli",0.281153058238221,0.104755063614893,135,82,0.197312412583736,0.453884539716033
"s__Catenibacterium_mitsuokai","s__Olsenella_uli",0.457634135088966,0.339972899728997,134,81,0.325364690738035,0.571219725917493
"s__Fusicatenibacter_saccharivorans","s__Olsenella_uli",-0.289883984759622,-0.174445681887213,141,84,0.382617509174476,0.620085586263441
"s__Coprococcus_comes","s__Olsenella_uli",-0.371291579262811,-0.230292598967298,141,84,0.266646068951384,0.519544380240118
"s__Anaerostipes_hadrus","s__Olsenella_uli",-0.417851791600668,-0.177098309203199,141,84,0.0576871438656297,0.265991487869591
"s__Phocaeicola_vulgatus","s__Olsenella_uli",-0.244201378483668,-0.41218993621545,141,84,0.180625315961705,0.432325125985443
"s__Mogibacterium_kristiansenii","s__Olsenella_uli",0.572030347794123,0.200727027350595,138,82,0.00163313031052086,0.074584468752856
"s__Paratractidigestivibacter_faecalis","s__Olsenella_uli",0.88433322651529,0.805687982903173,128,78,0.0531439392980575,0.254397001673871
"s__Blautia_faecis","s__Olsenella_uli",-0.465293891005608,-0.188194795990685,141,84,0.0253156246557167,0.194287693003565
"s__Blautia_glucerasea","s__Olsenella_uli",-0.318044436833769,-0.162741723195302,141,84,0.238153063024367,0.4974201430089
"s__Bacteroides_uniformis","s__Olsenella_uli",-0.25144695414725,-0.460454283257692,138,82,0.0915528436438567,0.312519624188984
"s__Ruminococcus_gnavus","s__Olsenella_uli",-0.367862494113618,-0.105416624481118,141,84,0.0458741054991572,0.240685194580076
"s__Roseburia_intestinalis","s__Olsenella_uli",-0.310017552121238,-0.222982687050724,141,84,0.50182348305094,0.713128495129002
"s__Ellagibacter_isourolithinifaciens","s__Olsenella_uli",0.353952578598349,0.269818770881847,136,84,0.506616287068216,0.716387093432399
"s__Blautia_sp._BIOML_A1","s__Olsenella_uli",-0.305737521783815,-0.353670142755898,139,84,0.706912983644875,0.860105162342141
"s__Eubacterium_ramulus","s__Olsenella_uli",-0.314589665653495,-0.212878404373798,141,84,0.433594776763986,0.665319280368951
"s__Coprococcus_catus","s__Olsenella_uli",-0.280363029239265,0.0538827579224461,141,84,0.0149347056232703,0.164090902998168
"s__Parolsenella_catena","s__Olsenella_uli",0.793032258064516,0.77028983141237,124,82,0.678076500935372,0.84330197076515
"s__Senegalimassilia_anaerobia","s__Olsenella_uli",0.355634065749435,0.359178875781873,137,83,0.98203615791246,0.993588244632266
"s__Collinsella_bouchesdurhonensis","s__Olsenella_uli",0.599995012406638,0.659984887284329,134,83,0.490315155831748,0.705225353787278
"s__Oscillibacter_valericigenes","s__Olsenella_uli",0.275161607945546,0.032115014680571,141,84,0.0746386367141214,0.295210567212534
"s__Faecalibacterium_prausnitzii","s__Gallintestinimicrobium_propionicum",0.310075998474848,0.34598801830275,148,86,0.775412815622349,0.900589217468848
"s__Fusicatenibacter_saccharivorans","s__Gallintestinimicrobium_propionicum",0.371407841206499,-0.0379357516864003,148,86,0.00194286110898751,0.0828686542512751
"s__Paratractidigestivibacter_faecalis","s__Gallintestinimicrobium_propionicum",-0.327135509838998,-0.374600083460843,129,78,0.716343021684074,0.864772925469494
"s__Blautia_luti","s__Gallintestinimicrobium_propionicum",0.272128586606055,0.107108825888014,148,86,0.213177935095961,0.470749244019566
"s__Blautia_sp._BIOML_A1","s__Gallintestinimicrobium_propionicum",0.275813868296492,0.166205953110996,146,86,0.402949579517462,0.639365561712854
"s__Blautia_stercoris","s__Gallintestinimicrobium_propionicum",0.294754143268045,0.0666352186423888,148,86,0.0858565964858517,0.305502311173032
"s__Parolsenella_catena","s__Gallintestinimicrobium_propionicum",-0.304236970378703,-0.430439528147433,126,83,0.313235977904088,0.565365682184795
"s__Senegalimassilia_anaerobia","s__Gallintestinimicrobium_propionicum",-0.313938409008832,-0.180085987883526,143,85,0.304462066557181,0.556425803023507
"s__Anthropogastromicrobium_aceti","s__Gallintestinimicrobium_propionicum",0.31546894951983,0.116260200952875,147,86,0.128610367204704,0.363249406205181
"s__Lachnoclostridium_sp._210928_DFI_6_3","s__Gallintestinimicrobium_propionicum",0.358256180439279,0.0339196507283489,143,83,0.0153006874842321,0.164970330798392
"s__Flavonifractor_plautii","s__Gallintestinimicrobium_propionicum",-0.272513576444545,-0.0941459502806736,148,86,0.179441573161017,0.431758022706543
"s__Olsenella_uli","s__Gallintestinimicrobium_propionicum",-0.353161522325442,-0.32710337146907,141,84,0.829291663878722,0.929242562427104
"s__Collinsella_aerofaciens","s__Roseburia_hominis",-0.269363323054598,-0.508901363271852,149,86,0.039537273017508,0.227532913599817
"s__Blautia_obeum","s__Roseburia_hominis",-0.263678577906766,-0.418274446907873,149,86,0.2056782771519,0.463213880239282
"s__Extibacter_muris","s__Roseburia_hominis",0.253245057137675,0.378649936317751,149,86,0.314623293077143,0.566190217107428
"s__Roseburia_faecis","s__Roseburia_hominis",0.265271177217486,0.393103448275862,149,86,0.300670513779816,0.55245933764144
"s__Slackia_isoflavoniconvertens","s__Roseburia_hominis",-0.115826337939841,-0.377970658993349,147,86,0.0425392179537537,0.23519673720733
"s__Ruminococcus_gnavus","s__Roseburia_hominis",-0.185372755305641,-0.363875654512005,149,86,0.161872678182032,0.410164948370234
"s__Roseburia_intestinalis","s__Roseburia_hominis",0.307741701432977,0.32317562149158,149,86,0.90573636319906,0.963039730568882
"s__Senegalimassilia_anaerobia","s__Roseburia_hominis",-0.102282774696568,-0.36781317178034,144,85,0.0427279900865996,0.23548326587791
"s__Lachnospira_eligens","s__Roseburia_hominis",0.250408126247052,0.405670078777301,149,86,0.208144874420518,0.465716706376433
"s__Veillonella_parvula","s__Roseburia_hominis",0.272875012311632,0.267207348055501,143,85,0.961325063074848,0.988204150444876
"s__Butyrivibrio_crossotus","s__Roseburia_hominis",0.312620420252514,0.163631033808872,147,85,0.252721284372464,0.508845724213644
"s__Roseburia_sp._BX1005","s__Roseburia_hominis",0.295628514420461,0.393726793042799,149,85,0.42482780526637,0.66028649142299
"s__Gallintestinimicrobium_propionicum","s__Roseburia_hominis",0.00792930994273276,0.366724845511581,148,86,0.00650049029269104,0.122996541128524
"s__Ruminococcus_sp._NSJ_71","s__Ruminococcus_sp._BSD2780120874_150323_B10",0.395917665991455,0.332010366530914,122,74,0.620033253248805,0.805247114019124
"s__Butyrivibrio_crossotus","s__Ruminococcus_sp._BSD2780120874_150323_B10",0.24687760313537,0.369924812030075,130,76,0.358942392480103,0.601560861471284
"s__Blautia_wexlerae","s__Vescimonas_fastidiosa",-0.588236476167511,-0.606811642058588,144,86,0.843111536265094,0.936689181298525
"s__Prevotella_copri","s__Vescimonas_fastidiosa",0.197104145794571,0.438436673523362,136,83,0.0576135135546632,0.265991487869591
"s__Dorea_longicatena","s__Vescimonas_fastidiosa",-0.410549795032554,-0.414595028067362,144,86,0.977673761715572,0.992976983620747
"s__Mediterraneibacter_faecis","s__Vescimonas_fastidiosa",-0.332187927015513,-0.436633803481296,144,86,0.380330860281364,0.617655342210444
"s__Fusicatenibacter_saccharivorans","s__Vescimonas_fastidiosa",-0.371670283739249,-0.159243360535874,144,86,0.0973112036633578,0.320352910475913
"s__Holdemanella_biformis","s__Vescimonas_fastidiosa",-0.169974278594968,-0.546582970537613,144,84,0.00163332175042818,0.074584468752856
"s__Blautia_obeum","s__Vescimonas_fastidiosa",-0.476693995659513,-0.595811123166187,144,86,0.229932654470758,0.487440612236507
"s__Holdemanella_porci","s__Vescimonas_fastidiosa",-0.200638962052483,-0.512787283588134,135,84,0.0105876290072866,0.152189034101287
"s__Blautia_massiliensis","s__Vescimonas_fastidiosa",-0.421228197090266,-0.236888532477947,144,86,0.133414979136706,0.369118353379833
"s__Coprococcus_comes","s__Vescimonas_fastidiosa",-0.547978458323286,-0.540412283598283,144,86,0.930807029278707,0.973549807854988
"s__Anaerobutyricum_hallii","s__Vescimonas_fastidiosa",-0.35967365967366,-0.554205387046559,144,86,0.075483365397923,0.297203676842549
"s__Anaerostipes_hadrus","s__Vescimonas_fastidiosa",-0.235768828872277,-0.440709467427709,144,86,0.0949032546633626,0.318722942175102
"s__Dorea_formicigenerans","s__Vescimonas_fastidiosa",-0.441813359054738,-0.518599933959149,144,86,0.476774399421562,0.695555266084565
"s__Methanobrevibacter_smithii","s__Vescimonas_fastidiosa",0.541439708413486,0.37950937950938,84,55,0.24415939934985,0.502191491844578
"s__Oliverpabstia_intestinalis","s__Vescimonas_fastidiosa",-0.324491600353669,-0.452179011139339,144,85,0.282616257111563,0.535599975144057
"s__Bifidobacterium_longum","s__Vescimonas_fastidiosa",-0.0515510681884694,-0.360627177700348,135,83,0.0222120460229299,0.186024486279693
"s__Cyclospora_cayetanensis","s__Vescimonas_fastidiosa",0.535756771963669,0.598396150761828,144,86,0.511561681739012,0.719244933386197
"s__Roseburia_inulinivorans","s__Vescimonas_fastidiosa",-0.272823727996142,-0.181772725128544,144,86,0.486785243306238,0.702708782171555
"s__Ruminococcus_torques","s__Vescimonas_fastidiosa",-0.49024194196608,-0.459672626067267,144,86,0.769874281369559,0.897795067355006
"s__Ruminococcus_callidus","s__Vescimonas_fastidiosa",0.169744574674152,0.424784187933393,143,86,0.0431023880424763,0.236396503402408
"s__Blautia_faecis","s__Vescimonas_fastidiosa",-0.389108592556868,-0.468257936695127,144,86,0.489136068014659,0.7041184336134
"s__Blautia_glucerasea","s__Vescimonas_fastidiosa",-0.320954907161804,-0.438935798858437,144,86,0.322967944969674,0.571090155282389
"s__Blautia_luti","s__Vescimonas_fastidiosa",-0.277787155373362,-0.465220057549884,144,86,0.116925215112105,0.347842400320526
"s__Ruminococcus_gnavus","s__Vescimonas_fastidiosa",-0.524632264287437,-0.543336949856125,144,86,0.857698653705222,0.943880214429523
"s__Oscillibacter_sp._ER4","s__Vescimonas_fastidiosa",0.62363154087292,0.743252040190575,144,86,0.104514151690367,0.32943360841611
"s__Prevotella_stercorea","s__Vescimonas_fastidiosa",0.190329724409449,0.435143803564856,127,77,0.0646254478122918,0.273935615341439
"s__Roseburia_intestinalis","s__Vescimonas_fastidiosa",-0.343300377783136,-0.0822208594745035,144,86,0.047077690503699,0.241102185683687
"s__Vescimonas_coprocola","s__Vescimonas_fastidiosa",0.794088095812234,0.769498561252889,144,86,0.638196686864598,0.81863424324034
"s__Eubacterium_ramulus","s__Vescimonas_fastidiosa",-0.339024194196608,-0.131562809566489,144,86,0.11138967657946,0.339285546859496
"s__Ruminococcus_bicirculans","s__Vescimonas_fastidiosa",0.272437906920666,0.317728055077453,144,84,0.727069031077757,0.871216166507459
"s__Ruminococcus_flavefaciens","s__Vescimonas_fastidiosa",0.539774779211399,0.683117128166423,143,86,0.0983502156732517,0.320653865212621
"s__Oscillibacter_valericigenes","s__Vescimonas_fastidiosa",0.799031428341773,0.784084154912968,144,86,0.762217850649533,0.893410766320295
"s__Ruminococcus_sp._NSJ_71","s__Vescimonas_fastidiosa",0.233582089552239,0.363033286451008,135,80,0.325557040650854,0.571219725917493
"s__Ruthenibacterium_lactatiformans","s__Vescimonas_fastidiosa",0.349855317096696,0.371517524411529,144,86,0.862610982338893,0.945881049701348
"s__Butyrivibrio_crossotus","s__Vescimonas_fastidiosa",0.402017221615663,0.412702755520813,142,85,0.932575933287525,0.974218904792162
"s__Flavonifractor_plautii","s__Vescimonas_fastidiosa",0.495434450606864,0.533279871692061,144,86,0.717388428744418,0.865041657241252
"s__Olsenella_uli","s__Vescimonas_fastidiosa",0.337065999374414,0.117971043839222,139,84,0.098703001853766,0.320653865212621
"s__Catenibacterium_mitsuokai","s__Faecalicatena_fissicatena",-0.369616554968544,-0.122538936232736,137,83,0.0614855623018385,0.271418077828104
"s__Anaerostipes_hadrus","s__Faecalicatena_fissicatena",0.290665699256303,0.0947874899759423,149,86,0.138208633460273,0.375161283430181
"s__Mogibacterium_kristiansenii","s__Faecalicatena_fissicatena",-0.381806014800819,-0.293915156424015,145,84,0.473660887023054,0.692373930325202
"s__Blautia_faecis","s__Faecalicatena_fissicatena",0.268663159804099,0.239888673994056,149,86,0.820058242322448,0.926503558968691
"s__Eubacterium_ramulus","s__Faecalicatena_fissicatena",0.322938508978777,0.121147223925657,149,86,0.121622375242848,0.354156941964566
"s__Collinsella_bouchesdurhonensis","s__Faecalicatena_fissicatena",-0.326576694848501,-0.20174141945935,138,84,0.338691316760354,0.581001850874735
"s__Olsenella_uli","s__Faecalicatena_fissicatena",-0.302153345605548,-0.135972461273666,141,84,0.211709033455237,0.469720881324231
"s__Collinsella_aerofaciens","s__Simiaoa_sunii",-0.224254576653524,-0.516728551885871,146,85,0.0137075473441955,0.162215594992829
"s__Blautia_wexlerae","s__Simiaoa_sunii",-0.214961487665449,-0.515849130349814,146,85,0.0115213336012374,0.154197753696049
"s__Holdemanella_biformis","s__Simiaoa_sunii",-0.115182648401826,-0.374627429578943,145,83,0.04816891963825,0.242867229280847
"s__Blautia_obeum","s__Simiaoa_sunii",-0.167967763392556,-0.559859292554231,146,85,0.00089068257396912,0.058904949459227
"s__Holdemanella_porci","s__Simiaoa_sunii",-0.1550164591384,-0.501049494143823,136,83,0.0056022433994496,0.114679256254209
"s__Anaerostipes_hadrus","s__Simiaoa_sunii",-0.0717168114293426,-0.365174907172171,146,85,0.025663533414391,0.195230652043199
"s__Dorea_formicigenerans","s__Simiaoa_sunii",-0.19155524278677,-0.442114520226695,146,85,0.0440459140365638,0.237362745014921
"s__Cyclospora_cayetanensis","s__Simiaoa_sunii",0.237835597158089,0.438499120578464,146,85,0.102625040240596,0.327391014274034
"s__Ruminococcus_callidus","s__Simiaoa_sunii",0.352896516628911,0.49452804377565,143,85,0.217241068683482,0.473442354374203
"s__Ruminococcus_gnavus","s__Simiaoa_sunii",-0.298217539259445,-0.415341020128982,146,85,0.336829217473195,0.579006961773341
"s__Oscillibacter_sp._ER4","s__Simiaoa_sunii",0.159690075183033,0.52593316396326,143,85,0.00247394981103537,0.0905059344176459
"s__Prevotella_hominis","s__Simiaoa_sunii",0.279418799330304,0.424625377837803,112,72,0.284829203849705,0.537474368092521
"s__Coprococcus_eutactus","s__Simiaoa_sunii",0.0309313333269066,0.444088333007622,146,85,0.00135491299295111,0.0685616371500049
"s__Vescimonas_coprocola","s__Simiaoa_sunii",0.0320658164068651,0.396970881375806,145,85,0.00541940568247707,0.112953552375992
"s__Eubacterium_ramulus","s__Simiaoa_sunii",-0.0287757994080958,0.351025991792066,146,85,0.00453096713168423,0.109029309974668
"s__Lachnospira_eligens","s__Simiaoa_sunii",0.213368937560853,0.38671096345515,146,85,0.170938684460084,0.423748025130614
"s__Ruminococcus_bicirculans","s__Simiaoa_sunii",0.29268145647456,0.295957348557995,144,83,0.984009854856931,0.993977893255556
"s__Ruminococcus_flavefaciens","s__Simiaoa_sunii",0.269252873563218,0.463259722493649,145,85,0.10697683436314,0.333334529864302
"s__Phascolarctobacterium_succinatutens","s__Simiaoa_sunii",0.216681714007917,0.420422535211268,120,71,0.138423735353796,0.375320163252738
"s__Oscillibacter_valericigenes","s__Simiaoa_sunii",0.159735089123037,0.430134844635529,146,85,0.0320628193586988,0.211233785008745
"s__Butyrivibrio_crossotus","s__Simiaoa_sunii",0.174322803633148,0.447686544497317,144,84,0.0294391788289192,0.202888448883072
"s__Roseburia_hominis","s__Simiaoa_sunii",0.353575043621605,0.332108657416455,146,85,0.856296583081066,0.943011261668992
"s__Vescimonas_fastidiosa","s__Simiaoa_sunii",0.155960611159892,0.51936681649404,142,85,0.00283301877869633,0.0919360336498077
"s__Coprococcus_catus","s__Ruminococcus_sp._FMBCY1",-0.15159469314238,-0.443415669506906,103,58,0.056197994682376,0.261578298047884
"s__Ruminococcus_sp._NSJ_71","s__Ruminococcus_sp._FMBCY1",0.51021645021645,0.469514695830485,99,56,0.746846805167629,0.884742047182734
"s__Ruminococcus_sp._BSD2780120874_150323_B10","s__Ruminococcus_sp._FMBCY1",0.551899077590884,0.508824089956165,96,54,0.722565314181336,0.869759228375784
"s__Collinsella_aerofaciens","s__Collinsella_sp._AM34_10",0.305521265851195,0.355307136404697,133,81,0.701777657008019,0.85806657077427
"s__Holdemanella_porci","s__Collinsella_sp._AM34_10",0.233800853018373,0.36446319737459,127,80,0.326242183015161,0.571838362583659
"s__Paratractidigestivibacter_faecalis","s__Collinsella_sp._AM34_10",0.423221785665899,0.42751984857248,121,77,0.977412457409567,0.992976983620747
"s__Romboutsia_timonensis","s__Collinsella_sp._AM34_10",0.301597040380689,0.126311242749599,118,73,0.225159361782826,0.482143863742925
"s__Faecalibacterium_sp._HTFF","s__Collinsella_sp._AM34_10",-0.282220136501362,-0.303023909985935,133,80,0.878933095602958,0.951137149179212
"s__Parolsenella_catena","s__Collinsella_sp._AM34_10",0.390956509958,0.502653359298929,121,79,0.346961491317876,0.588612887848507
"s__Senegalimassilia_anaerobia","s__Collinsella_sp._AM34_10",0.125315022462471,0.444896115627823,132,81,0.0146681297037629,0.164090902998168
"s__Collinsella_bouchesdurhonensis","s__Collinsella_sp._AM34_10",0.476154779344442,0.582791327913279,128,81,0.308607767954991,0.559396158252357
"s__Ruminococcus_bicirculans","s__Collinsella_sp._AM34_10",-0.137143009662094,-0.375714955461791,131,80,0.0768106586097819,0.297641673044626
"s__Olsenella_uli","s__Collinsella_sp._AM34_10",0.314987701252236,0.410185185185185,129,81,0.45169701471921,0.678630857850311
"s__Catenibacterium_mitsuokai","s__Senegalimassilia_faecalis",0.384756683757554,0.326302499972791,128,82,0.638887620826194,0.819214961976614
"s__Phocaeicola_vulgatus","s__Senegalimassilia_faecalis",-0.229884070416488,-0.392378346687512,136,85,0.202211237566835,0.459892927744649
"s__Mogibacterium_kristiansenii","s__Senegalimassilia_faecalis",0.421186966270693,0.361340833718148,136,83,0.614060993694284,0.801679239643986
"s__Paratractidigestivibacter_faecalis","s__Senegalimassilia_faecalis",0.529784776902887,0.46977073559352,126,78,0.580336207713574,0.770373690718188
"s__Blautia_faecis","s__Senegalimassilia_faecalis",-0.410420594769168,-0.114109829978503,137,85,0.022184834653623,0.186024486279693
"s__Slackia_isoflavoniconvertens","s__Senegalimassilia_faecalis",0.356600145612037,0.573187414500684,137,85,0.0480552855081791,0.242867229280847
"s__Bacteroides_uniformis","s__Senegalimassilia_faecalis",-0.282567000948776,-0.506758742286218,133,83,0.0613439890160108,0.271192593506721
"s__Prevotella_stercorea","s__Senegalimassilia_faecalis",0.303864823348694,-0.0949576739050423,125,77,0.00572067395416135,0.115219740485358
"s__Roseburia_intestinalis","s__Senegalimassilia_faecalis",-0.158759124087591,-0.368379910103576,137,85,0.108818038575713,0.335697719623155
"s__Ellagibacter_isourolithinifaciens","s__Senegalimassilia_faecalis",0.514368009576179,0.503107289427399,134,85,0.908103633323503,0.964355727414998
"s__Akkermansia_muciniphila","s__Senegalimassilia_faecalis",-0.329776239048423,-0.154326270744181,118,66,0.233394006417646,0.49272068021503
"s__Parolsenella_catena","s__Senegalimassilia_faecalis",0.570507686539183,0.613240418118467,126,83,0.654057854388113,0.827863438071667
"s__Senegalimassilia_anaerobia","s__Senegalimassilia_faecalis",0.506798339773866,0.346461476156728,136,84,0.161752806449332,0.410164948370234
"s__Collinsella_bouchesdurhonensis","s__Senegalimassilia_faecalis",0.493529844511777,0.544288652869317,134,83,0.631521159776447,0.812799875924851
"s__Ruminococcus_lactaris","s__Senegalimassilia_faecalis",-0.281903970728247,-0.114617940199336,137,85,0.213881622669831,0.470797134302258
"s__Olsenella_uli","s__Senegalimassilia_faecalis",0.448582446618582,0.442847018325402,133,84,0.954222926993799,0.983979803877563
"s__Collinsella_sp._AM34_10","s__Senegalimassilia_faecalis",0.302364713774598,0.314046973803071,129,81,0.932919222726907,0.974281569073135
"s__Holdemanella_biformis","s__Mediterraneibacter_sp._NSJ_151",0.290308200288631,0.355330565961324,147,84,0.606781569789085,0.794941645144634
"s__Eubacterium_ramulus","s__Mediterraneibacter_sp._NSJ_151",0.212910486160726,0.368223568497166,148,85,0.222162739261007,0.479825347404303
"s__Blautia_stercoris","s__Mediterraneibacter_sp._NSJ_151",0.181100700755543,0.416005471956224,148,85,0.0619999279764216,0.272656972264596
"s__Flavonifractor_plautii","s__Mediterraneibacter_sp._NSJ_151",-0.212040557198755,-0.423763924174321,148,85,0.0887649393550918,0.309656754558584
"s__Lachnoclostridium_sp._210928_DFI_6_3","s__Agathobaculum_butyriciproducens",0.275504380676794,0.255824692498216,144,83,0.876393345592895,0.950649665294409
"s__Prevotella_copri","s__Anaerotardibacter_sp._CLA_AA_M13",-0.224921190357168,-0.440863725906335,133,82,0.089018325969429,0.309656754558584
"s__Ruminococcus_bromii","s__Anaerotardibacter_sp._CLA_AA_M13",0.278296943530545,0.0614356586007897,138,84,0.111500396925549,0.339285546859496
"s__Holdemanella_porci","s__Anaerotardibacter_sp._CLA_AA_M13",0.0866733124854907,0.401053692120398,130,83,0.0186080435413816,0.174935012587289
"s__Anaerostipes_hadrus","s__Anaerotardibacter_sp._CLA_AA_M13",0.0603143001308252,0.356525260706692,138,84,0.027115861178306,0.198452987162725
"s__Slackia_isoflavoniconvertens","s__Anaerotardibacter_sp._CLA_AA_M13",0.272086741904477,0.589612230434342,138,84,0.00490365124599172,0.110342158222733
"s__Prevotella_stercorea","s__Anaerotardibacter_sp._CLA_AA_M13",-0.154230414746544,-0.40524948735475,125,76,0.0656720550797576,0.275086720364539
"s__Ellagibacter_isourolithinifaciens","s__Anaerotardibacter_sp._CLA_AA_M13",0.353380158033363,0.540994229016908,135,84,0.0968847823432864,0.320352910475913
"s__Dialister_succinatiphilus","s__Anaerotardibacter_sp._CLA_AA_M13",-0.151892836342458,-0.428571428571429,101,57,0.0747568256286193,0.295210567212534
"s__Senegalimassilia_faecalis","s__Anaerotardibacter_sp._CLA_AA_M13",0.0763226474145563,0.378029766123317,134,84,0.0238869172946879,0.19103978738705
"s__Collinsella_aerofaciens","s__Phascolarctobacterium_sp._Marseille_Q4147",-0.114889762945595,-0.41224010731053,118,71,0.0361883214373201,0.220391010212995
"s__Prevotella_copri","s__Phascolarctobacterium_sp._Marseille_Q4147",0.481387402778402,0.414154492170414,117,70,0.580393047952855,0.770373690718188
"s__Blautia_obeum","s__Phascolarctobacterium_sp._Marseille_Q4147",-0.376785394731556,-0.412944332662643,118,71,0.786129509439098,0.907214558040623
"s__Holdemanella_porci","s__Phascolarctobacterium_sp._Marseille_Q4147",-0.0688040595087072,-0.381522468142186,116,71,0.0312861353859192,0.208918484645003
"s__Subdoligranulum_sp._APC924_74","s__Phascolarctobacterium_sp._Marseille_Q4147",-0.191947965626929,-0.402582159624413,118,71,0.132182493452675,0.368286708868043
"s__Phocaeicola_vulgatus","s__Phascolarctobacterium_sp._Marseille_Q4147",0.0347857526322133,0.462038900067069,118,71,0.00252977887463048,0.0905059344176459
"s__Blautia_glucerasea","s__Phascolarctobacterium_sp._Marseille_Q4147",-0.305249087901132,-0.353923541247485,118,71,0.727029723578793,0.871216166507459
"s__Oscillibacter_sp._ER4","s__Phascolarctobacterium_sp._Marseille_Q4147",0.2359624423433,0.505097250167673,118,71,0.0407280322705002,0.231128222736386
"s__Prevotella_stercorea","s__Phascolarctobacterium_sp._Marseille_Q4147",0.46042471042471,0.495323346729996,111,69,0.779755014789956,0.903575523901187
"s__Prevotella_hominis","s__Phascolarctobacterium_sp._Marseille_Q4147",0.366619357538267,0.369303216537633,102,67,0.989447566484396,0.994944497409309
"s__Faecalibacterium_sp._HTFF","s__Phascolarctobacterium_sp._Marseille_Q4147",0.395812562313061,0.376156941649899,118,71,0.874851756550085,0.950649665294409
"s__Prevotella_sp._885","s__Phascolarctobacterium_sp._Marseille_Q4147",0.313692022263451,0.482459823643929,99,68,0.21412034614238,0.470818331447342
"s__Phascolarctobacterium_succinatutens","s__Phascolarctobacterium_sp._Marseille_Q4147",0.961951561951562,0.902865352382473,111,67,0.00204748632209132,0.0837256135749657
"s__Prevotellamassilia_timonensis","s__Phascolarctobacterium_sp._Marseille_Q4147",0.450787891353929,0.403190559440559,105,65,0.713073857697275,0.863168249426586
"s__Simiaoa_sunii","s__Phascolarctobacterium_sp._Marseille_Q4147",0.200849705525334,0.439637826961771,117,71,0.0826893356583576,0.30348839416125
"s__Collinsella_aerofaciens","s__Eggerthella_lenta",0.27595138762924,0.496315863955847,149,86,0.0594330427448798,0.268389073557926
"s__Blautia_wexlerae","s__Eggerthella_lenta",0.366428441864683,0.477843294495023,149,86,0.328515235952543,0.572832565339331
"s__Prevotella_copri","s__Eggerthella_lenta",-0.275351892399124,-0.39559632257252,139,83,0.340305734684318,0.582244488347945
"s__Blautia_obeum","s__Eggerthella_lenta",0.27430437148558,0.583301099108449,149,86,0.0052828507281938,0.112953552375992
"s__Holdemanella_porci","s__Eggerthella_lenta",0.0813833224122067,0.352799433026223,138,84,0.0424015024973157,0.235191559819788
"s__Blautia_massiliensis","s__Eggerthella_lenta",0.353305915146759,0.263757724420963,148,86,0.470083970054946,0.689550546819229
"s__Coprococcus_comes","s__Eggerthella_lenta",0.337471431162706,0.12331713760083,149,86,0.0988671332624319,0.320653865212621
"s__Bifidobacterium_longum","s__Eggerthella_lenta",0.0257965056526208,0.445657193232862,139,83,0.00137561877387332,0.0685616371500049
"s__Cyclospora_cayetanensis","s__Eggerthella_lenta",-0.303304915653909,-0.211528845700269,149,86,0.47319907169177,0.692373930325202
"s__Ruminococcus_torques","s__Eggerthella_lenta",0.323928895338291,0.313892164724751,149,86,0.930870629502148,0.973549807854988
"s__Ruminococcus_callidus","s__Eggerthella_lenta",-0.274178901603154,-0.415915845087032,146,86,0.246647712173666,0.503694466843966
"s__Slackia_isoflavoniconvertens","s__Eggerthella_lenta",0.16151992081542,0.444728524930421,147,86,0.0230921888355609,0.188369795221213
"s__Ruminococcus_gnavus","s__Eggerthella_lenta",0.380246689642663,0.426105004953064,149,86,0.696830234023732,0.857387897963368
"s__Oscillibacter_sp._ER4","s__Eggerthella_lenta",-0.371646197449221,-0.48759847162602,145,86,0.30750951424568,0.558945676263686
"s__Prevotella_stercorea","s__Eggerthella_lenta",-0.337120539676904,-0.31181975918818,130,77,0.842677553371012,0.936689181298525
"s__Vescimonas_coprocola","s__Eggerthella_lenta",-0.332845926326271,-0.311458087645644,148,86,0.858345804167557,0.94392784679357
"s__Faecalibacterium_sp._HTFF","s__Eggerthella_lenta",-0.337946671503718,-0.199159663865546,149,85,0.277192730574837,0.529911410297201
"s__Anthropogastromicrobium_aceti","s__Eggerthella_lenta",-0.351547548095966,-0.236907401292514,148,86,0.360303448390082,0.602128464189274
"s__Ruminococcus_flavefaciens","s__Eggerthella_lenta",-0.336277569154281,-0.369517430067456,147,86,0.788596073450161,0.907928321591933
"s__Oscillibacter_valericigenes","s__Eggerthella_lenta",-0.409990930527843,-0.366838058398981,149,86,0.707347041627902,0.860172021272403
"s__Lachnoclostridium_sp._210928_DFI_6_3","s__Eggerthella_lenta",-0.341218551563379,-0.29054195877587,144,83,0.684413208858196,0.849710117423587
"s__Butyrivibrio_crossotus","s__Eggerthella_lenta",-0.205668346568542,-0.371897596247801,147,85,0.192068364094952,0.446318966092345
"s__Roseburia_hominis","s__Eggerthella_lenta",-0.116096499183748,-0.396462097268739,149,86,0.0286158651962126,0.202888448883072
"s__Vescimonas_fastidiosa","s__Eggerthella_lenta",-0.288437424644321,-0.383291664701165,144,86,0.444407213002565,0.673626924949021
"s__Simiaoa_sunii","s__Eggerthella_lenta",-0.274680188561017,-0.410513973031073,146,85,0.269948855720861,0.523901870668195
"s__Anaerotardibacter_sp._CLA_AA_M13","s__Eggerthella_lenta",0.295356732703333,0.541014478080389,138,84,0.0333952098983917,0.213915117364569
"s__Paratractidigestivibacter_faecalis","s__Eubacterium_ventriosum",-0.287829830053667,-0.293390154149648,129,78,0.971051880355881,0.991228084459447
"s__Parolsenella_catena","s__Eubacterium_ventriosum",-0.309018372703412,-0.266382603585072,126,83,0.744118997133763,0.883031480725677
"s__Prevotella_copri","s__Alistipes_putredinis",-0.323382637234186,-0.219513484928609,117,61,0.484662519987743,0.701200844020971
"s__Catenibacterium_mitsuokai","s__Alistipes_putredinis",-0.460167284778663,-0.268296749096971,115,60,0.170979556539552,0.423748025130614
"s__Holdemanella_biformis","s__Alistipes_putredinis",-0.293199055861526,-0.17065044949762,124,61,0.415802696518487,0.650270792781754
"s__Anaerostipes_hadrus","s__Alistipes_putredinis",0.337132966168371,0.171082949308756,124,63,0.25938715282148,0.514209511925685
"s__Dorea_formicigenerans","s__Alistipes_putredinis",-0.332003147128245,-0.35440668202765,124,63,0.879746790636294,0.951137149179212
"s__Subdoligranulum_sp._APC924_74","s__Alistipes_putredinis",0.446904799370574,0.368739140288585,124,62,0.549363403330293,0.749079662137688
"s__Phocaeicola_vulgatus","s__Alistipes_putredinis",0.459074434742232,0.37812019969278,123,63,0.52939961923995,0.734885806592723
"s__Mogibacterium_kristiansenii","s__Alistipes_putredinis",-0.443336714900817,-0.0269169751454257,122,61,0.00516452314342961,0.112842441177798
"s__Paratractidigestivibacter_faecalis","s__Alistipes_putredinis",-0.311553968633615,-0.305741626794258,112,56,0.962846793643037,0.988204150444876
"s__Blautia_faecis","s__Alistipes_putredinis",0.367678992918961,0.293874807987711,124,63,0.595563141682599,0.783827648008594
"s__Bacteroides_uniformis","s__Alistipes_putredinis",0.540184256875762,0.486751152073733,121,63,0.639376632142071,0.81923108715968
"s__Prevotella_stercorea","s__Alistipes_putredinis",-0.321647669354091,-0.134176349965824,109,56,0.238684635598275,0.4974201430089
"s__Ellagibacter_isourolithinifaciens","s__Alistipes_putredinis",-0.298354935194417,0.04161866359447,119,63,0.028752177621199,0.202888448883072
"s__Lentihominibacter_faecis","s__Alistipes_putredinis",-0.315487018095987,-0.0317544257258694,124,62,0.0642388832566313,0.273935615341439
"s__Parolsenella_catena","s__Alistipes_putredinis",-0.343765183343337,-0.321946060285563,108,61,0.87557935430846,0.950649665294409
"s__Collinsella_bouchesdurhonensis","s__Alistipes_putredinis",-0.366347465120113,-0.0985193019566367,117,61,0.0776374913097721,0.298986934618484
"s__Prevotellamassilia_timonensis","s__Alistipes_putredinis",-0.323680838672103,-0.103800904977376,101,51,0.189796175748996,0.445075097689828
"s__Olsenella_uli","s__Alistipes_putredinis",-0.311841100076394,-0.323512376923271,120,62,0.941886855296819,0.977413508958859
"s__Faecalicatena_fissicatena","s__Alistipes_putredinis",0.427059008654603,0.175931259600614,124,63,0.0780870727120474,0.30004630509132
"s__Senegalimassilia_faecalis","s__Alistipes_putredinis",-0.380417483565909,-0.304963517665131,116,63,0.588715523309954,0.776896655664978
"s__Catenibacterium_mitsuokai","s__Absicoccus_porci",0.418413795941886,-0.0384308404501556,90,67,0.00345204070351681,0.100803435816765
"s__Phocaeicola_vulgatus","s__Absicoccus_porci",-0.377958273610448,-0.14681070351567,91,68,0.128207522881618,0.36288532608221
"s__Paratractidigestivibacter_faecalis","s__Absicoccus_porci",0.534570814694798,0.318979966477772,88,67,0.108851549906382,0.335697719623155
"s__Parolsenella_catena","s__Absicoccus_porci",0.501446159859293,0.227354277207314,85,68,0.0550917443516803,0.259490915306474
"s__Olsenella_uli","s__Absicoccus_porci",0.544593088071349,0.297324121082567,91,68,0.0636917875546066,0.273795071750365
"s__Collinsella_aerofaciens","s__Oscillibacter_sp._MSJ_31",-0.352688724508685,-0.405608755129959,147,85,0.661224358919703,0.83249153223594
"s__Blautia_wexlerae","s__Oscillibacter_sp._MSJ_31",-0.627413127413127,-0.626226304475278,147,85,0.979621786230716,0.993125234484607
"s__Dorea_longicatena","s__Oscillibacter_sp._MSJ_31",-0.460683495908545,-0.470216923978894,147,85,0.936919471677459,0.975698046283382
"s__Mediterraneibacter_faecis","s__Oscillibacter_sp._MSJ_31",-0.387279087866172,-0.535704514363885,147,85,0.174967451602376,0.426444412516351
"s__Fusicatenibacter_saccharivorans","s__Oscillibacter_sp._MSJ_31",-0.37234886549955,-0.228610513973031,147,85,0.251897718329178,0.507782094568608
"s__Holdemanella_biformis","s__Oscillibacter_sp._MSJ_31",-0.162256609419036,-0.583780500151868,147,84,0.000305134681273915,0.0387407375369006
"s__Blautia_obeum","s__Oscillibacter_sp._MSJ_31",-0.494880958677436,-0.56296658198163,147,85,0.501412566012484,0.713128495129002
"s__Extibacter_muris","s__Oscillibacter_sp._MSJ_31",-0.332839689004073,-0.201758843072113,147,85,0.306354686114762,0.558271507482124
"s__Holdemanella_porci","s__Oscillibacter_sp._MSJ_31",-0.273540612690649,-0.598663561810266,137,84,0.00376375168727547,0.101917653957011
"s__Blautia_massiliensis","s__Oscillibacter_sp._MSJ_31",-0.470494676952603,-0.406058237248388,147,85,0.560022419829968,0.755127454657111
"s__Coprococcus_comes","s__Oscillibacter_sp._MSJ_31",-0.586086785695396,-0.550889192886457,147,85,0.700043694780663,0.85806657077427
"s__Anaerobutyricum_hallii","s__Oscillibacter_sp._MSJ_31",-0.301607870101021,-0.503341801837014,147,85,0.0821137971069741,0.302627917738631
"s__Anaerostipes_hadrus","s__Oscillibacter_sp._MSJ_31",-0.212748112943808,-0.355384014070745,147,85,0.265153182448045,0.518020786382843
"s__Dorea_formicigenerans","s__Oscillibacter_sp._MSJ_31",-0.521250632796621,-0.579636505765097,147,85,0.552429111770959,0.750613874113128
"s__Roseburia_faecis","s__Oscillibacter_sp._MSJ_31",-0.295740806504016,0.0661911276138362,147,85,0.00752920475252212,0.134117881318168
"s__Methanobrevibacter_smithii","s__Oscillibacter_sp._MSJ_31",0.579910103576314,0.452958152958153,85,55,0.324515213199785,0.571140132136162
"s__Oliverpabstia_intestinalis","s__Oscillibacter_sp._MSJ_31",-0.29130749134798,-0.428043775649795,146,85,0.260206776284169,0.515188060550887
"s__Cyclospora_cayetanensis","s__Oscillibacter_sp._MSJ_31",0.467219246084217,0.516474496775454,147,85,0.646038520831953,0.824082519711085
"s__Ruminococcus_torques","s__Oscillibacter_sp._MSJ_31",-0.518798782008175,-0.449677545436779,147,85,0.509298190269536,0.717230334290309
"s__Blautia_faecis","s__Oscillibacter_sp._MSJ_31",-0.392126121088939,-0.360445573578269,147,85,0.785151625183991,0.906570845352461
"s__Blautia_glucerasea","s__Oscillibacter_sp._MSJ_31",-0.325657919591383,-0.354895446550713,147,85,0.816668110095887,0.925430804293688
"s__Blautia_luti","s__Oscillibacter_sp._MSJ_31",-0.308498741962538,-0.370861833105335,147,85,0.615992993505877,0.802563542666791
"s__Ruminococcus_gnavus","s__Oscillibacter_sp._MSJ_31",-0.619608006105071,-0.522943130740668,147,85,0.294669215257585,0.546289720361637
"s__Oscillibacter_sp._ER4","s__Oscillibacter_sp._MSJ_31",0.661080932136671,0.685733828415087,145,85,0.75467698336388,0.888146248387643
"s__Prevotella_stercorea","s__Oscillibacter_sp._MSJ_31",0.286476967799642,0.251155160628845,129,76,0.792814774290693,0.910043394120725
"s__Roseburia_intestinalis","s__Oscillibacter_sp._MSJ_31",-0.326171712668777,-0.085890170021497,147,85,0.0687142317407928,0.281930300262324
"s__Vescimonas_coprocola","s__Oscillibacter_sp._MSJ_31",0.678935994982962,0.718975962478014,147,85,0.580636407775965,0.770373690718188
"s__Eubacterium_ramulus","s__Oscillibacter_sp._MSJ_31",-0.272125214395273,-0.188039867109635,147,85,0.519829497978387,0.725230687037596
"s__Ruminococcus_bicirculans","s__Oscillibacter_sp._MSJ_31",0.292461817036687,0.396330968473196,145,83,0.40410621550988,0.639471790151957
"s__Veillonella_parvula","s__Oscillibacter_sp._MSJ_31",-0.308360803116572,-0.0698592690088083,141,84,0.0763358274350413,0.297641673044626
"s__Ruminococcus_flavefaciens","s__Oscillibacter_sp._MSJ_31",0.58576995748701,0.660074262263045,145,85,0.387538874525184,0.624884972294745
"s__Oscillibacter_valericigenes","s__Oscillibacter_sp._MSJ_31",0.793096283311547,0.825542309947235,147,85,0.505798918005239,0.715819950213999
"s__Ruminococcus_sp._NSJ_71","s__Oscillibacter_sp._MSJ_31",0.287138018224321,0.376793248945148,136,80,0.486930801952549,0.702708782171555
"s__Ruthenibacterium_lactatiformans","s__Oscillibacter_sp._MSJ_31",0.40126861555433,0.407621653312488,147,85,0.962276090862007,0.988204150444876
"s__Butyrivibrio_crossotus","s__Oscillibacter_sp._MSJ_31",0.324515824279641,0.521809654094196,145,85,0.0833616836343105,0.304982126598084
"s__Flavonifractor_plautii","s__Oscillibacter_sp._MSJ_31",0.421710779832111,0.543717021692398,147,85,0.253864476009473,0.509552796255158
"s__Olsenella_uli","s__Oscillibacter_sp._MSJ_31",0.309439986005117,-0.00386213844926745,140,83,0.0218464760055122,0.186024486279693
"s__Vescimonas_fastidiosa","s__Oscillibacter_sp._MSJ_31",0.818748492886424,0.783115106507719,144,85,0.465165464330836,0.686645616191669
"s__Simiaoa_sunii","s__Oscillibacter_sp._MSJ_31",0.19812314122659,0.473787587324086,144,84,0.0252295444532307,0.194287693003565
"s__Mediterraneibacter_sp._NSJ_151","s__Oscillibacter_sp._MSJ_31",-0.148918858993763,-0.358550167054774,146,84,0.107951939691948,0.335325257133825
"s__Eggerthella_lenta","s__Oscillibacter_sp._MSJ_31",-0.36528798857566,-0.403517686144225,147,85,0.751997729884377,0.88777169090527
"s__Blautia_wexlerae","s__Bacteroides_caccae",-0.281747595127877,-0.324074074074074,143,80,0.748152650570405,0.885069475511394
"s__Dorea_longicatena","s__Bacteroides_caccae",-0.354907416527135,-0.333473980309423,143,80,0.859156004559874,0.94392784679357
"s__Mediterraneibacter_faecis","s__Bacteroides_caccae",-0.294719951410092,-0.559915611814346,143,80,0.0213870502953649,0.186024486279693
"s__Holdemanella_biformis","s__Bacteroides_caccae",-0.280069109294461,-0.406593406593407,143,78,0.32064656803435,0.569284226881843
"s__Blautia_obeum","s__Bacteroides_caccae",-0.208616500870022,-0.484247538677918,143,80,0.026663606799328,0.197451590932345
"s__Holdemanella_porci","s__Bacteroides_caccae",-0.355719692718907,-0.474399018702816,133,78,0.327360139915169,0.572307455753936
"s__Coprococcus_comes","s__Bacteroides_caccae",-0.258359598148331,-0.372292545710267,143,80,0.37721489499489,0.615221804701855
"s__Dorea_formicigenerans","s__Bacteroides_caccae",-0.452419646081618,-0.551078293483357,143,80,0.358435675057293,0.601223723180813
"s__Phocaeicola_vulgatus","s__Bacteroides_caccae",0.464337305886602,0.44915611814346,143,80,0.885716626385874,0.953936199753484
"s__Blautia_glucerasea","s__Bacteroides_caccae",-0.147308677238255,-0.366619784341303,143,80,0.0986250828255785,0.320653865212621
"s__Bacteroides_uniformis","s__Bacteroides_caccae",0.389833420999139,0.448539435248296,142,79,0.624778624061003,0.80891754029406
"s__Oscillibacter_sp._ER4","s__Bacteroides_caccae",0.194905184716392,0.421284575714955,142,80,0.0786233675098011,0.301097729249673
"s__Ellagibacter_isourolithinifaciens","s__Bacteroides_caccae",-0.0863281631060384,-0.377543366150961,135,80,0.0314030247603245,0.209292639827047
"s__Vescimonas_coprocola","s__Bacteroides_caccae",0.323578416888276,0.432794186591655,143,80,0.374154803749669,0.61330713541235
"s__Oscillibacter_valericigenes","s__Bacteroides_caccae",0.355206999573197,0.33722456633849,143,80,0.88057521025178,0.951397470328581
"s__Ruthenibacterium_lactatiformans","s__Bacteroides_caccae",0.325277422108408,0.171003281762775,143,80,0.245492038632606,0.503442223619277
"s__Flavonifractor_plautii","s__Bacteroides_caccae",0.279835188285892,0.402297233942804,143,80,0.33310416304534,0.575940279895889
"s__Vescimonas_fastidiosa","s__Bacteroides_caccae",0.287563679952053,0.427590248476324,141,80,0.262584693701231,0.516630791061407
"s__Oscillibacter_sp._MSJ_31","s__Bacteroides_caccae",0.331445549755409,0.489946445959104,143,79,0.1833666902602,0.435777142739744
"s__Romboutsia_timonensis","s__Intestinibacter_bartlettii",0.396433162272281,0.395405767940979,122,71,0.987379890093737,0.994944497409309
"s__Dorea_longicatena","s__Bacteroides_ovatus",-0.302613761612344,-0.177677702044791,145,79,0.349752201317268,0.590765137686681
"s__Holdemanella_porci","s__Bacteroides_ovatus",-0.161056871033305,-0.418371102581629,134,77,0.0532364452275869,0.254397001673871
"s__Dorea_formicigenerans","s__Bacteroides_ovatus",-0.328499448905684,-0.280452775073028,145,79,0.705927808054827,0.85996660712028
"s__Oliverpabstia_intestinalis","s__Bacteroides_ovatus",-0.109263724780966,-0.379506569379987,144,78,0.0441107097788806,0.237362745014921
"s__Phocaeicola_vulgatus","s__Bacteroides_ovatus",0.527527161076996,0.642478091528724,145,79,0.222497400420493,0.480015960097621
"s__Slackia_isoflavoniconvertens","s__Bacteroides_ovatus",-0.256131192750911,-0.390798442064265,143,79,0.295106220693193,0.546383373254207
"s__Bacteroides_uniformis","s__Bacteroides_ovatus",0.586198858612652,0.575845207424155,144,77,0.903688437984445,0.963039730568882
"s__Prevotella_stercorea","s__Bacteroides_ovatus",0.122407754989929,0.435980501048994,128,73,0.0220888195390834,0.186024486279693
"s__Ellagibacter_isourolithinifaciens","s__Bacteroides_ovatus",-0.368217165211583,-0.396397273612463,136,79,0.824807966872613,0.92756033593777
"s__Lentihominibacter_faecis","s__Bacteroides_ovatus",-0.414178924523752,-0.110838528560048,144,78,0.0214841115252189,0.186024486279693
"s__Prevotella_sp._885","s__Bacteroides_ovatus",0.136579590397259,0.452448021462106,106,71,0.0260408515383189,0.195533817555194
"s__Phascolarctobacterium_succinatutens","s__Bacteroides_ovatus",0.00972795898020225,0.460796492510048,119,69,0.0016482755525493,0.074584468752856
"s__Senegalimassilia_faecalis","s__Bacteroides_ovatus",-0.208868507768743,-0.389776046738072,133,79,0.170647812360886,0.423748025130614
"s__Anaerotardibacter_sp._CLA_AA_M13","s__Bacteroides_ovatus",-0.122670958930836,-0.432491559073838,135,78,0.0196613373970882,0.180789677295686
"s__Phascolarctobacterium_sp._Marseille_Q4147","s__Bacteroides_ovatus",0.132825894744935,0.437742053343076,116,69,0.03150745325532,0.20958245985502
"s__Alistipes_putredinis","s__Bacteroides_ovatus",0.365824414036038,0.185154880187025,121,59,0.226271695045038,0.483923108992466
"s__Bacteroides_caccae","s__Bacteroides_ovatus",0.419159204595225,0.541221935958778,142,77,0.274847200655029,0.52811433082726
"s__Blautia_wexlerae","s__Blautia_schinkii",0.20515508797388,0.440879286758809,149,86,0.0554354562466177,0.259750696172969
"s__Dorea_longicatena","s__Blautia_schinkii",0.185314710683838,0.395028067361668,149,86,0.0963768684837779,0.320352910475913
"s__Fusicatenibacter_saccharivorans","s__Blautia_schinkii",0.289265372755306,0.182319920750979,149,86,0.409094991332115,0.644920371487598
"s__Holdemanella_biformis","s__Blautia_schinkii",0.21143715966343,0.454652222334717,148,84,0.0483587000899237,0.242867229280847
"s__Coprococcus_comes","s__Blautia_schinkii",0.279992744422275,0.267078635784707,149,86,0.915511442209707,0.966874042977536
"s__Dorea_formicigenerans","s__Blautia_schinkii",0.203177943043715,0.472635501674607,149,86,0.0263496373584502,0.196992180164588
"s__Oliverpabstia_intestinalis","s__Blautia_schinkii",0.176854707056049,0.352120383036936,148,85,0.174474247468427,0.426444412516351
"s__Blautia_faecis","s__Blautia_schinkii",0.139332486849265,0.365177602717109,149,86,0.0796727870979218,0.301472266942823
"s__Blautia_glucerasea","s__Blautia_schinkii",0.188561581715944,0.396933817632907,149,86,0.0979968775285434,0.320352910475913
"s__Blautia_luti","s__Blautia_schinkii",0.429156539089425,0.560356620595311,149,86,0.209157872362011,0.466165860695369
"s__Oscillibacter_sp._ER4","s__Blautia_schinkii",-0.179499291450165,-0.422180291523185,145,86,0.0532917339550688,0.254397001673871
"s__Vescimonas_coprocola","s__Blautia_schinkii",-0.238893598433388,-0.448087173923298,148,86,0.0852476757128933,0.305502311173032
"s__Eubacterium_ramulus","s__Blautia_schinkii",0.301451115545075,0.122486909759894,149,86,0.172097740094898,0.424261023789501
"s__Ruminococcus_flavefaciens","s__Blautia_schinkii",-0.150511148554201,-0.384065286098401,147,86,0.068107998897771,0.281180562076152
"s__Oscillibacter_valericigenes","s__Blautia_schinkii",-0.25122800653002,-0.448974008207934,149,86,0.101837866380921,0.325766192144802
"s__Flavonifractor_plautii","s__Blautia_schinkii",-0.377181208053691,-0.429822161422709,149,86,0.653788767924913,0.827827530520535
"s__Vescimonas_fastidiosa","s__Blautia_schinkii",-0.293798730005627,-0.441898202745413,144,86,0.218353031176132,0.474962728788563
"s__Mediterraneibacter_sp._NSJ_151","s__Blautia_schinkii",0.136375246634115,0.388528434629666,148,85,0.0498536235913139,0.246331338405932
"s__Oscillibacter_sp._MSJ_31","s__Blautia_schinkii",-0.218675622785212,-0.46281024037522,147,85,0.0455633134944069,0.239957481021846
"s__Blautia_wexlerae","s__Faecalibacillus_intestinalis",0.319661052895414,0.195759233926129,146,85,0.336934747651689,0.579006961773341
"s__Catenibacterium_mitsuokai","s__Faecalibacillus_intestinalis",-0.389309093629596,0.00752059729432636,134,82,0.0034188623225399,0.100803435816765
"s__Anaerostipes_hadrus","s__Faecalibacillus_intestinalis",0.363033942911128,0.0171194059018956,146,85,0.00894692033159408,0.141790133734341
"s__Mogibacterium_kristiansenii","s__Faecalibacillus_intestinalis",-0.343503963821614,0.0135384744553125,142,83,0.00832360985061278,0.138284513411871
"s__Paratractidigestivibacter_faecalis","s__Faecalibacillus_intestinalis",-0.299546541057368,0.0427294224762579,127,78,0.0166296648132829,0.17054112167727
"s__Ruminococcus_gnavus","s__Faecalibacillus_intestinalis",0.301464336324988,0.0674809458667188,146,85,0.0795025206159246,0.301472266942823
"s__Prevotella_stercorea","s__Faecalibacillus_intestinalis",-0.330486032995876,-0.0658814869341185,127,77,0.0597777781638945,0.268615996087196
"s__Prevotella_hominis","s__Faecalibacillus_intestinalis",-0.340707265707266,0.127242909511866,111,72,0.00182694436417152,0.0805495085690495
"s__Olsenella_uli","s__Faecalibacillus_intestinalis",-0.319663279214775,0.0773477183997313,138,83,0.00390698871328049,0.103609687350916
"s__Senegalimassilia_faecalis","s__Faecalibacillus_intestinalis",-0.313338071547027,-0.137430393844285,134,84,0.189190022851839,0.444924445916351
"s__Oscillibacter_sp._MSJ_31","s__Faecalibacillus_intestinalis",-0.311950873878129,-0.210306773311734,145,84,0.432063090560061,0.664519216652973
"s__Collinsella_aerofaciens","s__Holdemanella_sp._MSK_7_32",0.336250121939323,0.421516513582177,135,85,0.483947036621536,0.700755309027983
"s__Blautia_wexlerae","s__Holdemanella_sp._MSK_7_32",0.275909667349527,0.361383623216729,135,85,0.503322087598599,0.714667489368944
"s__Catenibacterium_mitsuokai","s__Holdemanella_sp._MSK_7_32",0.285177352830896,0.3628101255195,126,83,0.55055507939959,0.749437600380113
"s__Dorea_longicatena","s__Holdemanella_sp._MSK_7_32",0.438932787045166,0.444303302716435,135,85,0.96786352347909,0.990030534576024
"s__Mediterraneibacter_faecis","s__Holdemanella_sp._MSK_7_32",0.209974636620817,0.506683603674028,135,85,0.0147467648826945,0.164090902998168
"s__Holdemanella_biformis","s__Holdemanella_sp._MSK_7_32",0.538547458784509,0.591880125544194,135,84,0.585907015532352,0.774676749871495
"s__Blautia_obeum","s__Holdemanella_sp._MSK_7_32",0.25736513510877,0.404475278483486,135,85,0.242735184185469,0.500323511210062
"s__Holdemanella_porci","s__Holdemanella_sp._MSK_7_32",0.813795081183684,0.845742634403159,130,84,0.477952240117988,0.696302131135017
"s__Blautia_massiliensis","s__Holdemanella_sp._MSK_7_32",0.401658374792703,0.290521790111393,135,85,0.367472669661439,0.608151352726511
"s__Anaerobutyricum_hallii","s__Holdemanella_sp._MSK_7_32",0.136459857574871,0.396267344146961,135,85,0.0464069051073916,0.241102185683687
"s__Dorea_formicigenerans","s__Holdemanella_sp._MSK_7_32",0.400458491854453,0.521321086574165,135,85,0.278590876998776,0.53176849955453
"s__Oliverpabstia_intestinalis","s__Holdemanella_sp._MSK_7_32",0.178870354111794,0.502130154387336,135,85,0.00868029765257259,0.141790133734341
"s__Phocaeicola_vulgatus","s__Holdemanella_sp._MSK_7_32",-0.344854673998429,-0.304201680672269,134,85,0.74411504805032,0.883031480725677
"s__Cyclospora_cayetanensis","s__Holdemanella_sp._MSK_7_32",-0.223895229733685,-0.486378737541528,135,85,0.032017221432728,0.211233785008745
"s__Slackia_isoflavoniconvertens","s__Holdemanella_sp._MSK_7_32",0.245840970585668,0.504299394176275,134,85,0.0319816763571645,0.211233785008745
"s__Bacteroides_uniformis","s__Holdemanella_sp._MSK_7_32",-0.393615544760583,-0.289951132443051,131,82,0.410179060094362,0.646177639791347
"s__Oscillibacter_sp._ER4","s__Holdemanella_sp._MSK_7_32",-0.0987339447669377,-0.482587453586086,133,85,0.00259314953796608,0.0905059344176459
"s__Vescimonas_coprocola","s__Holdemanella_sp._MSK_7_32",-0.182860208760121,-0.482919679499707,135,85,0.01571007049185,0.16687431349386
"s__Ruminococcus_bicirculans","s__Holdemanella_sp._MSK_7_32",-0.095076565225819,-0.527391797153772,133,83,0.000589598177474169,0.052994749617674
"s__Ruminococcus_flavefaciens","s__Holdemanella_sp._MSK_7_32",-0.224514021371838,-0.480457299198749,134,85,0.03735387256275,0.221482703005685
"s__Oscillibacter_valericigenes","s__Holdemanella_sp._MSK_7_32",-0.344420056579846,-0.488958374047293,135,85,0.215999873803144,0.473437581905044
"s__Ruthenibacterium_lactatiformans","s__Holdemanella_sp._MSK_7_32",-0.316803238708419,-0.25733828415087,135,85,0.642948467913873,0.820749733168451
"s__Butyrivibrio_crossotus","s__Holdemanella_sp._MSK_7_32",-0.258725171136797,-0.441352354895447,133,85,0.141145772865435,0.377569017439026
"s__Roseburia_hominis","s__Holdemanella_sp._MSK_7_32",-0.298385523363574,-0.255325385968341,135,85,0.737907045790762,0.878083851375235
"s__Vescimonas_fastidiosa","s__Holdemanella_sp._MSK_7_32",-0.195864400765968,-0.482880594098104,132,85,0.0209162798468618,0.186024486279693
"s__Collinsella_sp._AM34_10","s__Holdemanella_sp._MSK_7_32",0.233253456221198,0.463713080168776,125,80,0.0713996254168611,0.287521442398812
"s__Oscillibacter_sp._MSJ_31","s__Holdemanella_sp._MSK_7_32",-0.28918814449058,-0.599667774086379,134,85,0.00531798334544581,0.112953552375992
"s__Bacteroides_caccae","s__Holdemanella_sp._MSK_7_32",-0.417176255308689,-0.421738072054528,130,79,0.975524659535761,0.992976983620747
"s__Collinsella_aerofaciens","s__Pseudoflavonifractor_sp._MSJ_30",-0.293921232559775,-0.247002217085712,148,86,0.710507679710208,0.861627663193757
"s__Blautia_wexlerae","s__Pseudoflavonifractor_sp._MSJ_30",-0.560078774843875,-0.539242417095146,148,86,0.821079747476833,0.926503558968691
"s__Dorea_longicatena","s__Pseudoflavonifractor_sp._MSJ_30",-0.414808041845434,-0.41299117882919,148,86,0.98138837445117,0.993229729175272
"s__Mediterraneibacter_faecis","s__Pseudoflavonifractor_sp._MSJ_30",-0.228328588827151,-0.36649841973678,148,86,0.273988570067613,0.527573735981254
"s__Fusicatenibacter_saccharivorans","s__Pseudoflavonifractor_sp._MSJ_30",-0.312593239726509,-0.152752488324921,148,86,0.218703492356092,0.475124011505117
"s__Holdemanella_biformis","s__Pseudoflavonifractor_sp._MSJ_30",-0.179549635925475,-0.558367925483446,148,84,0.00129741116974494,0.0685616371500049
"s__Blautia_obeum","s__Pseudoflavonifractor_sp._MSJ_30",-0.415285577318176,-0.586735223359592,148,86,0.0966661422368885,0.320352910475913
"s__Extibacter_muris","s__Pseudoflavonifractor_sp._MSJ_30",-0.30524511636688,-0.308042832209066,148,86,0.986584720639829,0.994944497409309
"s__Holdemanella_porci","s__Pseudoflavonifractor_sp._MSJ_30",-0.23142818655263,-0.419844082211198,138,84,0.134906193240322,0.371300714463921
"s__Blautia_massiliensis","s__Pseudoflavonifractor_sp._MSJ_30",-0.425306418595009,-0.284928534364829,148,86,0.241109376218898,0.498602011314967
"s__Coprococcus_comes","s__Pseudoflavonifractor_sp._MSJ_30",-0.502060065818455,-0.576715882824662,148,86,0.450823231569806,0.678503760773988
"s__Anaerobutyricum_hallii","s__Pseudoflavonifractor_sp._MSJ_30",-0.329295875796355,-0.522600122647295,148,86,0.08652472685825,0.305502311173032
"s__Dorea_formicigenerans","s__Pseudoflavonifractor_sp._MSJ_30",-0.513724517559609,-0.434973347799424,148,86,0.456131946491654,0.680832362840624
"s__Methanobrevibacter_smithii","s__Pseudoflavonifractor_sp._MSJ_30",0.547156537033418,0.531962481962482,85,55,0.896304447201659,0.958753030770298
"s__Oliverpabstia_intestinalis","s__Pseudoflavonifractor_sp._MSJ_30",-0.282786420751196,-0.523412155559898,147,85,0.0372522865016672,0.221482703005685
"s__Cyclospora_cayetanensis","s__Pseudoflavonifractor_sp._MSJ_30",0.410314025846145,0.528524930421246,148,86,0.274541883498654,0.528047839682254
"s__Roseburia_inulinivorans","s__Pseudoflavonifractor_sp._MSJ_30",-0.287505969193409,-0.286890891079768,148,86,0.99200009868715,0.99576425551229
"s__Ruminococcus_torques","s__Pseudoflavonifractor_sp._MSJ_30",-0.330513776343115,-0.466748431529789,148,86,0.242469131634046,0.500323511210062
"s__Bifidobacterium_catenulatum","s__Pseudoflavonifractor_sp._MSJ_30",-0.151785980722748,-0.427586206896552,93,59,0.0768693775714332,0.297641673044626
"s__Blautia_faecis","s__Pseudoflavonifractor_sp._MSJ_30",-0.347116463127968,-0.304533232699656,148,86,0.725850780518511,0.871216166507459
"s__Blautia_luti","s__Pseudoflavonifractor_sp._MSJ_30",-0.289545674972329,-0.372743997358366,148,86,0.50235172889871,0.713584302223322
"s__Ruminococcus_gnavus","s__Pseudoflavonifractor_sp._MSJ_30",-0.446114379000285,-0.486428605122883,148,86,0.715381964321489,0.864162977348381
"s__Oscillibacter_sp._ER4","s__Pseudoflavonifractor_sp._MSJ_30",0.509183593134939,0.624001132128874,145,86,0.224015388321329,0.480891960322752
"s__Roseburia_intestinalis","s__Pseudoflavonifractor_sp._MSJ_30",-0.3258124581231,-0.146733336478136,148,86,0.167256229651717,0.419237735985609
"s__Vescimonas_coprocola","s__Pseudoflavonifractor_sp._MSJ_30",0.587050274490351,0.689192886456908,148,86,0.213547220569792,0.470749244019566
"s__Ruminococcus_bicirculans","s__Pseudoflavonifractor_sp._MSJ_30",0.24206954392527,0.373473726840134,146,84,0.30021049413283,0.552393734255111
"s__Ruminococcus_flavefaciens","s__Pseudoflavonifractor_sp._MSJ_30",0.510180945311521,0.720250955233737,146,86,0.0130054440464632,0.16146470063461
"s__Oscillibacter_valericigenes","s__Pseudoflavonifractor_sp._MSJ_30",0.731414060273121,0.755535638473513,148,86,0.705516557903837,0.859770178111727
"s__Ruminococcus_sp._NSJ_71","s__Pseudoflavonifractor_sp._MSJ_30",0.21201278564954,0.39620253164557,136,80,0.158074027930513,0.405381492955284
"s__Ruthenibacterium_lactatiformans","s__Pseudoflavonifractor_sp._MSJ_30",0.415444755809089,0.395367706023869,148,86,0.856211855797539,0.943011261668992
"s__Butyrivibrio_crossotus","s__Pseudoflavonifractor_sp._MSJ_30",0.393053319580076,0.420441665038108,146,85,0.819129153228617,0.926503558968691
"s__Flavonifractor_plautii","s__Pseudoflavonifractor_sp._MSJ_30",0.376246126965207,0.52124156799849,148,86,0.189536002694811,0.444924445916351
"s__Vescimonas_fastidiosa","s__Pseudoflavonifractor_sp._MSJ_30",0.684221525600836,0.770177838577291,144,86,0.18926626901891,0.444924445916351
"s__Simiaoa_sunii","s__Pseudoflavonifractor_sp._MSJ_30",0.10168477405133,0.449697088137581,145,85,0.00615410213134656,0.119570379828818
"s__Eggerthella_lenta","s__Pseudoflavonifractor_sp._MSJ_30",-0.318431018335141,-0.301023633190245,148,86,0.88479636812706,0.953860410654847
"s__Oscillibacter_sp._MSJ_31","s__Pseudoflavonifractor_sp._MSJ_30",0.69626517767418,0.735587258159078,147,85,0.569024868161146,0.761430553154156
"s__Bacteroides_caccae","s__Pseudoflavonifractor_sp._MSJ_30",0.235517416855445,0.397702766057196,143,80,0.206558287873823,0.464283628756914
"s__Blautia_schinkii","s__Pseudoflavonifractor_sp._MSJ_30",-0.249354956929262,-0.471069390065569,148,86,0.0641438298668793,0.273935615341439
"s__Holdemanella_sp._MSK_7_32","s__Pseudoflavonifractor_sp._MSJ_30",-0.320510194127402,-0.419699042407661,135,85,0.418285571708426,0.652669728269182
"s__Blautia_luti","s__Blautia_sp._MSK_20_85",0.412553883036352,0.386919104991394,142,84,0.822370898817812,0.927111039467104
"s__Blautia_schinkii","s__Blautia_sp._MSK_20_85",0.0734695331638694,0.365819580844386,142,84,0.0275464244116721,0.199856864033207
"s__Dorea_longicatena","s__Bacteroides_fragilis",-0.318632323598767,-0.433289460362458,149,84,0.339686926386528,0.58205447924428
"s__Mediterraneibacter_faecis","s__Bacteroides_fragilis",-0.162060584074007,-0.492963450440417,149,84,0.00693859438941093,0.126924606942469
"s__Holdemanella_biformis","s__Bacteroides_fragilis",-0.197640456509105,-0.476583842143642,148,82,0.0238325761095862,0.19103978738705
"s__Blautia_obeum","s__Bacteroides_fragilis",-0.212436060221295,-0.410853498025716,149,84,0.113683598926775,0.341653834213158
"s__Holdemanella_porci","s__Bacteroides_fragilis",-0.206934420727461,-0.494433016619323,138,82,0.0199575799927577,0.181130497027004
"s__Anaerobutyricum_hallii","s__Bacteroides_fragilis",-0.146471975331036,-0.37312949276096,149,84,0.0797301319449994,0.301472266942823
"s__Dorea_formicigenerans","s__Bacteroides_fragilis",-0.393977870487938,-0.558165434848638,149,84,0.126629764773286,0.360425003628535
"s__Oliverpabstia_intestinalis","s__Bacteroides_fragilis",-0.268900594883337,-0.339931153184165,148,83,0.579471719324266,0.770314357462756
"s__Phocaeicola_vulgatus","s__Bacteroides_fragilis",0.535235824785202,0.649164726131416,148,84,0.208903642588397,0.465991202076265
"s__Cyclospora_cayetanensis","s__Bacteroides_fragilis",0.315407219299837,0.349640579123216,149,84,0.78689706760829,0.907278170488015
"s__Blautia_luti","s__Bacteroides_fragilis",-0.161251587157627,-0.352394451756606,149,84,0.141048443781686,0.377569017439026
"s__Slackia_isoflavoniconvertens","s__Bacteroides_fragilis",-0.253330210277373,-0.387688569403665,147,84,0.284523279666507,0.537474368092521
"s__Bacteroides_uniformis","s__Bacteroides_fragilis",0.495732955440088,0.657404686496664,145,82,0.0843461788947164,0.304982126598084
"s__Oscillibacter_sp._ER4","s__Bacteroides_fragilis",0.292481498976539,0.406175964361648,145,84,0.356774909994167,0.599388820454293
"s__Prevotella_stercorea","s__Bacteroides_fragilis",0.119545535238772,0.41285030758715,130,76,0.0311006293517137,0.208562046580009
"s__Vescimonas_coprocola","s__Bacteroides_fragilis",0.281183251461296,0.425027842462286,148,84,0.239273509895458,0.497497944697992
"s__Ruminococcus_bicirculans","s__Bacteroides_fragilis",0.28202706480593,0.221580087286817,147,82,0.642631007692262,0.820649103399067
"s__Phascolarctobacterium_succinatutens","s__Bacteroides_fragilis",0.0391681343991329,0.424748490945674,121,71,0.00688833371143286,0.126679035473891
"s__Oscillibacter_valericigenes","s__Bacteroides_fragilis",0.349475784509342,0.410570011136985,149,84,0.612587125843803,0.80071726559363
"s__Flavonifractor_plautii","s__Bacteroides_fragilis",0.334086704153818,0.513010023286423,149,84,0.116572944770843,0.347395456730441
"s__Vescimonas_fastidiosa","s__Bacteroides_fragilis",0.298991238646411,0.441206844183457,144,84,0.240321342969399,0.497689671530425
"s__Senegalimassilia_faecalis","s__Bacteroides_fragilis",0.0268915563686598,-0.366568796193176,137,84,0.00365686076784841,0.100803435816765
"s__Phascolarctobacterium_sp._Marseille_Q4147","s__Bacteroides_fragilis",0.15901380108758,0.399262240107311,118,71,0.0889277945948432,0.309656754558584
"s__Oscillibacter_sp._MSJ_31","s__Bacteroides_fragilis",0.278487181618297,0.418874102682507,147,83,0.255127832036282,0.510998610584027
"s__Bacteroides_caccae","s__Bacteroides_fragilis",0.341253816605929,0.658252190847128,143,79,0.00247538181942519,0.0905059344176459
"s__Bacteroides_ovatus","s__Bacteroides_fragilis",0.542280743190049,0.555306718597858,145,79,0.904991290536109,0.963039730568882
"s__Blautia_schinkii","s__Bacteroides_fragilis",-0.182122256484673,-0.411096486787486,149,84,0.0701575045340266,0.283849009520609
"s__Holdemanella_sp._MSK_7_32","s__Bacteroides_fragilis",-0.160467271485709,-0.44880567566433,135,83,0.0242705604074315,0.193209391761937
"s__Pseudoflavonifractor_sp._MSJ_30","s__Bacteroides_fragilis",0.188663529986636,0.444871924673484,148,84,0.039714153915643,0.227628292193161
"s__Ruminococcus_bromii","s__Ruminococcus_sp._AF37_3AC",0.530377166156983,0.482864450127877,109,69,0.678231165230497,0.84330197076515
"s__Eubacterium_ventriosum","s__Ruminococcus_sp._AF37_3AC",0.341247335742749,-0.00160759956156376,109,69,0.0233670833432324,0.188660361314407
"s__Catenibacterium_mitsuokai","s__Blautia_sp._MCC270",0.182353894686966,0.391125477519835,134,83,0.1096241478384,0.336304589131362
"s__Dorea_longicatena","s__Blautia_sp._MCC270",0.377527988443481,0.302797301759517,143,86,0.539355957451407,0.742829450410648
"s__Holdemanella_porci","s__Blautia_sp._MCC270",0.32047724467206,0.18033815936013,133,84,0.290205806717459,0.541812035451326
"s__Blautia_massiliensis","s__Blautia_sp._MCC270",0.641501690797465,0.627265437048917,143,86,0.855329122463525,0.943011261668992
"s__Dorea_formicigenerans","s__Blautia_sp._MCC270",0.295376571785022,0.344025661587811,143,86,0.700844430018996,0.85806657077427
"s__Slackia_isoflavoniconvertens","s__Blautia_sp._MCC270",0.292354633679177,0.282494457285721,142,86,0.934655611067622,0.97461511414844
"s__Bacteroides_uniformis","s__Blautia_sp._MCC270",-0.235149023638232,-0.378636497208346,139,83,0.264020260778406,0.517173700344536
"s__Parolsenella_catena","s__Blautia_sp._MCC270",0.228992274058119,0.376453549389194,123,83,0.263362617708071,0.517173700344536
"s__Collinsella_bouchesdurhonensis","s__Blautia_sp._MCC270",0.164258905971396,0.405831730282474,134,84,0.0627697732644867,0.273247152223506
"s__Oscillibacter_valericigenes","s__Blautia_sp._MCC270",-0.224289208444138,-0.40861361384971,143,86,0.140543463778657,0.377483658783719
"s__Butyrivibrio_crossotus","s__Blautia_sp._MCC270",-0.343088317136864,-0.0274574946257573,141,85,0.0182745604257327,0.174935012587289
"s__Flavonifractor_plautii","s__Blautia_sp._MCC270",-0.181801766308809,-0.375442237841408,143,86,0.130773487117375,0.366528135449596
"s__Simiaoa_sunii","s__Blautia_sp._MCC270",-0.295676893135947,-0.14594488958374,140,85,0.259040902105076,0.514209511925685
"s__Senegalimassilia_faecalis","s__Blautia_sp._MCC270",0.316076260302498,0.298104358022279,134,85,0.884642921557203,0.953860410654847
"s__Holdemanella_sp._MSK_7_32","s__Blautia_sp._MCC270",0.330691392754237,0.237795583349619,130,85,0.474561593625019,0.693000985340314
"s__Pseudoflavonifractor_sp._MSJ_30","s__Blautia_sp._MCC270",-0.282748941199645,-0.254436530025001,143,86,0.822832623030071,0.927111039467104
"s__Mediterraneibacter_faecis","s__Klebsiella_pneumoniae",-0.154061309631779,-0.466836036740278,149,85,0.0115681943744055,0.154197753696049
"s__Dorea_formicigenerans","s__Klebsiella_pneumoniae",-0.168108108108108,-0.422141880007817,149,85,0.0434824147547936,0.236396503402408
"s__Veillonella_parvula","s__Klebsiella_pneumoniae",0.29439574509997,0.0726738888326415,143,84,0.0994875470142096,0.320653865212621
"s__Butyrivibrio_crossotus","s__Klebsiella_pneumoniae",0.147383055406539,0.41297635333203,147,85,0.0368562847900407,0.221312535736377
"s__Vescimonas_fastidiosa","s__Klebsiella_pneumoniae",0.162788361064223,0.351084619894469,144,85,0.14799279934794,0.387917101339609
"s__Oscillibacter_sp._MSJ_31","s__Klebsiella_pneumoniae",0.220152777882719,0.359018956419777,147,85,0.276469870819466,0.529387464225025
"s__Bacteroides_caccae","s__Klebsiella_pneumoniae",0.118954988673299,0.401703992210321,143,79,0.0328725179227863,0.213915117364569
"s__Pseudoflavonifractor_sp._MSJ_30","s__Klebsiella_pneumoniae",0.270181426461388,0.39499706859488,148,85,0.313671916722474,0.565365682184795
"s__Bacteroides_fragilis","s__Klebsiella_pneumoniae",-0.0325376383094504,0.370786281012552,149,83,0.00256244777749564,0.0905059344176459
"s__Dorea_formicigenerans","s__Parabacteroides_merdae",-0.352732899284623,-0.260421476848159,144,83,0.464621822793648,0.686645616191669
"s__Phocaeicola_vulgatus","s__Parabacteroides_merdae",0.422068161723334,0.552348767893875,144,83,0.225483025166052,0.482536480115777
"s__Mogibacterium_kristiansenii","s__Parabacteroides_merdae",-0.296181343379425,-0.00295844625112918,141,81,0.0334054491474218,0.213915117364569
"s__Bacteroides_uniformis","s__Parabacteroides_merdae",0.533289605210492,0.503590785907859,142,81,0.767199191726799,0.895586564951956
"s__Alistipes_putredinis","s__Parabacteroides_merdae",0.398340333288172,0.42731233159578,121,62,0.835614567729739,0.931802366544284
"s__Bacteroides_ovatus","s__Parabacteroides_merdae",0.328172576599307,0.416836328228733,142,78,0.478526229029893,0.696302131135017
"s__Bacteroides_fragilis","s__Parabacteroides_merdae",0.289309541033679,0.423319293433898,144,82,0.278447555093943,0.53176849955453
"s__Collinsella_aerofaciens","s__Roseburia_sp._CLA_AA_H209",-0.0748842254115504,-0.426265389876881,148,85,0.00622234197025075,0.120217045144339
"s__Extibacter_muris","s__Roseburia_sp._CLA_AA_H209",0.473678170705975,0.542524916943522,148,85,0.508730420599044,0.716834713710464
"s__Roseburia_faecis","s__Roseburia_sp._CLA_AA_H209",0.280435482736537,0.391362126245847,148,85,0.369964844557685,0.609343438905114
"s__Roseburia_inulinivorans","s__Roseburia_sp._CLA_AA_H209",0.325482995665162,0.422571819425445,148,85,0.419092948080031,0.653632947141599
"s__Roseburia_intestinalis","s__Roseburia_sp._CLA_AA_H209",0.267493901242703,0.356302521008403,148,85,0.481445485981529,0.698309163344782
"s__Lentihominibacter_faecis","s__Roseburia_sp._CLA_AA_H209",-0.272935584536735,-0.398944694156732,148,85,0.307804352303575,0.559186036752242
"s__Lachnospira_eligens","s__Roseburia_sp._CLA_AA_H209",0.281409062808871,0.528512800469025,148,85,0.0317804553461895,0.210583787929761
"s__Veillonella_parvula","s__Roseburia_sp._CLA_AA_H209",0.322045051143043,0.441429583881745,142,84,0.321568788449437,0.570626967738707
"s__Roseburia_hominis","s__Roseburia_sp._CLA_AA_H209",0.190555162750752,0.464295485636115,148,85,0.0259307096037447,0.195230652043199
"s__Simiaoa_sunii","s__Roseburia_sp._CLA_AA_H209",0.0213824594552039,0.366042320542675,145,84,0.00965867158170513,0.146326747002132
"s__Blautia_wexlerae","s__Desulfovibrio_piger",-0.294649881982691,-0.117086264346538,123,73,0.217100453325777,0.473442354374203
"s__Prevotella_copri","s__Desulfovibrio_piger",0.353660447229739,0.0611614894848543,119,72,0.0432383937309141,0.236396503402408
"s__Blautia_glucerasea","s__Desulfovibrio_piger",-0.436012691697515,-0.141552511415525,123,73,0.0312245976971303,0.208913212996948
"s__Ruminococcus_gnavus","s__Desulfovibrio_piger",-0.32545691400859,0.0364679748241392,123,73,0.0132235648564278,0.161624609637361
"s__Prevotella_stercorea","s__Desulfovibrio_piger",0.421695083199508,0.200557315723174,112,68,0.116419963033795,0.347240462162379
"s__Blautia_sp._BIOML_A1","s__Desulfovibrio_piger",-0.361696643656587,-0.111162532395409,122,73,0.0768634503157128,0.297641673044626
"s__Parolsenella_catena","s__Desulfovibrio_piger",0.315790822427991,-0.238646180427002,112,73,0.000212807879235005,0.0327730697351824
"s__Phascolarctobacterium_succinatutens","s__Desulfovibrio_piger",0.334124058037288,0.281075174825175,108,65,0.711439098676609,0.861627663193757
"s__Ruminococcus_lactaris","s__Desulfovibrio_piger",-0.342585546426591,0.0141922744662471,123,73,0.0139621448438143,0.162215594992829
"s__Prevotellamassilia_timonensis","s__Desulfovibrio_piger",0.400010366991499,0.298783712321523,105,62,0.478184145158077,0.696302131135017
"s__Dorea_longicatena","s__Bacteroides_stercoris",-0.272638167217761,-0.166649140333351,145,77,0.436161239717216,0.667113726841946
"s__Mediterraneibacter_faecis","s__Bacteroides_stercoris",-0.256483230987246,-0.39152952310847,145,77,0.296813561471025,0.547608282134579
"s__Dorea_formicigenerans","s__Bacteroides_stercoris",-0.351417099669343,-0.340554182659446,145,77,0.925754330362498,0.970150166386398
"s__Oliverpabstia_intestinalis","s__Bacteroides_stercoris",-0.133510167992927,-0.421353383458647,144,76,0.0301177048164218,0.206106086393662
"s__Phocaeicola_vulgatus","s__Bacteroides_stercoris",0.361622859898722,0.551343393448657,144,77,0.0956499668263798,0.320352910475913
"s__Cyclospora_cayetanensis","s__Bacteroides_stercoris",0.275464493780507,0.338503601661496,145,77,0.63348788056254,0.814721324328561
"s__Bacteroides_uniformis","s__Bacteroides_stercoris",0.325104622677293,0.460341763499658,142,76,0.272883859647686,0.526703613194159
"s__Oscillibacter_sp._ER4","s__Bacteroides_stercoris",0.301692613649461,0.484857248015143,142,77,0.133683902456163,0.369565064748187
"s__Prevotella_stercorea","s__Bacteroides_stercoris",0.327097830067753,0.33849765258216,128,71,0.938163655504473,0.975698046283382
"s__Vescimonas_coprocola","s__Bacteroides_stercoris",0.248452696728559,0.373100583626899,144,77,0.341045042424821,0.582929374204255
"s__Oscillibacter_valericigenes","s__Bacteroides_stercoris",0.26699338686821,0.374362479625638,145,77,0.409193443031677,0.644920371487598
"s__Ruminococcus_sp._NSJ_71","s__Bacteroides_stercoris",-0.0405002791503394,0.381656606304494,132,71,0.00334971658541062,0.100171089888931
"s__Flavonifractor_plautii","s__Bacteroides_stercoris",0.226625728231775,0.402676271097324,145,77,0.175246628511327,0.42682234805273
"s__Oscillibacter_sp._MSJ_31","s__Bacteroides_stercoris",0.339993926261532,0.359043062200957,143,76,0.887053482996458,0.954797160571149
"s__Bacteroides_caccae","s__Bacteroides_stercoris",0.287662143071193,0.517183868762816,141,76,0.0582759999527204,0.267020758736027
"s__Bacteroides_ovatus","s__Bacteroides_stercoris",0.370428280639548,0.492898926323584,143,74,0.306813942756969,0.558271507482124
"s__Faecalibacillus_intestinalis","s__Bacteroides_stercoris",-0.147653664884711,-0.381134654818865,142,76,0.0829310001623722,0.304050863068655
"s__Pseudoflavonifractor_sp._MSJ_30","s__Bacteroides_stercoris",0.249304718270236,0.425811031074189,144,77,0.167430055084815,0.41936777817675
"s__Bacteroides_fragilis","s__Bacteroides_stercoris",0.422945205479452,0.572243545927757,145,77,0.168817739098503,0.421309292278485
"s__Parabacteroides_merdae","s__Bacteroides_stercoris",0.296244061602168,0.455675675675676,142,75,0.20406002059375,0.461989737209946
"s__Lentihominibacter_faecis","s__Blautia_sp._OF03_15BH",0.277840503152104,-0.0347860074262263,148,85,0.0209645671428536,0.186024486279693
"s__Prevotellamassilia_timonensis","s__Blautia_sp._OF03_15BH",0.0942337821699736,-0.409150555506955,118,70,0.000624523226846721,0.052994749617674
"s__Ruminococcus_gnavus","s__Kineothrix_sp._MSJ_39",-0.394566460721782,-0.261304778527289,148,86,0.276173414137695,0.529114412935672
"s__Ruminococcus_flavefaciens","s__Kineothrix_sp._MSJ_39",0.151807043081758,0.387461672720411,146,86,0.0655947689445426,0.275086720364539
"s__Butyrivibrio_crossotus","s__Kineothrix_sp._MSJ_39",0.270935960591133,0.295446550713309,146,85,0.852103283918858,0.942154704927332
"s__Roseburia_hominis","s__Kineothrix_sp._MSJ_39",0.292966161614292,0.150261804802113,148,86,0.274883585978713,0.52811433082726
"s__Simiaoa_sunii","s__Kineothrix_sp._MSJ_39",0.153461290042706,0.359390267735001,146,85,0.112416155981922,0.340313783675384
"s__Blautia_wexlerae","s__Ruminococcus_sp._Marseille_P6503",-0.301845480137629,-0.418001417434444,138,84,0.346525963242835,0.588612887848507
"s__Coprococcus_comes","s__Ruminococcus_sp._Marseille_P6503",-0.295438926548384,-0.326880631770781,138,84,0.80925538578266,0.9212278290985
"s__Anaerobutyricum_hallii","s__Ruminococcus_sp._Marseille_P6503",-0.22734132592371,-0.389956464513516,138,84,0.20319350053309,0.460330993631947
"s__Dorea_formicigenerans","s__Ruminococcus_sp._Marseille_P6503",-0.342855642493305,-0.256575883365394,138,84,0.498268787616263,0.710131106760186
"s__Methanobrevibacter_smithii","s__Ruminococcus_sp._Marseille_P6503",0.424457411527644,0.292424242424242,83,55,0.393426402808484,0.630710203106731
"s__Ruminococcus_torques","s__Ruminococcus_sp._Marseille_P6503",-0.328051617734692,-0.261111673585097,138,84,0.599922036322067,0.788960567079001
"s__Oscillibacter_sp._ER4","s__Ruminococcus_sp._Marseille_P6503",0.211725502641552,0.467368634200668,137,84,0.0395651882328266,0.227532913599817
"s__Vescimonas_coprocola","s__Ruminococcus_sp._Marseille_P6503",0.41390308889036,0.500779588944011,138,84,0.440002126749372,0.669839448380296
"s__Ruminococcus_flavefaciens","s__Ruminococcus_sp._Marseille_P6503",0.51524259338772,0.538847828287942,137,84,0.823800121631916,0.92756033593777
"s__Oscillibacter_valericigenes","s__Ruminococcus_sp._Marseille_P6503",0.485941427752752,0.664736255948162,138,84,0.0562746509014761,0.261578298047884
"s__Flavonifractor_plautii","s__Ruminococcus_sp._Marseille_P6503",0.315896061316608,0.410327022375215,138,84,0.443905683441627,0.673626924949021
"s__Vescimonas_fastidiosa","s__Ruminococcus_sp._Marseille_P6503",0.437188111254234,0.561749519084742,136,84,0.242085909618928,0.500320578833831
"s__Oscillibacter_sp._MSJ_31","s__Ruminococcus_sp._Marseille_P6503",0.562157953738564,0.530057512279081,138,83,0.739382075132511,0.879116474901127
"s__Pseudoflavonifractor_sp._MSJ_30","s__Ruminococcus_sp._Marseille_P6503",0.410313957656471,0.553265161486281,138,84,0.187476585927447,0.442810425140447
"s__Blautia_wexlerae","s__Ruminococcus_sp._M6_2020",-0.461676852856143,-0.516713052502477,148,86,0.606293482682426,0.794604911183256
"s__Dorea_longicatena","s__Ruminococcus_sp._M6_2020",-0.370930305733757,-0.364026605028539,148,86,0.948667670422046,0.982058683359967
"s__Mediterraneibacter_faecis","s__Ruminococcus_sp._M6_2020",-0.309209771338247,-0.295853577998962,148,86,0.910967258345119,0.965800889959009
"s__Fusicatenibacter_saccharivorans","s__Ruminococcus_sp._M6_2020",-0.428819450871225,-0.313628001320817,148,86,0.329299147655241,0.572832565339331
"s__Holdemanella_biformis","s__Ruminococcus_sp._M6_2020",-0.12794248844105,-0.442604029563633,148,84,0.0129877651480134,0.16146470063461
"s__Blautia_obeum","s__Ruminococcus_sp._M6_2020",-0.345491361790499,-0.467974904476626,148,86,0.290192370661302,0.541812035451326
"s__Extibacter_muris","s__Ruminococcus_sp._M6_2020",-0.182140913684538,-0.382216142270862,148,86,0.115181779895917,0.345043676883325
"s__Gemmiger_formicilis","s__Ruminococcus_sp._M6_2020",-0.330276859519429,-0.194131798669749,148,86,0.287060722397418,0.538430554994487
"s__Holdemanella_porci","s__Ruminococcus_sp._M6_2020",-0.188988764558014,-0.411926698390199,138,84,0.0814849525216616,0.301472266942823
"s__Blautia_massiliensis","s__Ruminococcus_sp._M6_2020",-0.291418798609594,-0.382367092787396,148,86,0.461058246673132,0.68461973674823
"s__Coprococcus_comes","s__Ruminococcus_sp._M6_2020",-0.488996324087408,-0.456276239445257,148,86,0.753830740575854,0.888146248387643
"s__Anaerobutyricum_hallii","s__Ruminococcus_sp._M6_2020",-0.381080710898544,-0.438105571017501,148,86,0.624976418889595,0.80891754029406
"s__Dorea_formicigenerans","s__Ruminococcus_sp._M6_2020",-0.372003835091083,-0.375612057172508,148,86,0.981160978564255,0.993229729175272
"s__Methanobrevibacter_smithii","s__Ruminococcus_sp._M6_2020",0.634238811803791,0.332683982683983,85,55,0.0233699662459835,0.188660361314407
"s__Oliverpabstia_intestinalis","s__Ruminococcus_sp._M6_2020",-0.329583147587061,-0.312233730701583,147,85,0.884644166013338,0.953860410654847
"s__Cyclospora_cayetanensis","s__Ruminococcus_sp._M6_2020",0.319874730229476,0.458181989716496,148,86,0.239512108289941,0.497632676296661
"s__Ruminococcus_torques","s__Ruminococcus_sp._M6_2020",-0.316635633030647,-0.434369545733289,148,86,0.323508192265242,0.571090155282389
"s__Blautia_faecis","s__Ruminococcus_sp._M6_2020",-0.238963933115419,-0.39680173593094,148,86,0.204477695060711,0.462099064572782
"s__Blautia_glucerasea","s__Ruminococcus_sp._M6_2020",-0.278603079178343,-0.336044153026086,148,86,0.650133209888331,0.825021442363827
"s__Blautia_luti","s__Ruminococcus_sp._M6_2020",-0.324168847658781,-0.35025237039483,148,86,0.836102133648942,0.932043837153553
"s__Ruminococcus_gnavus","s__Ruminococcus_sp._M6_2020",-0.351621584603368,-0.326666352186424,148,86,0.833541199200375,0.931802366544284
"s__Oscillibacter_sp._ER4","s__Ruminococcus_sp._M6_2020",0.381435994331601,0.602471814708241,145,86,0.0339187102597464,0.21403017354728
"s__Roseburia_intestinalis","s__Ruminococcus_sp._M6_2020",-0.315724983989605,-0.0479739610358979,148,86,0.0433408444072397,0.236396503402408
"s__Vescimonas_coprocola","s__Ruminococcus_sp._M6_2020",0.438025890566638,0.611849615547903,148,86,0.0812430255127661,0.301472266942823
"s__Eubacterium_ramulus","s__Ruminococcus_sp._M6_2020",-0.376035122919111,-0.163677531959055,148,86,0.0947818543515918,0.318722942175102
"s__Blautia_stercoris","s__Ruminococcus_sp._M6_2020",-0.338195063986052,0.0150290108023963,148,86,0.00786099303650651,0.134117881318168
"s__Ruminococcus_flavefaciens","s__Ruminococcus_sp._M6_2020",0.538376408664552,0.650115571489221,146,86,0.213485640095765,0.470749244019566
"s__Oscillibacter_valericigenes","s__Ruminococcus_sp._M6_2020",0.569573956918156,0.623114297844238,148,86,0.553961789756978,0.751805286098756
"s__Ruminococcus_sp._NSJ_71","s__Ruminococcus_sp._M6_2020",0.238552549973761,0.398335677449602,136,80,0.216979534823427,0.473442354374203
"s__Ruthenibacterium_lactatiformans","s__Ruminococcus_sp._M6_2020",0.381110325501505,0.239832067550356,148,86,0.254385988369759,0.510106946940875
"s__Butyrivibrio_crossotus","s__Ruminococcus_sp._M6_2020",0.33372022403671,0.326519444987297,146,85,0.948918482456138,0.982058683359967
"s__Flavonifractor_plautii","s__Ruminococcus_sp._M6_2020",0.398105405775588,0.395329968394736,148,86,0.975278952895487,0.992976983620747
"s__Olsenella_uli","s__Ruminococcus_sp._M6_2020",0.342780084763903,0.0592892578718234,141,84,0.0338415434094016,0.21393578636936
"s__Gallintestinimicrobium_propionicum","s__Ruminococcus_sp._M6_2020",-0.397746328714689,-0.0144440775508279,148,86,0.00323665719272302,0.0993100757848638
"s__Vescimonas_fastidiosa","s__Ruminococcus_sp._M6_2020",0.558214773732015,0.695098825416293,144,86,0.103296216728718,0.327857750864634
"s__Simiaoa_sunii","s__Ruminococcus_sp._M6_2020",0.16343882853094,0.442935313660348,145,85,0.0259437068868107,0.195230652043199
"s__Eggerthella_lenta","s__Ruminococcus_sp._M6_2020",-0.200635233233507,-0.353912920420775,148,86,0.230285305426097,0.487440612236507
"s__Oscillibacter_sp._MSJ_31","s__Ruminococcus_sp._M6_2020",0.587378824169431,0.612761383623217,147,85,0.783341953067682,0.906570845352461
"s__Blautia_schinkii","s__Ruminococcus_sp._M6_2020",-0.191191876714408,-0.393254398792396,148,86,0.109303598052084,0.336213677180654
"s__Faecalibacillus_intestinalis","s__Ruminococcus_sp._M6_2020",-0.283849000157456,-0.170236466679695,145,85,0.387013274343137,0.624884972294745
"s__Holdemanella_sp._MSK_7_32","s__Ruminococcus_sp._M6_2020",-0.121685689201054,-0.378678913425835,135,85,0.0509752589450303,0.249981322716319
"s__Pseudoflavonifractor_sp._MSJ_30","s__Ruminococcus_sp._M6_2020",0.576822130992793,0.685664418132931,148,86,0.191032249305401,0.445698714627729
"s__Ruminococcus_sp._Marseille_P6503","s__Ruminococcus_sp._M6_2020",0.361139206692406,0.572603017110459,138,84,0.0537770198644346,0.255088512156953
"s__Blautia_wexlerae","s__Blautia_sp._MSK20_18",0.359239586245457,0.178357469691967,146,86,0.156470967740812,0.40399784644273
"s__Dorea_longicatena","s__Blautia_sp._MSK20_18",0.320794732630889,0.223095429029671,146,86,0.443127367063011,0.672810161293464
"s__Holdemanella_porci","s__Blautia_sp._MSK20_18",0.279466628500549,0.182909790422193,136,84,0.468468721096664,0.68819475944102
"s__Blautia_massiliensis","s__Blautia_sp._MSK20_18",0.643345897641059,0.469654228973065,146,86,0.0648396600430159,0.273935615341439
"s__Coprococcus_comes","s__Blautia_sp._MSK20_18",0.329829466032989,0.130241992546818,146,86,0.125738586734867,0.358553067811947
"s__Anaerobutyricum_hallii","s__Blautia_sp._MSK20_18",0.309804980093124,0.148544742676541,146,86,0.216653392787024,0.473442354374203
"s__Dorea_formicigenerans","s__Blautia_sp._MSK20_18",0.291076128136659,0.246719184867211,146,86,0.726466975086147,0.871216166507459
"s__Blautia_luti","s__Blautia_sp._MSK20_18",0.272358844340759,0.395575262984103,146,86,0.318698098267248,0.568702988705836
"s__Ruminococcus_gnavus","s__Blautia_sp._MSK20_18",0.289140389268603,0.0189159866031417,146,86,0.044076225021357,0.237362745014921
"s__Vescimonas_coprocola","s__Blautia_sp._MSK20_18",-0.351604600271852,-0.128883437898014,146,86,0.0856006225125387,0.305502311173032
"s__Ruminococcus_flavefaciens","s__Blautia_sp._MSK20_18",-0.346089542641267,-0.122807679607529,144,86,0.0866003836039085,0.305502311173032
"s__Oscillibacter_valericigenes","s__Blautia_sp._MSK20_18",-0.418518697039515,-0.146789942921836,146,86,0.031111465511935,0.208562046580009
"s__Ruthenibacterium_lactatiformans","s__Blautia_sp._MSK20_18",-0.289078692412251,-0.0545591773196849,146,86,0.0791364654492577,0.301472266942823
"s__Butyrivibrio_crossotus","s__Blautia_sp._MSK20_18",-0.30655493931356,-0.16187219073676,144,85,0.269595157164661,0.523777684212046
"s__Vescimonas_fastidiosa","s__Blautia_sp._MSK20_18",-0.323080276032029,-0.0817302702957687,142,86,0.0687156122402895,0.281930300262324
"s__Eggerthella_lenta","s__Blautia_sp._MSK20_18",0.318037654362643,-0.00774564837964055,146,86,0.0148737002967666,0.164090902998168
"s__Oscillibacter_sp._MSJ_31","s__Blautia_sp._MSK20_18",-0.377165013383719,-0.137482900136799,145,85,0.0629670279676244,0.273413647955379
"s__Holdemanella_sp._MSK_7_32","s__Blautia_sp._MSK20_18",0.339559890227604,0.158784444010162,133,85,0.170879064629726,0.423748025130614
"s__Pseudoflavonifractor_sp._MSJ_30","s__Blautia_sp._MSK20_18",-0.391811670345984,-0.145676682862399,146,86,0.0532456381223414,0.254397001673871
"s__Blautia_sp._MCC270","s__Blautia_sp._MSK20_18",0.447638367027039,0.431388273031747,142,86,0.879147147549363,0.951137149179212
"s__Blautia_luti","s__Blautia_sp._MCC283",0.340659921873229,0.339874522383131,147,86,0.990037193271174,0.9951544198394
"s__Ruminococcus_flavefaciens","s__Blautia_sp._MCC283",-0.0940127538970241,-0.350158026321996,145,86,0.0510284642474138,0.249981322716319
"s__Oscillibacter_valericigenes","s__Blautia_sp._MCC283",-0.194606683843474,-0.407877730081608,147,86,0.089232289551485,0.309656754558584
"s__Oscillibacter_sp._MSJ_31","s__Blautia_sp._MCC283",-0.174885523411065,-0.352139925737737,146,85,0.170877440939344,0.423748025130614
"s__Blautia_schinkii","s__Blautia_sp._MCC283",0.123620125577073,0.405122883154866,147,86,0.0276236890028,0.199995508380272
"s__Blautia_sp._MSK_20_85","s__Blautia_sp._MCC283",0.753901477605403,0.71193682292194,142,84,0.50838338180433,0.716834713710464
"s__Collinsella_aerofaciens","s__Collinsella_sp._TF05_9AC",0.463778169983983,0.595686826066573,133,80,0.204884735448598,0.462335042787224
"s__Prevotella_copri","s__Collinsella_sp._TF05_9AC",-0.0611876640419948,-0.429308666017527,127,79,0.00666108842610327,0.12434018470546
"s__Catenibacterium_mitsuokai","s__Collinsella_sp._TF05_9AC",0.354900637420322,0.348344693281402,126,79,0.954666599019411,0.984142216435178
"s__Dorea_longicatena","s__Collinsella_sp._TF05_9AC",0.379127941971618,0.134294421003282,133,80,0.0670583392145774,0.278182905378687
"s__Blautia_obeum","s__Collinsella_sp._TF05_9AC",0.153268177227329,0.485372714486639,133,80,0.0094891527100914,0.145683911473234
"s__Holdemanella_porci","s__Collinsella_sp._TF05_9AC",0.401923076923077,0.330801687763713,129,80,0.56733931500637,0.759766317876521
"s__Blautia_massiliensis","s__Collinsella_sp._TF05_9AC",0.332138011242489,0.351429910923582,133,80,0.884561678545367,0.953860410654847
"s__Dorea_formicigenerans","s__Collinsella_sp._TF05_9AC",0.330449597535222,0.359939052977028,133,80,0.821433367634643,0.926503558968691
"s__Paratractidigestivibacter_faecalis","s__Collinsella_sp._TF05_9AC",0.449165788230162,0.405850991114149,122,76,0.717086702523382,0.864981118897899
"s__Slackia_isoflavoniconvertens","s__Collinsella_sp._TF05_9AC",0.45746319666194,0.344889826535396,133,80,0.348140224543323,0.589395100582638
"s__Bacteroides_uniformis","s__Collinsella_sp._TF05_9AC",-0.309481216457961,-0.299991148092414,129,78,0.938781964464136,0.975698046283382
"s__Oscillibacter_sp._ER4","s__Collinsella_sp._TF05_9AC",-0.0541557678962259,-0.54676511954993,131,80,0.000114669170114987,0.0273030864084864
"s__Parolsenella_catena","s__Collinsella_sp._TF05_9AC",0.445689492797922,0.523563777994158,122,79,0.494073506237677,0.70866947948333
"s__Senegalimassilia_anaerobia","s__Collinsella_sp._TF05_9AC",0.224948213698716,0.493506797937178,132,80,0.0315899805510731,0.209725758909537
"s__Collinsella_bouchesdurhonensis","s__Collinsella_sp._TF05_9AC",0.48953488372093,0.539240506329114,129,79,0.649072445207552,0.825021442363827
"s__Anthropogastromicrobium_aceti","s__Collinsella_sp._TF05_9AC",-0.0792473898138824,-0.368893577121425,132,80,0.0337760711628267,0.213915117364569
"s__Prevotella_sp._885","s__Collinsella_sp._TF05_9AC",-0.0942877876840141,-0.442336171788227,105,73,0.01488860451197,0.164090902998168
"s__Phascolarctobacterium_succinatutens","s__Collinsella_sp._TF05_9AC",0.0269728524851953,-0.443880160759956,113,69,0.00130231353438289,0.0685616371500049
"s__Lachnoclostridium_sp._210928_DFI_6_3","s__Collinsella_sp._TF05_9AC",-0.08398585259938,-0.463378726536621,130,77,0.00457333159956944,0.109029309974668
"s__Olsenella_uli","s__Collinsella_sp._TF05_9AC",0.322316636851521,0.427848101265823,129,79,0.402667100751338,0.63932232663151
"s__Vescimonas_fastidiosa","s__Collinsella_sp._TF05_9AC",-0.117726583730489,-0.416408813877168,130,80,0.0253825640155116,0.194287693003565
"s__Simiaoa_sunii","s__Collinsella_sp._TF05_9AC",-0.0946345739435334,-0.389217065166432,132,80,0.029301837984698,0.202888448883072
"s__Collinsella_sp._AM34_10","s__Collinsella_sp._TF05_9AC",0.638722364090729,0.638145082765336,130,79,0.985754086414994,0.994942685158654
"s__Senegalimassilia_faecalis","s__Collinsella_sp._TF05_9AC",0.276898496497289,0.396296296296296,130,80,0.355356102834324,0.597589064864176
"s__Phascolarctobacterium_sp._Marseille_Q4147","s__Collinsella_sp._TF05_9AC",0.0154201876372347,-0.445853123858239,113,69,0.00159252087492084,0.074584468752856
"s__Eggerthella_lenta","s__Collinsella_sp._TF05_9AC",0.153507921771865,0.468237224566338,133,80,0.0147389172788416,0.164090902998168
"s__Oscillibacter_sp._MSJ_31","s__Collinsella_sp._TF05_9AC",-0.232952262683078,-0.374331926863572,132,80,0.282836451271021,0.53561374224727
"s__Bacteroides_caccae","s__Collinsella_sp._TF05_9AC",-0.302903543307087,-0.330156472261735,128,75,0.843265398458922,0.936689181298525
"s__Holdemanella_sp._MSK_7_32","s__Collinsella_sp._TF05_9AC",0.394777652793401,0.399062353492733,126,80,0.977275180919847,0.992976983620747
"s__Blautia_sp._MCC270","s__Collinsella_sp._TF05_9AC",0.293959439663065,0.277449601500234,128,80,0.897966867810721,0.959934118247146
"s__Prevotella_copri","s__Mitsuokella_jalaludinii",0.445198156682028,0.396934468715291,125,74,0.689617695172152,0.854560667595675
"s__Holdemanella_porci","s__Mitsuokella_jalaludinii",-0.028253214843095,-0.422209369577791,123,77,0.00454170788264258,0.109029309974668
"s__Anaerostipes_hadrus","s__Mitsuokella_jalaludinii",-0.171339223531661,-0.498974709501025,130,77,0.0109101485301581,0.153354457999262
"s__Ruminococcus_callidus","s__Mitsuokella_jalaludinii",0.126794499105546,0.499631947000368,129,77,0.0042663745228882,0.108681940623796
"s__Paratractidigestivibacter_faecalis","s__Mitsuokella_jalaludinii",0.402444931380464,0.0563058717602418,116,72,0.0157703262243398,0.16687431349386
"s__Blautia_glucerasea","s__Mitsuokella_jalaludinii",-0.497587021535184,-0.265760555234239,130,77,0.0613515085048644,0.271192593506721
"s__Prevotella_stercorea","s__Mitsuokella_jalaludinii",0.35059393380233,0.438549102836195,116,72,0.501255648654004,0.713128495129002
"s__Prevotella_hominis","s__Mitsuokella_jalaludinii",0.33789135392909,0.315667651049565,105,67,0.872214766960311,0.949599117128586
"s__Coprococcus_eutactus","s__Mitsuokella_jalaludinii",-0.0848215870761583,0.372311898627688,130,77,0.00120915651961236,0.067069181789466
"s__Blautia_sp._BIOML_A1","s__Mitsuokella_jalaludinii",-0.299046648965391,-0.222856091277144,128,77,0.575648135553718,0.767307727972573
"s__Dialister_succinatiphilus","s__Mitsuokella_jalaludinii",0.411687355354513,0.262269309637731,97,56,0.324222880287153,0.571090155282389
"s__Parolsenella_catena","s__Mitsuokella_jalaludinii",0.40296693758384,0.139487908961593,115,75,0.0583476101723915,0.267020758736027
"s__Prevotella_sp._885","s__Mitsuokella_jalaludinii",0.397052999417589,0.436156811848685,101,68,0.773394964155162,0.89946069723693
"s__Prevotellamassilia_timonensis","s__Mitsuokella_jalaludinii",0.258312271008445,0.400391092665017,107,67,0.319972778132343,0.568702988705836
"s__Olsenella_uli","s__Mitsuokella_jalaludinii",0.362135733033371,0.0867805878332194,126,76,0.0485181947773212,0.242867229280847
"s__Simiaoa_sunii","s__Mitsuokella_jalaludinii",0.135981276323018,0.416869446343131,128,76,0.0385134294929073,0.224629732088507
"s__Bacteroides_ovatus","s__Mitsuokella_jalaludinii",-0.00734673790776153,0.408718980549966,127,71,0.00366398065632325,0.100803435816765
"s__Holdemanella_sp._MSK_7_32","s__Mitsuokella_jalaludinii",0.0330366044722974,-0.396366791103633,119,77,0.00250932249151185,0.0905059344176459
"s__Blautia_wexlerae","s__Pseudoflavonifractor_phocaeensis",-0.500848902593869,-0.419670739185811,149,86,0.449662377139765,0.678240752185812
"s__Dorea_longicatena","s__Pseudoflavonifractor_phocaeensis",-0.330281153636858,-0.294721449124959,149,86,0.770887855474094,0.898045695426416
"s__Mediterraneibacter_faecis","s__Pseudoflavonifractor_phocaeensis",-0.289468528931616,-0.135317703665267,149,86,0.239627715018107,0.497632676296661
"s__Fusicatenibacter_saccharivorans","s__Pseudoflavonifractor_phocaeensis",-0.35103936150916,-0.213868578706543,149,86,0.276872869213925,0.52986410530144
"s__Holdemanella_biformis","s__Pseudoflavonifractor_phocaeensis",-0.278295827672625,-0.241854814214843,148,84,0.775274885913752,0.900589217468848
"s__Ruminococcus_bromii","s__Pseudoflavonifractor_phocaeensis",0.303286850746103,0.282117080994387,148,86,0.862817346005562,0.945881049701348
"s__Blautia_obeum","s__Pseudoflavonifractor_phocaeensis",-0.393665880645746,-0.384367187131468,149,86,0.931086164011357,0.973549807854988
"s__Extibacter_muris","s__Pseudoflavonifractor_phocaeensis",-0.293114456738618,-0.201886881456672,149,86,0.478308246943052,0.696302131135017
"s__Gemmiger_formicilis","s__Pseudoflavonifractor_phocaeensis",-0.27263196081988,-0.19118826359734,149,86,0.529964626354351,0.734885806592723
"s__Coprococcus_comes","s__Pseudoflavonifractor_phocaeensis",-0.354260838019227,-0.456615878107458,149,86,0.377841693238002,0.615536514943387
"s__Anaerobutyricum_hallii","s__Pseudoflavonifractor_phocaeensis",-0.403910756393978,-0.273343082220859,149,86,0.281382514727103,0.534331567170904
"s__Dorea_formicigenerans","s__Pseudoflavonifractor_phocaeensis",-0.478269544712498,-0.27028633426105,149,86,0.0764598235037463,0.297641673044626
"s__Methanobrevibacter_smithii","s__Pseudoflavonifractor_phocaeensis",0.588684776236076,0.637806637806638,85,55,0.666426783552563,0.8363668001196
"s__Oliverpabstia_intestinalis","s__Pseudoflavonifractor_phocaeensis",-0.322369760528917,-0.474262263044753,148,85,0.193812172534155,0.448533015709933
"s__Cyclospora_cayetanensis","s__Pseudoflavonifractor_phocaeensis",0.427651006711409,0.341572715694136,149,86,0.459368358221193,0.683112184252089
"s__Ruminococcus_torques","s__Pseudoflavonifractor_phocaeensis",-0.277772537638309,-0.295513939336761,149,86,0.892771469046806,0.957847822311387
"s__Blautia_faecis","s__Pseudoflavonifractor_phocaeensis",-0.279974605477961,-0.167413557243266,149,86,0.387921791328549,0.625062043996547
"s__Blautia_glucerasea","s__Pseudoflavonifractor_phocaeensis",-0.333451841102848,-0.179036747016369,149,86,0.228211726519646,0.486087059816278
"s__Blautia_luti","s__Pseudoflavonifractor_phocaeensis",-0.308296753128968,-0.262002924666258,149,86,0.711161140261105,0.861627663193757
"s__Blautia_faecicola","s__Pseudoflavonifractor_phocaeensis",-0.3024015962271,-0.317005519128261,149,86,0.911318373921775,0.965800889959009
"s__Ruminococcus_gnavus","s__Pseudoflavonifractor_phocaeensis",-0.300126972610194,-0.395103542619935,149,86,0.436939166720238,0.66716061177489
"s__Oscillibacter_sp._ER4","s__Pseudoflavonifractor_phocaeensis",0.312903479766966,0.438181046275768,145,86,0.294887836770717,0.546383373254207
"s__Roseburia_intestinalis","s__Pseudoflavonifractor_phocaeensis",-0.324752403410122,-0.250379734893155,149,86,0.553230583400113,0.751405993804498
"s__Blautia_sp._BIOML_A1","s__Pseudoflavonifractor_phocaeensis",-0.286738067924383,-0.0789188169253267,146,86,0.118526289058897,0.349920937806833
"s__Vescimonas_coprocola","s__Pseudoflavonifractor_phocaeensis",0.4977474392623,0.508976838530119,148,86,0.920484331697718,0.966874042977536
"s__Eubacterium_ramulus","s__Pseudoflavonifractor_phocaeensis",-0.282539452203882,-0.263606773904429,149,86,0.878268820324978,0.951137149179212
"s__Evtepia_gabavorous","s__Pseudoflavonifractor_phocaeensis",0.268883784539362,0.263963259722494,147,85,0.965713079038057,0.988676418430274
"s__Blautia_stercoris","s__Pseudoflavonifractor_phocaeensis",-0.37093052784328,-0.102995424312468,149,86,0.0378210703375975,0.223098903758144
"s__Ruminococcus_bicirculans","s__Pseudoflavonifractor_phocaeensis",0.269544915337479,0.282555431811279,147,84,0.923682627270024,0.969165003242845
"s__Ruminococcus_flavefaciens","s__Pseudoflavonifractor_phocaeensis",0.434396935375409,0.490145761592528,147,86,0.613777808421403,0.801679239643986
"s__Oscillibacter_valericigenes","s__Pseudoflavonifractor_phocaeensis",0.657141302376202,0.707439030142931,149,86,0.501801451339312,0.713128495129002
"s__Ruthenibacterium_lactatiformans","s__Pseudoflavonifractor_phocaeensis",0.476553600580446,0.311590169347611,149,86,0.153023221987121,0.397767846117694
"s__Butyrivibrio_crossotus","s__Pseudoflavonifractor_phocaeensis",0.295986369371888,0.17781903459058,147,85,0.364596606669581,0.606405025940174
"s__Flavonifractor_plautii","s__Pseudoflavonifractor_phocaeensis",0.501803011064756,0.59677343270909,149,86,0.327539551408317,0.572307455753936
"s__Gallintestinimicrobium_propionicum","s__Pseudoflavonifractor_phocaeensis",-0.298156120783158,-0.121939714137459,148,86,0.179748128280842,0.431758022706543
"s__Vescimonas_fastidiosa","s__Pseudoflavonifractor_phocaeensis",0.585752752994132,0.554167649417425,144,86,0.728568400348137,0.872480026371231
"s__Mediterraneibacter_sp._NSJ_151","s__Pseudoflavonifractor_phocaeensis",-0.28426317016921,-0.362008989642369,148,85,0.535128922999688,0.739376603533919
"s__Oscillibacter_sp._MSJ_31","s__Pseudoflavonifractor_phocaeensis",0.551658871619733,0.626734414696111,147,85,0.412330685096154,0.647195447761604
"s__Blautia_schinkii","s__Pseudoflavonifractor_phocaeensis",-0.218875385452567,-0.395669607056937,149,86,0.157230387732969,0.404812194895736
"s__Pseudoflavonifractor_sp._MSJ_30","s__Pseudoflavonifractor_phocaeensis",0.584714422681824,0.59009387235247,148,86,0.960995318205178,0.988204150444876
"s__Ruminococcus_sp._Marseille_P6503","s__Pseudoflavonifractor_phocaeensis",0.396875263990648,0.535506732813607,138,84,0.21015757146434,0.467787629945545
"s__Ruminococcus_sp._M6_2020","s__Pseudoflavonifractor_phocaeensis",0.578258439236387,0.383763385065333,148,86,0.0632388778262928,0.273557862697636
"s__Blautia_sp._MSK20_18","s__Pseudoflavonifractor_phocaeensis",-0.33438732129602,-0.142053870465588,146,86,0.138494122468079,0.375320163252738
"s__Faecalibacterium_prausnitzii","s__Faecalibacterium_sp._Marseille_Q4896",0.616053011356338,0.653422409751524,147,80,0.667729194551263,0.836546703119051
"s__Extibacter_muris","s__Faecalibacterium_sp._Marseille_Q4896",0.378476603525527,0.492662916080638,147,80,0.323209228840425,0.571090155282389
"s__Roseburia_faecis","s__Faecalibacterium_sp._Marseille_Q4896",0.509100937672366,0.324542897327707,147,80,0.11082434477735,0.338595652562545
"s__Subdoligranulum_sp._APC924_74","s__Faecalibacterium_sp._Marseille_Q4896",0.281212343227324,0.142185978578384,146,79,0.304429743230035,0.556425803023507
"s__Methanobrevibacter_smithii","s__Faecalibacterium_sp._Marseille_Q4896",-0.435294117647059,-0.463075215572441,84,52,0.855787493239432,0.943011261668992
"s__Mogibacterium_kristiansenii","s__Faecalibacterium_sp._Marseille_Q4896",-0.316950654978824,-0.26784323271665,143,79,0.703044854159805,0.858583541710074
"s__Roseburia_inulinivorans","s__Faecalibacterium_sp._Marseille_Q4896",0.386363066719366,0.385607126113455,146,80,0.988730440957339,0.994944497409309
"s__Blautia_faecis","s__Faecalibacterium_sp._Marseille_Q4896",0.369220772351888,-0.0255039849976559,147,80,0.00355140147288222,0.100803435816765
"s__Roseburia_intestinalis","s__Faecalibacterium_sp._Marseille_Q4896",0.357943769881148,0.275597749648383,147,80,0.514018756974842,0.719564166235784
"s__Eubacterium_ramulus","s__Faecalibacterium_sp._Marseille_Q4896",0.322473158089596,0.274730426629161,147,80,0.707007696938433,0.860105162342141
"s__Faecalibacterium_sp._HTFF","s__Faecalibacterium_sp._Marseille_Q4896",0.527918609131916,0.47977027660572,147,80,0.641172017904466,0.819699096495709
"s__Lentihominibacter_faecis","s__Faecalibacterium_sp._Marseille_Q4896",-0.326177783347633,-0.484646038443507,146,80,0.182228387462356,0.434593220862026
"s__Senegalimassilia_anaerobia","s__Faecalibacterium_sp._Marseille_Q4896",-0.281981428819907,-0.30365682137834,142,80,0.872559816843946,0.949599117128586
"s__Lachnospira_eligens","s__Faecalibacterium_sp._Marseille_Q4896",0.256650975829058,0.489310829817159,147,80,0.0554396658886185,0.259750696172969
"s__Anthropogastromicrobium_aceti","s__Faecalibacterium_sp._Marseille_Q4896",0.274549082741268,0.208462259728083,146,80,0.617517175580885,0.80331609528012
"s__Veillonella_parvula","s__Faecalibacterium_sp._Marseille_Q4896",0.303600325356394,0.339118792599805,141,79,0.787384064690904,0.907278170488015
"s__Olsenella_uli","s__Faecalibacterium_sp._Marseille_Q4896",-0.281925018991018,-0.312586148029186,139,78,0.820532500775203,0.926503558968691
"s__Eubacterium_ventriosum","s__Faecalibacterium_sp._Marseille_Q4896",0.292846056703267,-0.0532817627754337,146,80,0.0123488381110456,0.159289698540667
"s__Roseburia_sp._CLA_AA_H209","s__Faecalibacterium_sp._Marseille_Q4896",0.133760712598691,0.370112517580872,146,80,0.0744978997176761,0.295210567212534
"s__Ruminococcus_sp._M6_2020","s__Faecalibacterium_sp._Marseille_Q4896",-0.265734144389924,-0.380028129395218,146,80,0.371443499315107,0.61060907941905
"s__Collinsella_aerofaciens","s__Brotomerdimonas_butyrica",0.116846368314079,0.408383818643737,147,85,0.0231148745517162,0.188369795221213
"s__Faecalibacterium_prausnitzii","s__Brotomerdimonas_butyrica",-0.404978503804336,-0.550693765878444,147,85,0.174413280812739,0.426444412516351
"s__Fusicatenibacter_saccharivorans","s__Brotomerdimonas_butyrica",-0.355881041791022,-0.0676959155755325,147,85,0.0282273602855427,0.202888448883072
"s__Extibacter_muris","s__Brotomerdimonas_butyrica",-0.350697776333784,-0.384229040453391,147,85,0.785308097791504,0.906570845352461
"s__Coprococcus_comes","s__Brotomerdimonas_butyrica",-0.280806806247119,-0.0115106507719367,147,85,0.0459219985167258,0.240685194580076
"s__Roseburia_faecis","s__Brotomerdimonas_butyrica",-0.403569350731777,-0.378463943717022,147,85,0.825452143518182,0.92756033593777
"s__Subdoligranulum_sp._APC924_74","s__Brotomerdimonas_butyrica",-0.282756197628996,-0.193905031892275,147,84,0.496326801585889,0.70994856362817
"s__Methanobrevibacter_smithii","s__Brotomerdimonas_butyrica",0.26046511627907,0.521139971139971,85,55,0.0822904963812275,0.30267060647598
"s__Mogibacterium_kristiansenii","s__Brotomerdimonas_butyrica",0.315103287517081,0.49128277817151,144,84,0.132574970443447,0.368714169663172
"s__Roseburia_inulinivorans","s__Brotomerdimonas_butyrica",-0.339314992935345,-0.481063122923588,147,85,0.220920368728523,0.478428934544957
"s__Ruminococcus_torques","s__Brotomerdimonas_butyrica",-0.338789866187126,-0.126968927105726,147,85,0.104392978789194,0.32936463674866
"s__Blautia_faecis","s__Brotomerdimonas_butyrica",-0.404521379081066,0.17062732069572,147,85,1.49513552198657e-05,0.00990892115221068
"s__Bacteroides_uniformis","s__Brotomerdimonas_butyrica",-0.335315506090154,-0.332201434464144,143,82,0.975200481755684,0.992976983620747
"s__Prevotella_hominis","s__Brotomerdimonas_butyrica",0.0674906891721051,-0.409962055437649,112,72,0.00115445619296377,0.0661695807933732
"s__Roseburia_intestinalis","s__Brotomerdimonas_butyrica",-0.457612071115007,-0.296599570060582,147,85,0.172580677742666,0.425113357383727
"s__Ellagibacter_isourolithinifaciens","s__Brotomerdimonas_butyrica",0.286362214576165,0.300351768614423,139,85,0.917077112671637,0.966874042977536
"s__Eubacterium_ramulus","s__Brotomerdimonas_butyrica",-0.290417759106605,-0.202540551104163,147,85,0.497521383641724,0.70994856362817
"s__Faecalibacterium_sp._HTFF","s__Brotomerdimonas_butyrica",-0.167258536143076,-0.373890951729529,147,85,0.107865268511003,0.335325257133825
"s__Lentihominibacter_faecis","s__Brotomerdimonas_butyrica",0.71588376187202,0.679929646277115,147,85,0.603957709533482,0.792752123315132
"s__Senegalimassilia_anaerobia","s__Brotomerdimonas_butyrica",0.241234641893917,0.402551381998583,142,84,0.200266901014804,0.457731601536035
"s__Collinsella_bouchesdurhonensis","s__Brotomerdimonas_butyrica",0.27532342673661,0.358696108475715,137,83,0.516786376536199,0.72186366730625
"s__Lachnospira_eligens","s__Brotomerdimonas_butyrica",-0.328427113162925,-0.355188587062732,147,85,0.832185696477412,0.930997596026616
"s__Ruminococcus_flavefaciens","s__Brotomerdimonas_butyrica",0.281266729648874,0.163142466288841,145,85,0.369621684519157,0.609069943968078
"s__Olsenella_uli","s__Brotomerdimonas_butyrica",0.299521112593208,0.246652113681206,140,83,0.682410553968098,0.84752975626446
"s__Vescimonas_fastidiosa","s__Brotomerdimonas_butyrica",0.32989838799698,0.0337111588821575,143,85,0.0267555805101695,0.197451590932345
"s__Senegalimassilia_faecalis","s__Brotomerdimonas_butyrica",0.240055340871142,0.425493570922345,136,84,0.140240119603689,0.377375407916342
"s__Eubacterium_ventriosum","s__Brotomerdimonas_butyrica",-0.372212861449652,0.00619503615399648,147,85,0.00421676479359634,0.108219806904312
"s__Alistipes_putredinis","s__Brotomerdimonas_butyrica",-0.38052520927113,0.0384024577572965,123,62,0.00596435033445467,0.117517966462542
"s__Oscillibacter_sp._MSJ_31","s__Brotomerdimonas_butyrica",0.290752219640809,0.0526675786593707,146,85,0.0757702804746451,0.297458897890759
"s__Bacteroides_ovatus","s__Brotomerdimonas_butyrica",-0.417056535014281,-0.271336258678031,143,78,0.245704938150977,0.503442223619277
"s__Pseudoflavonifractor_sp._MSJ_30","s__Brotomerdimonas_butyrica",0.280236344815601,0.16968927105726,147,85,0.399161135379115,0.636695336070861
"s__Blautia_sp._OF03_15BH","s__Brotomerdimonas_butyrica",0.302915020136155,0.140844244674614,147,85,0.217145143175805,0.473442354374203
"s__Pseudoflavonifractor_phocaeensis","s__Brotomerdimonas_butyrica",0.182827221966165,0.384678522571819,147,85,0.113474168557058,0.341653834213158
"s__Faecalibacterium_sp._Marseille_Q4896","s__Brotomerdimonas_butyrica",-0.470071642261061,-0.502648851383029,145,80,0.77132656117026,0.898045695426416
"s__Fusicatenibacter_saccharivorans","s__Clostridium_sp._1001271B_151109_B4",-0.19742201965532,-0.413690476190476,119,64,0.133087224270624,0.368714169663172
"s__Anaerostipes_hadrus","s__Clostridium_sp._1001271B_151109_B4",-0.305825380999858,0.094459706959707,119,64,0.00977542096560911,0.146802064195326
"s__Romboutsia_timonensis","s__Clostridium_sp._1001271B_151109_B4",0.536047425427956,0.119588774659628,112,60,0.0035186715731253,0.100803435816765
"s__Lentihominibacter_faecis","s__Clostridium_sp._1001271B_151109_B4",0.308762357615797,-0.00206043956043956,118,64,0.0434209250731186,0.236396503402408
"s__Intestinibacter_bartlettii","s__Clostridium_sp._1001271B_151109_B4",0.34571495109455,-0.0170985369293143,113,62,0.0198078096790715,0.181130497027004
"s__Collinsella_aerofaciens","s__Adlercreutzia_equolifaciens",-0.0880097318453483,0.371328836265862,147,86,0.000556705707101622,0.052994749617674
"s__Prevotella_copri","s__Adlercreutzia_equolifaciens",-0.25965720600289,-0.41660719533185,138,83,0.211612496955971,0.469720881324231
"s__Catenibacterium_mitsuokai","s__Adlercreutzia_equolifaciens",-0.364009350698917,-0.0993031358885017,136,83,0.0469306276980312,0.241102185683687
"s__Blautia_obeum","s__Adlercreutzia_equolifaciens",0.216461779084088,0.385254021416105,147,86,0.18006015604093,0.432087720461672
"s__Anaerostipes_hadrus","s__Adlercreutzia_equolifaciens",0.293916085501213,0.182791641115147,147,86,0.391684623783057,0.628853137810426
"s__Paratractidigestivibacter_faecalis","s__Adlercreutzia_equolifaciens",-0.381462432915921,-0.031424271930601,129,78,0.0113907680756473,0.154197753696049
"s__Blautia_faecis","s__Adlercreutzia_equolifaciens",0.264580767516188,0.357177225340818,147,86,0.461761158957207,0.685071883370938
"s__Blautia_glucerasea","s__Adlercreutzia_equolifaciens",0.112040891884336,0.384480400018869,147,86,0.0347781816777114,0.215111810772751
"s__Prevotella_stercorea","s__Adlercreutzia_equolifaciens",-0.222394901610018,-0.507308480992692,129,77,0.0240509960148629,0.191905743144115
"s__Akkermansia_muciniphila","s__Adlercreutzia_equolifaciens",0.372743471582181,-0.017388581567686,125,66,0.00864762167913755,0.141790133734341
"s__Collinsella_bouchesdurhonensis","s__Adlercreutzia_equolifaciens",-0.317608433088502,0.0938139111066113,138,84,0.00271787268692761,0.0907452832072237
"s__Anthropogastromicrobium_aceti","s__Adlercreutzia_equolifaciens",-0.282801037278397,-0.125788952309071,146,86,0.234553631929689,0.49315571233198
"s__Prevotella_sp._885","s__Adlercreutzia_equolifaciens",-0.113403475773428,-0.381371097124522,107,73,0.0646437086155195,0.273935615341439
"s__Phascolarctobacterium_succinatutens","s__Adlercreutzia_equolifaciens",-0.306486561566775,-0.341448692152918,120,71,0.803627184946611,0.917986022475149
"s__Prevotellamassilia_timonensis","s__Adlercreutzia_equolifaciens",-0.329436976427041,-0.230303560493395,117,70,0.483205757636316,0.700271639490642
"s__Olsenella_uli","s__Adlercreutzia_equolifaciens",-0.3209726443769,-0.0211400222739698,140,84,0.0267085336942291,0.197451590932345
"s__Simiaoa_sunii","s__Adlercreutzia_equolifaciens",-0.158709106984969,-0.385831541919093,144,85,0.0776021924144122,0.298986934618484
"s__Senegalimassilia_faecalis","s__Adlercreutzia_equolifaciens",-0.286869714563071,0.113718975962478,137,85,0.00364467164102745,0.100803435816765
"s__Phascolarctobacterium_sp._Marseille_Q4147","s__Adlercreutzia_equolifaciens",-0.187856853841658,-0.453487592219987,117,71,0.0529517797565659,0.254397001673871
"s__Blautia_luti","s__Blautia_sp._MSJ_36",0.352458197137008,0.324798339544318,148,86,0.816396414413721,0.925430804293688
"s__Oscillibacter_valericigenes","s__Blautia_sp._MSJ_36",-0.099053443252868,-0.358799943393556,148,86,0.0462308166190165,0.241102185683687
"s__Blautia_sp._MSK_20_85","s__Blautia_sp._MSJ_36",0.527895538683672,0.547230940568999,142,84,0.853723266541263,0.942675381206634
"s__Blautia_sp._MCC283","s__Blautia_sp._MSJ_36",0.501310927925409,0.576697014010095,147,86,0.44712424742687,0.675300960430833
"s__Collinsella_aerofaciens","s__Bacteroides_thetaiotaomicron",-0.391328986240924,-0.297244805781391,147,81,0.444942777146792,0.673626924949021
"s__Catenibacterium_mitsuokai","s__Bacteroides_thetaiotaomicron",-0.335416056970052,-0.303919182083739,135,79,0.803741299625572,0.917986022475149
"s__Dorea_longicatena","s__Bacteroides_thetaiotaomicron",-0.420853198739696,-0.333965672990063,147,81,0.467740818115236,0.688102730661772
"s__Mediterraneibacter_faecis","s__Bacteroides_thetaiotaomicron",-0.225203817180334,-0.412827461607949,147,81,0.138864665849611,0.375732168258702
"s__Holdemanella_biformis","s__Bacteroides_thetaiotaomicron",-0.341628989810379,-0.42008276533593,146,79,0.524503493134849,0.730566023852064
"s__Holdemanella_porci","s__Bacteroides_thetaiotaomicron",-0.353537522064787,-0.36966893865628,136,79,0.903143495337774,0.963039730568882
"s__Anaerobutyricum_hallii","s__Bacteroides_thetaiotaomicron",-0.198403463569804,-0.365040650406504,147,81,0.200383438968256,0.457731601536035
"s__Dorea_formicigenerans","s__Bacteroides_thetaiotaomicron",-0.471699823950313,-0.564340560072267,147,81,0.373885785424169,0.613158424450985
"s__Oliverpabstia_intestinalis","s__Bacteroides_thetaiotaomicron",-0.175402234583016,-0.379746835443038,146,80,0.118387380889719,0.349920937806833
"s__Phocaeicola_vulgatus","s__Bacteroides_thetaiotaomicron",0.584776300695054,0.780578139114725,146,81,0.00783503082600382,0.134117881318168
"s__Mogibacterium_kristiansenii","s__Bacteroides_thetaiotaomicron",-0.293693982074264,-0.248466407010711,143,79,0.728884883909435,0.872480026371231
"s__Cyclospora_cayetanensis","s__Bacteroides_thetaiotaomicron",0.269650696265178,0.43739837398374,147,81,0.174930433271825,0.426444412516351
"s__Slackia_isoflavoniconvertens","s__Bacteroides_thetaiotaomicron",-0.383908045977012,-0.302145438121048,145,81,0.507914202518357,0.716834713710464
"s__Bacteroides_uniformis","s__Bacteroides_thetaiotaomicron",0.689182805857345,0.760443037974683,145,79,0.296470046866345,0.547339687443008
"s__Oscillibacter_sp._ER4","s__Bacteroides_thetaiotaomicron",0.107362752190338,0.40819783197832,144,81,0.0218798157711291,0.186024486279693
"s__Prevotella_stercorea","s__Bacteroides_thetaiotaomicron",-0.00410889982110912,0.500853485064011,129,75,0.000190940883749032,0.0312688428196629
"s__Ellagibacter_isourolithinifaciens","s__Bacteroides_thetaiotaomicron",-0.263278301509855,-0.389024390243902,138,81,0.326491652743496,0.571984102794132
"s__Lentihominibacter_faecis","s__Bacteroides_thetaiotaomicron",-0.36542084004126,-0.319971870604782,146,80,0.711501086955951,0.861627663193757
"s__Parolsenella_catena","s__Bacteroides_thetaiotaomicron",-0.2506435877262,-0.424331926863572,124,80,0.180572060187391,0.432325125985443
"s__Collinsella_bouchesdurhonensis","s__Bacteroides_thetaiotaomicron",-0.230900243309002,-0.378012189404594,136,80,0.260699745681052,0.515188060550887
"s__Phascolarctobacterium_succinatutens","s__Bacteroides_thetaiotaomicron",-0.0414403778040142,0.503085177733065,120,71,0.000105966382190098,0.0273030864084864
"s__Oscillibacter_valericigenes","s__Bacteroides_thetaiotaomicron",0.224829806043113,0.358559168925023,147,81,0.302283781164414,0.554428759159691
"s__Flavonifractor_plautii","s__Bacteroides_thetaiotaomicron",0.357992882454722,0.439521228545619,147,81,0.496798920751926,0.70994856362817
"s__Prevotellamassilia_timonensis","s__Bacteroides_thetaiotaomicron",0.0172120999638447,0.416314151169287,118,67,0.00668884389953766,0.12434018470546
"s__Olsenella_uli","s__Bacteroides_thetaiotaomicron",-0.243902765985969,-0.438143631436314,139,81,0.122831675948503,0.35488702608187
"s__Vescimonas_fastidiosa","s__Bacteroides_thetaiotaomicron",0.102166026461801,0.370257452574526,143,81,0.044246627727174,0.237362745014921
"s__Senegalimassilia_faecalis","s__Bacteroides_thetaiotaomicron",-0.199941469124963,-0.486630532971996,135,81,0.0221754873201033,0.186024486279693
"s__Phascolarctobacterium_sp._Marseille_Q4147","s__Bacteroides_thetaiotaomicron",0.115661856164486,0.508214504417811,117,70,0.00417715045994551,0.108009176178591
"s__Alistipes_putredinis","s__Bacteroides_thetaiotaomicron",0.463092182481846,0.4,123,60,0.622989899655149,0.807611320287289
"s__Bacteroides_caccae","s__Bacteroides_thetaiotaomicron",0.41322761745297,0.599716073400284,143,77,0.0810831510286057,0.301472266942823
"s__Bacteroides_ovatus","s__Bacteroides_thetaiotaomicron",0.622689340261376,0.68742649755308,145,78,0.435254054619613,0.666446435368142
"s__Blautia_schinkii","s__Bacteroides_thetaiotaomicron",-0.0828529116200349,-0.428026196928636,147,81,0.00813687284916687,0.137124060932311
"s__Holdemanella_sp._MSK_7_32","s__Bacteroides_thetaiotaomicron",-0.3029299843911,-0.345733708391936,133,80,0.744807995518188,0.883332854595255
"s__Pseudoflavonifractor_sp._MSJ_30","s__Bacteroides_thetaiotaomicron",0.120341646342051,0.362420957542909,146,81,0.0679963501192056,0.281073959303591
"s__Bacteroides_fragilis","s__Bacteroides_thetaiotaomicron",0.661399028326621,0.755984643179765,147,81,0.178786348217286,0.431758022706543
"s__Blautia_sp._MCC270","s__Bacteroides_thetaiotaomicron",-0.156958773920116,-0.47226738934056,141,81,0.0128764563812612,0.16146470063461
"s__Parabacteroides_merdae","s__Bacteroides_thetaiotaomicron",0.44556206704094,0.474566338490389,143,80,0.803166947659913,0.917943214690077
"s__Bacteroides_stercoris","s__Bacteroides_thetaiotaomicron",0.382248211558556,0.602870813397129,144,76,0.042663271356834,0.23548326587791
"s__Collinsella_sp._TF05_9AC","s__Bacteroides_thetaiotaomicron",-0.291330806597982,-0.493151059466849,131,76,0.10460642640023,0.32943360841611
"s__Brotomerdimonas_butyrica","s__Bacteroides_thetaiotaomicron",-0.305003149110376,-0.309798406000938,145,80,0.975231731725531,0.992976983620747
"s__Dorea_formicigenerans","s__Blautia_sp._Marseille_P3087",0.195908002235903,0.365120996273409,148,86,0.184079532898147,0.436284985276864
"s__Cyclospora_cayetanensis","s__Blautia_sp._Marseille_P3087",-0.300851049652584,-0.390103306759753,148,86,0.466642422922436,0.687862534260719
"s__Blautia_glucerasea","s__Blautia_sp._Marseille_P3087",0.331742782365985,0.488202273692155,148,86,0.17387966273348,0.426444412516351
"s__Roseburia_intestinalis","s__Blautia_sp._Marseille_P3087",-0.281886598281613,-0.0475211094862965,148,86,0.0793387407369812,0.301472266942823
"s__Vescimonas_coprocola","s__Blautia_sp._Marseille_P3087",0.00586369138622255,-0.362252936459267,148,86,0.00536928879741938,0.112953552375992
"s__Collinsella_bouchesdurhonensis","s__Blautia_sp._Marseille_P3087",0.285621328389526,-0.0142755897539739,138,84,0.0289682548177251,0.202888448883072
"s__Flavonifractor_plautii","s__Blautia_sp._Marseille_P3087",-0.176399382535528,-0.417878201801972,148,86,0.0541933366056714,0.256003962344648
"s__Olsenella_uli","s__Blautia_sp._Marseille_P3087",0.278440857913438,0.165050116432115,141,84,0.393574904293994,0.630710203106731
"s__Collinsella_aerofaciens","s__Megasphaera_elsdenii",0.00562931852052567,-0.39483154387264,121,74,0.00512487233716062,0.112842441177798
"s__Blautia_wexlerae","s__Megasphaera_elsdenii",-0.236004606421894,-0.386449463161792,121,74,0.270750836674357,0.524274846465718
"s__Prevotella_copri","s__Megasphaera_elsdenii",0.441126620139581,0.478279649512526,119,73,0.762838251817303,0.893675275980691
"s__Catenibacterium_mitsuokai","s__Megasphaera_elsdenii",0.362634067581594,0.125597926693817,116,74,0.0948806393419454,0.318722942175102
"s__Blautia_obeum","s__Megasphaera_elsdenii",-0.327977238856524,-0.266582747130692,121,74,0.651514311082074,0.826164349487925
"s__Anaerobutyricum_hallii","s__Megasphaera_elsdenii",-0.297845820349546,-0.245109218807849,121,74,0.702392496494271,0.858091579198507
"s__Anaerostipes_hadrus","s__Megasphaera_elsdenii",-0.209632841078445,-0.494942613846723,121,74,0.0293302673398602,0.202888448883072
"s__Mogibacterium_kristiansenii","s__Megasphaera_elsdenii",0.378959490583932,-0.0386967789707516,121,74,0.00372011809227358,0.101535604121658
"s__Paratractidigestivibacter_faecalis","s__Megasphaera_elsdenii",0.35100966959374,0.135412474849095,112,71,0.137113575234808,0.37421832891905
"s__Blautia_faecis","s__Megasphaera_elsdenii",-0.193761007993497,-0.402325064790818,121,74,0.12862728379648,0.363249406205181
"s__Blautia_glucerasea","s__Megasphaera_elsdenii",-0.512999593551009,-0.523820807108478,121,74,0.929183084440444,0.972742961153938
"s__Blautia_luti","s__Megasphaera_elsdenii",-0.094601002574177,-0.374453905960755,121,74,0.0483442447407441,0.242867229280847
"s__Oscillibacter_sp._ER4","s__Megasphaera_elsdenii",0.274727411625807,0.430847834135505,120,74,0.238916118316192,0.4974201430089
"s__Prevotella_stercorea","s__Megasphaera_elsdenii",0.400482625482625,0.387560143469513,111,70,0.916595498415031,0.966874042977536
"s__Prevotella_hominis","s__Megasphaera_elsdenii",0.316203927426086,0.448995250274023,103,69,0.330692032530244,0.573742891634248
"s__Coprococcus_eutactus","s__Megasphaera_elsdenii",0.113561847988078,0.385264716771566,121,74,0.0535012647180241,0.254482502579924
"s__Blautia_sp._BIOML_A1","s__Megasphaera_elsdenii",-0.386533787068546,-0.434935209181785,120,74,0.705290444627702,0.859770178111727
"s__Coprococcus_catus","s__Megasphaera_elsdenii",-0.301124508874136,-0.298541281007034,121,74,0.980726234855056,0.993229729175272
"s__Dialister_succinatiphilus","s__Megasphaera_elsdenii",0.478260869565217,0.529635982466171,93,54,0.704314366633934,0.859770178111727
"s__Parolsenella_catena","s__Megasphaera_elsdenii",0.431048621314108,0.127138097001111,112,74,0.0293475802160911,0.202888448883072
"s__Olsenella_uli","s__Megasphaera_elsdenii",0.406416464891041,0.176334690855239,119,74,0.0936656349089539,0.316420548577497
"s__Vescimonas_fastidiosa","s__Megasphaera_elsdenii",0.303319674977429,0.45374305812662,120,74,0.246344027455664,0.503442223619277
"s__Mitsuokella_jalaludinii","s__Megasphaera_elsdenii",0.587427819728705,0.393858805003937,112,70,0.0970717000237022,0.320352910475913
"s__Collinsella_aerofaciens","s__Ruminococcus_sp._210702_SL_1_03",-0.196242012601099,-0.387326308719197,139,83,0.139544700967694,0.376898085622598
"s__Blautia_wexlerae","s__Ruminococcus_sp._210702_SL_1_03",-0.354113231154207,-0.605914948994585,139,83,0.0192166045113453,0.177174002451787
"s__Dorea_longicatena","s__Ruminococcus_sp._210702_SL_1_03",-0.277335895258948,-0.293396582847068,139,83,0.905647845067355,0.963039730568882
"s__Mediterraneibacter_faecis","s__Ruminococcus_sp._210702_SL_1_03",-0.324129764511372,-0.376747407749465,139,83,0.676001557736294,0.84192368075655
"s__Fusicatenibacter_saccharivorans","s__Ruminococcus_sp._210702_SL_1_03",-0.312565351445552,-0.193925527895554,139,83,0.36731749540201,0.608151352726511
"s__Holdemanella_biformis","s__Ruminococcus_sp._210702_SL_1_03",-0.201336073997945,-0.469805781391147,139,81,0.0326183510238403,0.21366573175426
"s__Blautia_obeum","s__Ruminococcus_sp._210702_SL_1_03",-0.22837928415032,-0.525040930271609,139,83,0.0134052830113907,0.162159797474217
"s__Extibacter_muris","s__Ruminococcus_sp._210702_SL_1_03",-0.312221278877519,-0.0575122790814827,139,83,0.0603449742579776,0.269165196463275
"s__Holdemanella_porci","s__Ruminococcus_sp._210702_SL_1_03",-0.264639940212459,-0.441824751580849,131,81,0.160344157007111,0.408764681947705
"s__Blautia_massiliensis","s__Ruminococcus_sp._210702_SL_1_03",-0.313088163009965,-0.20519709500021,139,83,0.410632481624707,0.646509964412712
"s__Coprococcus_comes","s__Ruminococcus_sp._210702_SL_1_03",-0.483618570981724,-0.4353721506234,139,83,0.659439604628556,0.831309677535779
"s__Anaerobutyricum_hallii","s__Ruminococcus_sp._210702_SL_1_03",-0.279436078466419,-0.36700810209479,139,83,0.492678812054937,0.70714625820406
"s__Dorea_formicigenerans","s__Ruminococcus_sp._210702_SL_1_03",-0.292627016399303,-0.497481214054826,139,83,0.0851818091532908,0.305502311173032
"s__Cyclospora_cayetanensis","s__Ruminococcus_sp._210702_SL_1_03",0.278989230975468,0.519163763066202,139,83,0.0420502454278624,0.234504586288744
"s__Roseburia_inulinivorans","s__Ruminococcus_sp._210702_SL_1_03",-0.355860404843827,-0.0783762226606775,139,83,0.0377105931437968,0.222829432683019
"s__Ruminococcus_torques","s__Ruminococcus_sp._210702_SL_1_03",-0.34866616023951,-0.368645312959154,139,83,0.876229345299965,0.950649665294409
"s__Blautia_faecis","s__Ruminococcus_sp._210702_SL_1_03",-0.23535010500916,-0.494353721506234,139,83,0.0333593153257635,0.213915117364569
"s__Blautia_glucerasea","s__Ruminococcus_sp._210702_SL_1_03",-0.111144376424326,-0.42577977414886,139,83,0.0155349088335092,0.166155539902866
"s__Blautia_luti","s__Ruminococcus_sp._210702_SL_1_03",-0.265632959470933,-0.39696066495949,139,83,0.29872912191936,0.550256802507058
"s__Ruminococcus_gnavus","s__Ruminococcus_sp._210702_SL_1_03",-0.312891550113946,-0.421329918979052,139,83,0.378350138008339,0.615797473592542
"s__Oscillibacter_sp._ER4","s__Ruminococcus_sp._210702_SL_1_03",0.265269219089977,0.457117669283405,138,83,0.118813056542477,0.350427188207185
"s__Roseburia_intestinalis","s__Ruminococcus_sp._210702_SL_1_03",-0.284472049689441,0.00371520926913228,139,83,0.0361605215362827,0.220391010212995
"s__Coprococcus_eutactus","s__Ruminococcus_sp._210702_SL_1_03",0.00349434737923947,0.475693715629067,139,83,0.000286926659754809,0.0379515685729534
"s__Vescimonas_coprocola","s__Ruminococcus_sp._210702_SL_1_03",0.358693417936458,0.503169472314345,139,83,0.210622566155834,0.468519408156478
"s__Eubacterium_ramulus","s__Ruminococcus_sp._210702_SL_1_03",-0.280785557889092,-0.0734855799504639,139,83,0.128193045660575,0.36288532608221
"s__Ruminococcus_bicirculans","s__Ruminococcus_sp._210702_SL_1_03",0.187075474498218,0.427009936766034,138,81,0.0624838156093192,0.272936099903578
"s__Ruminococcus_flavefaciens","s__Ruminococcus_sp._210702_SL_1_03",0.560783489996324,0.652659418160447,138,83,0.307413299301706,0.558945676263686
"s__Oscillibacter_valericigenes","s__Ruminococcus_sp._210702_SL_1_03",0.469735019437866,0.518303177868268,139,83,0.655666264723876,0.829179206702263
"s__Ruthenibacterium_lactatiformans","s__Ruminococcus_sp._210702_SL_1_03",0.326962777604004,0.227908148272533,139,83,0.44487205927094,0.673626924949021
"s__Butyrivibrio_crossotus","s__Ruminococcus_sp._210702_SL_1_03",0.212108066640943,0.471838573807425,138,82,0.0373459117242078,0.221482703005685
"s__Vescimonas_fastidiosa","s__Ruminococcus_sp._210702_SL_1_03",0.434935580573941,0.630158263716888,138,83,0.05260907378181,0.254397001673871
"s__Simiaoa_sunii","s__Ruminococcus_sp._210702_SL_1_03",0.237117827160043,0.521185011046898,138,82,0.0184166400152292,0.174935012587289
"s__Mediterraneibacter_sp._NSJ_151","s__Ruminococcus_sp._210702_SL_1_03",-0.214075695964967,-0.362958609505774,139,82,0.253932791473527,0.509552796255158
"s__Eggerthella_lenta","s__Ruminococcus_sp._210702_SL_1_03",-0.297287635729925,-0.345808320389572,139,83,0.706267086468314,0.860075251545514
"s__Oscillibacter_sp._MSJ_31","s__Ruminococcus_sp._210702_SL_1_03",0.523450556325126,0.53015313285663,139,82,0.955457216868897,0.984662082353053
"s__Blautia_schinkii","s__Ruminococcus_sp._210702_SL_1_03",-0.145654408150498,-0.451912178330045,139,83,0.0163906564343903,0.169271674107712
"s__Holdemanella_sp._MSK_7_32","s__Ruminococcus_sp._210702_SL_1_03",-0.256579830053667,-0.444107051512282,129,82,0.13746611142341,0.37421832891905
"s__Pseudoflavonifractor_sp._MSJ_30","s__Ruminococcus_sp._210702_SL_1_03",0.390406184369275,0.569749380798455,139,83,0.0984689069332974,0.320653865212621
"s__Kineothrix_sp._MSJ_39","s__Ruminococcus_sp._210702_SL_1_03",0.108418606729523,0.389362327358213,139,83,0.0331116426978158,0.213915117364569
"s__Ruminococcus_sp._Marseille_P6503","s__Ruminococcus_sp._210702_SL_1_03",0.401971270994975,0.328026196928636,132,81,0.54924822477331,0.749079662137688
"s__Ruminococcus_sp._M6_2020","s__Ruminococcus_sp._210702_SL_1_03",0.506760802538094,0.602829436211746,139,83,0.329557796263482,0.572832565339331
"s__Blautia_sp._MSK20_18","s__Ruminococcus_sp._210702_SL_1_03",-0.283285418261243,-0.100730447924101,137,83,0.179275591870832,0.431758022706543
"s__Pseudoflavonifractor_phocaeensis","s__Ruminococcus_sp._210702_SL_1_03",0.321511238214397,0.314302506192015,139,83,0.950365019396898,0.982948962919077
"s__Dorea_longicatena","s__Parabacteroides_distasonis",-0.334367376553378,-0.297154471544715,148,81,0.76452243731759,0.893675275980691
"s__Mediterraneibacter_faecis","s__Parabacteroides_distasonis",-0.220632493882734,-0.368992773261066,148,81,0.250437586090896,0.506022503321001
"s__Holdemanella_biformis","s__Parabacteroides_distasonis",-0.388964026928802,-0.342429406037001,147,79,0.70016743235461,0.85806657077427
"s__Holdemanella_porci","s__Parabacteroides_distasonis",-0.333535572273975,-0.104016553067186,137,79,0.092144872987937,0.313128674116122
"s__Dorea_formicigenerans","s__Parabacteroides_distasonis",-0.435745566138663,-0.411178861788618,148,81,0.825128477977848,0.92756033593777
"s__Phocaeicola_vulgatus","s__Parabacteroides_distasonis",0.512671043982199,0.489046973803071,147,81,0.815301167052,0.925048074395192
"s__Mogibacterium_kristiansenii","s__Parabacteroides_distasonis",-0.275206976931115,-0.141163583252191,144,79,0.324104645327389,0.571090155282389
"s__Blautia_faecicola","s__Parabacteroides_distasonis",-0.254970626015688,-0.479132791327913,148,81,0.0651011728229568,0.27470298569098
"s__Bacteroides_uniformis","s__Parabacteroides_distasonis",0.673338844276492,0.581256085686465,145,79,0.279017686851451,0.53176849955453
"s__Coprococcus_eutactus","s__Parabacteroides_distasonis",-0.277529549821017,-0.225925925925926,148,81,0.692240854628318,0.85522551459465
"s__Eubacterium_ramulus","s__Parabacteroides_distasonis",-0.154355012456642,-0.363211382113821,148,81,0.111878397830378,0.339285546859496
"s__Lentihominibacter_faecis","s__Parabacteroides_distasonis",-0.274002825861926,-0.096601031411158,147,80,0.192574051188045,0.44687055467995
"s__Ruthenibacterium_lactatiformans","s__Parabacteroides_distasonis",0.228210130415308,0.389453477868112,148,81,0.206973150247986,0.464912255847696
"s__Flavonifractor_plautii","s__Parabacteroides_distasonis",0.365159159981787,0.371205962059621,148,81,0.966387734079168,0.988815060249408
"s__Senegalimassilia_faecalis","s__Parabacteroides_distasonis",-0.28866466294547,-0.309681200187529,136,80,0.876836844631943,0.950649665294409
"s__Mediterraneibacter_sp._NSJ_151","s__Parabacteroides_distasonis",-0.268490883950767,-0.189615564932021,147,80,0.553845181130579,0.751805286098756
"s__Alistipes_putredinis","s__Parabacteroides_distasonis",0.468103081348106,0.585457429931253,123,61,0.316685672347623,0.567074334183973
"s__Bacteroides_caccae","s__Parabacteroides_distasonis",0.408348107291769,0.387766714082504,143,75,0.859663278905921,0.94392784679357
"s__Bacteroides_ovatus","s__Parabacteroides_distasonis",0.506967406707605,0.37325746799431,145,75,0.247813045299677,0.504849554576482
"s__Holdemanella_sp._MSK_7_32","s__Parabacteroides_distasonis",-0.360006982630706,-0.138912330051571,134,80,0.0994203770223141,0.320653865212621
"s__Bacteroides_fragilis","s__Parabacteroides_distasonis",0.425632179227577,0.379864041256446,148,80,0.693327362992099,0.855441396114104
"s__Parabacteroides_merdae","s__Parabacteroides_distasonis",0.484052728880315,0.470428305871344,144,78,0.894206540977484,0.957847822311387
"s__Bacteroides_stercoris","s__Parabacteroides_distasonis",0.325066918595497,0.243035912624954,145,74,0.53651369446219,0.740125552357872
"s__Bacteroides_thetaiotaomicron","s__Parabacteroides_distasonis",0.610590182018753,0.430464272569536,147,77,0.0803217418076766,0.301472266942823
"s__Blautia_wexlerae","s__Clostridium_sp._BIOML_A1",-0.26123767129266,-0.427782743572217,134,77,0.196290715155657,0.452139162371268
"s__Holdemanella_porci","s__Clostridium_sp._BIOML_A1",0.0269614735658043,-0.401650071123755,127,75,0.00240128361284217,0.0905059344176459
"s__Ruminococcus_gnavus","s__Clostridium_sp._BIOML_A1",-0.305562413496428,-0.337793785162206,134,77,0.810425703183634,0.921951845525589
"s__Ruthenibacterium_lactatiformans","s__Clostridium_sp._BIOML_A1",0.28704846693849,0.152295073347705,134,77,0.329575827328503,0.572832565339331
"s__Butyrivibrio_crossotus","s__Clostridium_sp._BIOML_A1",0.190897090053378,0.43609022556391,132,76,0.0633407580421079,0.273654355410564
"s__Vescimonas_fastidiosa","s__Clostridium_sp._BIOML_A1",0.354839835908178,0.304406120195594,134,77,0.693710896718022,0.855441396114104
"s__Oscillibacter_sp._MSJ_31","s__Clostridium_sp._BIOML_A1",0.286150700133418,0.354477101845523,134,76,0.608082940697619,0.796040058263841
"s__Holdemanella_sp._MSK_7_32","s__Clostridium_sp._BIOML_A1",-0.143282454760031,-0.389829118250171,124,76,0.0734216396591748,0.29326018442265
"s__Kineothrix_sp._MSJ_39","s__Clostridium_sp._BIOML_A1",0.0735811713816427,0.458015668541984,133,77,0.00406808058190411,0.106543036598268
"s__Fusicatenibacter_saccharivorans","s__Fusicatenibacter_sp._CLA_AA_H277",0.312186038935799,0.295136563045427,148,86,0.887588589167643,0.955074204676948
"s__Faecalibacterium_sp._HTFF","s__Fusicatenibacter_sp._CLA_AA_H277",0.278440198862059,0.0568301739300371,148,85,0.0981972523177549,0.320653865212621
"s__Flavonifractor_plautii","s__Fusicatenibacter_sp._CLA_AA_H277",-0.280801963448176,-0.22483135996981,148,86,0.661940967695985,0.832936329274238
"s__Gallintestinimicrobium_propionicum","s__Fusicatenibacter_sp._CLA_AA_H277",0.312284188018043,0.0936553611019388,147,86,0.0971272204564472,0.320352910475913
"s__Faecalicatena_fissicatena","s__Fusicatenibacter_sp._CLA_AA_H277",0.273424225485587,0.0381433086466343,148,86,0.0790910613525581,0.301472266942823
"s__Catenibacterium_mitsuokai","s__Faecalibacillus_faecis",-0.435170506912442,-0.240019310692246,125,83,0.124202353661644,0.357133690838122
"s__Anaerostipes_hadrus","s__Faecalibacillus_faecis",0.31787761121586,0.160816884893492,137,85,0.234039967154568,0.492761469707431
"s__Paratractidigestivibacter_faecalis","s__Faecalibacillus_faecis",-0.343398847142163,-0.245615144349322,120,78,0.467997436597533,0.688102730661772
"s__Blautia_sp._BIOML_A1","s__Faecalibacillus_faecis",0.28766461808604,0.257084229040453,135,85,0.81173488964326,0.922603359928005
"s__Parolsenella_catena","s__Faecalibacillus_faecis",-0.202936993041941,-0.380546576550103,116,83,0.185478830057139,0.438694426799519
"s__Alistipes_putredinis","s__Faecalibacillus_faecis",0.310860452400721,0.209035279897258,114,62,0.496053576500132,0.70994856362817
"s__Faecalibacillus_intestinalis","s__Faecalibacillus_faecis",0.493473807433421,0.386534372785259,135,84,0.344551872998143,0.586591035267631
"s__Coprococcus_comes","s__Anaeromassilibacillus_sp._An200",-0.293096700182199,-0.362741723195302,146,84,0.580203740420096,0.770373690718188
"s__Dorea_formicigenerans","s__Anaeromassilibacillus_sp._An200",-0.277965546161781,-0.229199149539334,146,84,0.705494521671461,0.859770178111727
"s__Vescimonas_coprocola","s__Anaeromassilibacillus_sp._An200",0.222476775310975,0.419135364989369,145,84,0.116378005594767,0.347240462162379
"s__Blautia_stercoris","s__Anaeromassilibacillus_sp._An200",-0.277664773987063,-0.334352536195201,146,84,0.658240331179925,0.830406639371887
"s__Oscillibacter_valericigenes","s__Anaeromassilibacillus_sp._An200",0.372847599124676,0.371286827984206,146,84,0.984150836445236,0.993977893255556
"s__Ruthenibacterium_lactatiformans","s__Anaeromassilibacillus_sp._An200",0.277572228702534,0.414903310721879,146,84,0.265245727753623,0.518020786382843
"s__Flavonifractor_plautii","s__Anaeromassilibacillus_sp._An200",0.335860333741432,0.337329148526881,146,84,0.995510248648402,0.998890085259645
"s__Vescimonas_fastidiosa","s__Anaeromassilibacillus_sp._An200",0.285646278604025,0.399574769666903,143,84,0.359488799049827,0.602128464189274
"s__Oscillibacter_sp._MSJ_31","s__Anaeromassilibacillus_sp._An200",0.346845108914074,0.446328869484908,144,83,0.40424881412921,0.639471790151957
"s__Faecalibacillus_intestinalis","s__Anaeromassilibacillus_sp._An200",-0.286971830985915,-0.293816380504597,143,83,0.961906739102266,0.988204150444876
"s__Pseudoflavonifractor_sp._MSJ_30","s__Anaeromassilibacillus_sp._An200",0.36620610927413,0.306044345449023,145,84,0.623099213713894,0.807611320287289
"s__Ruminococcus_sp._AF37_3AC","s__Anaeromassilibacillus_sp._An200",0.311778333796682,0.132076191930374,109,68,0.229752612522824,0.487440612236507
"s__Ruminococcus_sp._Marseille_P6503","s__Anaeromassilibacillus_sp._An200",0.293646274758713,0.395914280427945,137,82,0.41801703388167,0.652669728269182
"s__Ruminococcus_sp._M6_2020","s__Anaeromassilibacillus_sp._An200",0.420048023933239,0.269758023691404,145,84,0.218567608901296,0.475124011505117
"s__Pseudoflavonifractor_phocaeensis","s__Anaeromassilibacillus_sp._An200",0.500756750503697,0.409112078566366,146,84,0.402136567422912,0.638850134719047
"s__Fusicatenibacter_sp._CLA_AA_H277","s__Anaeromassilibacillus_sp._An200",-0.304999212722406,-0.069353042421788,145,84,0.0785867335076536,0.301097729249673
"s__Faecalibacterium_prausnitzii","s__Blautia_hansenii",-0.287498639579176,-0.135827161658569,149,86,0.247443168303404,0.504420305747128
"s__Anaerostipes_hadrus","s__Blautia_hansenii",0.150382731725014,0.434935610170291,149,86,0.0230612048524854,0.188369795221213
"s__Ruminococcus_gnavus","s__Blautia_hansenii",0.279626337747143,0.0952026038964102,149,86,0.1638244940963,0.414252787331955
"s__Oscillibacter_sp._ER4","s__Blautia_hansenii",-0.372886159659896,-0.0349544789848578,145,86,0.0100386423074994,0.148978653411758
"s__Faecalibacterium_sp._HTFF","s__Blautia_hansenii",-0.33797569381462,-0.0371311315223764,149,85,0.0230005153835249,0.188369795221213
"s__Lachnospira_eligens","s__Blautia_hansenii",-0.267585706511881,-0.0986178593329874,149,86,0.203015089390852,0.460229988408135
"s__Eggerthella_lenta","s__Blautia_hansenii",0.383903500816253,0.111127883390726,149,86,0.0334182757072985,0.213915117364569
"s__Megasphaera_elsdenii","s__Blautia_hansenii",-0.300941606828343,-0.14748611625324,121,74,0.281541929519253,0.534339235991562
"s__Collinsella_aerofaciens","s__Bifidobacterium_pseudocatenulatum",0.370310438224877,0.131906068614929,120,78,0.0842328511966865,0.304982126598084
"s__Bifidobacterium_adolescentis","s__Bifidobacterium_pseudocatenulatum",0.498804582751564,0.639675951791843,98,67,0.199149940940086,0.45632033711247
"s__Bifidobacterium_longum","s__Bifidobacterium_pseudocatenulatum",0.525266314211315,0.527341079972659,115,77,0.990924013696267,0.9951544198394
"s__Bifidobacterium_catenulatum","s__Bifidobacterium_pseudocatenulatum",0.690858059342422,0.840844073948753,87,58,0.0324015973907103,0.212650941653917
"s__Parolsenella_catena","s__Bifidobacterium_pseudocatenulatum",0.271733380356198,0.370603081129397,107,77,0.472609871402975,0.692106077444231
"s__Blautia_sp._OF03_15BH","s__Bifidobacterium_pseudocatenulatum",-0.00413223140495868,-0.374347171815526,120,78,0.00890288160013931,0.141790133734341
"s__Collinsella_aerofaciens","s__Dorea_sp._AF36_15AT",0.332982893864965,0.377017312949276,148,84,0.722503887916743,0.869759228375784
"s__Blautia_wexlerae","s__Dorea_sp._AF36_15AT",0.18386226248163,0.394330262225372,148,84,0.0984895844038046,0.320653865212621
"s__Dorea_longicatena","s__Dorea_sp._AF36_15AT",0.268330513776343,0.281320238938949,148,84,0.923792637577798,0.969165003242845
"s__Mediterraneibacter_faecis","s__Dorea_sp._AF36_15AT",0.288275948870388,0.296466538422598,148,84,0.95314407017919,0.983979803877563
"s__Dorea_formicigenerans","s__Dorea_sp._AF36_15AT",0.391153377730559,0.527326111167359,148,84,0.216529849444245,0.473442354374203
"s__Phocaeicola_vulgatus","s__Dorea_sp._AF36_15AT",-0.131534805703103,-0.367884985319429,147,84,0.0697184024425202,0.283071530106053
"s__Cyclospora_cayetanensis","s__Dorea_sp._AF36_15AT",-0.355556624971774,-0.459532246633593,148,84,0.37380872731483,0.613158424450985
"s__Ruminococcus_torques","s__Dorea_sp._AF36_15AT",0.271428941611108,0.112159562620229,148,84,0.232767425077097,0.491699738845293
"s__Ruminococcus_callidus","s__Dorea_sp._AF36_15AT",-0.293085132021632,-0.276662954338362,146,84,0.894001533786155,0.957847822311387
"s__Slackia_isoflavoniconvertens","s__Dorea_sp._AF36_15AT",0.308562966097213,0.280469778272755,147,84,0.821154077494619,0.926503558968691
"s__Bacteroides_uniformis","s__Dorea_sp._AF36_15AT",-0.254577606301744,-0.43130081300813,144,81,0.157666675977982,0.404812194895736
"s__Ruminococcus_gnavus","s__Dorea_sp._AF36_15AT",0.287513372844149,0.333704566163815,148,84,0.717943672915916,0.865407743132785
"s__Oscillibacter_sp._ER4","s__Dorea_sp._AF36_15AT",-0.307542119351283,-0.4139313556748,145,84,0.384486079359321,0.621941499020088
"s__Vescimonas_coprocola","s__Dorea_sp._AF36_15AT",-0.23653923749801,-0.434139921028652,148,84,0.109398983647907,0.336213677180654
"s__Lentihominibacter_faecis","s__Dorea_sp._AF36_15AT",0.293117936454466,0.228571428571429,148,84,0.615482096780464,0.802366539358612
"s__Ruminococcus_bicirculans","s__Dorea_sp._AF36_15AT",-0.340383484522765,-0.251488338176554,146,82,0.484926413922594,0.701287610378385
"s__Vescimonas_fastidiosa","s__Dorea_sp._AF36_15AT",-0.1985571899365,-0.460787688569404,144,84,0.0343527873634328,0.214995876370544
"s__Simiaoa_sunii","s__Dorea_sp._AF36_15AT",-0.259947252401197,-0.506087066034172,145,83,0.0385545693648245,0.224629732088507
"s__Phascolarctobacterium_sp._Marseille_Q4147","s__Dorea_sp._AF36_15AT",-0.0136403974888521,-0.420456069751844,118,71,0.00477616226151782,0.110342158222733
"s__Eggerthella_lenta","s__Dorea_sp._AF36_15AT",0.276578180700904,0.201295940062772,148,84,0.56334215923481,0.757410479318695
"s__Absicoccus_porci","s__Dorea_sp._AF36_15AT",-0.34196939105775,0.109249150666107,92,68,0.00451615136942371,0.109029309974668
"s__Oscillibacter_sp._MSJ_31","s__Dorea_sp._AF36_15AT",-0.203741622528315,-0.416462488609902,147,84,0.0907004218439895,0.310985793341456
"s__Bacteroides_caccae","s__Dorea_sp._AF36_15AT",-0.311603302800486,-0.406517533099812,143,78,0.452210508450457,0.679105650026691
"s__Bacteroides_ovatus","s__Dorea_sp._AF36_15AT",-0.252568121533639,-0.422340817077659,144,77,0.184505474069236,0.436692584531386
"s__Blautia_schinkii","s__Dorea_sp._AF36_15AT",-0.0120568452303831,0.35273868583578,148,84,0.00636619483550382,0.121629689107209
"s__Bacteroides_fragilis","s__Dorea_sp._AF36_15AT",-0.32867026730881,-0.27630304415494,148,82,0.677009611561295,0.842647866145238
"s__Collinsella_sp._TF05_9AC","s__Dorea_sp._AF36_15AT",0.179935932096183,0.375785278949836,133,80,0.141300181867992,0.377569017439026
"s__Brotomerdimonas_butyrica","s__Dorea_sp._AF36_15AT",0.220285004042343,0.402166649792447,147,84,0.148634759098722,0.389006801020172
"s__Bacteroides_thetaiotaomicron","s__Dorea_sp._AF36_15AT",-0.315473378770497,-0.519449853943525,146,79,0.0821908912962726,0.302627917738631
"s__Ruminococcus_sp._210702_SL_1_03","s__Dorea_sp._AF36_15AT",-0.0469502658742571,-0.3983288166215,139,81,0.00875139408643421,0.141790133734341
"s__Blautia_hansenii","s__Dorea_sp._AF36_15AT",0.297697094437267,-0.0208362863217576,148,84,0.0185173111511578,0.174935012587289
"s__Faecalibacterium_prausnitzii","s__Paraprevotella_clara",0.398154675513166,0.149388111888112,105,65,0.0933808999790965,0.316079640775702
"s__Anaerobutyricum_hallii","s__Paraprevotella_clara",-0.208635703918723,-0.407298951048951,105,65,0.174943433148021,0.426444412516351
"s__Phocaeicola_vulgatus","s__Paraprevotella_clara",0.413788098693759,0.408566433566434,105,65,0.962919348817447,0.988204150444876
"s__Bacteroides_uniformis","s__Paraprevotella_clara",0.500176238855484,0.356639194139194,105,64,0.274317024058774,0.527910601979923
"s__Lentihominibacter_faecis","s__Paraprevotella_clara",-0.395469624714908,-0.231293706293706,105,65,0.256792167268924,0.512541775618961
"s__Collinsella_bouchesdurhonensis","s__Paraprevotella_clara",-0.345742574257426,-0.204851398601399,101,65,0.346767970266937,0.588612887848507
"s__Anthropogastromicrobium_aceti","s__Paraprevotella_clara",0.323460501762389,0.355244755244755,105,65,0.829366080484499,0.929242562427104
"s__Lachnoclostridium_sp._210928_DFI_6_3","s__Paraprevotella_clara",0.339784487357303,0.328250915750916,104,64,0.931503046139407,0.973689658259398
"s__Alistipes_putredinis","s__Paraprevotella_clara",0.437593118491995,0.447459834997829,90,48,0.956708008875478,0.985655734728211
"s__Bacteroides_ovatus","s__Paraprevotella_clara",0.428094546962472,0.252736175115207,105,63,0.220799972482969,0.478428934544957
"s__Parabacteroides_merdae","s__Paraprevotella_clara",0.392969166755575,0.558058608058608,104,64,0.190702397117489,0.445698714627729
"s__Bacteroides_stercoris","s__Paraprevotella_clara",0.336533278042712,0.288024451236455,105,60,0.741319995972067,0.880621577253174
"s__Brotomerdimonas_butyrica","s__Paraprevotella_clara",-0.341160780966606,-0.146153846153846,104,65,0.198005764173746,0.454912307956481
"s__Bacteroides_thetaiotaomicron","s__Paraprevotella_clara",0.533070702882024,0.452534965034965,105,65,0.504365955100762,0.714845198537817
"s__Parabacteroides_distasonis","s__Paraprevotella_clara",0.410512129380054,0.432147263982272,105,62,0.879781119959021,0.951137149179212
"s__Anaerobutyricum_hallii","s__Phocaeicola_massiliensis",-0.282178414932386,-0.329253025455557,142,78,0.722887472849616,0.869796578695495
"s__Dorea_formicigenerans","s__Phocaeicola_massiliensis",-0.284999088415331,-0.376699250116972,142,78,0.47799687510751,0.696302131135017
"s__Phocaeicola_vulgatus","s__Phocaeicola_massiliensis",0.406558499935785,0.638285764868043,141,78,0.0251999705869195,0.194287693003565
"s__Cyclospora_cayetanensis","s__Phocaeicola_massiliensis",0.263322233654868,0.391798075342379,142,78,0.319467820730903,0.568702988705836
"s__Bacteroides_uniformis","s__Phocaeicola_massiliensis",0.410080879395862,0.505126452494874,139,77,0.411552389201283,0.646732753321832
"s__Alistipes_putredinis","s__Phocaeicola_massiliensis",0.354043506564316,0.0803039158386908,122,59,0.0747124724279783,0.295210567212534
"s__Bacteroides_ovatus","s__Phocaeicola_massiliensis",0.366495375128469,0.421820768136558,139,75,0.660504877978742,0.832042591710217
"s__Bacteroides_fragilis","s__Phocaeicola_massiliensis",0.304316301019927,0.483427964440623,142,78,0.140609644344852,0.377483658783719
"s__Parabacteroides_merdae","s__Phocaeicola_massiliensis",0.414131405126613,0.491073137388927,138,76,0.512619997920437,0.719560939093625
"s__Desulfovibrio_piger","s__Phocaeicola_massiliensis",0.149817097954207,0.390922624728022,121,68,0.0927781719781746,0.314348899933934
"s__Bacteroides_stercoris","s__Phocaeicola_massiliensis",0.380184120181059,0.394564975934839,140,74,0.91512172792678,0.966874042977536
"s__Brotomerdimonas_butyrica","s__Phocaeicola_massiliensis",-0.291275311443127,-0.40406961459593,141,77,0.378360006310277,0.615797473592542
"s__Bacteroides_thetaiotaomicron","s__Phocaeicola_massiliensis",0.456231003039514,0.554996582365003,141,76,0.365515004165164,0.606699694948225
"s__Parabacteroides_distasonis","s__Phocaeicola_massiliensis",0.38693437219059,0.329815447710185,141,76,0.646447616277214,0.82429861044766
"s__Paraprevotella_clara","s__Phocaeicola_massiliensis",0.49766742691271,0.372935867895545,105,63,0.340790042737762,0.582783171046825
"s__Methanobrevibacter_smithii","s__Blautia_sp._MSJ_19",-0.366796951338675,-0.0248196248196248,85,55,0.0434733464103974,0.236396503402408
"s__Blautia_glucerasea","s__Blautia_sp._MSJ_19",0.369749423440699,0.260342468984386,148,86,0.375688452349992,0.614649185362333
"s__Blautia_sp._BIOML_A1","s__Blautia_sp._MSJ_19",0.439133159168249,0.119184867210717,146,86,0.0110634683587795,0.153416401959043
"s__Vescimonas_coprocola","s__Blautia_sp._MSJ_19",-0.286088170076665,0.0431812821359498,148,86,0.0145577470407865,0.164090902998168
"s__Flavonifractor_plautii","s__Blautia_sp._MSJ_19",-0.309554041097665,0.0222746355960187,148,86,0.013192002424122,0.161624609637361
"s__Bacteroides_stercoris","s__Blautia_sp._MSJ_19",-0.283441845510811,-0.0477417319522583,144,77,0.0905340974888476,0.310725310642861
"s__Blautia_sp._OF03_15BH","s__Blautia_sp._MSJ_19",0.222461195615558,0.355441294400679,148,86,0.295196367405152,0.546383373254207
"s__Blautia_sp._Marseille_P3087","s__Blautia_sp._MSJ_19",0.230882848332513,0.351139204679466,148,86,0.343655235091175,0.585644377343187
"s__Parabacteroides_distasonis","s__Blautia_sp._MSJ_19",-0.289722627296013,-0.0378048780487805,147,81,0.0647277871486903,0.273935615341439
"s__Paratractidigestivibacter_faecalis","s__Clostridium_saudiense",0.322817748289446,-0.0563041569645379,105,68,0.0141998343628124,0.163446396313694
"s__Romboutsia_timonensis","s__Clostridium_saudiense",0.52479318350878,0.325790627283165,110,66,0.123008239339805,0.35488702608187
"s__Eubacterium_ramulus","s__Clostridium_saudiense",-0.327482753205585,-0.127397719651241,118,71,0.166950693821981,0.419054424479112
"s__Olsenella_uli","s__Clostridium_saudiense",0.314716548007186,-0.0572653311171376,113,70,0.013881417130613,0.162215594992829
"s__Intestinibacter_bartlettii","s__Clostridium_saudiense",0.415988997847405,0.156773676375157,112,68,0.0699005797670644,0.283361907993982
"s__Clostridium_sp._1001271B_151109_B4","s__Clostridium_saudiense",0.857669357669358,0.672584422452217,111,62,0.00364805440378979,0.100803435816765
"s__Collinsella_aerofaciens","s__Roseburia_sp._CLA_AA_H204",-0.271233955085172,-0.369641166291181,140,82,0.442445470798352,0.672368525884019
"s__Dorea_formicigenerans","s__Roseburia_sp._CLA_AA_H204",-0.0827316262491527,-0.402183258780379,140,82,0.0157428264641151,0.16687431349386
"s__Roseburia_inulinivorans","s__Roseburia_sp._CLA_AA_H204",0.316301852135313,0.265158193750612,140,82,0.68981111173178,0.854560667595675
"s__Lachnospira_eligens","s__Roseburia_sp._CLA_AA_H204",0.166421027311889,0.437620400300389,140,82,0.0341837382907294,0.214913850058169
"s__Veillonella_parvula","s__Roseburia_sp._CLA_AA_H204",0.172620581079147,0.418857271906052,136,81,0.0583687308504655,0.267020758736027
"s__Roseburia_hominis","s__Roseburia_sp._CLA_AA_H204",0.19389035883755,0.377107345370642,140,82,0.159620392779506,0.408308232318392
"s__Simiaoa_sunii","s__Roseburia_sp._CLA_AA_H204",0.149133882357776,0.387082204155375,138,81,0.0716066081142224,0.287955379506118
"s__Eggerthella_lenta","s__Roseburia_sp._CLA_AA_H204",-0.330804049769303,-0.30947638793657,140,82,0.86240036658125,0.945881049701348
"s__Roseburia_sp._CLA_AA_H209","s__Roseburia_sp._CLA_AA_H204",0.4737224202401,0.621597501115573,140,82,0.136003732551913,0.372089766305513
"s__Collinsella_aerofaciens","s__Clostridium_sp._D43t1_170807_D5",-0.319001155978761,-0.347805393971444,107,61,0.849886161725786,0.9409965868712
"s__Prevotella_copri","s__Clostridium_sp._D43t1_170807_D5",0.333721607454863,-0.0710197277021395,102,60,0.0123714779686729,0.159289698540667
"s__Prevotella_stercorea","s__Clostridium_sp._D43t1_170807_D5",0.441992199219922,-0.0346772102670469,100,57,0.00283373642537936,0.0919360336498077
"s__Lachnospira_eligens","s__Clostridium_sp._D43t1_170807_D5",0.258909853249476,0.41369645690111,107,61,0.291416324523299,0.542982486909939
"s__Simiaoa_sunii","s__Clostridium_sp._D43t1_170807_D5",0.330871350479885,0.217662612374405,106,61,0.454283177200994,0.679515938182222
"s__Faecalibacterium_prausnitzii","s__Faecalibacterium_sp._CLA_AA_H233",0.25387266461092,0.435137776040649,149,85,0.137535349405214,0.37421832891905
"s__Oscillibacter_sp._ER4","s__Faecalibacterium_sp._CLA_AA_H233",0.11432451582428,0.376529216337698,145,85,0.0440103023221972,0.237362745014921
"s__Faecalibacterium_sp._HTFF","s__Faecalibacterium_sp._CLA_AA_H233",0.507342644658081,0.372894273988665,149,85,0.223819682123359,0.480891960322752
"s__Anthropogastromicrobium_aceti","s__Faecalibacterium_sp._CLA_AA_H233",0.336788370345417,0.365722102794606,148,85,0.816972544428755,0.925430804293688
"s__Phascolarctobacterium_succinatutens","s__Faecalibacterium_sp._CLA_AA_H233",0.201923858555751,0.486384976525822,121,71,0.0333626040015504,0.213915117364569
"s__Lachnoclostridium_sp._210928_DFI_6_3","s__Faecalibacterium_sp._CLA_AA_H233",0.371473354231975,0.307125521054407,144,82,0.601671019430273,0.790655955605926
"s__Phascolarctobacterium_sp._Marseille_Q4147","s__Faecalibacterium_sp._CLA_AA_H233",0.283030030786761,0.450201207243461,118,71,0.209504568238919,0.466636146485519
"s__Collinsella_aerofaciens","s__Bacteroides_xylanisolvens",-0.347809661602765,-0.319912366114898,144,79,0.820794259206993,0.926503558968691
"s__Dorea_longicatena","s__Bacteroides_xylanisolvens",-0.268161723334137,-0.387828627069133,144,79,0.350665213324171,0.591733533824351
"s__Mediterraneibacter_faecis","s__Bacteroides_xylanisolvens",-0.15343621895346,-0.400438169425511,144,79,0.0601527952149693,0.269165196463275
"s__Blautia_obeum","s__Bacteroides_xylanisolvens",-0.0614661200868097,-0.404625121713729,144,79,0.0102679628206713,0.149625102289358
"s__Holdemanella_porci","s__Bacteroides_xylanisolvens",-0.271344915885372,-0.485514485514486,133,77,0.086406863001221,0.305502311173032
"s__Anaerobutyricum_hallii","s__Bacteroides_xylanisolvens",-0.0236878064464271,-0.392283349561831,144,79,0.0063489668076671,0.121629689107209
"s__Dorea_formicigenerans","s__Bacteroides_xylanisolvens",-0.24770918736436,-0.51166017526777,144,79,0.0295864540216623,0.20329393116567
"s__Oliverpabstia_intestinalis","s__Bacteroides_xylanisolvens",-0.0657194917758298,-0.369845344528889,143,78,0.0252152741497689,0.194287693003565
"s__Phocaeicola_vulgatus","s__Bacteroides_xylanisolvens",0.430616509926855,0.606012658227848,144,79,0.0922832833563335,0.313289448630238
"s__Slackia_isoflavoniconvertens","s__Bacteroides_xylanisolvens",-0.304890494581834,-0.3567429406037,142,79,0.689278488668452,0.854516482527327
"s__Romboutsia_timonensis","s__Bacteroides_xylanisolvens",-0.337550806149231,-0.31064648762138,126,70,0.838402584509539,0.934305407689016
"s__Bacteroides_uniformis","s__Bacteroides_xylanisolvens",0.492535047112512,0.535502472211333,143,78,0.692012891856955,0.85522551459465
"s__Prevotella_stercorea","s__Bacteroides_xylanisolvens",0.189588674235488,0.550876218684438,128,73,0.00444713975043157,0.109029309974668
"s__Prevotella_hominis","s__Bacteroides_xylanisolvens",0.298595998595999,0.571706683971447,111,68,0.0307316978062833,0.20797255177117
"s__Lentihominibacter_faecis","s__Bacteroides_xylanisolvens",-0.314447289799402,-0.252519632266468,143,78,0.635119597606736,0.81590448119894
"s__Prevotella_sp._885","s__Bacteroides_xylanisolvens",0.347880192457868,0.566197183098592,106,71,0.0768077344043632,0.297641673044626
"s__Phascolarctobacterium_succinatutens","s__Bacteroides_xylanisolvens",0.151851588092864,0.585163152830024,119,70,0.000815787305091786,0.0584477612960552
"s__Prevotellamassilia_timonensis","s__Bacteroides_xylanisolvens",0.235160125282861,0.589687924016282,117,66,0.00569772320344113,0.115219740485358
"s__Collinsella_sp._AM34_10","s__Bacteroides_xylanisolvens",-0.298222624061527,-0.257837837837838,128,75,0.764383044957572,0.893675275980691
"s__Phascolarctobacterium_sp._Marseille_Q4147","s__Bacteroides_xylanisolvens",0.225402683273748,0.488052612349288,116,69,0.0515991392435019,0.25134481566346
"s__Alistipes_putredinis","s__Bacteroides_xylanisolvens",0.351287584139898,0.115124272871497,122,61,0.117343068871792,0.348783763051074
"s__Bacteroides_caccae","s__Bacteroides_xylanisolvens",0.332779656663385,0.495215311004785,141,77,0.176095043751615,0.428282075998448
"s__Bacteroides_ovatus","s__Bacteroides_xylanisolvens",0.711259397879116,0.630737683369262,143,77,0.30073573933498,0.55245933764144
"s__Blautia_schinkii","s__Bacteroides_xylanisolvens",0.0751265975403906,-0.402896786757546,144,79,0.000447604587342665,0.0466458235112553
"s__Holdemanella_sp._MSK_7_32","s__Bacteroides_xylanisolvens",-0.242688006117795,-0.441697542963366,130,78,0.122699489442032,0.35488702608187
"s__Bacteroides_fragilis","s__Bacteroides_xylanisolvens",0.466923880716984,0.612901655306719,144,79,0.14944237280898,0.390526079095808
"s__Parabacteroides_merdae","s__Bacteroides_xylanisolvens",0.340031679438332,0.451889882269629,141,78,0.360331602006841,0.602128464189274
"s__Bacteroides_stercoris","s__Bacteroides_xylanisolvens",0.427809409649386,0.500540540540541,141,75,0.531526973928103,0.73587812533766
"s__Collinsella_sp._TF05_9AC","s__Bacteroides_xylanisolvens",-0.30320683025087,-0.345901517956312,128,74,0.754058654203914,0.888146248387643
"s__Mitsuokella_jalaludinii","s__Bacteroides_xylanisolvens",0.0847844019497563,0.431388329979879,126,71,0.0133584368290175,0.162159797474217
"s__Brotomerdimonas_butyrica","s__Bacteroides_xylanisolvens",-0.322066007112456,-0.35441773416457,142,78,0.804970373411493,0.918478140067061
"s__Clostridium_sp._1001271B_151109_B4","s__Bacteroides_xylanisolvens",-0.367085687925268,-0.159280803807509,116,61,0.165261437988708,0.416667217920209
"s__Bacteroides_thetaiotaomicron","s__Bacteroides_xylanisolvens",0.588079736355598,0.763401155806219,144,78,0.0222624489863879,0.186024486279693
"s__Parabacteroides_distasonis","s__Bacteroides_xylanisolvens",0.447468049192187,0.373615857826384,144,76,0.533254459000548,0.737675818384105
"s__Blautia_hansenii","s__Bacteroides_xylanisolvens",-0.29623422554457,-0.0765092502434275,144,79,0.108825055341793,0.335697719623155
"s__Dorea_sp._AF36_15AT","s__Bacteroides_xylanisolvens",-0.280052693785088,-0.47980966402019,143,77,0.10523893785541,0.330189012500888
"s__Paraprevotella_clara","s__Bacteroides_xylanisolvens",0.496169849567908,0.351238479262673,104,63,0.275402788745781,0.528662868500276
"s__Phocaeicola_massiliensis","s__Bacteroides_xylanisolvens",0.398167533887837,0.510298719772404,138,75,0.338525562947693,0.581001850874735
"s__Faecalibacterium_sp._CLA_AA_H233","s__Bacteroides_xylanisolvens",0.0746603970741902,0.371286940907194,144,78,0.0285367951944653,0.202888448883072
"s__Collinsella_aerofaciens","s__Waltera_intestinalis",-0.276838678562817,-0.485388437217706,144,81,0.0841833487804596,0.304982126598084
"s__Blautia_wexlerae","s__Waltera_intestinalis",-0.220440479061169,-0.418315266485998,144,81,0.119515165510489,0.350613527585544
"s__Blautia_obeum","s__Waltera_intestinalis",-0.12613535889398,-0.501648599819332,144,81,0.00278488727381691,0.0919360336498077
"s__Holdemanella_porci","s__Waltera_intestinalis",-0.108028778413696,-0.412149954832882,134,81,0.0219946908719007,0.186024486279693
"s__Anaerobutyricum_hallii","s__Waltera_intestinalis",-0.110626155453742,-0.364769647696477,144,81,0.0562444988697097,0.261578298047884
"s__Dorea_formicigenerans","s__Waltera_intestinalis",-0.161353588939796,-0.416237579042457,144,81,0.0485729370342216,0.242867229280847
"s__Cyclospora_cayetanensis","s__Waltera_intestinalis",0.284008520215417,0.459598012646793,144,81,0.15050341297557,0.392702000927911
"s__Ruminococcus_callidus","s__Waltera_intestinalis",0.360739026231984,0.511020776874435,143,81,0.191734626581418,0.446169154152599
"s__Oscillibacter_sp._ER4","s__Waltera_intestinalis",0.160495482940793,0.431752484191509,142,81,0.0351547086690717,0.21666136758591
"s__Prevotella_hominis","s__Waltera_intestinalis",0.235995085995086,0.473172367538565,111,71,0.0796709044156734,0.301472266942823
"s__Coprococcus_eutactus","s__Waltera_intestinalis",0.0312595450526485,0.368473351400181,144,81,0.0123175848852091,0.159289698540667
"s__Vescimonas_coprocola","s__Waltera_intestinalis",0.043750502371192,0.381052393857272,144,81,0.0118113255296541,0.155628921442454
"s__Faecalibacterium_sp._HTFF","s__Waltera_intestinalis",0.280013664496423,0.256775067750677,144,81,0.855652469400453,0.943011261668992
"s__Ruminococcus_bicirculans","s__Waltera_intestinalis",0.278020750600912,0.286635832521908,142,79,0.952433826999428,0.983609588904214
"s__Ruminococcus_flavefaciens","s__Waltera_intestinalis",0.211567188679865,0.433310749774164,143,81,0.0802034621575534,0.301472266942823
"s__Prevotella_sp._885","s__Waltera_intestinalis",0.241031368169439,0.399128101945003,107,71,0.261727247795668,0.515805160555474
"s__Oscillibacter_valericigenes","s__Waltera_intestinalis",0.150606864399968,0.38256549232159,144,81,0.0771212817150632,0.298000098672025
"s__Butyrivibrio_crossotus","s__Waltera_intestinalis",0.057484319695887,0.367028003613369,142,81,0.021465395159448,0.186024486279693
"s__Roseburia_hominis","s__Waltera_intestinalis",0.361715296198055,0.203974706413731,144,81,0.222909417934254,0.480015960097621
"s__Vescimonas_fastidiosa","s__Waltera_intestinalis",0.112466287084207,0.473035230352304,141,81,0.00490908700438446,0.110342158222733
"s__Simiaoa_sunii","s__Waltera_intestinalis",0.911632868180666,0.907407407407407,142,80,0.849420835874699,0.9409965868712
"s__Eggerthella_lenta","s__Waltera_intestinalis",-0.27027972027972,-0.365785907859079,144,81,0.45664055386608,0.68119449864612
"s__Oscillibacter_sp._MSJ_31","s__Waltera_intestinalis",0.192094686922273,0.419557362240289,144,81,0.075642688509664,0.297297378039697
"s__Pseudoflavonifractor_sp._MSJ_30","s__Waltera_intestinalis",0.0799694558315248,0.393676603432701,144,81,0.017998615773519,0.174935012587289
"s__Blautia_sp._MCC270","s__Waltera_intestinalis",-0.281668889812162,-0.0619692863595303,140,81,0.109804528082445,0.336557729122574
"s__Kineothrix_sp._MSJ_39","s__Waltera_intestinalis",0.165055059882646,0.373825654923216,144,81,0.111585954481314,0.339285546859496
"s__Ruminococcus_sp._M6_2020","s__Waltera_intestinalis",0.126589502451571,0.454426377597109,144,81,0.0106074284025083,0.152189034101287
"s__Mitsuokella_jalaludinii","s__Waltera_intestinalis",0.0901586520434946,0.448263606071825,127,74,0.00888248595496883,0.141790133734341
"s__Ruminococcus_sp._210702_SL_1_03","s__Waltera_intestinalis",0.22926428584763,0.529278012189405,137,80,0.013509757405648,0.162159797474217
"s__Dorea_sp._AF36_15AT","s__Waltera_intestinalis",-0.209155212603488,-0.507000903342367,144,81,0.0147897814032099,0.164090902998168
"s__Clostridium_sp._D43t1_170807_D5","s__Waltera_intestinalis",0.346646681949098,0.24780829924021,107,59,0.51057786691563,0.718444060688565
"s__Bacteroides_xylanisolvens","s__Waltera_intestinalis",0.160206424526033,0.384779516358464,140,75,0.0963581075108654,0.320352910475913
"s__Blautia_wexlerae","s__Faecalibacterium_sp._I3389",-0.280276304245623,-0.169650185655658,148,85,0.398207495339434,0.635763963079068
"s__Faecalibacterium_prausnitzii","s__Faecalibacterium_sp._I3389",0.158227121793757,0.430017588430721,148,85,0.0308421056712117,0.20797255177117
"s__Gemmiger_formicilis","s__Faecalibacterium_sp._I3389",-0.0722078056689754,0.486026968927106,148,85,1.407510085354e-05,0.00990892115221068
"s__Oscillibacter_sp._ER4","s__Faecalibacterium_sp._I3389",0.0671469059990553,0.361168653507915,145,85,0.0258596655203233,0.195230652043199
"s__Faecalibacterium_sp._HTFF","s__Faecalibacterium_sp._I3389",0.442231164187061,0.453937854211452,148,85,0.922453447932278,0.968350856971644
"s__Lentihominibacter_faecis","s__Faecalibacterium_sp._I3389",-0.126453543283289,-0.404006253664256,147,85,0.030496966010163,0.20797255177117
"s__Anthropogastromicrobium_aceti","s__Faecalibacterium_sp._I3389",0.333183477019093,0.356497948016416,147,85,0.853862696265969,0.942675381206634
"s__Phascolarctobacterium_succinatutens","s__Faecalibacterium_sp._I3389",0.278309172198889,0.396143527833669,121,71,0.38757768127499,0.624884972294745
"s__Lachnoclostridium_sp._210928_DFI_6_3","s__Faecalibacterium_sp._I3389",0.366714271643849,0.300029385836027,143,82,0.590944825131843,0.779443028976145
"s__Phascolarctobacterium_sp._Marseille_Q4147","s__Faecalibacterium_sp._I3389",0.326511308565147,0.432763246143528,118,71,0.422586174849744,0.658483849256126
"s__Eggerthella_lenta","s__Faecalibacterium_sp._I3389",-0.308380562455347,-0.184873949579832,148,85,0.340211221710068,0.582244488347945
"s__Collinsella_sp._TF05_9AC","s__Faecalibacterium_sp._I3389",-0.0926893216759674,-0.379395218002813,133,80,0.0343096741578572,0.214995876370544
"s__Brotomerdimonas_butyrica","s__Faecalibacterium_sp._I3389",-0.108017699285666,-0.402853234316983,146,85,0.0222861553786663,0.186024486279693
"s__Faecalibacterium_sp._CLA_AA_H233","s__Faecalibacterium_sp._I3389",0.703628159045225,0.741156927887434,148,85,0.579453700710709,0.770314357462756
"s__Collinsella_aerofaciens","s__Oscillibacter_sp._MCC667",-0.342267071893151,-0.457592339261286,148,85,0.324823509735501,0.571219725917493
"s__Blautia_wexlerae","s__Oscillibacter_sp._MCC667",-0.558572131918249,-0.699804572991988,148,85,0.0904965062972788,0.310725310642861
"s__Prevotella_copri","s__Oscillibacter_sp._MCC667",0.128817194691452,0.525168424375007,139,82,0.00142698114133588,0.0701055449293441
"s__Dorea_longicatena","s__Oscillibacter_sp._MCC667",-0.488918585754636,-0.390209106898573,148,85,0.372388058762106,0.611577141395837
"s__Mediterraneibacter_faecis","s__Oscillibacter_sp._MCC667",-0.332968086563484,-0.417725229626734,148,85,0.480788283215237,0.697650171298397
"s__Holdemanella_biformis","s__Oscillibacter_sp._MCC667",-0.328303786597171,-0.511349600080996,148,84,0.110047690026774,0.336862118654403
"s__Blautia_obeum","s__Oscillibacter_sp._MCC667",-0.447621021925912,-0.649794801641587,148,85,0.0352764646127911,0.217022829701948
"s__Extibacter_muris","s__Oscillibacter_sp._MCC667",-0.295957236513325,-0.281239007230799,148,85,0.903665814599783,0.963039730568882
"s__Holdemanella_porci","s__Oscillibacter_sp._MCC667",-0.334248120386585,-0.583942492659715,138,84,0.0234309290101419,0.18870951959222
"s__Bifidobacterium_adolescentis","s__Oscillibacter_sp._MCC667",-0.121636395697408,-0.400274840630607,106,68,0.0588137632678889,0.267540386082368
"s__Blautia_massiliensis","s__Oscillibacter_sp._MCC667",-0.468617775425062,-0.33875317568888,148,85,0.258776234706505,0.514209511925685
"s__Coprococcus_comes","s__Oscillibacter_sp._MCC667",-0.498765441239075,-0.477701778385773,148,85,0.834854857060275,0.931802366544284
"s__Anaerobutyricum_hallii","s__Oscillibacter_sp._MCC667",-0.26408822190222,-0.525014657025601,148,85,0.0246220386194208,0.193322353452484
"s__Anaerostipes_hadrus","s__Oscillibacter_sp._MCC667",-0.200153995935396,-0.395798319327731,148,85,0.121278471931473,0.353754592851854
"s__Dorea_formicigenerans","s__Oscillibacter_sp._MCC667",-0.537553167466878,-0.611706077779949,148,85,0.429671768614992,0.66293380117065
"s__Methanobrevibacter_smithii","s__Oscillibacter_sp._MCC667",0.357045143638851,0.323448773448773,85,55,0.826439725592011,0.92758688521897
"s__Oliverpabstia_intestinalis","s__Oscillibacter_sp._MCC667",-0.322488269650696,-0.532988078952511,147,85,0.0623793848448438,0.272936099903578
"s__Phocaeicola_vulgatus","s__Oscillibacter_sp._MCC667",0.295778585406765,0.367637287473129,147,85,0.564914620981939,0.75888335217066
"s__Cyclospora_cayetanensis","s__Oscillibacter_sp._MCC667",0.462061842694633,0.63734610123119,148,85,0.0686867413947797,0.281930300262324
"s__Ruminococcus_torques","s__Oscillibacter_sp._MCC667",-0.385171227932494,-0.49187023646668,148,85,0.343861233670536,0.585705191972746
"s__Ruminococcus_callidus","s__Oscillibacter_sp._MCC667",0.215751978637463,0.410982997850303,146,85,0.119098745525314,0.350613527585544
"s__Blautia_faecis","s__Oscillibacter_sp._MCC667",-0.324365044403395,-0.504338479577878,148,85,0.11681953034354,0.347828887317258
"s__Blautia_glucerasea","s__Oscillibacter_sp._MCC667",-0.211944309739132,-0.384717607973422,148,85,0.171789162902495,0.424052309821364
"s__Blautia_luti","s__Oscillibacter_sp._MCC667",-0.234769764971107,-0.378698456126637,148,85,0.253276461253327,0.509367105409468
"s__Ruminococcus_gnavus","s__Oscillibacter_sp._MCC667",-0.564635721874456,-0.580457299198749,148,85,0.873466586958716,0.95005978537064
"s__Oscillibacter_sp._ER4","s__Oscillibacter_sp._MCC667",0.60751062824752,0.80922415477819,145,85,0.00263615051954667,0.0905059344176459
"s__Prevotella_stercorea","s__Oscillibacter_sp._MCC667",0.194149858662552,0.496678058783322,130,76,0.0185946719381112,0.174935012587289
"s__Vescimonas_coprocola","s__Oscillibacter_sp._MCC667",0.649696265228384,0.75280437756498,148,85,0.143060815401842,0.380397794599815
"s__Ruminococcus_bicirculans","s__Oscillibacter_sp._MCC667",0.319502954701011,0.428823307165946,146,83,0.367389496697734,0.608151352726511
"s__Ruminococcus_flavefaciens","s__Oscillibacter_sp._MCC667",0.414612514821706,0.70250146570256,146,85,0.00198840139196054,0.0833916144750281
"s__Prevotella_sp._885","s__Oscillibacter_sp._MCC667",0.115186426066341,0.403184005923732,107,73,0.0452987314883111,0.239296985542706
"s__Phascolarctobacterium_succinatutens","s__Oscillibacter_sp._MCC667",0.163670234385585,0.531656606304494,121,71,0.00533538510563459,0.112953552375992
"s__Oscillibacter_valericigenes","s__Oscillibacter_sp._MCC667",0.787433783598693,0.807269884698065,148,85,0.704659391047334,0.859770178111727
"s__Ruminococcus_sp._NSJ_71","s__Oscillibacter_sp._MCC667",0.173598587853633,0.375761837787154,136,80,0.127908704746129,0.362792831511299
"s__Ruthenibacterium_lactatiformans","s__Oscillibacter_sp._MCC667",0.445759003764756,0.335860855970295,148,85,0.345083368857076,0.586964784662467
"s__Butyrivibrio_crossotus","s__Oscillibacter_sp._MCC667",0.284204640760414,0.5203048661325,146,85,0.0414892206485193,0.232884260087488
"s__Flavonifractor_plautii","s__Oscillibacter_sp._MCC667",0.407537656818577,0.550146570256009,148,85,0.182855094339291,0.435300765029012
"s__Vescimonas_fastidiosa","s__Oscillibacter_sp._MCC667",0.704718270235512,0.826030877467266,144,85,0.0327966536455819,0.213915117364569
"s__Simiaoa_sunii","s__Oscillibacter_sp._MCC667",0.192083923791529,0.606520198440822,145,84,0.000279753257496141,0.0379515685729534
"s__Phascolarctobacterium_sp._Marseille_Q4147","s__Oscillibacter_sp._MCC667",0.215854268695744,0.475352112676056,118,71,0.0536531715202531,0.254852564721202
"s__Eggerthella_lenta","s__Oscillibacter_sp._MCC667",-0.26533203522657,-0.500078170803205,148,85,0.0461643914322922,0.241102185683687
"s__Oscillibacter_sp._MSJ_31","s__Oscillibacter_sp._MCC667",0.704686095097054,0.809615008794215,147,85,0.0742510714306197,0.295201658554799
"s__Bacteroides_caccae","s__Oscillibacter_sp._MCC667",0.361342296201451,0.39634858812074,143,79,0.780998300231861,0.904632251430573
"s__Blautia_schinkii","s__Oscillibacter_sp._MCC667",-0.251061498424873,-0.507680281414892,148,85,0.0294350052237995,0.202888448883072
"s__Holdemanella_sp._MSK_7_32","s__Oscillibacter_sp._MCC667",-0.353194810262413,-0.545905804182138,135,85,0.0858701213025524,0.305502311173032
"s__Pseudoflavonifractor_sp._MSJ_30","s__Oscillibacter_sp._MCC667",0.609357474170513,0.763318350596052,148,85,0.0335070206045315,0.213915117364569
"s__Bacteroides_fragilis","s__Oscillibacter_sp._MCC667",0.351880712379274,0.457117669283405,148,83,0.371422927058097,0.61060907941905
"s__Bacteroides_stercoris","s__Oscillibacter_sp._MCC667",0.318595772044048,0.447846889952153,144,76,0.298047682082399,0.549295808510916
"s__Ruminococcus_sp._Marseille_P6503","s__Oscillibacter_sp._MCC667",0.360572982426499,0.555350321145208,138,83,0.0806625959877066,0.301472266942823
"s__Ruminococcus_sp._M6_2020","s__Oscillibacter_sp._MCC667",0.340212558812751,0.717842485831542,148,85,7.82717230398716e-05,0.024470586866738
"s__Blautia_sp._MSK20_18","s__Oscillibacter_sp._MCC667",-0.372423433237253,-0.15436779362908,146,85,0.0894428428145501,0.310074532700845
"s__Collinsella_sp._TF05_9AC","s__Oscillibacter_sp._MCC667",-0.268682221156691,-0.493952180028129,133,80,0.0666661083361355,0.278182905378687
"s__Pseudoflavonifractor_phocaeensis","s__Oscillibacter_sp._MCC667",0.461251142938583,0.531483290990815,148,85,0.506832034187862,0.716397601961388
"s__Bacteroides_thetaiotaomicron","s__Oscillibacter_sp._MCC667",0.20533677807448,0.464791373652133,146,80,0.0382684177168941,0.224629732088507
"s__Blautia_sp._Marseille_P3087","s__Oscillibacter_sp._MCC667",-0.0968027334278533,-0.350537424272034,148,85,0.0531430384421366,0.254397001673871
"s__Ruminococcus_sp._210702_SL_1_03","s__Oscillibacter_sp._MCC667",0.384775905983288,0.604880225509082,139,82,0.0384585879436825,0.224629732088507
"s__Clostridium_sp._BIOML_A1","s__Oscillibacter_sp._MCC667",0.270983428721056,0.418045112781955,134,76,0.25679252090476,0.512541775618961
"s__Dorea_sp._AF36_15AT","s__Oscillibacter_sp._MCC667",-0.232245120068706,-0.479558570416118,148,84,0.040801131385391,0.231161599397627
"s__Bacteroides_xylanisolvens","s__Oscillibacter_sp._MCC667",0.213372894710923,0.422349802096638,143,78,0.105170925007574,0.330189012500888
"s__Waltera_intestinalis","s__Oscillibacter_sp._MCC667",0.1918535487501,0.525925925925926,144,81,0.00601643224695651,0.117559718734565
"s__Collinsella_aerofaciens","s__Dorea_sp._AM58_8",0.312711772174859,0.351365630454267,149,86,0.757517904123884,0.889462933481955
"s__Blautia_wexlerae","s__Dorea_sp._AM58_8",0.289388717576637,0.258078211236379,149,86,0.80245242555115,0.917736578473696
"s__Dorea_longicatena","s__Dorea_sp._AM58_8",0.317714493016506,0.263512429831596,149,86,0.664081154529759,0.835018314598845
"s__Mediterraneibacter_faecis","s__Dorea_sp._AM58_8",0.331569018683113,0.273795933770461,149,86,0.640916303576457,0.819699096495709
"s__Dorea_formicigenerans","s__Dorea_sp._AM58_8",0.424708869943769,0.549035331855276,149,86,0.239250143851348,0.497497944697992
"s__Cyclospora_cayetanensis","s__Dorea_sp._AM58_8",-0.363700344639942,-0.339251851502429,149,86,0.834829006130639,0.931802366544284
"s__Ruminococcus_torques","s__Dorea_sp._AM58_8",0.332432432432432,0.139808481532148,149,86,0.136795380796783,0.373958119682142
"s__Ruminococcus_callidus","s__Dorea_sp._AM58_8",-0.272015655577299,-0.213189301382141,146,86,0.64879747576644,0.825021442363827
"s__Bacteroides_uniformis","s__Dorea_sp._AM58_8",-0.256093528578177,-0.375110196885101,145,83,0.348578240748165,0.589651042760915
"s__Ruminococcus_gnavus","s__Dorea_sp._AM58_8",0.348775621258843,0.332421340629275,149,86,0.888471722419614,0.95542659581021
"s__Oscillibacter_sp._ER4","s__Dorea_sp._AM58_8",-0.41680050385766,-0.276380961366102,145,86,0.246173881905446,0.503442223619277
"s__Vescimonas_coprocola","s__Dorea_sp._AM58_8",-0.34676108789244,-0.366932402471815,148,86,0.872224061053979,0.949599117128586
"s__Lentihominibacter_faecis","s__Dorea_sp._AM58_8",0.278147754657822,0.349716630838382,148,85,0.570871367896208,0.76270813786848
"s__Ruminococcus_bicirculans","s__Dorea_sp._AM58_8",-0.369866791588905,-0.243980965880328,147,84,0.31529284899032,0.566801938148307
"s__Oscillibacter_valericigenes","s__Dorea_sp._AM58_8",-0.33379285325594,-0.16652672295863,149,86,0.193247964137651,0.44783001931899
"s__Vescimonas_fastidiosa","s__Dorea_sp._AM58_8",-0.313395225464191,-0.329251379782065,144,86,0.903111753432097,0.963039730568882
"s__Simiaoa_sunii","s__Dorea_sp._AM58_8",-0.28562752451004,-0.481493062341216,146,85,0.0979339487224369,0.320352910475913
"s__Eggerthella_lenta","s__Dorea_sp._AM58_8",0.317972066025757,0.153639322609557,149,86,0.204684524579871,0.462186526612065
"s__Absicoccus_porci","s__Dorea_sp._AM58_8",-0.359647365257463,0.0203458411268466,92,68,0.0155574538670319,0.166155539902866
"s__Oscillibacter_sp._MSJ_31","s__Dorea_sp._AM58_8",-0.326405941865824,-0.310553058432675,147,85,0.894344099285217,0.957847822311387
"s__Bacteroides_caccae","s__Dorea_sp._AM58_8",-0.33695705702748,-0.404969526488514,143,80,0.584676949965347,0.773943045008017
"s__Bacteroides_fragilis","s__Dorea_sp._AM58_8",-0.347168510792672,-0.295231345550268,149,84,0.672643965337171,0.840255211331104
"s__Collinsella_sp._TF05_9AC","s__Dorea_sp._AM58_8",0.176457085726528,0.383239568682607,133,80,0.119686321092337,0.350613527585544
"s__Brotomerdimonas_butyrica","s__Dorea_sp._AM58_8",0.148406863671052,0.469513386750049,147,85,0.00973290309487285,0.146802064195326
"s__Bacteroides_thetaiotaomicron","s__Dorea_sp._AM58_8",-0.280610355952822,-0.449593495934959,147,81,0.167617453955889,0.419420205569
"s__Ruminococcus_sp._210702_SL_1_03","s__Dorea_sp._AM58_8",-0.175338486974396,-0.356702069602452,139,83,0.167694906268501,0.419420205569
"s__Blautia_hansenii","s__Dorea_sp._AM58_8",0.337721748594232,0.0919382989763668,149,86,0.0598313035774329,0.268615996087196
"s__Dorea_sp._AF36_15AT","s__Dorea_sp._AM58_8",0.844012482555148,0.848071276703453,148,84,0.930813743676515,0.973549807854988
"s__Bacteroides_xylanisolvens","s__Dorea_sp._AM58_8",-0.328727594244836,-0.396811100292113,144,79,0.588133482329515,0.776667507704308
"s__Waltera_intestinalis","s__Dorea_sp._AM58_8",-0.26737400530504,-0.487285456187895,144,81,0.0692725527334785,0.282748884106976
"s__Oscillibacter_sp._MCC667","s__Dorea_sp._AM58_8",-0.330154699282216,-0.429978503029119,148,85,0.403481901378733,0.639365561712854
"s__Catenibacterium_mitsuokai","s__Eubacterium_sp._AF22_8LB",0.436398507153224,0.140284495021337,105,75,0.0345093700949521,0.214995876370544
"s__Mediterraneibacter_faecis","s__Eubacterium_sp._AF22_8LB",0.159633717155841,0.376732740943267,112,76,0.122697814574476,0.35488702608187
"s__Holdemanella_biformis","s__Eubacterium_sp._AF22_8LB",0.611166159838726,0.605064011379801,112,75,0.942161558716893,0.977413508958859
"s__Holdemanella_porci","s__Eubacterium_sp._AF22_8LB",0.34539312039312,0.272347083926031,111,75,0.594111035236562,0.782215869134202
"s__Paratractidigestivibacter_faecalis","s__Eubacterium_sp._AF22_8LB",0.331961434791623,0.163097305292945,105,72,0.248137105253629,0.504936985187709
"s__Slackia_isoflavoniconvertens","s__Eubacterium_sp._AF22_8LB",0.387492739262651,0.222447026657553,112,76,0.227914888016807,0.486087059816278
"s__Blautia_faecicola","s__Eubacterium_sp._AF22_8LB",0.147700481771278,0.435816814764183,112,76,0.0366542464739123,0.221312535736377
"s__Bacteroides_uniformis","s__Eubacterium_sp._AF22_8LB",-0.460252913463923,-0.328100703443169,110,74,0.304828791188219,0.556425803023507
"s__Parolsenella_catena","s__Eubacterium_sp._AF22_8LB",0.395075679037943,0.27485987696514,105,76,0.376351316450106,0.6148380830847
"s__Ruthenibacterium_lactatiformans","s__Eubacterium_sp._AF22_8LB",-0.333165339802508,-0.289596719070403,112,76,0.747503514441338,0.884910356682879
"s__Senegalimassilia_faecalis","s__Eubacterium_sp._AF22_8LB",0.340098230006487,0.284757347915243,109,76,0.68510187204429,0.850258151555509
"s__Absicoccus_porci","s__Eubacterium_sp._AF22_8LB",0.378839205058717,-0.0261616743471582,81,63,0.0139240502253115,0.162215594992829
"s__Bacteroides_caccae","s__Eubacterium_sp._AF22_8LB",-0.348566692389037,-0.231757209926224,108,71,0.411659783955071,0.646732753321832
"s__Holdemanella_sp._MSK_7_32","s__Eubacterium_sp._AF22_8LB",0.426210951210951,0.404347231715653,111,76,0.857632695024002,0.943880214429523
"s__Blautia_sp._MCC270","s__Eubacterium_sp._AF22_8LB",0.384701858679394,0.229747095010253,108,76,0.260754865089229,0.515188060550887
"s__Parabacteroides_distasonis","s__Eubacterium_sp._AF22_8LB",-0.339847314847315,-0.521512637468648,111,72,0.149062847042908,0.389830517855939
"s__Faecalibacillus_faecis","s__Eubacterium_sp._AF22_8LB",-0.328405556707443,0.0227751196172249,105,76,0.0181827321936914,0.174935012587289
"s__Faecalibacterium_prausnitzii","s__Faecalibacterium_sp._AF27_11BH",0.505931574330252,0.70397894097398,146,84,0.0233264014570142,0.188660361314407
"s__Catenibacterium_mitsuokai","s__Faecalibacterium_sp._AF27_11BH",-0.282240756999317,0.0902798184608352,135,82,0.00770771629775984,0.134117881318168
"s__Extibacter_muris","s__Faecalibacterium_sp._AF27_11BH",0.309076185977461,0.383416017009213,146,84,0.549213538532231,0.749079662137688
"s__Gemmiger_formicilis","s__Faecalibacterium_sp._AF27_11BH",0.343564728678434,0.266821909486686,146,84,0.540511600145232,0.743116288443784
"s__Roseburia_faecis","s__Faecalibacterium_sp._AF27_11BH",0.396037905006121,0.198866052445074,146,84,0.118280617312773,0.349920937806833
"s__Subdoligranulum_sp._APC924_74","s__Faecalibacterium_sp._AF27_11BH",0.294292237442922,0.0962805927542924,145,83,0.140118474932912,0.377375407916342
"s__Methanobrevibacter_smithii","s__Faecalibacterium_sp._AF27_11BH",-0.509972663764301,-0.404688393367639,84,54,0.452820167964818,0.679229401938853
"s__Mogibacterium_kristiansenii","s__Faecalibacterium_sp._AF27_11BH",-0.316051643891021,-0.0279795138743126,142,83,0.0335253486147937,0.213915117364569
"s__Roseburia_inulinivorans","s__Faecalibacterium_sp._AF27_11BH",0.375570776255708,0.350794775741622,145,84,0.833040537791218,0.931650864866341
"s__Blautia_faecis","s__Faecalibacterium_sp._AF27_11BH",0.316726596165155,-0.20050622658702,146,84,0.000142516974885439,0.0273030864084864
"s__Roseburia_intestinalis","s__Faecalibacterium_sp._AF27_11BH",0.371814176780774,0.173797711855827,146,84,0.122593028816562,0.35488702608187
"s__Faecalibacterium_sp._HTFF","s__Faecalibacterium_sp._AF27_11BH",0.46896744526814,0.41518679761061,146,84,0.626035656562503,0.80967906089449
"s__Lentihominibacter_faecis","s__Faecalibacterium_sp._AF27_11BH",-0.25514092268934,-0.490938544092336,145,84,0.0488246454213136,0.242992699860923
"s__Lachnospira_eligens","s__Faecalibacterium_sp._AF27_11BH",0.205625982088631,0.378981472106915,146,84,0.174811853794303,0.426444412516351
"s__Ruminococcus_sp._NSJ_71","s__Faecalibacterium_sp._AF27_11BH",-0.290683835723344,-0.114703018500487,135,79,0.201906372619325,0.459534093605466
"s__Alistipes_putredinis","s__Faecalibacterium_sp._AF27_11BH",0.307695103776671,-0.0185087255420412,122,61,0.0363992972268879,0.221161100995172
"s__Roseburia_sp._CLA_AA_H209","s__Faecalibacterium_sp._AF27_11BH",0.104436309242639,0.370011136984914,145,84,0.0430231964714567,0.236396503402408
"s__Blautia_sp._OF03_15BH","s__Faecalibacterium_sp._AF27_11BH",-0.274783498661628,-0.0594310013161891,145,84,0.110961704111075,0.338595652562545
"s__Ruminococcus_sp._M6_2020","s__Faecalibacterium_sp._AF27_11BH",-0.337470477090222,-0.0931456920117445,145,84,0.0647151950127304,0.273935615341439
"s__Faecalibacterium_sp._Marseille_Q4896","s__Faecalibacterium_sp._AF27_11BH",0.791296646197449,0.711486169714018,145,80,0.187671085723668,0.442965589432873
"s__Brotomerdimonas_butyrica","s__Faecalibacterium_sp._AF27_11BH",-0.45067920585162,-0.458317302824744,144,84,0.951718907857591,0.983609588904214
"s__Fusicatenibacter_saccharivorans","s__Porcipelethomonas_ammoniilytica",-0.414212147283632,-0.251558265582656,134,81,0.199167439955166,0.45632033711247
"s__Blautia_obeum","s__Porcipelethomonas_ammoniilytica",-0.106058679035898,-0.380058717253839,134,81,0.0413947778763523,0.232884260087488
"s__Extibacter_muris","s__Porcipelethomonas_ammoniilytica",-0.29897879025923,0.0893405600722674,134,81,0.00558935468941615,0.114679256254209
"s__Blautia_massiliensis","s__Porcipelethomonas_ammoniilytica",-0.313951545530493,-0.227642276422764,134,81,0.513425424016408,0.719564166235784
"s__Coprococcus_comes","s__Porcipelethomonas_ammoniilytica",-0.389872691679447,-0.28550135501355,134,81,0.408112803298791,0.643807307589239
"s__Roseburia_faecis","s__Porcipelethomonas_ammoniilytica",-0.318405466402324,0.144263775971093,134,81,0.000940885430403683,0.0599204628733012
"s__Oliverpabstia_intestinalis","s__Porcipelethomonas_ammoniilytica",-0.309143505529994,-0.201084010840108,134,81,0.417995306347444,0.652669728269182
"s__Ruminococcus_callidus","s__Porcipelethomonas_ammoniilytica",-0.34100692397197,-0.120144534778681,132,81,0.102864979456124,0.327852330259138
"s__Vescimonas_coprocola","s__Porcipelethomonas_ammoniilytica",0.218075038342124,0.42310298102981,134,81,0.110878933250806,0.338595652562545
"s__Ruminococcus_flavefaciens","s__Porcipelethomonas_ammoniilytica",0.355933932524663,0.209191508581752,133,81,0.264365700062425,0.517236831474647
"s__Oscillibacter_valericigenes","s__Porcipelethomonas_ammoniilytica",0.324171124328234,0.384530261969286,134,81,0.635055734507769,0.81590448119894
"s__Flavonifractor_plautii","s__Porcipelethomonas_ammoniilytica",0.226199827928029,0.474864498644986,134,81,0.0470326435167428,0.241102185683687
"s__Vescimonas_fastidiosa","s__Porcipelethomonas_ammoniilytica",0.376016363840402,0.356594399277326,133,81,0.871110822551858,0.949524601824355
"s__Mediterraneibacter_sp._NSJ_151","s__Porcipelethomonas_ammoniilytica",-0.127294151253303,-0.371973803071364,133,81,0.068530735132887,0.281930300262324
"s__Oscillibacter_sp._MSJ_31","s__Porcipelethomonas_ammoniilytica",0.360470828813327,0.440379403794038,134,81,0.511565311736736,0.719244933386197
"s__Bacteroides_caccae","s__Porcipelethomonas_ammoniilytica",0.266064188924776,0.394723171565277,132,76,0.328394178073472,0.572832565339331
"s__Pseudoflavonifractor_sp._MSJ_30","s__Porcipelethomonas_ammoniilytica",0.317482761630444,0.322222222222222,134,81,0.975126168946558,0.992976983620747
"s__Blautia_sp._MCC270","s__Porcipelethomonas_ammoniilytica",-0.186907423971377,-0.375045167118338,129,81,0.157734324268766,0.404812194895736
"s__Ruminococcus_sp._Marseille_P6503","s__Porcipelethomonas_ammoniilytica",0.396332054240806,0.239727361246349,130,79,0.228065136995122,0.486087059816278
"s__Pseudoflavonifractor_phocaeensis","s__Porcipelethomonas_ammoniilytica",0.21997531141286,0.403635953026197,134,81,0.156477211823704,0.40399784644273
"s__Mogibacterium_kristiansenii","s__Solobacterium_moorei",0.316818774445893,0.174782025486251,118,71,0.322300451627817,0.571041346289574
"s__Oscillibacter_sp._ER4","s__Solobacterium_moorei",0.315192794736921,-0.0260228034875922,117,71,0.0220590930195403,0.186024486279693
"s__Blautia_hansenii","s__Solobacterium_moorei",-0.332252327267282,0.0849094567404427,118,71,0.00509844569993067,0.112842441177798
"s__Blautia_wexlerae","s__Streptococcus_salivarius",0.393499548579762,0.45852534562212,120,63,0.625659632944683,0.809497169938587
"s__Dorea_longicatena","s__Streptococcus_salivarius",0.32179318008195,0.241935483870968,120,63,0.581961902185371,0.771834547479943
"s__Mediterraneibacter_faecis","s__Streptococcus_salivarius",0.317910966039308,0.246687788018433,120,63,0.622859669230178,0.807611320287289
"s__Ruminococcus_bromii","s__Streptococcus_salivarius",-0.336604472297394,-0.191532258064516,119,63,0.325197393361217,0.571219725917493
"s__Blautia_obeum","s__Streptococcus_salivarius",0.378040141676505,0.287154377880184,120,63,0.516408689073008,0.721629208338917
"s__Blautia_massiliensis","s__Streptococcus_salivarius",0.338249537102977,0.168874807987711,119,63,0.253626094297069,0.509552796255158
"s__Coprococcus_comes","s__Streptococcus_salivarius",0.291804986457393,0.485023041474654,120,63,0.154093360437993,0.39964333827018
"s__Anaerobutyricum_hallii","s__Streptococcus_salivarius",0.182679352732829,0.427371351766513,120,63,0.0899582128485629,0.310107898392772
"s__Dorea_formicigenerans","s__Streptococcus_salivarius",0.395117716508091,0.325076804915515,120,63,0.607775945061936,0.795941155776084
"s__Methanobrevibacter_smithii","s__Streptococcus_salivarius",-0.302510639369444,-0.537458511142722,62,37,0.188246902639786,0.44371562589323
"s__Cyclospora_cayetanensis","s__Streptococcus_salivarius",-0.327265782345996,-0.412058371735791,120,63,0.543881559930752,0.744723254337559
"s__Ruminococcus_torques","s__Streptococcus_salivarius",0.328481144523925,0.379512288786482,120,63,0.721104844279475,0.868609302794086
"s__Ruminococcus_gnavus","s__Streptococcus_salivarius",0.318716577540107,0.547091013824885,120,63,0.0768589760402013,0.297641673044626
"s__Oscillibacter_sp._ER4","s__Streptococcus_salivarius",-0.360510422754724,-0.498559907834101,117,63,0.293778263019142,0.545180792835814
"s__Vescimonas_coprocola","s__Streptococcus_salivarius",-0.293341404358353,-0.512816820276498,119,63,0.100170548777689,0.3219500161182
"s__Anthropogastromicrobium_aceti","s__Streptococcus_salivarius",-0.324626121635095,0.0298099078341014,119,63,0.0217109766676567,0.186024486279693
"s__Ruminococcus_flavefaciens","s__Streptococcus_salivarius",-0.228208232445521,-0.543682795698925,119,63,0.0187873482741548,0.174935012587289
"s__Oscillibacter_valericigenes","s__Streptococcus_salivarius",-0.454621848739496,-0.667530721966206,120,63,0.0492155044002268,0.244231052860577
"s__Lachnoclostridium_sp._210928_DFI_6_3","s__Streptococcus_salivarius",-0.340061548173282,0.0307863295359822,115,60,0.0185107522790022,0.174935012587289
"s__Ruthenibacterium_lactatiformans","s__Streptococcus_salivarius",-0.407528300576429,-0.242415514592934,120,63,0.242596143200536,0.500323511210062
"s__Flavonifractor_plautii","s__Streptococcus_salivarius",-0.385992082783527,-0.357622887864823,120,63,0.829536105452518,0.929242562427104
"s__Vescimonas_fastidiosa","s__Streptococcus_salivarius",-0.389297658862876,-0.610599078341014,116,63,0.0641718567193437,0.273935615341439
"s__Oscillibacter_sp._MSJ_31","s__Streptococcus_salivarius",-0.464544096647786,-0.651079046108131,118,62,0.0909191889862073,0.311425389366102
"s__Bacteroides_caccae","s__Streptococcus_salivarius",-0.306470099835969,-0.0269156233658372,114,58,0.0800826232121099,0.301472266942823
"s__Pseudoflavonifractor_sp._MSJ_30","s__Streptococcus_salivarius",-0.419797749608318,-0.661674347158218,119,63,0.0301457869892445,0.206106086393662
"s__Blautia_sp._MCC270","s__Streptococcus_salivarius",0.31924424373747,0.106806835637481,114,63,0.163942437789703,0.414252787331955
"s__Ruminococcus_sp._Marseille_P6503","s__Streptococcus_salivarius",-0.209459459459459,-0.557165520888419,111,61,0.0112954637179272,0.154197753696049
"s__Ruminococcus_sp._M6_2020","s__Streptococcus_salivarius",-0.392778806437829,-0.578533026113671,119,63,0.12778282399877,0.362792831511299
"s__Blautia_sp._MSK20_18","s__Streptococcus_salivarius",0.325930255211377,0.159178187403994,117,63,0.265477782453379,0.518148747932559
"s__Pseudoflavonifractor_phocaeensis","s__Streptococcus_salivarius",-0.399562469615946,-0.570708525345622,120,63,0.161103048098115,0.409182704881402
"s__Ruminococcus_sp._210702_SL_1_03","s__Streptococcus_salivarius",-0.285611781187002,-0.437565990552931,112,60,0.289844570215971,0.541725802702567
"s__Anaeromassilibacillus_sp._An200","s__Streptococcus_salivarius",-0.186140958204079,-0.436329984135378,117,61,0.0864451068323516,0.305502311173032
"s__Oscillibacter_sp._MCC667","s__Streptococcus_salivarius",-0.395463609172483,-0.675001888645464,119,62,0.0128661561283665,0.16146470063461
"s__Prevotella_copri","s__Dorea_phocaeensis",-0.296101144361267,-0.357100877377104,137,83,0.634195977502922,0.815327090329925
"s__Blautia_glucerasea","s__Dorea_phocaeensis",0.314067352227822,-0.0334261050049531,147,86,0.00954105926189234,0.145829790229546
"s__Ruminococcus_gnavus","s__Dorea_phocaeensis",0.345862076781842,0.202962403886976,147,86,0.260944225682008,0.515188060550887
"s__Faecalibacterium_sp._HTFF","s__Dorea_phocaeensis",-0.273953713288351,-0.154485049833887,147,85,0.364777119942536,0.606405025940174
"s__Prevotellamassilia_timonensis","s__Dorea_phocaeensis",-0.335806021370019,-0.225964482547459,117,70,0.437141824243213,0.66716061177489
"s__Olsenella_uli","s__Dorea_phocaeensis",-0.28631306135216,-0.0603827072997874,139,84,0.0962973386105726,0.320352910475913
"s__Faecalibacterium_prausnitzii","s__Butyricicoccus_faecihominis",0.29831354978126,0.426765413462899,147,86,0.286852078887442,0.538430554994487
"s__Roseburia_inulinivorans","s__Butyricicoccus_faecihominis",0.112025780323236,0.379178263125619,147,86,0.0388068817666088,0.224629732088507
"s__Eubacterium_ramulus","s__Butyricicoccus_faecihominis",0.302439005961511,0.198094249728761,147,86,0.418131365419288,0.652669728269182
"s__Faecalibacterium_sp._HTFF","s__Butyricicoccus_faecihominis",0.323576302049883,0.247938245065468,147,85,0.549557425871878,0.749079662137688
"s__Blautia_stercoris","s__Butyricicoccus_faecihominis",0.330863852390271,-0.0401811406198406,147,86,0.00549582258945241,0.113856228223656
"s__Lentihominibacter_faecis","s__Butyricicoccus_faecihominis",-0.209922251018141,-0.365018565565761,147,85,0.224284028974916,0.481168294226287
"s__Roseburia_sp._BX1005","s__Butyricicoccus_faecihominis",-0.0791430233700292,0.453097518076998,147,85,4.4366831062096e-05,0.0155434121052311
"s__Gallintestinimicrobium_propionicum","s__Butyricicoccus_faecihominis",0.300210050699287,0.391141091560923,147,86,0.4586786573016,0.6830416847991
"s__Agathobaculum_butyriciproducens","s__Butyricicoccus_faecihominis",0.44561349160175,0.242039718854663,147,86,0.0920511303962174,0.313119522683078
"s__Faecalibacterium_sp._AF27_11BH","s__Butyricicoccus_faecihominis",0.0632023149264529,0.35994735243495,144,84,0.0254229316230312,0.194287693003565
"s__Prevotella_copri","s__Prevotella_sp._Marseille_P4119",0.675719550719551,0.67668053593923,111,68,0.998943698777951,0.999807399048696
"s__Blautia_obeum","s__Prevotella_sp._Marseille_P4119",-0.378738153738154,-0.2249112493797,111,68,0.27964001581809,0.53219263074947
"s__Phocaeicola_vulgatus","s__Prevotella_sp._Marseille_P4119",-0.113583713583714,0.422071229530099,111,68,0.000355355078233796,0.0407355371348675
"s__Eubacterium_coprostanoligenes","s__Prevotella_sp._Marseille_P4119",0.318626633305532,-0.0737870748558995,109,68,0.010715803576123,0.152911404557208
"s__Blautia_glucerasea","s__Prevotella_sp._Marseille_P4119",-0.225719550719551,-0.425048669695003,111,68,0.157282607562073,0.404812194895736
"s__Ruminococcus_gnavus","s__Prevotella_sp._Marseille_P4119",-0.391251316251316,-0.0277894415391075,111,68,0.0144637501869483,0.164090902998168
"s__Prevotella_stercorea","s__Prevotella_sp._Marseille_P4119",0.812389954591789,0.745772416688934,109,68,0.273639466658465,0.5271967091532
"s__Prevotella_hominis","s__Prevotella_sp._Marseille_P4119",0.615026208503203,0.669806049964083,101,67,0.569440227080715,0.761689980914266
"s__Dialister_succinatiphilus","s__Prevotella_sp._Marseille_P4119",0.371412645325689,0.227140783744557,91,53,0.369260896156353,0.608767124583747
"s__Prevotella_sp._885","s__Prevotella_sp._Marseille_P4119",0.758390809647235,0.723681059940937,103,67,0.622313112480787,0.807598035404311
"s__Phascolarctobacterium_succinatutens","s__Prevotella_sp._Marseille_P4119",0.425439720442633,0.428365384615385,101,65,0.988405038459083,0.994944497409309
"s__Ruminococcus_lactaris","s__Prevotella_sp._Marseille_P4119",-0.34003159003159,-0.285032637324885,111,68,0.694959807456077,0.856311994927069
"s__Prevotellamassilia_timonensis","s__Prevotella_sp._Marseille_P4119",0.696052804990555,0.714267821730508,103,66,0.83182580935611,0.930897806174963
"s__Phascolarctobacterium_sp._Marseille_Q4147","s__Prevotella_sp._Marseille_P4119",0.424998901726486,0.379414335664336,103,65,0.732349964030005,0.874193518326687
"s__Bacteroides_ovatus","s__Prevotella_sp._Marseille_P4119",0.181218583053445,0.563845110113767,110,66,0.00444939377817638,0.109029309974668
"s__Blautia_sp._OF03_15BH","s__Prevotella_sp._Marseille_P4119",-0.0732186732186732,-0.406344237889835,111,68,0.0236667201457529,0.190163202292627
"s__Mitsuokella_jalaludinii","s__Prevotella_sp._Marseille_P4119",0.352320495038942,0.436468009602338,104,66,0.541076820663924,0.743116288443784
"s__Bacteroides_thetaiotaomicron","s__Prevotella_sp._Marseille_P4119",0.101719901719902,0.558105195945407,110,67,0.000908140999540331,0.0589263565550792
"s__Phocaeicola_massiliensis","s__Prevotella_sp._Marseille_P4119",0.0877861180613474,0.421474358974359,109,64,0.0256851315318757,0.195230652043199
"s__Bacteroides_xylanisolvens","s__Prevotella_sp._Marseille_P4119",0.303002502085071,0.692224193716731,109,66,0.000762659213930513,0.0570244993538577
"s__Methanobrevibacter_smithii","s__Clostridium_sp._D43t1_170807_H7",0.437677403430828,0.0292857142857143,73,49,0.0212162278151413,0.186024486279693
"s__Romboutsia_timonensis","s__Clostridium_sp._D43t1_170807_H7",0.392161345946821,0.306993006993007,108,65,0.541883839084045,0.743268378995002
"s__Ellagibacter_isourolithinifaciens","s__Clostridium_sp._D43t1_170807_H7",0.316962333476095,0.172853489221776,110,69,0.326798629621816,0.572230390666714
"s__Eubacterium_ramulus","s__Clostridium_sp._D43t1_170807_H7",-0.424279965280518,0.0941907197661673,115,69,0.000446545012189019,0.0466458235112553
"s__Lentihominibacter_faecis","s__Clostridium_sp._D43t1_170807_H7",0.373116073542176,0.0789185239313117,115,69,0.0444365539555016,0.237362745014921
"s__Clostridium_sp._1001271B_151109_B4","s__Clostridium_sp._D43t1_170807_H7",0.863938973647712,0.747282291057861,104,59,0.0388644055227281,0.224629732088507
"s__Faecalibacillus_faecis","s__Clostridium_sp._D43t1_170807_H7",-0.1405013004087,0.403690171720862,108,69,0.000315423277415882,0.0387407375369006
"s__Clostridium_saudiense","s__Clostridium_sp._D43t1_170807_H7",0.733070702882024,0.623168498168498,105,64,0.201829607056326,0.459534093605466
"s__Ruminococcus_callidus","s__Clostridium_sp._AF15_31",0.376919602529359,0.0562304921968787,81,50,0.0668657250190104,0.278182905378687
"s__Faecalibacterium_prausnitzii","s__Butyricicoccus_sp._BIOML_A1",0.312596441505275,0.346668905587507,145,83,0.7901364184846,0.908579674833586
"s__Methanobrevibacter_smithii","s__Butyricicoccus_sp._BIOML_A1",-0.382444061962134,-0.405194805194805,84,55,0.885976220416583,0.953936199753484
"s__Eubacterium_ramulus","s__Butyricicoccus_sp._BIOML_A1",0.367890883325461,0.244888963519584,145,83,0.329807641573677,0.572832565339331
"s__Faecalibacterium_sp._HTFF","s__Butyricicoccus_sp._BIOML_A1",0.339659108801763,0.245413710591495,145,83,0.459082106513705,0.683112184252089
"s__Lentihominibacter_faecis","s__Butyricicoccus_sp._BIOML_A1",-0.266025035427492,-0.375970782083036,145,83,0.385128460446275,0.622687717665605
"s__Senegalimassilia_anaerobia","s__Butyricicoccus_sp._BIOML_A1",-0.274968839518051,-0.298005028243054,140,82,0.863724029126412,0.946573274750074
"s__Ruthenibacterium_lactatiformans","s__Butyricicoccus_sp._BIOML_A1",-0.277712171311604,-0.0694555224381848,145,83,0.123890467458888,0.35664941963733
"s__Gallintestinimicrobium_propionicum","s__Butyricicoccus_sp._BIOML_A1",0.39782317745237,0.364342386969481,145,83,0.774683220600638,0.900349981630819
"s__Agathobaculum_butyriciproducens","s__Butyricicoccus_sp._BIOML_A1",0.572224846480869,0.472041476008564,145,83,0.319988451045593,0.568702988705836
"s__Brotomerdimonas_butyrica","s__Butyricicoccus_sp._BIOML_A1",-0.186886102403344,-0.358318290583939,144,83,0.187906191900014,0.443216319577605
"s__Butyricicoccus_faecihominis","s__Butyricicoccus_sp._BIOML_A1",0.698429381199811,0.64382267746946,145,83,0.469759606586489,0.689502043128867
"s__Collinsella_aerofaciens","s__Brotolimicola_acetigignens",-0.341331082710393,-0.50385825143392,144,82,0.161091927208444,0.409182704881402
"s__Blautia_obeum","s__Brotolimicola_acetigignens",-0.168045173217587,-0.444629466374985,144,82,0.0293599564704322,0.202888448883072
"s__Blautia_massiliensis","s__Brotolimicola_acetigignens",-0.194019009159854,-0.378587520814967,143,82,0.154722431569943,0.400972450767922
"s__Roseburia_faecis","s__Brotolimicola_acetigignens",0.176561369664818,0.372362077034425,144,82,0.133161674533777,0.368714169663172
"s__Ruminococcus_callidus","s__Brotolimicola_acetigignens",0.330425103814376,0.284944656675482,141,82,0.718642565534138,0.865946665337036
"s__Ruminococcus_gnavus","s__Brotolimicola_acetigignens",-0.295137046861185,-0.318749251749546,144,82,0.85805800511578,0.94392784679357
"s__Lentihominibacter_faecis","s__Brotolimicola_acetigignens",-0.136474441051906,-0.367529739554424,143,82,0.079884401610719,0.301472266942823
"s__Senegalimassilia_anaerobia","s__Brotolimicola_acetigignens",-0.0532642664497624,-0.459620596205962,141,81,0.00185849236681136,0.080903231005877
"s__Ruminococcus_bicirculans","s__Brotolimicola_acetigignens",0.392708580002557,0.13525550867323,142,80,0.0500506093818133,0.246800596145144
"s__Roseburia_hominis","s__Brotolimicola_acetigignens",0.297753396029258,0.405970766534975,144,82,0.384326289783995,0.621941499020088
"s__Simiaoa_sunii","s__Brotolimicola_acetigignens",0.618094222229673,0.618112014453478,142,81,0.990736336297053,0.9951544198394
"s__Eggerthella_lenta","s__Brotolimicola_acetigignens",-0.298195482678241,-0.352074966532798,144,82,0.673879000383978,0.840951616395283
"s__Roseburia_sp._CLA_AA_H209","s__Brotolimicola_acetigignens",0.106397124002758,0.435813715566875,143,82,0.0109698158382723,0.153354457999262
"s__Kineothrix_sp._MSJ_39","s__Brotolimicola_acetigignens",0.281540872920183,0.367965085273343,144,82,0.497130692759921,0.70994856362817
"s__Brotomerdimonas_butyrica","s__Brotolimicola_acetigignens",-0.122338853834209,-0.438752299169578,142,82,0.0142144571769984,0.163446396313694
"s__Dorea_sp._AF36_15AT","s__Brotolimicola_acetigignens",-0.293029153944647,-0.367355601266856,143,82,0.558877060497527,0.75475266577707
"s__Clostridium_saudiense","s__Brotolimicola_acetigignens",-0.329681313189559,-0.173138832997988,116,71,0.275476551425558,0.528662868500276
"s__Roseburia_sp._CLA_AA_H204","s__Brotolimicola_acetigignens",0.208310672200754,0.392662916080638,136,80,0.158712568539505,0.4067157400949
"s__Waltera_intestinalis","s__Brotolimicola_acetigignens",0.635690740185796,0.673283649503162,141,81,0.652032982692456,0.826356091246477
"s__Dorea_sp._AM58_8","s__Brotolimicola_acetigignens",-0.329788602202395,-0.40002829747173,144,82,0.570272676732926,0.762506895522757
"s__Faecalibacterium_sp._AF27_11BH","s__Brotolimicola_acetigignens",0.0631466226311896,0.415176151761518,142,81,0.00782587220297463,0.134117881318168
"s__Butyricicoccus_faecihominis","s__Brotolimicola_acetigignens",0.108927033410102,0.409322928570651,142,82,0.0217601858039679,0.186024486279693
"s__Collinsella_aerofaciens","s__Waltera_sp._CLA_AA_H273",-0.390535326742223,-0.434342411663461,144,84,0.711550614559543,0.861627663193757
"s__Dorea_longicatena","s__Waltera_sp._CLA_AA_H273",-0.331416284864561,-0.119975701123823,144,84,0.109035868804613,0.335697719623155
"s__Blautia_obeum","s__Waltera_sp._CLA_AA_H273",-0.161192830158347,-0.358266680166042,144,84,0.13073931712529,0.366528135449596
"s__Bifidobacterium_adolescentis","s__Waltera_sp._CLA_AA_H273",-0.341188057225793,-0.015085002793519,105,67,0.0336063606345668,0.213915117364569
"s__Roseburia_faecis","s__Waltera_sp._CLA_AA_H273",0.144417651314203,0.397327123620533,144,84,0.0500921244865689,0.246800596145144
"s__Mogibacterium_kristiansenii","s__Waltera_sp._CLA_AA_H273",-0.14739500834796,-0.384366735233617,141,83,0.0697073732660845,0.283071530106053
"s__Roseburia_inulinivorans","s__Waltera_sp._CLA_AA_H273",0.0867052487742143,0.484418345651514,144,84,0.00163148510888362,0.074584468752856
"s__Roseburia_intestinalis","s__Waltera_sp._CLA_AA_H273",0.144168475202958,0.444385947149944,144,84,0.0178208788943793,0.174935012587289
"s__Ellagibacter_isourolithinifaciens","s__Waltera_sp._CLA_AA_H273",-0.161313868613139,-0.370193378556242,136,84,0.111543457123433,0.339285546859496
"s__Faecalibacterium_sp._HTFF","s__Waltera_sp._CLA_AA_H273",0.313033518205932,0.204920522425838,144,84,0.404663524598107,0.639831007490027
"s__Lentihominibacter_faecis","s__Waltera_sp._CLA_AA_H273",-0.162426653805964,-0.365029867368634,144,84,0.119315513894084,0.350613527585544
"s__Senegalimassilia_anaerobia","s__Waltera_sp._CLA_AA_H273",-0.0785647258590643,-0.492506611813106,139,83,0.00115426964673554,0.0661695807933732
"s__Collinsella_bouchesdurhonensis","s__Waltera_sp._CLA_AA_H273",-0.281552139054103,-0.403532830509028,134,82,0.335957927757876,0.579006961773341
"s__Lachnospira_eligens","s__Waltera_sp._CLA_AA_H273",0.246109637488948,0.36120279437076,144,84,0.367327218795048,0.608151352726511
"s__Simiaoa_sunii","s__Waltera_sp._CLA_AA_H273",0.553850764159425,0.6454808782167,141,83,0.313488487083454,0.565365682184795
"s__Roseburia_sp._CLA_AA_H209","s__Waltera_sp._CLA_AA_H273",0.039614982718431,0.385947149944315,144,84,0.00880648983889063,0.141790133734341
"s__Brotomerdimonas_butyrica","s__Waltera_sp._CLA_AA_H273",-0.0843305755277586,-0.444750430292599,143,84,0.00507186974117969,0.112842441177798
"s__Bacteroides_thetaiotaomicron","s__Waltera_sp._CLA_AA_H273",0.131354111875538,0.394327238631036,142,80,0.0465402448630045,0.241102185683687
"s__Dorea_sp._AF36_15AT","s__Waltera_sp._CLA_AA_H273",-0.205847600675187,-0.397968179337559,144,83,0.132257657880789,0.368286708868043
"s__Clostridium_saudiense","s__Waltera_sp._CLA_AA_H273",-0.320434985115733,-0.187223340040241,114,71,0.35447130356102,0.59668468572998
"s__Waltera_intestinalis","s__Waltera_sp._CLA_AA_H273",0.516670234170983,0.614114724480578,141,81,0.317093324988596,0.567074334183973
"s__Dorea_sp._AM58_8","s__Waltera_sp._CLA_AA_H273",-0.228414114621011,-0.392811582464311,144,84,0.19411471097262,0.448817892287786
"s__Brotolimicola_acetigignens","s__Waltera_sp._CLA_AA_H273",0.747930133995462,0.751678801928581,141,82,0.962722031241484,0.988204150444876
"s__Blautia_wexlerae","s__Prevotella_pectinovora",-0.339892873777364,-0.359321144256845,113,70,0.891963061106501,0.957384821206385
"s__Prevotella_copri","s__Prevotella_pectinovora",0.685319643284245,0.665051176624967,112,70,0.801681435537499,0.917159832605941
"s__Blautia_obeum","s__Prevotella_pectinovora",-0.359238804977044,-0.475461464438807,113,70,0.368891225800851,0.608767124583747
"s__Holdemanella_porci","s__Prevotella_pectinovora",-0.057962716678313,-0.385040678855743,110,70,0.026613750076362,0.197451590932345
"s__Ruminococcus_torques","s__Prevotella_pectinovora",-0.315440149045179,-0.272189659697314,113,70,0.757194130136906,0.889462933481955
"s__Blautia_glucerasea","s__Prevotella_pectinovora",-0.269304344933129,-0.491733006736069,113,70,0.0935664853499639,0.316396404246338
"s__Ruminococcus_gnavus","s__Prevotella_pectinovora",-0.405491050635438,-0.0714023270055113,113,70,0.0211030188925765,0.186024486279693
"s__Oscillibacter_sp._ER4","s__Prevotella_pectinovora",0.243294495506885,0.507164727495407,112,70,0.0472159710349603,0.241102185683687
"s__Prevotella_stercorea","s__Prevotella_pectinovora",0.838856704911751,0.80295453677902,110,68,0.474087018779103,0.692602063543474
"s__Prevotella_hominis","s__Prevotella_pectinovora",0.6295852919211,0.641030325173548,103,69,0.911811285871889,0.966021283830924
"s__Faecalibacterium_sp._HTFF","s__Prevotella_pectinovora",0.375365959145652,0.276563730207331,113,70,0.473729531275138,0.692373930325202
"s__Anthropogastromicrobium_aceti","s__Prevotella_pectinovora",0.166228175077733,0.387350188085032,112,70,0.123930228690494,0.35664941963733
"s__Prevotella_sp._885","s__Prevotella_pectinovora",0.71214185953147,0.7318597004019,102,69,0.804434344972151,0.91817116241594
"s__Phascolarctobacterium_succinatutens","s__Prevotella_pectinovora",0.484476447644764,0.564095605886651,100,66,0.504047657534844,0.714845198537817
"s__Lachnoclostridium_sp._210928_DFI_6_3","s__Prevotella_pectinovora",0.185474381804657,0.436390208257216,110,69,0.0759582542058949,0.297517581109422
"s__Ruminococcus_lactaris","s__Prevotella_pectinovora",-0.310266817486193,-0.366249671944712,113,70,0.689220068104083,0.854516482527327
"s__Prevotellamassilia_timonensis","s__Prevotella_pectinovora",0.660973007574949,0.711846362592631,104,66,0.557740754174905,0.754039610378955
"s__Vescimonas_fastidiosa","s__Prevotella_pectinovora",0.19824375576588,0.419403376782434,112,70,0.116130769530308,0.346979770994551
"s__Anaerotardibacter_sp._CLA_AA_M13","s__Prevotella_pectinovora",-0.136942786942787,-0.408905607558394,111,70,0.0585642480467394,0.267050771753551
"s__Phascolarctobacterium_sp._Marseille_Q4147","s__Prevotella_pectinovora",0.46924868957484,0.46451048951049,101,65,0.963914239788389,0.988342597087737
"s__Eggerthella_lenta","s__Prevotella_pectinovora",-0.319706899993346,-0.335316245297874,113,70,0.915296467316622,0.966874042977536
"s__Bacteroides_caccae","s__Prevotella_pectinovora",0.156098550593963,0.464450127877238,110,69,0.0284706068893032,0.202888448883072
"s__Bacteroides_ovatus","s__Prevotella_pectinovora",0.326597051597052,0.606367141275719,111,68,0.0214342795531108,0.186024486279693
"s__Holdemanella_sp._MSK_7_32","s__Prevotella_pectinovora",-0.0708315489835504,-0.454780859067448,106,70,0.00791681590799303,0.134117881318168
"s__Bacteroides_fragilis","s__Prevotella_pectinovora",0.267940315390246,0.416002922908294,113,69,0.285360868060135,0.537474368092521
"s__Desulfovibrio_piger","s__Prevotella_pectinovora",0.371007775776479,0.378434065934066,103,64,0.963400974045989,0.988204150444876
"s__Collinsella_sp._TF05_9AC","s__Prevotella_pectinovora",-0.0735705680659809,-0.47906569853906,109,70,0.00436108113400222,0.109029309974668
"s__Mitsuokella_jalaludinii","s__Prevotella_pectinovora",0.377232476261603,0.420304892649054,104,67,0.754885572560942,0.888146248387643
"s__Adlercreutzia_equolifaciens","s__Prevotella_pectinovora",-0.212015104132011,-0.399562592948998,113,70,0.183972637391902,0.436284985276864
"s__Bacteroides_thetaiotaomicron","s__Prevotella_pectinovora",0.172599640694657,0.516185604676653,113,69,0.0114406429391473,0.154197753696049
"s__Megasphaera_elsdenii","s__Prevotella_pectinovora",0.378866955798949,0.420464522308245,102,67,0.763737879414942,0.893675275980691
"s__Phocaeicola_massiliensis","s__Prevotella_pectinovora",0.242141319574948,0.432517482517483,112,65,0.179226910516152,0.431758022706543
"s__Faecalibacterium_sp._CLA_AA_H233","s__Prevotella_pectinovora",0.131030008649943,0.44725745779022,113,70,0.0252228023989622,0.194287693003565
"s__Bacteroides_xylanisolvens","s__Prevotella_pectinovora",0.407879957879958,0.663549261365805,111,68,0.0207710433720358,0.186024486279693
"s__Oscillibacter_sp._MCC667","s__Prevotella_pectinovora",0.130006986492781,0.432455603184323,113,70,0.0334266491199569,0.213915117364569
"s__Prevotella_sp._Marseille_P4119","s__Prevotella_pectinovora",0.798444844704125,0.796512091946684,103,67,0.962981478991408,0.988204150444876
"s__Mediterraneibacter_faecis","s__Clostridium_perfringens",-0.284995131732428,-0.0398906550572036,146,84,0.0694623607830899,0.282748884106976
"s__Butyrivibrio_crossotus","s__Clostridium_perfringens",0.233015834739973,0.369666902905741,144,84,0.284394062353128,0.537474368092521
"s__Oscillibacter_sp._MSJ_31","s__Clostridium_perfringens",0.202586206896552,0.398683810873747,145,84,0.122641692501835,0.35488702608187
"s__Klebsiella_pneumoniae","s__Clostridium_perfringens",0.028301504824887,0.352394451756606,146,84,0.0151239449379956,0.164970330798392
"s__Clostridium_sp._1001271B_151109_B4","s__Clostridium_perfringens",0.386594794371464,0.248168498168498,118,64,0.328896559679764,0.572832565339331
"s__Clostridium_saudiense","s__Clostridium_perfringens",0.312721177127957,0.337961099932931,118,71,0.859118496191383,0.94392784679357
"s__Clostridium_sp._D43t1_170807_H7","s__Clostridium_perfringens",0.535492779925827,0.349579831932773,115,69,0.133105772725158,0.368714169663172
"s__Blautia_wexlerae","s__Yeguia_hominis",-0.586854713543424,-0.578357469691967,146,86,0.917794055965391,0.966874042977536
"s__Dorea_longicatena","s__Yeguia_hominis",-0.397202433169772,-0.319571677909335,146,86,0.515834156745355,0.721119376035478
"s__Mediterraneibacter_faecis","s__Yeguia_hominis",-0.329625095196321,-0.372857210245766,146,86,0.726464353604584,0.871216166507459
"s__Fusicatenibacter_saccharivorans","s__Yeguia_hominis",-0.374740921403989,-0.170526911646776,146,86,0.108565417521024,0.335697719623155
"s__Holdemanella_biformis","s__Yeguia_hominis",-0.0731396951789691,-0.587708818467146,146,84,1.72880275990881e-05,0.00990892115221068
"s__Blautia_obeum","s__Yeguia_hominis",-0.406356704231055,-0.540242464267182,146,86,0.213973806604952,0.470797134302258
"s__Extibacter_muris","s__Yeguia_hominis",-0.273889697589003,-0.203736025284212,146,86,0.588316038839698,0.776667507704308
"s__Holdemanella_porci","s__Yeguia_hominis",-0.144015905314839,-0.454895211096487,137,84,0.0146268254527507,0.164090902998168
"s__Blautia_massiliensis","s__Yeguia_hominis",-0.399473648694244,-0.283720930232558,146,86,0.340276345082588,0.582244488347945
"s__Coprococcus_comes","s__Yeguia_hominis",-0.557433025170389,-0.576753620453795,146,86,0.844798937558551,0.93778681286761
"s__Anaerobutyricum_hallii","s__Yeguia_hominis",-0.307232992393934,-0.364460587763574,146,86,0.645655288892958,0.823899272171756
"s__Anaerostipes_hadrus","s__Yeguia_hominis",-0.299952763344355,-0.198622576536629,146,86,0.432531919170784,0.6646457864291
"s__Dorea_formicigenerans","s__Yeguia_hominis",-0.402242295123056,-0.502825604981367,146,86,0.364284160617927,0.606376199595862
"s__Methanobrevibacter_smithii","s__Yeguia_hominis",0.501387531756889,0.581962481962482,85,55,0.528027406749648,0.733691414873552
"s__Oliverpabstia_intestinalis","s__Yeguia_hominis",-0.215037002046922,-0.463552863005667,145,85,0.0424965647789747,0.23519673720733
"s__Cyclospora_cayetanensis","s__Yeguia_hominis",0.392590593157433,0.497617812160951,146,86,0.347247076572606,0.588612887848507
"s__Roseburia_inulinivorans","s__Yeguia_hominis",-0.28455939768444,-0.309854238407472,146,86,0.845401650937762,0.938153042134548
"s__Ruminococcus_torques","s__Yeguia_hominis",-0.39611117002304,-0.378668805132318,146,86,0.876842319951691,0.950649665294409
"s__Blautia_faecis","s__Yeguia_hominis",-0.427518725959916,-0.406745601207604,146,86,0.85015306641722,0.9409965868712
"s__Blautia_luti","s__Yeguia_hominis",-0.356617469850482,-0.305099297136657,146,86,0.671937408537679,0.839982823686324
"s__Ruminococcus_gnavus","s__Yeguia_hominis",-0.511129534477939,-0.583904901174584,146,86,0.457871807384884,0.682244863776697
"s__Oscillibacter_sp._ER4","s__Yeguia_hominis",0.54438951852745,0.626114439360347,144,86,0.374566883473712,0.613690096363075
"s__Roseburia_intestinalis","s__Yeguia_hominis",-0.308856390926706,-0.279607528657012,146,86,0.813215791369742,0.923291220376541
"s__Vescimonas_coprocola","s__Yeguia_hominis",0.583951105241341,0.683909618378225,146,86,0.229049127369708,0.48743808726759
"s__Eubacterium_ramulus","s__Yeguia_hominis",-0.341760095630127,-0.223321854804472,146,86,0.349605021168283,0.590765137686681
"s__Ruminococcus_bicirculans","s__Yeguia_hominis",0.293457117595049,0.436367318011542,144,84,0.240083688032686,0.497689671530425
"s__Ruminococcus_flavefaciens","s__Yeguia_hominis",0.544140342416204,0.706212557196094,144,86,0.0533353411476769,0.254397001673871
"s__Oscillibacter_valericigenes","s__Yeguia_hominis",0.676569654786808,0.792386433322326,146,86,0.0670311642567091,0.278182905378687
"s__Ruminococcus_sp._NSJ_71","s__Yeguia_hominis",0.243625012193932,0.392827004219409,135,80,0.250057086135374,0.506022503321001
"s__Ruthenibacterium_lactatiformans","s__Yeguia_hominis",0.379800063624883,0.433086466342752,146,86,0.649942597245062,0.825021442363827
"s__Butyrivibrio_crossotus","s__Yeguia_hominis",0.304999598103046,0.497127222982216,144,85,0.099803607624932,0.321070726494051
"s__Flavonifractor_plautii","s__Yeguia_hominis",0.294365341790944,0.557752724185103,146,86,0.0188891908200462,0.175094143477463
"s__Olsenella_uli","s__Yeguia_hominis",0.295915813932705,0.112422800445479,139,84,0.171889770250358,0.424052309821364
"s__Vescimonas_fastidiosa","s__Yeguia_hominis",0.659144259496372,0.745101184018114,143,86,0.223888746292749,0.480891960322752
"s__Simiaoa_sunii","s__Yeguia_hominis",0.097393217111527,0.37094000390854,143,85,0.0370677582390676,0.221312535736377
"s__Eggerthella_lenta","s__Yeguia_hominis",-0.321546663067683,-0.317288551346762,146,86,0.96820892422594,0.990089351892063
"s__Oscillibacter_sp._MSJ_31","s__Yeguia_hominis",0.669675031089431,0.813894860269689,146,85,0.0186840280109372,0.174935012587289
"s__Blautia_schinkii","s__Yeguia_hominis",-0.224138895047863,-0.429029671210906,146,86,0.0970848948795491,0.320352910475913
"s__Holdemanella_sp._MSK_7_32","s__Yeguia_hominis",-0.251466975897455,-0.450107484854407,134,85,0.108312910690635,0.335697719623155
"s__Pseudoflavonifractor_sp._MSJ_30","s__Yeguia_hominis",0.726374442077256,0.751422236897967,146,86,0.699360961829692,0.85806657077427
"s__Klebsiella_pneumoniae","s__Yeguia_hominis",0.298526023541207,0.450166112956811,146,85,0.205539115512673,0.463203812744485
"s__Ruminococcus_sp._Marseille_P6503","s__Yeguia_hominis",0.355890753635634,0.509000708717222,137,84,0.182904799496052,0.435300765029012
"s__Ruminococcus_sp._M6_2020","s__Yeguia_hominis",0.644653099785025,0.569772159064107,146,86,0.384351097088678,0.621941499020088
"s__Blautia_sp._MSK20_18","s__Yeguia_hominis",-0.332445141065831,-0.0833718571630737,144,86,0.0588956947325306,0.267559173296133
"s__Pseudoflavonifractor_phocaeensis","s__Yeguia_hominis",0.506297899414844,0.645473843105807,146,86,0.132256936058162,0.368286708868043
"s__Brotomerdimonas_butyrica","s__Yeguia_hominis",0.334222957014643,0.12452608950557,145,85,0.109500275294289,0.336224506015233
"s__Ruminococcus_sp._210702_SL_1_03","s__Yeguia_hominis",0.450232768402859,0.616808698207464,138,83,0.0990544514003289,0.320653865212621
"s__Clostridium_sp._BIOML_A1","s__Yeguia_hominis",0.266601034472205,0.404937168095063,133,77,0.28812888563232,0.539692395255745
"s__Anaeromassilibacillus_sp._An200","s__Yeguia_hominis",0.288244032962343,0.446998076338969,143,84,0.190834540442908,0.445698714627729
"s__Oscillibacter_sp._MCC667","s__Yeguia_hominis",0.540528086529841,0.744029704905218,146,85,0.0110541701792716,0.153416401959043
"s__Porcipelethomonas_ammoniilytica","s__Yeguia_hominis",0.21008763428245,0.401513098464318,133,81,0.141680794185596,0.378292120500206
"s__Streptococcus_salivarius","s__Yeguia_hominis",-0.560198714202221,-0.636712749615975,117,63,0.46404401384907,0.686385962850301
"s__Clostridium_perfringens","s__Yeguia_hominis",0.218921308576481,0.385137187405083,144,84,0.191752837987072,0.446169154152599
"s__Collinsella_aerofaciens","s__Alistipes_shahii",-0.30040975067713,-0.278973295307234,120,57,0.880991125842501,0.951547890003883
"s__Catenibacterium_mitsuokai","s__Alistipes_shahii",-0.328904878904879,-0.143510577472842,111,54,0.246377802370237,0.503442223619277
"s__Dorea_longicatena","s__Alistipes_shahii",-0.346225432321689,-0.173839771843402,120,57,0.259195115780248,0.514209511925685
"s__Mediterraneibacter_faecis","s__Alistipes_shahii",-0.0945343426626849,-0.512768991444128,120,57,0.00448946269901618,0.109029309974668
"s__Holdemanella_porci","s__Alistipes_shahii",-0.309196209196209,-0.21017316017316,111,55,0.526731663702757,0.732779203670623
"s__Blautia_massiliensis","s__Alistipes_shahii",-0.165483714146816,-0.467785843920145,120,57,0.0406778523672608,0.231128222736386
"s__Dorea_formicigenerans","s__Alistipes_shahii",-0.486700465310091,-0.417941405237231,120,57,0.59179726522399,0.780065463819586
"s__Phocaeicola_vulgatus","s__Alistipes_shahii",0.483506622988178,0.410746694322012,119,57,0.573799946543152,0.76558461862491
"s__Bacteroides_uniformis","s__Alistipes_shahii",0.525753420551784,0.583095670210008,117,57,0.62844478099755,0.810863999566575
"s__Parolsenella_catena","s__Alistipes_shahii",-0.225687160377945,-0.436652236652237,102,55,0.169075544302579,0.421646698228115
"s__Ruminococcus_bicirculans","s__Alistipes_shahii",0.359920827835266,0.263362952836637,120,56,0.514386788896768,0.719564166235784
"s__Senegalimassilia_faecalis","s__Alistipes_shahii",-0.290516872168248,-0.433627171376718,110,57,0.329760641610106,0.572832565339331
"s__Alistipes_putredinis","s__Alistipes_shahii",0.477158893672655,0.579095022624434,110,51,0.426311357530836,0.661590595012882
"s__Bacteroides_caccae","s__Alistipes_shahii",0.263696091213539,0.428844839371155,118,56,0.26351923196491,0.517173700344536
"s__Bacteroides_ovatus","s__Alistipes_shahii",0.31531268264173,0.234610253478178,117,54,0.600482518015244,0.789395787253221
"s__Bacteroides_fragilis","s__Alistipes_shahii",0.327626918536009,0.347161005963184,120,57,0.901692940670899,0.962720280337542
"s__Parabacteroides_merdae","s__Alistipes_shahii",0.457194479683235,0.307792207792208,116,55,0.292169218582968,0.54370667895391
"s__Bacteroides_thetaiotaomicron","s__Alistipes_shahii",0.516165788349238,0.534107997265892,119,56,0.893921079322102,0.957847822311387
"s__Parabacteroides_distasonis","s__Alistipes_shahii",0.378380443086325,0.66042260824475,120,57,0.0174445306474408,0.173434835914944
"s__Phocaeicola_massiliensis","s__Alistipes_shahii",0.431515011724907,0.125974025974026,116,55,0.0459814401974732,0.240685194580076
"s__Bacteroides_xylanisolvens","s__Alistipes_shahii",0.367479977649469,0.350649350649351,118,56,0.899631894056427,0.960818038403743
"s__Faecalibacterium_prausnitzii","s__Mediterraneibacter_glycyrrhizinilyticus",-0.307135860692908,-0.23041652908156,149,86,0.545662149004707,0.746051544709184
"s__Prevotella_copri","s__Mediterraneibacter_glycyrrhizinilyticus",-0.313727154922025,-0.2469249821586,139,83,0.604848708377824,0.79331605953903
"s__Methanobrevibacter_smithii","s__Mediterraneibacter_glycyrrhizinilyticus",0.2468829392222,0.432323232323232,85,55,0.240378756735108,0.497689671530425
"s__Ruminococcus_callidus","s__Mediterraneibacter_glycyrrhizinilyticus",-0.333450300290168,-0.254134628991934,146,86,0.527326749838047,0.733014022915539
"s__Ruminococcus_gnavus","s__Mediterraneibacter_glycyrrhizinilyticus",0.289493923453655,0.00976461153828011,149,86,0.0366048948383234,0.221312535736377
"s__Oscillibacter_sp._ER4","s__Mediterraneibacter_glycyrrhizinilyticus",-0.300405447960951,0.0017831029765555,145,86,0.0245334491794385,0.193322353452484
"s__Faecalibacterium_sp._HTFF","s__Mediterraneibacter_glycyrrhizinilyticus",-0.492225648467259,-0.366425640023451,149,85,0.260675893383486,0.515188060550887
"s__Dialister_succinatiphilus","s__Mediterraneibacter_glycyrrhizinilyticus",-0.0350093302923492,-0.478975053062229,105,58,0.00391662092341351,0.103609687350916
"s__Collinsella_bouchesdurhonensis","s__Mediterraneibacter_glycyrrhizinilyticus",0.130964476276801,0.35946137491141,138,84,0.0839935811080545,0.304982126598084
"s__Anthropogastromicrobium_aceti","s__Mediterraneibacter_glycyrrhizinilyticus",-0.300925086159985,-0.189584414359168,148,86,0.388381802522202,0.625301975128207
"s__Faecalibacterium_sp._Marseille_Q4896","s__Mediterraneibacter_glycyrrhizinilyticus",-0.373304671739114,-0.315658696671355,147,80,0.639343321831429,0.81923108715968
"s__Fusicatenibacter_sp._CLA_AA_H277","s__Mediterraneibacter_glycyrrhizinilyticus",-0.306348260327167,-0.0703712439266003,148,86,0.0746067699008793,0.295210567212534
"s__Blautia_hansenii","s__Mediterraneibacter_glycyrrhizinilyticus",0.37152548521676,0.268323977546111,149,86,0.400970607517812,0.638397184839702
"s__Faecalibacterium_sp._AF27_11BH","s__Mediterraneibacter_glycyrrhizinilyticus",-0.318349994697926,-0.205406499949377,146,84,0.381972392697776,0.619624084192289
"s__Dorea_phocaeensis","s__Mediterraneibacter_glycyrrhizinilyticus",0.383822318264588,0.275833765743667,147,86,0.37729072001053,0.615221804701855
"s__Catenibacterium_mitsuokai","s__Faecalibacillus_sp._MSK20_93",-0.4594899489949,-0.203107658157603,100,52,0.0975760018743354,0.320352910475913
"s__Anaerostipes_hadrus","s__Faecalibacillus_sp._MSK20_93",0.436791921195591,0.225233466742901,110,54,0.159765150620558,0.408308232318392
"s__Roseburia_inulinivorans","s__Faecalibacillus_sp._MSK20_93",0.0896467777201722,0.558833619210978,110,54,0.00161994394539006,0.074584468752856
"s__Paratractidigestivibacter_faecalis","s__Faecalibacillus_sp._MSK20_93",-0.330005291713686,-0.27969387755102,98,49,0.752277591042894,0.88777169090527
"s__Ruminococcus_gnavus","s__Faecalibacillus_sp._MSK20_93",0.373099204291865,0.318620163903183,110,54,0.710313872697899,0.861627663193757
"s__Roseburia_intestinalis","s__Faecalibacillus_sp._MSK20_93",0.207709126975182,0.492433771679055,110,54,0.0562861124034412,0.261578298047884
"s__Collinsella_bouchesdurhonensis","s__Faecalibacillus_sp._MSK20_93",-0.340128130460105,-0.283445744045078,101,52,0.714987355235858,0.864162977348381
"s__Butyrivibrio_crossotus","s__Faecalibacillus_sp._MSK20_93",-0.167261005793116,-0.462022254475085,110,53,0.0560116885937229,0.261578298047884
"s__Olsenella_uli","s__Faecalibacillus_sp._MSK20_93",-0.385900891561269,-0.375181422351234,105,53,0.934044430763517,0.97461511414844
"s__Senegalimassilia_faecalis","s__Faecalibacillus_sp._MSK20_93",-0.336277431283962,-0.320907185058128,102,54,0.914093312308791,0.966874042977536
"s__Oscillibacter_sp._MSJ_31","s__Faecalibacillus_sp._MSK20_93",-0.330505150688637,-0.371794871794872,110,53,0.79256571583722,0.910043394120725
"s__Faecalibacillus_intestinalis","s__Faecalibacillus_sp._MSK20_93",0.821508915086897,0.627882599580713,110,53,0.0129336836814733,0.16146470063461
"s__Pseudoflavonifractor_sp._MSJ_30","s__Faecalibacillus_sp._MSK20_93",-0.139111421680229,-0.534514960930055,110,54,0.00789604024227754,0.134117881318168
"s__Faecalibacillus_faecis","s__Faecalibacillus_sp._MSK20_93",0.554934687953556,0.508900323994664,105,54,0.698746342053215,0.85806657077427
"s__Eubacterium_sp._AF22_8LB","s__Faecalibacillus_sp._MSK20_93",-0.383684950773558,0.0153792784458834,80,47,0.0272864406929903,0.198452987162725
"s__Butyricicoccus_sp._BIOML_A1","s__Faecalibacillus_sp._MSK20_93",0.111448729797354,0.468230930495081,110,53,0.0221548553519061,0.186024486279693
"s__Yeguia_hominis","s__Faecalibacillus_sp._MSK20_93",-0.117227319062181,-0.507604345340194,109,54,0.0102542369883738,0.149625102289358
"s__Prevotella_copri","s__Phascolarctobacterium_faecium",-0.313505358647309,-0.157162058371736,107,63,0.306613801400716,0.558271507482124
"s__Catenibacterium_mitsuokai","s__Phascolarctobacterium_faecium",-0.320079602992669,-0.428133262823903,106,61,0.450669973625081,0.678503760773988
"s__Blautia_faecicola","s__Phascolarctobacterium_faecium",-0.0914306004892291,-0.41959706959707,115,64,0.0267098344390224,0.197451590932345
"s__Anaerobutyricum_soehngenii","s__Phascolarctobacterium_faecium",-0.0243430916120887,-0.515842490842491,115,64,0.000654232669018465,0.0535691940179643
"s__Prevotella_stercorea","s__Phascolarctobacterium_faecium",-0.384985439720443,-0.0237843845512642,101,60,0.0223979793220518,0.18605471229115
"s__Akkermansia_muciniphila","s__Phascolarctobacterium_faecium",0.471623185356617,0.429693502945445,97,52,0.757556537414552,0.889462933481955
"s__Alistipes_putredinis","s__Phascolarctobacterium_faecium",0.332257189365166,0.233979591836735,96,49,0.550342953313214,0.749437600380113
"s__Faecalibacillus_intestinalis","s__Phascolarctobacterium_faecium",0.314821490046779,-0.0117216117216117,114,64,0.0349505475083741,0.215789825639674
"s__Catenibacterium_mitsuokai","s__Alistipes_onderdonkii",-0.300424103463262,-0.199259457189755,117,68,0.486261284021917,0.702627124265283
"s__Dorea_longicatena","s__Alistipes_onderdonkii",-0.295750140607424,-0.261703554661301,127,71,0.803147916287116,0.917943214690077
"s__Mediterraneibacter_faecis","s__Alistipes_onderdonkii",-0.220642341582302,-0.409389671361502,127,71,0.167061243373324,0.419054424479112
"s__Holdemanella_biformis","s__Alistipes_onderdonkii",-0.311418072740907,-0.402447935696018,126,69,0.500740425302245,0.713062659467669
"s__Dorea_formicigenerans","s__Alistipes_onderdonkii",-0.464730971128609,-0.440710932260228,127,71,0.834541954728573,0.931802366544284
"s__Phocaeicola_vulgatus","s__Alistipes_onderdonkii",0.397483314585677,0.410932260228035,126,71,0.922345916720326,0.968350856971644
"s__Mogibacterium_kristiansenii","s__Alistipes_onderdonkii",-0.297945337993835,-0.215637559371575,123,69,0.563377727856128,0.757410479318695
"s__Blautia_faecicola","s__Alistipes_onderdonkii",-0.154703318335208,-0.38158953722334,127,71,0.106095305258266,0.331391239585083
"s__Bacteroides_uniformis","s__Alistipes_onderdonkii",0.414967741935484,0.605633802816901,125,71,0.0885415537644552,0.309445531906465
"s__Ellagibacter_isourolithinifaciens","s__Alistipes_onderdonkii",-0.245748468879077,-0.386418511066398,119,71,0.310231051290722,0.561222822403362
"s__Senegalimassilia_faecalis","s__Alistipes_onderdonkii",-0.357590435551455,-0.366197183098592,116,71,0.954053442884242,0.983979803877563
"s__Alistipes_putredinis","s__Alistipes_onderdonkii",0.407062561929819,0.323581681476418,112,56,0.560203997167366,0.755127454657111
"s__Oscillibacter_sp._MSJ_31","s__Alistipes_onderdonkii",0.187455568053993,0.42374245472837,126,70,0.0865637119305094,0.305502311173032
"s__Bacteroides_caccae","s__Alistipes_onderdonkii",0.397708141321045,0.650383631713555,125,69,0.0212936361560099,0.186024486279693
"s__Bacteroides_ovatus","s__Alistipes_onderdonkii",0.438506186726659,0.505108149094102,126,67,0.587142749181695,0.775714143079466
"s__Bacteroides_fragilis","s__Alistipes_onderdonkii",0.390214895013123,0.52468142186452,127,71,0.264075899332657,0.517173700344536
"s__Blautia_sp._MCC270","s__Alistipes_onderdonkii",-0.0459816073570572,-0.40700871898055,123,71,0.0115640955280209,0.154197753696049
"s__Bacteroides_thetaiotaomicron","s__Alistipes_onderdonkii",0.452656308586427,0.625929489983378,127,70,0.107679138203443,0.335120865413248
"s__Parabacteroides_distasonis","s__Alistipes_onderdonkii",0.468632827146607,0.413774205334308,127,69,0.649034926756253,0.825021442363827
"s__Bacteroides_xylanisolvens","s__Alistipes_onderdonkii",0.338758832565284,0.451589331384728,125,69,0.387478976273109,0.624884972294745
"s__Oscillibacter_sp._MCC667","s__Alistipes_onderdonkii",0.293762279715036,0.337765724783483,126,70,0.753825741026617,0.888146248387643
"s__Eubacterium_sp._AF22_8LB","s__Alistipes_onderdonkii",-0.397290756059676,-0.328389016897081,94,63,0.630822712429448,0.812509104136656
"s__Alistipes_shahii","s__Alistipes_onderdonkii",0.51993681993682,0.521301118415436,111,52,0.995942710103062,0.998890085259645
"s__Prevotella_copri","s__Clostridium_spiroforme",-0.228058681099558,-0.403726708074534,119,69,0.208417398415838,0.465722828558847
"s__Catenibacterium_mitsuokai","s__Clostridium_spiroforme",-0.370925684485007,-0.281322718922229,117,70,0.512519337051001,0.719560939093625
"s__Anaerostipes_hadrus","s__Clostridium_spiroforme",0.336860236220472,0.196475657598559,128,72,0.312289611617077,0.564649828786082
"s__Mogibacterium_kristiansenii","s__Clostridium_spiroforme",-0.313806451612903,-0.345774647887324,124,71,0.819006534050098,0.926503558968691
"s__Paratractidigestivibacter_faecalis","s__Clostridium_spiroforme",-0.341268866268866,-0.170900741049995,111,66,0.249143396272192,0.506022503321001
"s__Ruminococcus_gnavus","s__Clostridium_spiroforme",0.427508698040652,0.106502025853753,128,72,0.0199617500358344,0.181130497027004
"s__Oscillibacter_sp._ER4","s__Clostridium_spiroforme",-0.4236866359447,-0.217377323300534,125,72,0.12497964471321,0.357611865315889
"s__Roseburia_intestinalis","s__Clostridium_spiroforme",0.313638756637978,0.447038394752074,128,72,0.302921473349177,0.555006364862984
"s__Vescimonas_coprocola","s__Clostridium_spiroforme",-0.289264623172103,-0.161232233584153,127,72,0.368375947571838,0.608767124583747
"s__Parolsenella_catena","s__Clostridium_spiroforme",-0.259021406727829,-0.40267693115213,109,70,0.305105499076927,0.556635443674033
"s__Senegalimassilia_anaerobia","s__Clostridium_spiroforme",-0.319568946614902,-0.311368209255533,123,71,0.947359026508733,0.981315569928775
"s__Ruminococcus_flavefaciens","s__Clostridium_spiroforme",-0.390110236220472,-0.221171779535661,126,72,0.213669245721833,0.470749244019566
"s__Oscillibacter_valericigenes","s__Clostridium_spiroforme",-0.375583684306903,-0.254517975432504,128,72,0.368100172771396,0.60860408373117
"s__Olsenella_uli","s__Clostridium_spiroforme",-0.442475171886937,-0.319569591461814,120,70,0.345283442678735,0.586964784662467
"s__Vescimonas_fastidiosa","s__Clostridium_spiroforme",-0.366401258851298,-0.230850858576114,124,72,0.322297964362901,0.571041346289574
"s__Oscillibacter_sp._MSJ_31","s__Clostridium_spiroforme",-0.34968128983877,-0.170557592128111,126,72,0.200267737507397,0.457731601536035
"s__Faecalibacillus_intestinalis","s__Clostridium_spiroforme",0.337321044546851,0.0278672032193159,125,71,0.0333437461785232,0.213915117364569
"s__Pseudoflavonifractor_sp._MSJ_30","s__Clostridium_spiroforme",-0.311773528308961,-0.160364010547302,127,72,0.284809980455246,0.537474368092521
"s__Ruminococcus_sp._M6_2020","s__Clostridium_spiroforme",-0.373224831271091,-0.209273908289922,127,72,0.231391959646563,0.489395417727264
"s__Blautia_sp._Marseille_P3087","s__Clostridium_spiroforme",-0.295873172103487,-0.102707569618625,127,72,0.179784090874024,0.431758022706543
"s__Ruminococcus_sp._210702_SL_1_03","s__Clostridium_spiroforme",-0.337533187981842,-0.122561455690666,118,70,0.138686337349582,0.375545129248199
"s__Yeguia_hominis","s__Clostridium_spiroforme",-0.40231643625192,-0.203453598302142,125,72,0.144349679703661,0.38244966935727
"s__Collinsella_aerofaciens","s__Clostridium_sp._AF36_4",-0.406234183654834,-0.334083637881106,132,78,0.561574264322795,0.756168322242009
"s__Blautia_wexlerae","s__Clostridium_sp._AF36_4",-0.311646569581483,-0.348777804474007,132,78,0.779741185816675,0.903575523901187
"s__Dorea_longicatena","s__Clostridium_sp._AF36_4",-0.414071264211883,-0.132487765399158,132,78,0.0347780641204699,0.215111810772751
"s__Holdemanella_biformis","s__Clostridium_sp._AF36_4",-0.317271318476622,-0.489615647510384,132,77,0.159923913045066,0.408308232318392
"s__Holdemanella_porci","s__Clostridium_sp._AF36_4",-0.334369478015246,-0.384720542615279,123,77,0.701327860781462,0.85806657077427
"s__Anaerobutyricum_hallii","s__Clostridium_sp._AF36_4",-0.298409103953499,-0.349764159890742,132,78,0.698373202223152,0.858058393156634
"s__Dorea_formicigenerans","s__Clostridium_sp._AF36_4",-0.472098010466833,-0.30492292517609,132,78,0.172690712493477,0.425113357383727
"s__Slackia_isoflavoniconvertens","s__Clostridium_sp._AF36_4",-0.402850584529974,-0.183803538233918,131,78,0.0977694420711393,0.320352910475913
"s__Oscillibacter_valericigenes","s__Clostridium_sp._AF36_4",0.313389302541573,0.279151228518317,132,78,0.792736325625435,0.910043394120725
"s__Butyrivibrio_crossotus","s__Clostridium_sp._AF36_4",0.504863075855442,0.415394731850428,131,78,0.431237049661785,0.664415280844135
"s__Flavonifractor_plautii","s__Clostridium_sp._AF36_4",0.30286507385744,0.0580052858533871,132,78,0.0804661679864263,0.301472266942823
"s__Ruminococcus_sp._BSD2780120874_150323_B10","s__Clostridium_sp._AF36_4",0.312282931425504,0.202974367946811,118,70,0.445036456378068,0.673626924949021
"s__Vescimonas_fastidiosa","s__Clostridium_sp._AF36_4",0.23022859021252,0.37394251318302,132,78,0.279547311120583,0.53219263074947
"s__Senegalimassilia_faecalis","s__Clostridium_sp._AF36_4",-0.32211487018096,-0.197775908302224,124,77,0.365372843726972,0.606699694948225
"s__Eubacterium_ventriosum","s__Clostridium_sp._AF36_4",0.334432542146483,0.0826641712717662,132,78,0.068822154344671,0.281930300262324
"s__Oscillibacter_sp._MSJ_31","s__Clostridium_sp._AF36_4",0.228929367137483,0.397286258045752,132,78,0.201051132157698,0.458194064605912
"s__Bacteroides_caccae","s__Clostridium_sp._AF36_4",0.301923076923077,0.166087851308766,129,72,0.336349365099845,0.579006961773341
"s__Holdemanella_sp._MSK_7_32","s__Clostridium_sp._AF36_4",-0.398618073431784,-0.393796077340381,121,78,0.96426511388342,0.988407668150546
"s__Pseudoflavonifractor_sp._MSJ_30","s__Clostridium_sp._AF36_4",0.268015632419007,0.432870926541813,132,78,0.198023764178788,0.454912307956481
"s__Blautia_sp._MCC270","s__Clostridium_sp._AF36_4",-0.322506708407871,-0.081526068867841,129,78,0.0840007839739162,0.304982126598084
"s__Ruminococcus_sp._M6_2020","s__Clostridium_sp._AF36_4",0.258962813000579,0.390938175748302,132,78,0.313483749262387,0.565365682184795
"s__Collinsella_sp._TF05_9AC","s__Clostridium_sp._AF36_4",-0.225153112092295,-0.398309268172282,119,73,0.207553342678489,0.46560727036616
"s__Clostridium_sp._BIOML_A1","s__Clostridium_sp._AF36_4",0.0835145929339478,0.388364972443356,125,70,0.0332807121535473,0.213915117364569
"s__Oscillibacter_sp._MCC667","s__Clostridium_sp._AF36_4",0.207040849869295,0.43418606709746,132,78,0.0815263763468523,0.301472266942823
"s__Dorea_sp._AM58_8","s__Clostridium_sp._AF36_4",-0.292481724783854,-0.22469935128163,132,78,0.615054360918869,0.8021129871824
"s__Streptococcus_salivarius","s__Clostridium_sp._AF36_4",-0.437557554027312,-0.335199483220031,107,58,0.466495506170837,0.687862534260719
"s__Yeguia_hominis","s__Clostridium_sp._AF36_4",0.196471467463834,0.370882282274687,131,78,0.194326793142342,0.448817892287786
"s__Collinsella_aerofaciens","s__Dysosmobacter_sp._BX15",-0.303033750108452,-0.508735587258159,146,85,0.0755324261588799,0.297203676842549
"s__Blautia_wexlerae","s__Dysosmobacter_sp._BX15",-0.601978155456798,-0.581590775845222,146,85,0.813009113509082,0.923291220376541
"s__Prevotella_copri","s__Dysosmobacter_sp._BX15",0.154983063785125,0.412787036648335,136,83,0.047201397279265,0.241102185683687
"s__Dorea_longicatena","s__Dysosmobacter_sp._BX15",-0.383174110456653,-0.328551885870627,146,85,0.648185604309292,0.825021442363827
"s__Mediterraneibacter_faecis","s__Dysosmobacter_sp._BX15",-0.341127702852516,-0.53703341801837,146,85,0.079898502346735,0.301472266942823
"s__Holdemanella_biformis","s__Dysosmobacter_sp._BX15",-0.236903637222485,-0.489295159733009,145,83,0.0370618105426333,0.221312535736377
"s__Blautia_obeum","s__Dysosmobacter_sp._BX15",-0.480500901352511,-0.529763533320305,146,85,0.640524802620714,0.819699096495709
"s__Holdemanella_porci","s__Dysosmobacter_sp._BX15",-0.275807238318213,-0.594454472944041,135,83,0.0048843123113752,0.110342158222733
"s__Bifidobacterium_adolescentis","s__Dysosmobacter_sp._BX15",-0.117016963618905,-0.408691834942932,104,67,0.0494063249724342,0.244824714092509
"s__Blautia_massiliensis","s__Dysosmobacter_sp._BX15",-0.372614548889939,-0.478151260504202,145,85,0.357671575949102,0.600601830902814
"s__Coprococcus_comes","s__Dysosmobacter_sp._BX15",-0.505916150116164,-0.400762165331249,146,85,0.33585860208741,0.579006961773341
"s__Anaerobutyricum_hallii","s__Dysosmobacter_sp._BX15",-0.291095408404269,-0.387277701778386,146,85,0.437592070871439,0.66716061177489
"s__Dorea_formicigenerans","s__Dysosmobacter_sp._BX15",-0.468570271755372,-0.496462771154974,146,85,0.800386251040971,0.916287722147104
"s__Methanobrevibacter_smithii","s__Dysosmobacter_sp._BX15",0.442685025817556,0.268831168831169,84,55,0.260888670207084,0.515188060550887
"s__Oliverpabstia_intestinalis","s__Dysosmobacter_sp._BX15",-0.220957329554401,-0.377483041409335,145,84,0.219542307839766,0.476572867431376
"s__Cyclospora_cayetanensis","s__Dysosmobacter_sp._BX15",0.545837872229667,0.572894273988665,146,85,0.784615618076523,0.906570845352461
"s__Ruminococcus_torques","s__Dysosmobacter_sp._BX15",-0.407162619417158,-0.407621653312488,146,85,0.997281675695077,0.999424393499796
"s__Ruminococcus_callidus","s__Dysosmobacter_sp._BX15",0.281548910859256,0.35858901700215,144,85,0.541689432548487,0.743268378995002
"s__Blautia_faecis","s__Dysosmobacter_sp._BX15",-0.277784311646246,-0.308501074848544,146,85,0.813214113657329,0.923291220376541
"s__Slackia_isoflavoniconvertens","s__Dysosmobacter_sp._BX15",-0.201478980789326,-0.404143052569865,144,85,0.108945089369023,0.335697719623155
"s__Ruminococcus_gnavus","s__Dysosmobacter_sp._BX15",-0.586203040498202,-0.405667383232363,146,85,0.0808328237250279,0.301472266942823
"s__Oscillibacter_sp._ER4","s__Dysosmobacter_sp._BX15",0.683031910618118,0.683994528043776,144,85,0.999290410930639,0.999807399048696
"s__Prevotella_stercorea","s__Dysosmobacter_sp._BX15",0.16889295088114,0.393185761606814,127,77,0.0979123762452867,0.320352910475913
"s__Vescimonas_coprocola","s__Dysosmobacter_sp._BX15",0.727999527633444,0.647332421340629,145,85,0.263491004380842,0.517173700344536
"s__Ruminococcus_bicirculans","s__Dysosmobacter_sp._BX15",0.337668822843261,0.412129189025008,146,84,0.53916322297071,0.742829450410648
"s__Ruminococcus_flavefaciens","s__Dysosmobacter_sp._BX15",0.487199582027168,0.551612272816103,144,85,0.532278827929563,0.736622490643769
"s__Phascolarctobacterium_succinatutens","s__Dysosmobacter_sp._BX15",0.181865600867091,0.418213629603709,121,70,0.0900060413150961,0.310107898392772
"s__Oscillibacter_valericigenes","s__Dysosmobacter_sp._BX15",0.844894103130151,0.714852452608951,146,85,0.0134593203353777,0.162159797474217
"s__Ruthenibacterium_lactatiformans","s__Dysosmobacter_sp._BX15",0.37188358574417,0.274301348446355,146,85,0.42945782334237,0.66293380117065
"s__Butyrivibrio_crossotus","s__Dysosmobacter_sp._BX15",0.316184390322321,0.406297458742533,144,84,0.462553303235009,0.685198304056833
"s__Flavonifractor_plautii","s__Dysosmobacter_sp._BX15",0.391830950613595,0.503224545632206,146,85,0.319102164692249,0.568702988705836
"s__Vescimonas_fastidiosa","s__Dysosmobacter_sp._BX15",0.799855317096696,0.686730506155951,144,85,0.0634528327957976,0.273793034551341
"s__Simiaoa_sunii","s__Dysosmobacter_sp._BX15",0.208866837387964,0.426404778778981,143,84,0.0834200336145146,0.304982126598084
"s__Eggerthella_lenta","s__Dysosmobacter_sp._BX15",-0.378971012117648,-0.412878639828024,146,85,0.777915137163222,0.902885641817186
"s__Oscillibacter_sp._MSJ_31","s__Dysosmobacter_sp._BX15",0.772649976381672,0.773412979649691,145,84,0.999540008106081,0.999807399048696
"s__Bacteroides_caccae","s__Dysosmobacter_sp._BX15",0.304488139969111,0.383057448880234,142,79,0.538245600542812,0.741894436980654
"s__Holdemanella_sp._MSK_7_32","s__Dysosmobacter_sp._BX15",-0.294782758422775,-0.615875265768958,132,84,0.0036625432110148,0.100803435816765
"s__Pseudoflavonifractor_sp._MSJ_30","s__Dysosmobacter_sp._BX15",0.658042040623524,0.612780926324018,145,85,0.57704726203452,0.768874674210274
"s__Bacteroides_fragilis","s__Dysosmobacter_sp._BX15",0.3674414120868,0.382939423198019,146,83,0.903259407968005,0.963039730568882
"s__Blautia_sp._MCC270","s__Dysosmobacter_sp._BX15",-0.160850207628751,-0.350615595075239,141,85,0.146666844618923,0.384734766319204
"s__Bacteroides_stercoris","s__Dysosmobacter_sp._BX15",0.307421451787649,0.405030758714969,143,76,0.444685893379968,0.673626924949021
"s__Ruminococcus_sp._Marseille_P6503","s__Dysosmobacter_sp._BX15",0.380350775664122,0.534948154989295,137,83,0.168156267176649,0.419963255497818
"s__Ruminococcus_sp._M6_2020","s__Dysosmobacter_sp._BX15",0.481668241221855,0.593355481727575,145,85,0.261264314510249,0.515188060550887
"s__Blautia_sp._MSK20_18","s__Dysosmobacter_sp._BX15",-0.314792015496241,-0.191635724057065,143,85,0.343043977966331,0.585091441401493
"s__Collinsella_sp._TF05_9AC","s__Dysosmobacter_sp._BX15",-0.209717461661364,-0.420909517112049,130,80,0.105101895225275,0.330189012500888
"s__Pseudoflavonifractor_phocaeensis","s__Dysosmobacter_sp._BX15",0.524440631235962,0.484502638264608,146,85,0.693089316856592,0.855441396114104
"s__Megasphaera_elsdenii","s__Dysosmobacter_sp._BX15",0.178317938745746,0.393311119338517,120,73,0.122303175176877,0.35488702608187
"s__Ruminococcus_sp._210702_SL_1_03","s__Dysosmobacter_sp._BX15",0.39887531422022,0.394608243271188,138,82,0.965964747288666,0.988676418430274
"s__Dorea_sp._AF36_15AT","s__Dysosmobacter_sp._BX15",-0.27934577231932,-0.348054237857353,145,83,0.591098406388423,0.779443028976145
"s__Bacteroides_xylanisolvens","s__Dysosmobacter_sp._BX15",0.275007282199371,0.318833065668509,142,78,0.742987464999467,0.882297614686867
"s__Waltera_intestinalis","s__Dysosmobacter_sp._BX15",0.187176623197001,0.366690107829348,142,80,0.17310874924714,0.425533229922025
"s__Oscillibacter_sp._MCC667","s__Dysosmobacter_sp._BX15",0.794390647142182,0.777928520805913,145,84,0.746302375708057,0.88470660808687
"s__Dorea_sp._AM58_8","s__Dysosmobacter_sp._BX15",-0.391599587402273,-0.230252100840336,146,85,0.19565037806766,0.451268712390799
"s__Streptococcus_salivarius","s__Dysosmobacter_sp._BX15",-0.351541308876201,-0.457329203495253,117,62,0.437598051233151,0.66716061177489
"s__Prevotella_pectinovora","s__Dysosmobacter_sp._BX15",0.155080807735675,0.405091418073659,112,70,0.080704169053357,0.301472266942823
"s__Yeguia_hominis","s__Dysosmobacter_sp._BX15",0.605329153605016,0.648192300175884,144,85,0.619725700196113,0.80515175027368
"s__Clostridium_spiroforme","s__Dysosmobacter_sp._BX15",-0.384218972628421,-0.190207914151576,126,71,0.160117266404003,0.408489079498047
"s__Clostridium_sp._BIOML_A1","s__Clostridium_sp._L2_50",0.527649333228123,0.572309939311526,115,62,0.701346680456124,0.85806657077427
"s__Clostridium_sp._AF15_31","s__Clostridium_sp._L2_50",0.576245834875972,0.342160037002775,74,47,0.117837221406601,0.349639802795175
"s__Collinsella_aerofaciens","s__Clostridium_sp._AF37_5",-0.431305536568694,-0.174972232506479,133,74,0.0540590579070052,0.256003962344648
"s__Dorea_longicatena","s__Clostridium_sp._AF37_5",-0.430458779241183,-0.180037023324695,133,74,0.0595466307428607,0.268389073557926
"s__Mediterraneibacter_faecis","s__Clostridium_sp._AF37_5",-0.282413972516094,-0.270907071455017,133,74,0.92847377317522,0.972296378181968
"s__Holdemanella_biformis","s__Clostridium_sp._AF37_5",-0.262617194274696,-0.502186635796514,133,72,0.0594274900105221,0.268389073557926
"s__Gemmiger_formicilis","s__Clostridium_sp._AF37_5",-0.289973577090623,-0.00427989633469085,133,74,0.046946853813305,0.241102185683687
"s__Holdemanella_porci","s__Clostridium_sp._AF37_5",-0.354304147465438,-0.18116920702296,125,72,0.214407231990312,0.470999161458597
"s__Blautia_massiliensis","s__Clostridium_sp._AF37_5",-0.343406004835698,-0.262643465383191,133,74,0.544181414895641,0.744723254337559
"s__Anaerobutyricum_hallii","s__Clostridium_sp._AF37_5",-0.413732771548954,-0.26442058496853,133,74,0.250730545408254,0.506022503321001
"s__Dorea_formicigenerans","s__Clostridium_sp._AF37_5",-0.430346558390549,-0.357541651240281,133,74,0.555144065374713,0.752518896658903
"s__Oliverpabstia_intestinalis","s__Clostridium_sp._AF37_5",-0.339299741892044,-0.21433419721091,133,73,0.359675982821859,0.602128464189274
"s__Slackia_isoflavoniconvertens","s__Clostridium_sp._AF37_5",-0.384079560455615,-0.0402961865975565,132,74,0.0139434739481768,0.162215594992829
"s__Bacteroides_uniformis","s__Clostridium_sp._AF37_5",0.298168758278824,0.272736418511066,130,71,0.849660862214661,0.9409965868712
"s__Oscillibacter_valericigenes","s__Clostridium_sp._AF37_5",0.337142040991216,0.291669751943725,133,74,0.728651189862062,0.872480026371231
"s__Butyrivibrio_crossotus","s__Clostridium_sp._AF37_5",0.442648954099336,0.184129334814266,132,73,0.0516784343215341,0.251375015037844
"s__Vescimonas_fastidiosa","s__Clostridium_sp._AF37_5",0.295612382795991,0.338793039614957,132,74,0.751306967949789,0.887274952877515
"s__Senegalimassilia_faecalis","s__Clostridium_sp._AF37_5",-0.321700787401575,-0.136184129334814,126,73,0.190117859408653,0.445075097689828
"s__Eubacterium_ventriosum","s__Clostridium_sp._AF37_5",0.308479815549729,-0.0352030112304085,133,73,0.0173651826541375,0.173434835914944
"s__Oscillibacter_sp._MSJ_31","s__Clostridium_sp._AF37_5",0.292131277991451,0.380754041712946,133,73,0.506384031714541,0.716353222980792
"s__Blautia_schinkii","s__Clostridium_sp._AF37_5",-0.101233409167423,-0.429041095890411,133,74,0.0162689256789597,0.168672278554378
"s__Holdemanella_sp._MSK_7_32","s__Clostridium_sp._AF37_5",-0.358929976396538,-0.2587313340738,124,73,0.458803806887445,0.6830416847991
"s__Pseudoflavonifractor_sp._MSJ_30","s__Clostridium_sp._AF37_5",0.314988624886504,0.479126249537208,133,74,0.189347218268093,0.444924445916351
"s__Blautia_sp._MCC270","s__Clostridium_sp._AF37_5",-0.393700787401575,-0.239807478711588,128,74,0.247947338668124,0.504849554576482
"s__Blautia_sp._MSK20_18","s__Clostridium_sp._AF37_5",-0.33287247104041,-0.118074787115883,131,74,0.125096561202389,0.357611865315889
"s__Pseudoflavonifractor_phocaeensis","s__Clostridium_sp._AF37_5",0.315172259005723,0.235957052943354,133,74,0.55907915849542,0.75475266577707
"s__Ruminococcus_sp._210702_SL_1_03","s__Clostridium_sp._AF37_5",0.289048524150268,0.279175050301811,129,71,0.938522634736679,0.975698046283382
"s__Dorea_sp._AF36_15AT","s__Clostridium_sp._AF37_5",-0.0942604135848441,-0.390025081998842,133,72,0.0345003515966037,0.214995876370544
"s__Oscillibacter_sp._MCC667","s__Clostridium_sp._AF37_5",0.257638669264749,0.378625200543009,133,73,0.368845986561207,0.608767124583747
"s__Eubacterium_sp._AF22_8LB","s__Clostridium_sp._AF37_5",-0.222825994763954,-0.478452797202797,102,65,0.0716748487517408,0.287955379506118
"s__Yeguia_hominis","s__Clostridium_sp._AF37_5",0.251960574580101,0.377267678637542,132,74,0.351268708801541,0.591873145305487
"s__Clostridium_sp._AF36_4","s__Clostridium_sp._AF37_5",0.814784829869705,0.766062734456062,122,67,0.391563075888455,0.628853137810426
"s__Dysosmobacter_sp._BX15","s__Clostridium_sp._AF37_5",0.297803843404486,0.279803776379119,132,73,0.89045855089007,0.956665715873462
"s__Bifidobacterium_catenulatum","s__Negativibacillus_massiliensis",-0.0702321481046136,-0.551604579906467,82,53,0.0025414304252465,0.0905059344176459
"s__Phascolarctobacterium_succinatutens","s__Negativibacillus_massiliensis",0.20698226671678,0.532618238729626,112,68,0.015119563691338,0.164970330798392
"s__Phascolarctobacterium_sp._Marseille_Q4147","s__Negativibacillus_massiliensis",0.135965156148642,0.448784051769126,109,66,0.0308091457387416,0.20797255177117
"s__Bacteroides_stercoris","s__Negativibacillus_massiliensis",0.10318648808002,0.392243874204129,132,72,0.0385829360593602,0.224629732088507
"s__Clostridium_saudiense","s__Negativibacillus_massiliensis",0.0084885552775461,-0.395762446508715,109,66,0.007689221572532,0.134117881318168
"s__Blautia_wexlerae","s__Intestinimonas_butyriciproducens",-0.498911663341194,-0.435709231567527,149,86,0.551757452632399,0.74999758087068
"s__Dorea_longicatena","s__Intestinimonas_butyriciproducens",-0.378207872301832,-0.309363649228737,149,86,0.567147466495165,0.759766317876521
"s__Mediterraneibacter_faecis","s__Intestinimonas_butyriciproducens",-0.517202974786867,-0.438105571017501,149,86,0.451686164963571,0.678630857850311
"s__Fusicatenibacter_saccharivorans","s__Intestinimonas_butyriciproducens",-0.292062397968438,-0.221831218453701,149,86,0.582574331206089,0.772051300584871
"s__Holdemanella_biformis","s__Intestinimonas_butyriciproducens",-0.266446284662967,-0.562012756909993,148,84,0.00940221989906206,0.145585547892241
"s__Ruminococcus_bromii","s__Intestinimonas_butyriciproducens",0.337140043755576,0.175413934619558,148,86,0.20747534733863,0.46560727036616
"s__Blautia_obeum","s__Intestinimonas_butyriciproducens",-0.400761835661165,-0.409670267465446,149,86,0.944309194996018,0.97904109785689
"s__Extibacter_muris","s__Intestinimonas_butyriciproducens",-0.267262833303102,-0.181867069201377,149,86,0.511877634010514,0.719389940074442
"s__Holdemanella_porci","s__Intestinimonas_butyriciproducens",-0.301256424248098,-0.373757213728865,138,84,0.565692627991562,0.759335264505457
"s__Blautia_massiliensis","s__Intestinimonas_butyriciproducens",-0.350777568418987,-0.268323977546111,148,86,0.505455995283308,0.715629134532439
"s__Coprococcus_comes","s__Intestinimonas_butyriciproducens",-0.447404317068747,-0.417991414689372,149,86,0.787018210552182,0.907278170488015
"s__Anaerobutyricum_hallii","s__Intestinimonas_butyriciproducens",-0.312552149464901,-0.382027454125195,149,86,0.571088530099255,0.76270813786848
"s__Dorea_formicigenerans","s__Intestinimonas_butyriciproducens",-0.459611826591692,-0.52873248738148,149,86,0.512627013893394,0.719560939093625
"s__Methanobrevibacter_smithii","s__Intestinimonas_butyriciproducens",0.564021887824897,0.542352092352092,85,55,0.852791123668754,0.942399959606956
"s__Oliverpabstia_intestinalis","s__Intestinimonas_butyriciproducens",-0.210881885857917,-0.399765487590385,148,85,0.132951133101263,0.368714169663172
"s__Cyclospora_cayetanensis","s__Intestinimonas_butyriciproducens",0.386765826228913,0.56341336855512,149,86,0.0974661732218133,0.320352910475913
"s__Ruminococcus_torques","s__Intestinimonas_butyriciproducens",-0.435374569200073,-0.387216378131044,149,86,0.668870867303968,0.837366913963723
"s__Bifidobacterium_catenulatum","s__Intestinimonas_butyriciproducens",-0.0088180000596819,-0.457627118644068,93,59,0.00466142501090168,0.109798908304732
"s__Blautia_glucerasea","s__Intestinimonas_butyriciproducens",-0.262176673317613,-0.392612859097127,149,86,0.291464283464887,0.542982486909939
"s__Blautia_luti","s__Intestinimonas_butyriciproducens",-0.275367313622347,-0.285607811689231,149,86,0.939895098878812,0.975935762392583
"s__Ruminococcus_gnavus","s__Intestinimonas_butyriciproducens",-0.398726646109196,-0.379083919052785,149,86,0.8612484102817,0.94536651227538
"s__Oscillibacter_sp._ER4","s__Intestinimonas_butyriciproducens",0.474787435049598,0.642756733808199,145,86,0.0768067934215204,0.297641673044626
"s__Vescimonas_coprocola","s__Intestinimonas_butyriciproducens",0.505743382061695,0.669814613896882,148,86,0.0680004461007816,0.281073959303591
"s__Eubacterium_ramulus","s__Intestinimonas_butyriciproducens",-0.272853255940504,-0.228718335770555,149,86,0.729523288546752,0.872607362534824
"s__Blautia_stercoris","s__Intestinimonas_butyriciproducens",-0.296444766914566,-0.187659795273362,149,86,0.399539524116863,0.637003441556742
"s__Ruminococcus_flavefaciens","s__Intestinimonas_butyriciproducens",0.478885371253277,0.43252040190575,147,86,0.666201973609124,0.8363668001196
"s__Oscillibacter_valericigenes","s__Intestinimonas_butyriciproducens",0.676782151278796,0.665531392990235,149,86,0.872262467160161,0.949599117128586
"s__Ruthenibacterium_lactatiformans","s__Intestinimonas_butyriciproducens",0.431264284418647,0.452332657200811,149,86,0.855826570606163,0.943011261668992
"s__Butyrivibrio_crossotus","s__Intestinimonas_butyriciproducens",0.309450770311827,0.384229040453391,147,85,0.544471626416085,0.744804265411661
"s__Flavonifractor_plautii","s__Intestinimonas_butyriciproducens",0.433513513513514,0.640247181470824,149,86,0.0336134782991175,0.213915117364569
"s__Vescimonas_fastidiosa","s__Intestinimonas_butyriciproducens",0.580114138734828,0.652983631303363,144,86,0.401629369067858,0.638559130940529
"s__Simiaoa_sunii","s__Intestinimonas_butyriciproducens",0.167543597505133,0.364080515927301,146,85,0.127963857116373,0.362792831511299
"s__Eggerthella_lenta","s__Intestinimonas_butyriciproducens",-0.2865046254308,-0.155771498655597,149,86,0.316662392959829,0.567074334183973
"s__Oscillibacter_sp._MSJ_31","s__Intestinimonas_butyriciproducens",0.630560110012165,0.640042993941763,147,85,0.917955992137993,0.966874042977536
"s__Bacteroides_caccae","s__Intestinimonas_butyriciproducens",0.401609540694048,0.379184247538678,143,80,0.846611558565261,0.939192629001914
"s__Blautia_schinkii","s__Intestinimonas_butyriciproducens",-0.143402865953202,-0.478296146044625,149,86,0.00650926736998879,0.122996541128524
"s__Faecalibacillus_intestinalis","s__Intestinimonas_butyriciproducens",-0.184355990861153,-0.36030877467266,146,85,0.171885717053513,0.424052309821364
"s__Holdemanella_sp._MSK_7_32","s__Intestinimonas_butyriciproducens",-0.289357135889182,-0.380965409419582,135,85,0.467603813121217,0.688102730661772
"s__Pseudoflavonifractor_sp._MSJ_30","s__Intestinimonas_butyriciproducens",0.526033086915158,0.625850275956413,148,86,0.282162561777907,0.535221759489367
"s__Bacteroides_fragilis","s__Intestinimonas_butyriciproducens",0.26950117903138,0.455705173635719,149,84,0.122935431884606,0.35488702608187
"s__Ruminococcus_sp._AF37_3AC","s__Intestinimonas_butyriciproducens",0.32501158372718,0.0763244428206065,109,69,0.0975062458237725,0.320352910475913
"s__Bacteroides_stercoris","s__Intestinimonas_butyriciproducens",0.298397890096048,0.337636048162364,145,77,0.76702506097385,0.895586564951956
"s__Ruminococcus_sp._Marseille_P6503","s__Intestinimonas_butyriciproducens",0.462507049263794,0.4278627113496,138,84,0.753647874665525,0.888146248387643
"s__Ruminococcus_sp._M6_2020","s__Intestinimonas_butyriciproducens",0.493234914136161,0.552148686258786,148,86,0.563192078025046,0.757410479318695
"s__Blautia_sp._MSK20_18","s__Intestinimonas_butyriciproducens",-0.316957959376476,-0.163337893296854,146,86,0.236598506813072,0.496135527396435
"s__Pseudoflavonifractor_phocaeensis","s__Intestinimonas_butyriciproducens",0.581784872120443,0.546601254776169,149,86,0.700455147983666,0.85806657077427
"s__Bacteroides_thetaiotaomicron","s__Intestinimonas_butyriciproducens",0.272321664689571,0.38509485094851,147,81,0.373233988999954,0.612673836835724
"s__Blautia_sp._Marseille_P3087","s__Intestinimonas_butyriciproducens",-0.0664033434886743,-0.530619368838153,148,86,0.000150845781262356,0.0273030864084864
"s__Ruminococcus_sp._210702_SL_1_03","s__Intestinimonas_butyriciproducens",0.31056347468609,0.486104697535788,139,83,0.140000599513901,0.377375407916342
"s__Parabacteroides_distasonis","s__Intestinimonas_butyriciproducens",0.320722448239227,0.324254742547425,148,81,0.982917135428848,0.993588244632266
"s__Anaeromassilibacillus_sp._An200","s__Intestinimonas_butyriciproducens",0.418264197507061,0.443312746785461,146,84,0.831824981275504,0.930897806174963
"s__Oscillibacter_sp._MCC667","s__Intestinimonas_butyriciproducens",0.474140898877236,0.690384991205785,148,85,0.0166623486140049,0.17054112167727
"s__Dorea_sp._AM58_8","s__Intestinimonas_butyriciproducens",-0.293658625068021,-0.281664229444785,149,86,0.920375330494609,0.966874042977536
"s__Porcipelethomonas_ammoniilytica","s__Intestinimonas_butyriciproducens",0.329642514245814,0.34013098464318,134,81,0.939098730211688,0.975698046283382
"s__Streptococcus_salivarius","s__Intestinimonas_butyriciproducens",-0.441044516980346,-0.436779953917051,120,63,0.965081278511258,0.988666530498236
"s__Yeguia_hominis","s__Intestinimonas_butyriciproducens",0.464498279236116,0.642379357516864,146,86,0.0625334266467923,0.272936099903578
"s__Alistipes_onderdonkii","s__Intestinimonas_butyriciproducens",0.265789041994751,0.386284372904091,127,71,0.376699072429544,0.614840109200381
"s__Clostridium_sp._AF36_4","s__Intestinimonas_butyriciproducens",0.36524343474926,0.19427408035003,132,78,0.200182630144767,0.457731601536035
"s__Dysosmobacter_sp._BX15","s__Intestinimonas_butyriciproducens",0.609200543703547,0.587570842290405,146,85,0.799977817017491,0.916125112461922
"s__Clostridium_sp._AF37_5","s__Intestinimonas_butyriciproducens",0.278552555064731,0.375964457608293,133,74,0.465417543280832,0.686645616191669
"s__Intestinibacter_bartlettii","s__Anaerotignum_faecicola",-0.381308993877729,-0.384483937115516,134,77,0.98560144222191,0.994942685158654
"s__Butyricicoccus_faecihominis","s__Anaerotignum_faecicola",0.273253448757869,-0.0293531366034786,146,85,0.025882558856503,0.195230652043199
"s__Clostridium_sp._BIOML_A1","s__Clostridium_sp._AF15_41",0.667087913164443,0.557414869728383,107,58,0.28529482179998,0.537474368092521
"s__Clostridium_sp._AF15_31","s__Clostridium_sp._AF15_41",0.423090975520643,0.26457263666566,69,43,0.367774480562688,0.608358075351171
"s__Clostridium_sp._L2_50","s__Clostridium_sp._AF15_41",0.653957395739574,0.642396387679407,100,53,0.895746242161098,0.958753030770298
"s__Collinsella_aerofaciens","s__Clostridium_sp._1001270H_150608_G6",-0.438794912952216,-0.354886339167615,90,58,0.560166103095247,0.755127454657111
"s__Ruminococcus_callidus","s__Clostridium_sp._1001270H_150608_G6",0.267744989093304,0.538220185179489,90,58,0.0600024279537799,0.269033050499412
"s__Prevotella_stercorea","s__Clostridium_sp._1001270H_150608_G6",0.428356458862615,0.27049062049062,85,55,0.308733326072397,0.559396158252357
"s__Prevotella_hominis","s__Clostridium_sp._1001270H_150608_G6",0.380285982184716,0.402092352092352,80,55,0.891728325600972,0.957384821206385
"s__Lachnospira_eligens","s__Clostridium_sp._1001270H_150608_G6",0.344379964604684,0.33359992617429,90,58,0.939053673882506,0.975698046283382
"s__Simiaoa_sunii","s__Clostridium_sp._1001270H_150608_G6",0.400139934971396,0.435356362853364,90,58,0.811427757390922,0.922603359928005
"s__Eggerthella_lenta","s__Clostridium_sp._1001270H_150608_G6",-0.37719059966251,-0.343689439847427,90,58,0.819064968101531,0.926503558968691
"s__Clostridium_sp._D43t1_170807_D5","s__Clostridium_sp._1001270H_150608_G6",0.899318403115872,0.874081632653061,79,49,0.514175833980575,0.719564166235784
"s__Waltera_intestinalis","s__Clostridium_sp._1001270H_150608_G6",0.380647816602873,0.461872096957766,90,58,0.573546295400481,0.76558461862491
"s__Prevotella_copri","s__Clostridium_sp._AM42_36",0.400181865820014,-0.0363299841353781,92,61,0.00668144377685106,0.12434018470546
"s__Blautia_obeum","s__Clostridium_sp._AM42_36",-0.413563829787234,-0.133784562211982,95,63,0.0667832200933306,0.278182905378687
"s__Ruminococcus_callidus","s__Clostridium_sp._AM42_36",0.261352183650616,0.508304531490015,95,63,0.0803505347494494,0.301472266942823
"s__Prevotella_stercorea","s__Clostridium_sp._AM42_36",0.44931492374344,0.0751484204374173,88,58,0.0187853232459513,0.174935012587289
"s__Eggerthella_lenta","s__Clostridium_sp._AM42_36",-0.339683650615901,-0.422763056835637,95,63,0.564075593293485,0.758052350658966
"s__Clostridium_sp._D43t1_170807_D5","s__Clostridium_sp._AM42_36",0.815703284057714,0.779366515837104,78,51,0.578912869527059,0.770166869749924
"s__Waltera_intestinalis","s__Clostridium_sp._AM42_36",0.281335115413792,0.447306791569087,94,62,0.255546317037424,0.511241293945143
"s__Clostridium_sp._1001270H_150608_G6","s__Clostridium_sp._AM42_36",0.826915957052943,0.743710407239819,73,51,0.23771570815166,0.4974201430089
"s__Collinsella_aerofaciens","s__Clostridium_sp._AM49_4BH",-0.300063414314141,-0.296062297972377,140,83,0.970990030265486,0.991228084459447
"s__Lachnospira_eligens","s__Clostridium_sp._AM49_4BH",0.11804246572347,0.382582595189119,140,83,0.0446186949491092,0.237362745014921
"s__Veillonella_parvula","s__Clostridium_sp._AM49_4BH",0.0971852487953819,0.428869951350116,136,82,0.0115547804342994,0.154197753696049
"s__Butyrivibrio_crossotus","s__Clostridium_sp._AM49_4BH",0.115694686396234,0.356559027437664,138,82,0.0718956858105693,0.28850555834603
"s__Gallintestinimicrobium_propionicum","s__Clostridium_sp._AM49_4BH",0.320762721130087,0.0980227530330381,140,83,0.0968801062167596,0.320352910475913
"s__Clostridium_sp._BIOML_A1","s__Clostridium_sp._AM49_4BH",-0.093934481216458,0.385092460881935,129,75,0.000762758642127785,0.0570244993538577
"s__Brotolimicola_acetigignens","s__Clostridium_sp._AM49_4BH",0.1456213713667,0.412536514118793,137,79,0.0435123543628159,0.236396503402408
"s__Clostridium_sp._AF36_4","s__Clostridium_sp._AM49_4BH",0.360118515205725,0.239425837320574,129,76,0.365713424724533,0.606699694948225
"s__Clostridium_sp._AF37_5","s__Clostridium_sp._AM49_4BH",0.443073099455134,0.120690811535882,130,71,0.0185113590877491,0.174935012587289
"s__Blautia_wexlerae","s__Blautia_ammoniilytica",0.272232237716418,0.101014198782961,148,86,0.19698502952543,0.453434750025403
"s__Faecalibacterium_prausnitzii","s__Blautia_ammoniilytica",-0.147021696398494,-0.497297042313317,148,86,0.00408946811019815,0.106543036598268
"s__Prevotella_copri","s__Blautia_ammoniilytica",-0.128196076679029,-0.398702825238235,139,83,0.0387392526454669,0.224629732088507
"s__Blautia_glucerasea","s__Blautia_ammoniilytica",0.334737559090387,0.28768338129157,148,86,0.70197292115626,0.85806657077427
"s__Phascolarctobacterium_sp._Marseille_Q4147","s__Blautia_ammoniilytica",-0.0970239464755915,-0.436686787391013,118,71,0.0161180033283997,0.168220911974761
"s__Faecalibacterium_sp._CLA_AA_H233","s__Blautia_ammoniilytica",-0.146825499653879,-0.438049638460035,148,85,0.0206356463229898,0.185774836923461
"s__Dorea_formicigenerans","s__Barnesiella_intestinihominis",-0.399110369752572,-0.31900599305264,109,68,0.556744921954367,0.753917877332226
"s__Vescimonas_coprocola","s__Barnesiella_intestinihominis",0.158493188768418,0.559109821735313,109,68,0.00295551345451229,0.0932478052299794
"s__Ruminococcus_sp._NSJ_71","s__Barnesiella_intestinihominis",-0.0118008945383402,0.456422653672786,102,62,0.0023279344281796,0.0905059344176459
"s__Vescimonas_fastidiosa","s__Barnesiella_intestinihominis",0.0585140774701699,0.417528724663129,107,68,0.0153489244294558,0.164970330798392
"s__Alistipes_putredinis","s__Barnesiella_intestinihominis",0.327099567099567,0.447436773752563,99,56,0.414917071979662,0.649772227020973
"s__Oscillibacter_sp._MSJ_31","s__Barnesiella_intestinihominis",0.133832537845228,0.40685609386224,108,67,0.0630865767946901,0.273557862697636
"s__Bacteroides_caccae","s__Barnesiella_intestinihominis",0.360929877152766,0.630976135365951,107,67,0.0226916772525455,0.187515533772781
"s__Pseudoflavonifractor_sp._MSJ_30","s__Barnesiella_intestinihominis",0.130108423686405,0.452570905065465,109,68,0.0245133062809351,0.193322353452484
"s__Bacteroides_fragilis","s__Barnesiella_intestinihominis",0.116133815216384,0.478718937282895,109,68,0.010791688519759,0.153262668199278
"s__Ruminococcus_sp._M6_2020","s__Barnesiella_intestinihominis",0.0302752293577982,0.424018017330229,109,68,0.00778202588587999,0.134117881318168
"s__Phocaeicola_massiliensis","s__Barnesiella_intestinihominis",0.332915198009538,-0.0625195699822566,105,66,0.0111620748629452,0.154162150416339
"s__Oscillibacter_sp._MCC667","s__Barnesiella_intestinihominis",0.228801779260495,0.430840450155639,109,67,0.153753949514641,0.399349825815559
"s__Alistipes_onderdonkii","s__Barnesiella_intestinihominis",0.235288463169561,0.449762030671602,102,61,0.143263484122359,0.38045028717899
"s__Dysosmobacter_sp._BX15","s__Barnesiella_intestinihominis",0.179882050980623,0.398595258999122,107,67,0.134206553302985,0.37025466993004
"s__Catenibacterium_mitsuokai","s__Collinsella_tanakaei",0.417985783121034,0.261359530261969,136,81,0.21258999226802,0.470749244019566
"s__Fusicatenibacter_saccharivorans","s__Collinsella_tanakaei",-0.278366000196986,-0.206687376684438,143,83,0.585271235522467,0.774238868133282
"s__Anaerostipes_hadrus","s__Collinsella_tanakaei",-0.386778127975311,-0.0748499223374334,143,83,0.0178060853371451,0.174935012587289
"s__Mogibacterium_kristiansenii","s__Collinsella_tanakaei",0.355159519800573,0.349745866936581,140,82,0.960125821386064,0.988204150444876
"s__Paratractidigestivibacter_faecalis","s__Collinsella_tanakaei",0.418023255813953,0.501005323790134,129,78,0.476917510156268,0.695555266084565
"s__Parolsenella_catena","s__Collinsella_tanakaei",0.426384024577573,0.541036775829606,125,82,0.303705510665994,0.555850586045958
"s__Collinsella_bouchesdurhonensis","s__Collinsella_tanakaei",0.398707443176275,0.503880018719866,135,82,0.357967177337418,0.600804842783495
"s__Lachnospira_eligens","s__Collinsella_tanakaei",-0.221100495748383,-0.394504848662944,143,83,0.173658054700973,0.426444412516351
"s__Olsenella_uli","s__Collinsella_tanakaei",0.500426406595089,0.622895764241636,140,83,0.20624873258583,0.463891034246351
"s__Faecalicatena_fissicatena","s__Collinsella_tanakaei",-0.317139433336616,-0.231833256370429,143,83,0.508643126157654,0.716834713710464
"s__Collinsella_sp._AM34_10","s__Collinsella_tanakaei",0.340412098949664,0.228012189404594,132,80,0.394545499394141,0.631319576537471
"s__Senegalimassilia_faecalis","s__Collinsella_tanakaei",0.235762364647351,0.357226816674363,135,83,0.351086550529267,0.591873145305487
"s__Phascolarctobacterium_sp._Marseille_Q4147","s__Collinsella_tanakaei",-0.0539720361462033,-0.408249496981891,117,71,0.0139270726166114,0.162215594992829
"s__Absicoccus_porci","s__Collinsella_tanakaei",0.29816747067799,0.400503874489445,92,68,0.479419710690602,0.697135046539103
"s__Holdemanella_sp._MSK_7_32","s__Collinsella_tanakaei",0.290396955754379,-0.0123420511313547,133,83,0.0290546575284613,0.202888448883072
"s__Collinsella_sp._TF05_9AC","s__Collinsella_tanakaei",0.304320829833084,0.204527750730282,132,79,0.45944707245568,0.683112184252089
"s__Eubacterium_sp._AF22_8LB","s__Collinsella_tanakaei",0.321055834817303,0.15846372688478,110,75,0.25746509147081,0.512693948794509
"s__Solobacterium_moorei","s__Collinsella_tanakaei",0.307338638373121,-0.0381243985653049,116,70,0.021634712070595,0.186024486279693
"s__Faecalibacillus_sp._MSK20_93","s__Collinsella_tanakaei",-0.341542182028869,-0.181080850337232,106,52,0.319143114751212,0.568702988705836
"s__Clostridium_spiroforme","s__Collinsella_tanakaei",-0.305032825579446,-0.196430758463826,123,70,0.446043450220496,0.674557355016836
"s__Collinsella_aerofaciens","s__Phocea_massiliensis",-0.17070019418356,-0.358196141327421,147,86,0.144895997673367,0.382839361268956
"s__Blautia_wexlerae","s__Phocea_massiliensis",-0.344554926746708,-0.372291145808765,147,86,0.823050306337037,0.927111039467104
"s__Dorea_longicatena","s__Phocea_massiliensis",-0.274894407966815,-0.424878532006227,147,86,0.217582904018931,0.473887021482649
"s__Mediterraneibacter_faecis","s__Phocea_massiliensis",-0.310822144481636,-0.406783338836738,147,86,0.429128715000878,0.66293380117065
"s__Fusicatenibacter_saccharivorans","s__Phocea_massiliensis",-0.311082818910608,-0.294344072833624,147,86,0.889805795082464,0.956263165402686
"s__Holdemanella_biformis","s__Phocea_massiliensis",-0.190590786481197,-0.423002936114205,147,84,0.0647781297562807,0.273935615341439
"s__Blautia_obeum","s__Phocea_massiliensis",-0.272298997347921,-0.469710835416765,147,86,0.0972760686910765,0.320352910475913
"s__Holdemanella_porci","s__Phocea_massiliensis",-0.280611197192301,-0.406155715298167,137,84,0.315607352882943,0.566846272694809
"s__Blautia_massiliensis","s__Phocea_massiliensis",-0.162471949164708,-0.483126562573706,147,86,0.00883561659995953,0.141790133734341
"s__Coprococcus_comes","s__Phocea_massiliensis",-0.27075006233519,-0.490692957214963,147,86,0.0618589560206683,0.272385338994979
"s__Anaerobutyricum_hallii","s__Phocea_massiliensis",-0.300191161247913,-0.496995141280249,147,86,0.0899541222411994,0.310107898392772
"s__Dorea_formicigenerans","s__Phocea_massiliensis",-0.339624779937891,-0.518033869522147,147,86,0.113525663598135,0.341653834213158
"s__Roseburia_faecis","s__Phocea_massiliensis",-0.319311063929459,0.0866738997122506,147,86,0.0025295214331196,0.0905059344176459
"s__Methanobrevibacter_smithii","s__Phocea_massiliensis",0.535743599765488,0.505339105339105,85,55,0.807443265140858,0.920078657660508
"s__Oliverpabstia_intestinalis","s__Phocea_massiliensis",-0.271279149354593,-0.376353332030487,146,85,0.401322391392125,0.638559130940529
"s__Cyclospora_cayetanensis","s__Phocea_massiliensis",0.233772072323931,0.494032737393273,147,86,0.0289012635025815,0.202888448883072
"s__Roseburia_inulinivorans","s__Phocea_massiliensis",-0.340765702800928,-0.110882588801359,147,86,0.077732088223245,0.299016388590313
"s__Blautia_faecicola","s__Phocea_massiliensis",-0.231059547106514,-0.391235435633756,147,86,0.200448907215257,0.457731601536035
"s__Bacteroides_uniformis","s__Phocea_massiliensis",0.106828229242022,0.368351454598883,144,83,0.0474954691217068,0.241181616671563
"s__Oscillibacter_sp._ER4","s__Phocea_massiliensis",0.254932294126909,0.462729374027077,145,86,0.0846306076990185,0.304982126598084
"s__Blautia_sp._BIOML_A1","s__Phocea_massiliensis",-0.304200125964415,-0.112448700410397,145,86,0.14609897304518,0.38383068625086
"s__Vescimonas_coprocola","s__Phocea_massiliensis",0.340361468541508,0.556884758715034,147,86,0.0486710208990504,0.242867229280847
"s__Ruminococcus_flavefaciens","s__Phocea_massiliensis",0.264812627932609,0.494485588942875,145,86,0.0517949330481373,0.251585840045966
"s__Oscillibacter_valericigenes","s__Phocea_massiliensis",0.527117696393626,0.669814613896882,147,86,0.107008235234135,0.333334529864302
"s__Ruthenibacterium_lactatiformans","s__Phocea_massiliensis",0.346330535175936,0.456917779140526,147,86,0.343160638937718,0.585091441401493
"s__Flavonifractor_plautii","s__Phocea_massiliensis",0.53429568791604,0.608962686919194,147,86,0.427378839185432,0.662052174756172
"s__Vescimonas_fastidiosa","s__Phocea_massiliensis",0.431585081585082,0.548790037265909,144,86,0.268500142331501,0.521973990660279
"s__Mediterraneibacter_sp._NSJ_151","s__Phocea_massiliensis",-0.24853228962818,-0.37828805940981,146,85,0.302532864383572,0.554589829752188
"s__Oscillibacter_sp._MSJ_31","s__Phocea_massiliensis",0.4623646570809,0.70844244674614,147,85,0.00587453058936512,0.117336538002292
"s__Bacteroides_caccae","s__Phocea_massiliensis",0.196661906168948,0.413924050632911,143,80,0.0918732090806209,0.313119522683078
"s__Blautia_schinkii","s__Phocea_massiliensis",-0.279563880346659,-0.399084862493514,147,86,0.331029247603714,0.573795152474381
"s__Holdemanella_sp._MSK_7_32","s__Phocea_massiliensis",-0.204912779461091,-0.456497948016416,134,85,0.0444018284751592,0.237362745014921
"s__Pseudoflavonifractor_sp._MSJ_30","s__Phocea_massiliensis",0.521144851868922,0.633869522147271,147,86,0.222818737659516,0.480015960097621
"s__Bacteroides_fragilis","s__Phocea_massiliensis",0.111421317879244,0.394046775336641,147,84,0.0292970695319802,0.202888448883072
"s__Blautia_sp._MCC270","s__Phocea_massiliensis",-0.0906953400210817,-0.435822444454927,142,86,0.00703397262437826,0.127988528334586
"s__Ruminococcus_sp._Marseille_P6503","s__Phocea_massiliensis",0.356796631878883,0.576632580743141,138,84,0.0447905971008715,0.237362745014921
"s__Ruminococcus_sp._M6_2020","s__Phocea_massiliensis",0.468484839326327,0.527789046653144,147,86,0.57413280937297,0.76558461862491
"s__Pseudoflavonifractor_phocaeensis","s__Phocea_massiliensis",0.523562701644893,0.621868956082834,147,86,0.292911500761101,0.544498730333744
"s__Faecalibacterium_sp._Marseille_Q4896","s__Phocea_massiliensis",-0.284347314740729,-0.178691983122363,146,80,0.428463875228859,0.662270219260405
"s__Ruminococcus_sp._210702_SL_1_03","s__Phocea_massiliensis",0.332633272264176,0.387683136728097,139,83,0.65927258771293,0.831309677535779
"s__Parabacteroides_distasonis","s__Phocea_massiliensis",0.119435473764376,0.386743450767841,146,81,0.0422068360015665,0.234717767578385
"s__Anaeromassilibacillus_sp._An200","s__Phocea_massiliensis",0.488015432843019,0.412149438088488,144,84,0.490956164382854,0.7055571455548
"s__Oscillibacter_sp._MCC667","s__Phocea_massiliensis",0.366700919538493,0.584795778776627,147,85,0.0408750000243633,0.231199218887805
"s__Faecalibacterium_sp._AF27_11BH","s__Phocea_massiliensis",-0.341324200913242,0.00384732206135466,145,84,0.0100897304142884,0.148978653411758
"s__Porcipelethomonas_ammoniilytica","s__Phocea_massiliensis",0.280220451626579,0.44390243902439,134,81,0.189995049646904,0.445075097689828
"s__Streptococcus_salivarius","s__Phocea_massiliensis",-0.344881107592972,-0.488863287250384,118,63,0.27880517980546,0.53176849955453
"s__Yeguia_hominis","s__Phocea_massiliensis",0.45272574783338,0.622133119486768,146,86,0.0842362947720381,0.304982126598084
"s__Alistipes_onderdonkii","s__Phocea_massiliensis",0.147176602924634,0.47364185110664,126,71,0.0160923923657219,0.168220911974761
"s__Dysosmobacter_sp._BX15","s__Phocea_massiliensis",0.370441662730279,0.585890170021497,145,85,0.0433257210932424,0.236396503402408
"s__Intestinimonas_butyriciproducens","s__Phocea_massiliensis",0.450199850395545,0.549412708146611,147,86,0.342202012295738,0.584326077599327
"s__Collinsella_aerofaciens","s__Intestinimonas_sp._MSJ_38",-0.192219057189703,-0.385329496674371,147,86,0.127460564174458,0.362261884459472
"s__Blautia_wexlerae","s__Intestinimonas_sp._MSJ_38",-0.528647741954983,-0.577885749327798,147,86,0.614419639369251,0.801679239643986
"s__Prevotella_copri","s__Intestinimonas_sp._MSJ_38",0.165619554046204,0.388207883800008,139,83,0.087499666419696,0.306427039528854
"s__Dorea_longicatena","s__Intestinimonas_sp._MSJ_38",-0.368703201384219,-0.300400962309543,147,86,0.574045803997533,0.76558461862491
"s__Mediterraneibacter_faecis","s__Intestinimonas_sp._MSJ_38",-0.270870954823988,-0.35676211142035,147,86,0.49428783280915,0.70866947948333
"s__Fusicatenibacter_saccharivorans","s__Intestinimonas_sp._MSJ_38",-0.335869557004586,-0.159564130383509,147,86,0.171882229926832,0.424052309821364
"s__Holdemanella_biformis","s__Intestinimonas_sp._MSJ_38",-0.0414661236579045,-0.489035132125139,147,84,0.000413081837617341,0.0458254335343883
"s__Blautia_obeum","s__Intestinimonas_sp._MSJ_38",-0.413724319790856,-0.571508090004246,147,86,0.131749490346117,0.368249578575738
"s__Holdemanella_porci","s__Intestinimonas_sp._MSJ_38",-0.164303213094393,-0.461840639870406,138,84,0.018284744280369,0.174935012587289
"s__Blautia_massiliensis","s__Intestinimonas_sp._MSJ_38",-0.383629645860566,-0.372328883437898,147,86,0.918733451852332,0.966874042977536
"s__Coprococcus_comes","s__Intestinimonas_sp._MSJ_38",-0.449478273353029,-0.344270956177178,147,86,0.362088920262168,0.603598544247016
"s__Anaerobutyricum_hallii","s__Intestinimonas_sp._MSJ_38",-0.331562762091138,-0.362517099863201,147,86,0.804005204912809,0.917986022475149
"s__Anaerostipes_hadrus","s__Intestinimonas_sp._MSJ_38",-0.329364029951114,-0.340214161045332,147,86,0.93438162983414,0.97461511414844
"s__Dorea_formicigenerans","s__Intestinimonas_sp._MSJ_38",-0.359458703881404,-0.439652813811972,147,86,0.494358267310412,0.70866947948333
"s__Methanobrevibacter_smithii","s__Intestinimonas_sp._MSJ_38",0.351045534492867,0.178210678210678,85,55,0.293912529781215,0.545180792835814
"s__Oliverpabstia_intestinalis","s__Intestinimonas_sp._MSJ_38",-0.261063551670205,-0.392612859097127,147,85,0.290638779158336,0.542325969357308
"s__Cyclospora_cayetanensis","s__Intestinimonas_sp._MSJ_38",0.246934242041874,0.50695787537148,147,86,0.0272178677260756,0.198452987162725
"s__Ruminococcus_torques","s__Intestinimonas_sp._MSJ_38",-0.416878858170443,-0.420161328364546,147,86,0.983005049036421,0.993588244632266
"s__Ruminococcus_callidus","s__Intestinimonas_sp._MSJ_38",0.104385136199024,0.377612151516581,145,86,0.0354161361101693,0.217493021576558
"s__Blautia_faecis","s__Intestinimonas_sp._MSJ_38",-0.313092656536884,-0.395726213500637,147,86,0.498197094346614,0.710131106760186
"s__Blautia_glucerasea","s__Intestinimonas_sp._MSJ_38",-0.232801154523268,-0.374291240152837,147,86,0.261173251677167,0.515188060550887
"s__Ruminococcus_gnavus","s__Intestinimonas_sp._MSJ_38",-0.395310882590726,-0.394801641586867,147,86,0.990899120433883,0.9951544198394
"s__Oscillibacter_sp._ER4","s__Intestinimonas_sp._MSJ_38",0.480963627775154,0.756233784612482,145,86,0.000862989889275104,0.058904949459227
"s__Prevotella_stercorea","s__Intestinimonas_sp._MSJ_38",0.298064974258832,0.387034018612966,130,77,0.496180756902368,0.70994856362817
"s__Coprococcus_eutactus","s__Intestinimonas_sp._MSJ_38",0.0495205857241082,0.387159771687344,147,86,0.00962837827690736,0.146326747002132
"s__Vescimonas_coprocola","s__Intestinimonas_sp._MSJ_38",0.483093941019577,0.706514458229162,147,86,0.0109413909627935,0.153354457999262
"s__Eubacterium_ramulus","s__Intestinimonas_sp._MSJ_38",-0.29457721629933,0.118354639369782,147,86,0.0022638776262861,0.0894882201930793
"s__Ruminococcus_bicirculans","s__Intestinimonas_sp._MSJ_38",0.111683199496142,0.394411258479295,145,84,0.0296162429526027,0.20329393116567
"s__Ruminococcus_flavefaciens","s__Intestinimonas_sp._MSJ_38",0.451156334049917,0.539166941836879,146,86,0.403751103896411,0.639365561712854
"s__Phascolarctobacterium_succinatutens","s__Intestinimonas_sp._MSJ_38",0.227428532719144,0.477330650570087,121,71,0.0606912252537293,0.270009215585479
"s__Oscillibacter_valericigenes","s__Intestinimonas_sp._MSJ_38",0.61879953758623,0.6648709844804,147,86,0.578111619153439,0.769696422093952
"s__Butyrivibrio_crossotus","s__Intestinimonas_sp._MSJ_38",0.336025822705086,0.278053547000195,145,85,0.641788019506848,0.81987704275039
"s__Flavonifractor_plautii","s__Intestinimonas_sp._MSJ_38",0.316594760821767,0.495353554412944,147,86,0.121436143979742,0.353914321310452
"s__Olsenella_uli","s__Intestinimonas_sp._MSJ_38",0.348533755725844,-0.0243393743039384,141,84,0.00572915836667526,0.115219740485358
"s__Vescimonas_fastidiosa","s__Intestinimonas_sp._MSJ_38",0.533928140824693,0.7297985754045,144,86,0.0169838274609382,0.171786419524019
"s__Simiaoa_sunii","s__Intestinimonas_sp._MSJ_38",0.100110218863171,0.439671682626539,145,85,0.00778591148426117,0.134117881318168
"s__Phascolarctobacterium_sp._Marseille_Q4147","s__Intestinimonas_sp._MSJ_38",0.238767214839,0.3981220657277,118,71,0.249596112713002,0.506022503321001
"s__Eggerthella_lenta","s__Intestinimonas_sp._MSJ_38",-0.245464642724917,-0.360384923817161,147,86,0.362602554783835,0.603869339419666
"s__Oscillibacter_sp._MSJ_31","s__Intestinimonas_sp._MSJ_38",0.61424040565683,0.631033808872386,146,85,0.852295227400096,0.942154704927332
"s__Bacteroides_caccae","s__Intestinimonas_sp._MSJ_38",0.183262048110715,0.407641819034224,142,80,0.0839722483050691,0.304982126598084
"s__Blautia_schinkii","s__Intestinimonas_sp._MSJ_38",-0.216813122879659,-0.374064814378037,147,86,0.213678269821036,0.470749244019566
"s__Faecalibacillus_intestinalis","s__Intestinimonas_sp._MSJ_38",-0.29611767542802,-0.194449872972445,144,85,0.434977511877846,0.666319671869894
"s__Holdemanella_sp._MSK_7_32","s__Intestinimonas_sp._MSJ_38",-0.250151204760511,-0.46202853234317,135,85,0.0845967225334626,0.304982126598084
"s__Pseudoflavonifractor_sp._MSJ_30","s__Intestinimonas_sp._MSJ_38",0.526887245086854,0.635228076796075,147,86,0.238711501779588,0.4974201430089
"s__Bacteroides_fragilis","s__Intestinimonas_sp._MSJ_38",0.0686631557473045,0.491424521615875,147,84,0.000784040155298702,0.0573683849802603
"s__Bacteroides_stercoris","s__Intestinimonas_sp._MSJ_38",0.206909287895203,0.454703191545297,143,77,0.0527297012970209,0.254397001673871
"s__Ruminococcus_sp._Marseille_P6503","s__Intestinimonas_sp._MSJ_38",0.422578266470028,0.496102055279943,137,84,0.513957632979298,0.719564166235784
"s__Ruminococcus_sp._M6_2020","s__Intestinimonas_sp._MSJ_38",0.402764660103212,0.58156516816831,147,86,0.0870289005824349,0.305980940985272
"s__Blautia_sp._MSK20_18","s__Intestinimonas_sp._MSJ_38",-0.309226893402614,-0.174432756262088,145,86,0.299306387781793,0.551024982645389
"s__Collinsella_sp._TF05_9AC","s__Intestinimonas_sp._MSJ_38",-0.124100957957989,-0.38370839193624,133,80,0.0534702287349396,0.254482502579924
"s__Pseudoflavonifractor_phocaeensis","s__Intestinimonas_sp._MSJ_38",0.382035376164535,0.494900702863343,147,86,0.314954042622353,0.566488991934242
"s__Bacteroides_thetaiotaomicron","s__Intestinimonas_sp._MSJ_38",-0.00107463391591875,0.401061427280939,145,81,0.00265786700569922,0.0905059344176459
"s__Ruminococcus_sp._210702_SL_1_03","s__Intestinimonas_sp._MSJ_38",0.432838822110014,0.431971789597414,139,83,0.987926650488131,0.994944497409309
"s__Oscillibacter_sp._MCC667","s__Intestinimonas_sp._MSJ_38",0.547971650711377,0.711764705882353,147,85,0.0485308388208332,0.242867229280847
"s__Streptococcus_salivarius","s__Intestinimonas_sp._MSJ_38",-0.287508901865831,-0.403705837173579,119,63,0.412983410630638,0.647924246878999
"s__Yeguia_hominis","s__Intestinimonas_sp._MSJ_38",0.556609195402299,0.619925468182461,145,86,0.49052541545624,0.705232819295154
"s__Dysosmobacter_sp._BX15","s__Intestinimonas_sp._MSJ_38",0.496704444980307,0.720969317959742,144,85,0.00910954204081391,0.143705115038344
"s__Negativibacillus_massiliensis","s__Intestinimonas_sp._MSJ_38",0.194648661904588,0.473782862706913,132,79,0.029131945119134,0.202888448883072
"s__Intestinimonas_butyriciproducens","s__Intestinimonas_sp._MSJ_38",0.418250232340252,0.606528609840087,147,86,0.0635320853655045,0.273793034551341
"s__Barnesiella_intestinihominis","s__Intestinimonas_sp._MSJ_38",0.277879714576962,0.452685421994885,109,68,0.202903804758252,0.460229988408135
"s__Phocea_massiliensis","s__Intestinimonas_sp._MSJ_38",0.389798810407488,0.479899995282796,146,86,0.426146470308726,0.661590595012882
"s__Blautia_luti","s__Clostridium_sp._1001270J_160509_D11",-0.300927562859154,-0.0144661308840413,122,66,0.0583631415930902,0.267020758736027
"s__Romboutsia_timonensis","s__Clostridium_sp._1001270J_160509_D11",0.507055728294666,0.319181083327038,112,62,0.157699448074786,0.404812194895736
"s__Intestinibacter_bartlettii","s__Clostridium_sp._1001270J_160509_D11",0.351563787858352,0.212412587412587,117,65,0.336461932375549,0.579006961773341
"s__Clostridium_sp._1001271B_151109_B4","s__Clostridium_sp._1001270J_160509_D11",0.398486419241136,0.132611832611833,105,55,0.0912592416650457,0.311968719767487
"s__Clostridium_saudiense","s__Clostridium_sp._1001270J_160509_D11",0.448831750773498,0.272818614489688,104,61,0.216923268364187,0.473442354374203
"s__Clostridium_sp._D43t1_170807_H7","s__Clostridium_sp._1001270J_160509_D11",0.3998799879988,0.1216619134042,100,57,0.0769419736367177,0.297641673044626
"s__Blautia_wexlerae","s__Dysosmobacter_welbionis",-0.414564635490474,-0.295130100232864,145,84,0.324199018008307,0.571090155282389
"s__Dorea_longicatena","s__Dysosmobacter_welbionis",-0.29387498031806,-0.18108737470892,145,84,0.389713098722093,0.626858440835022
"s__Mediterraneibacter_faecis","s__Dysosmobacter_welbionis",-0.348232561801291,-0.174081198744558,145,84,0.17834791822275,0.431624553672088
"s__Fusicatenibacter_saccharivorans","s__Dysosmobacter_welbionis",-0.303515194457566,-0.228551179507948,145,84,0.560510398413594,0.755127454657111
"s__Blautia_obeum","s__Dysosmobacter_welbionis",-0.311513934813415,-0.263703553710641,145,84,0.705374185587281,0.859770178111727
"s__Coprococcus_comes","s__Dysosmobacter_welbionis",-0.379660683356952,-0.234848638250481,145,84,0.24920456210531,0.506022503321001
"s__Dorea_formicigenerans","s__Dysosmobacter_welbionis",-0.388312864115887,-0.334939759036145,145,84,0.655607646017644,0.829179206702263
"s__Methanobrevibacter_smithii","s__Dysosmobacter_welbionis",0.378737541528239,0.517133600152468,85,54,0.337028878495249,0.579006961773341
"s__Cyclospora_cayetanensis","s__Dysosmobacter_welbionis",0.314293024720516,0.46890756302521,145,84,0.192076786803336,0.446318966092345
"s__Blautia_glucerasea","s__Dysosmobacter_welbionis",-0.412718469532357,-0.375944112584793,145,84,0.749892067671845,0.886212653169579
"s__Slackia_isoflavoniconvertens","s__Dysosmobacter_welbionis",-0.292637247809662,-0.112605042016807,144,84,0.177472265457903,0.430504402315098
"s__Bacteroides_uniformis","s__Dysosmobacter_welbionis",0.283230404596901,0.158152664859982,142,81,0.351957464375597,0.592743251707972
"s__Ruminococcus_gnavus","s__Dysosmobacter_welbionis",-0.343131002991655,-0.173007998380075,145,84,0.189427040397389,0.444924445916351
"s__Oscillibacter_sp._ER4","s__Dysosmobacter_welbionis",0.340535326742223,0.43110256150653,144,84,0.450748683182623,0.678503760773988
"s__Blautia_sp._BIOML_A1","s__Dysosmobacter_welbionis",-0.347655865261499,-0.20149843069758,143,84,0.256305894508558,0.512165003611231
"s__Vescimonas_coprocola","s__Dysosmobacter_welbionis",0.441088017635018,0.46242786271135,145,84,0.854352104485852,0.942912993365483
"s__Ruminococcus_flavefaciens","s__Dysosmobacter_welbionis",0.286632026452527,0.330241976308596,145,84,0.734554639401705,0.875306100104804
"s__Oscillibacter_valericigenes","s__Dysosmobacter_welbionis",0.600822705085813,0.532692112989774,145,84,0.465326546957088,0.686645616191669
"s__Ruthenibacterium_lactatiformans","s__Dysosmobacter_welbionis",0.37262635805385,0.404859775235395,145,84,0.79137149939418,0.909601131823725
"s__Flavonifractor_plautii","s__Dysosmobacter_welbionis",0.57894819713431,0.653498025716311,145,84,0.394448148281121,0.631319576537471
"s__Gallintestinimicrobium_propionicum","s__Dysosmobacter_welbionis",-0.301275389702409,-0.0928217069960514,145,84,0.11853966052485,0.349920937806833
"s__Vescimonas_fastidiosa","s__Dysosmobacter_welbionis",0.484109786926688,0.39726637643009,143,84,0.436492636281037,0.667133952116515
"s__Oscillibacter_sp._MSJ_31","s__Dysosmobacter_welbionis",0.494276491891041,0.488854372192603,145,83,0.952003051706414,0.983609588904214
"s__Bacteroides_caccae","s__Dysosmobacter_welbionis",0.277225052442313,0.21713729308666,141,78,0.653271643657286,0.827477415299229
"s__Blautia_schinkii","s__Dysosmobacter_welbionis",-0.129597701149425,-0.474212817657183,145,84,0.005980123329731,0.117517966462542
"s__Pseudoflavonifractor_sp._MSJ_30","s__Dysosmobacter_welbionis",0.343749015903007,0.379386453376531,145,84,0.774381238508055,0.900303272220825
"s__Blautia_sp._MSK_20_85","s__Dysosmobacter_welbionis",-0.304738579956703,-0.181027633569508,140,82,0.351165398962644,0.591873145305487
"s__Bacteroides_fragilis","s__Dysosmobacter_welbionis",0.348035742402771,0.23082574199236,145,83,0.358566401931913,0.601223723180813
"s__Desulfovibrio_piger","s__Dysosmobacter_welbionis",0.35562964896686,0.243397507096137,122,73,0.411473162636314,0.646732753321832
"s__Ruminococcus_sp._Marseille_P6503","s__Dysosmobacter_welbionis",0.304464502398865,0.283246808371698,137,82,0.866456127500826,0.947402407273034
"s__Ruminococcus_sp._M6_2020","s__Dysosmobacter_welbionis",0.452798771846953,0.427234990381695,145,84,0.814287573514371,0.92420295885014
"s__Blautia_sp._MCC283","s__Dysosmobacter_welbionis",-0.202093883128366,-0.431122810570011,144,84,0.0679699113638601,0.281073959303591
"s__Pseudoflavonifractor_phocaeensis","s__Dysosmobacter_welbionis",0.508325460557393,0.630717829300395,145,84,0.195848245072763,0.451422328957929
"s__Bacteroides_thetaiotaomicron","s__Dysosmobacter_welbionis",0.340149505666747,0.381978319783198,144,81,0.73954171616428,0.879116474901127
"s__Blautia_sp._Marseille_P3087","s__Dysosmobacter_welbionis",-0.181947724767753,-0.480611521717121,145,84,0.0153505396497486,0.164970330798392
"s__Megasphaera_elsdenii","s__Dysosmobacter_welbionis",0.315792763386346,0.1760767616932,120,73,0.32432075407575,0.571090155282389
"s__Ruminococcus_sp._210702_SL_1_03","s__Dysosmobacter_welbionis",0.300685633657466,0.244760614272809,138,81,0.668643688863397,0.837366913963723
"s__Parabacteroides_distasonis","s__Dysosmobacter_welbionis",0.311289285427216,0.294045944678856,144,80,0.889120262440196,0.955825127393509
"s__Anaeromassilibacillus_sp._An200","s__Dysosmobacter_welbionis",0.287312627438489,0.210152262165192,142,82,0.557800746962507,0.754039610378955
"s__Blautia_sp._MSJ_19","s__Dysosmobacter_welbionis",-0.289541017162652,-0.215531031689784,145,84,0.568548784870421,0.761089634554059
"s__Bacteroides_xylanisolvens","s__Dysosmobacter_welbionis",0.344385461706409,0.276824441381403,141,78,0.599229458409293,0.788351227035026
"s__Oscillibacter_sp._MCC667","s__Dysosmobacter_welbionis",0.47114233978901,0.507640317367029,145,83,0.739148116706672,0.879116474901127
"s__Streptococcus_salivarius","s__Dysosmobacter_welbionis",-0.406742196046696,-0.224748810153358,117,61,0.20778519671743,0.465716706376433
"s__Yeguia_hominis","s__Dysosmobacter_welbionis",0.392617152961981,0.43407917383821,144,84,0.726432600510972,0.871216166507459
"s__Dysosmobacter_sp._BX15","s__Dysosmobacter_welbionis",0.550124757871237,0.486608454724823,143,83,0.530156833744871,0.734885806592723
"s__Clostridium_sp._AF37_5","s__Dysosmobacter_welbionis",0.282985395480373,0.235005553498704,132,73,0.726149674072113,0.871216166507459
"s__Intestinimonas_butyriciproducens","s__Dysosmobacter_welbionis",0.446374586679263,0.523802774121697,145,84,0.473544535648248,0.692373930325202
"s__Phocea_massiliensis","s__Dysosmobacter_welbionis",0.378715950244056,0.46939354054875,145,84,0.432807597184741,0.664772365662494
"s__Intestinimonas_sp._MSJ_38","s__Dysosmobacter_welbionis",0.347583057786175,0.427052748810368,145,84,0.507734471865399,0.716834713710464
"s__Collinsella_aerofaciens","s__Ruminococcus_champanellensis",-0.275623387700103,-0.220168067226891,142,84,0.670592281189307,0.838911187708267
"s__Blautia_wexlerae","s__Ruminococcus_champanellensis",-0.403635022454321,-0.467307887010226,142,84,0.580500491014251,0.770373690718188
"s__Dorea_longicatena","s__Ruminococcus_champanellensis",-0.442458051388228,-0.348891363774425,142,84,0.424512385706495,0.66028649142299
"s__Mediterraneibacter_faecis","s__Ruminococcus_champanellensis",-0.358236010318719,-0.378738483345145,142,84,0.870917797003583,0.949524601824355
"s__Fusicatenibacter_saccharivorans","s__Ruminococcus_champanellensis",-0.305971822603528,-0.308899463399818,142,84,0.985974024722505,0.994942685158654
"s__Holdemanella_biformis","s__Ruminococcus_champanellensis",-0.233954538119956,-0.463088124857152,142,82,0.0641350680878835,0.273935615341439
"s__Blautia_obeum","s__Ruminococcus_champanellensis",-0.3326613452475,-0.335122000607472,142,84,0.988982657033103,0.994944497409309
"s__Extibacter_muris","s__Ruminococcus_champanellensis",-0.323428145124279,-0.17513415004556,142,84,0.257082026230187,0.512549807510422
"s__Holdemanella_porci","s__Ruminococcus_champanellensis",-0.230358013852307,-0.528498819124737,135,82,0.0135801167992365,0.162159797474217
"s__Blautia_massiliensis","s__Ruminococcus_champanellensis",-0.400110228399111,-0.132266882656677,142,84,0.0379485781685399,0.223467740276727
"s__Coprococcus_comes","s__Ruminococcus_champanellensis",-0.440551058171676,-0.37262326617394,142,84,0.556833791341627,0.753917877332226
"s__Anaerobutyricum_hallii","s__Ruminococcus_champanellensis",-0.337552468508417,-0.307482028956161,142,84,0.806603457468612,0.919731197027373
"s__Anaerostipes_hadrus","s__Ruminococcus_champanellensis",-0.157746059753851,-0.379912929027032,142,84,0.0871053623799306,0.305980940985272
"s__Dorea_formicigenerans","s__Ruminococcus_champanellensis",-0.496792688881391,-0.337794876986939,142,84,0.165815972967049,0.417759070354345
"s__Cyclospora_cayetanensis","s__Ruminococcus_champanellensis",0.292291765770939,0.373331983395768,142,84,0.519646749131186,0.725230687037596
"s__Ruminococcus_torques","s__Ruminococcus_champanellensis",-0.405801869691591,-0.277290675306267,142,84,0.296068316984347,0.547113886141414
"s__Ruminococcus_callidus","s__Ruminococcus_champanellensis",0.142380442150839,0.364969120178192,140,84,0.0900836843542829,0.310107898392772
"s__Blautia_faecis","s__Ruminococcus_champanellensis",-0.205060447493771,-0.396638655462185,142,84,0.133051800360634,0.368714169663172
"s__Ruminococcus_gnavus","s__Ruminococcus_champanellensis",-0.433690073785968,-0.324673483851372,142,84,0.359873908658459,0.602128464189274
"s__Oscillibacter_sp._ER4","s__Ruminococcus_champanellensis",0.314790872896956,0.528399311531842,141,84,0.063228635038199,0.273557862697636
"s__Vescimonas_coprocola","s__Ruminococcus_champanellensis",0.407650186193788,0.404049812696163,142,84,0.96976191287536,0.991088029235769
"s__Eubacterium_ramulus","s__Ruminococcus_champanellensis",-0.314094356347877,-0.172238533967804,142,84,0.279937028172595,0.53219263074947
"s__Ruminococcus_flavefaciens","s__Ruminococcus_champanellensis",0.612277922856287,0.616462488609902,141,84,0.970394754880293,0.991145697069595
"s__Oscillibacter_valericigenes","s__Ruminococcus_champanellensis",0.491323180864685,0.640032398501569,142,84,0.118342598977416,0.349920937806833
"s__Butyrivibrio_crossotus","s__Ruminococcus_champanellensis",0.262802038004854,0.375571974308383,140,83,0.376519047099848,0.6148380830847
"s__Vescimonas_fastidiosa","s__Ruminococcus_champanellensis",0.470271806870613,0.607046674091323,140,84,0.171072678683933,0.423748025130614
"s__Simiaoa_sunii","s__Ruminococcus_champanellensis",0.155382563250312,0.368645312959154,140,83,0.104373993638136,0.32936463674866
"s__Mediterraneibacter_sp._NSJ_151","s__Ruminococcus_champanellensis",-0.14471081810009,-0.402292095210109,141,83,0.0473230518570773,0.241102185683687
"s__Oscillibacter_sp._MSJ_31","s__Ruminococcus_champanellensis",0.507530527608442,0.592544393602284,142,83,0.39105570210809,0.628601825509349
"s__Holdemanella_sp._MSK_7_32","s__Ruminococcus_champanellensis",-0.327685974130329,-0.522249275849041,132,83,0.0954716495207926,0.320319027026347
"s__Pseudoflavonifractor_sp._MSJ_30","s__Ruminococcus_champanellensis",0.472982516434719,0.504120684418346,142,84,0.777224507379878,0.90238861609703
"s__Blautia_sp._MCC270","s__Ruminococcus_champanellensis",-0.31215580487987,-0.114893186190139,137,84,0.141210174982322,0.377569017439026
"s__Ruminococcus_sp._Marseille_P6503","s__Ruminococcus_champanellensis",0.318758225278257,0.570226706283127,133,82,0.0270984887811502,0.198452987162725
"s__Ruminococcus_sp._M6_2020","s__Ruminococcus_champanellensis",0.385323696381533,0.538868077351423,142,84,0.164352701020989,0.414984536572085
"s__Blautia_sp._MSK20_18","s__Ruminococcus_champanellensis",-0.30883645667053,-0.0899868381087375,140,84,0.103105410745114,0.327857750864634
"s__Pseudoflavonifractor_phocaeensis","s__Ruminococcus_champanellensis",0.348185527388404,0.458681785967399,142,84,0.349657763739817,0.590765137686681
"s__Ruminococcus_sp._210702_SL_1_03","s__Ruminococcus_champanellensis",0.367035674949129,0.495121951219512,137,81,0.273098169928305,0.526703613194159
"s__Clostridium_sp._BIOML_A1","s__Ruminococcus_champanellensis",0.19004601054876,0.421544771018455,133,76,0.081132118727737,0.301472266942823
"s__Oscillibacter_sp._MCC667","s__Ruminococcus_champanellensis",0.475656498131775,0.594811300952941,142,83,0.237472306804201,0.4974201430089
"s__Streptococcus_salivarius","s__Ruminococcus_champanellensis",-0.317421680403394,-0.572871496562665,114,61,0.0485131028632705,0.242867229280847
"s__Yeguia_hominis","s__Ruminococcus_champanellensis",0.525276042507088,0.605507745266781,142,84,0.404952751960235,0.639831007490027
"s__Faecalibacillus_sp._MSK20_93","s__Ruminococcus_champanellensis",-0.123309066176285,-0.449073678818407,106,52,0.0403517782144665,0.230132280728939
"s__Clostridium_sp._AF36_4","s__Ruminococcus_champanellensis",0.181959973166369,0.509829118250171,129,76,0.0106209270672605,0.152189034101287
"s__Dysosmobacter_sp._BX15","s__Ruminococcus_champanellensis",0.487118147427347,0.527118928676378,140,83,0.709542602804695,0.861627663193757
"s__Clostridium_sp._AF37_5","s__Ruminococcus_champanellensis",0.302040474060823,0.260088855979267,129,73,0.756693875521101,0.889462933481955
"s__Intestinimonas_butyriciproducens","s__Ruminococcus_champanellensis",0.448032339251998,0.378171509567682,142,84,0.543133601400819,0.744454545722366
"s__Anaerotignum_faecicola","s__Ruminococcus_champanellensis",0.283642279207158,0.0722681667436296,141,83,0.119674334817646,0.350613527585544
"s__Phocea_massiliensis","s__Ruminococcus_champanellensis",0.290829039105934,0.432661739394553,142,84,0.246138676467382,0.503442223619277
"s__Intestinimonas_sp._MSJ_38","s__Ruminococcus_champanellensis",0.380176910293782,0.471924673483851,142,84,0.428058544757515,0.662210227359916
"s__Dysosmobacter_welbionis","s__Ruminococcus_champanellensis",0.312753114431268,0.268031475495478,141,82,0.7262820740413,0.871216166507459
"s__Collinsella_aerofaciens","s__Suilimivivens_aceti",-0.288864539104232,-0.459616019623567,148,86,0.150743321482407,0.393029782090977
"s__Blautia_wexlerae","s__Suilimivivens_aceti",-0.199843042604308,-0.491881692532667,148,86,0.0153144959080065,0.164970330798392
"s__Mediterraneibacter_faecis","s__Suilimivivens_aceti",-0.230216519765897,-0.429331572243974,148,86,0.105326358451141,0.330189012500888
"s__Blautia_obeum","s__Suilimivivens_aceti",-0.244909064659784,-0.523411481673664,148,86,0.0169044575711061,0.171487992882106
"s__Holdemanella_porci","s__Suilimivivens_aceti",-0.18229453251109,-0.365333603320846,138,84,0.160720531044843,0.409182704881402
"s__Blautia_massiliensis","s__Suilimivivens_aceti",-0.235365758855692,-0.373838388603236,148,86,0.270658738764446,0.524274846465718
"s__Anaerobutyricum_hallii","s__Suilimivivens_aceti",-0.27850312989335,-0.399933959149016,148,86,0.322732184144103,0.571090155282389
"s__Dorea_formicigenerans","s__Suilimivivens_aceti",-0.273790706197226,-0.394971460917968,148,86,0.325509007637969,0.571219725917493
"s__Bifidobacterium_longum","s__Suilimivivens_aceti",-0.227668796639707,-0.436295705469963,139,83,0.0966481090640303,0.320352910475913
"s__Cyclospora_cayetanensis","s__Suilimivivens_aceti",0.220203082139803,0.426538987688099,148,86,0.0946752000486255,0.318722942175102
"s__Bifidobacterium_catenulatum","s__Suilimivivens_aceti",-0.0827489481065919,-0.432028053769725,93,59,0.0270926016547912,0.198452987162725
"s__Blautia_luti","s__Suilimivivens_aceti",-0.0851790017657707,-0.348346620123591,148,86,0.0446165990848907,0.237362745014921
"s__Slackia_isoflavoniconvertens","s__Suilimivivens_aceti",-0.0715532418076449,-0.35900750035379,147,86,0.0283188936540122,0.202888448883072
"s__Ruminococcus_gnavus","s__Suilimivivens_aceti",-0.229242939693563,-0.359252794943158,148,86,0.304599296974287,0.556425803023507
"s__Oscillibacter_sp._ER4","s__Suilimivivens_aceti",0.139552826326563,0.3514599745271,145,86,0.103343356189957,0.327857750864634
"s__Vescimonas_coprocola","s__Suilimivivens_aceti",0.201320070926974,0.389424029435351,148,86,0.135607356024043,0.371300714463921
"s__Ruminococcus_flavefaciens","s__Suilimivivens_aceti",0.229579786567438,0.440822680315109,146,86,0.08495710589672,0.305502311173032
"s__Oscillibacter_valericigenes","s__Suilimivivens_aceti",0.288205614188356,0.43552054342186,148,86,0.220874553528302,0.478428934544957
"s__Butyrivibrio_crossotus","s__Suilimivivens_aceti",0.196641377382318,0.426910299003322,146,85,0.0656266337936096,0.275086720364539
"s__Roseburia_hominis","s__Suilimivivens_aceti",0.341049171346391,0.42819944336997,148,86,0.462842588055837,0.685198304056833
"s__Vescimonas_fastidiosa","s__Suilimivivens_aceti",0.234514910376979,0.517977263078447,144,86,0.0162835697819289,0.168672278554378
"s__Simiaoa_sunii","s__Suilimivivens_aceti",0.302641316328137,0.419444987297244,145,85,0.337066570942201,0.579006961773341
"s__Eggerthella_lenta","s__Suilimivivens_aceti",-0.289375391005305,-0.412859097127223,148,86,0.310037752818511,0.561222822403362
"s__Oscillibacter_sp._MSJ_31","s__Suilimivivens_aceti",0.287357667983891,0.472112565956615,147,85,0.119691852685498,0.350613527585544
"s__Bacteroides_caccae","s__Suilimivivens_aceti",0.200884795955218,0.377637130801688,143,80,0.176054732787462,0.428282075998448
"s__Pseudoflavonifractor_sp._MSJ_30","s__Suilimivivens_aceti",0.227106986455021,0.467182414264824,148,86,0.0470377792326192,0.241102185683687
"s__Blautia_sp._MCC270","s__Suilimivivens_aceti",-0.0604665287763879,-0.373027029576867,143,86,0.0174120934278121,0.173434835914944
"s__Adlercreutzia_equolifaciens","s__Suilimivivens_aceti",-0.0726866088901314,-0.36661163262418,147,86,0.024587781076871,0.193322353452484
"s__Ruminococcus_sp._210702_SL_1_03","s__Suilimivivens_aceti",0.14627999463783,0.465177784307964,139,83,0.0119294628546479,0.156585583042497
"s__Bifidobacterium_pseudocatenulatum","s__Suilimivivens_aceti",-0.104708660323634,-0.411980424638652,120,78,0.025389078948027,0.194287693003565
"s__Waltera_intestinalis","s__Suilimivivens_aceti",0.340736275219034,0.355510388437218,144,81,0.910953249362163,0.965800889959009
"s__Oscillibacter_sp._MCC667","s__Suilimivivens_aceti",0.334052721396921,0.437795583349619,148,85,0.382572678660152,0.620085586263441
"s__Porcipelethomonas_ammoniilytica","s__Suilimivivens_aceti",0.297906457686505,0.227055103884372,134,81,0.5930226943971,0.781081978564391
"s__Brotolimicola_acetigignens","s__Suilimivivens_aceti",0.294248005515611,0.40094252348146,143,82,0.393300865196673,0.630710203106731
"s__Waltera_sp._CLA_AA_H273","s__Suilimivivens_aceti",0.220074752833374,0.38979447200567,144,84,0.181597361424885,0.434137216878721
"s__Yeguia_hominis","s__Suilimivivens_aceti",0.15278262462283,0.408764564366244,146,86,0.0437443017314772,0.23728178809866
"s__Dysosmobacter_sp._BX15","s__Suilimivivens_aceti",0.225732168162494,0.41156927887434,145,85,0.137205460412881,0.37421832891905
"s__Intestinimonas_butyriciproducens","s__Suilimivivens_aceti",0.244150190458915,0.390876928156989,148,86,0.238670956971013,0.4974201430089
"s__Phocea_massiliensis","s__Suilimivivens_aceti",0.141625550627508,0.39259399028256,147,86,0.0497084329426182,0.245967339409589
"s__Ruminococcus_champanellensis","s__Suilimivivens_aceti",0.28122701392105,0.284053862508859,142,84,0.986539207417779,0.994944497409309
"s__Blautia_wexlerae","s__Pseudoflavonifractor_capillosus",-0.40309087611101,-0.370970328789094,149,86,0.778833155614065,0.903575523901187
"s__Dorea_longicatena","s__Pseudoflavonifractor_capillosus",-0.277290041719572,-0.263286004056795,149,86,0.908957150299481,0.964785074037011
"s__Fusicatenibacter_saccharivorans","s__Pseudoflavonifractor_capillosus",-0.324897514964629,-0.200471720364168,149,86,0.329780133448433,0.572832565339331
"s__Holdemanella_biformis","s__Pseudoflavonifractor_capillosus",-0.390520365592274,-0.223468664574263,148,84,0.182014883800745,0.434505931810252
"s__Ruminococcus_bromii","s__Pseudoflavonifractor_capillosus",0.379366765752192,0.231359969809897,148,86,0.234123598008028,0.492761469707431
"s__Blautia_obeum","s__Pseudoflavonifractor_capillosus",-0.279437692726283,-0.409726873909147,149,86,0.285754338506476,0.537474368092521
"s__Extibacter_muris","s__Pseudoflavonifractor_capillosus",-0.320174133865409,-0.281607623001085,149,86,0.754495613575769,0.888146248387643
"s__Holdemanella_porci","s__Pseudoflavonifractor_capillosus",-0.342362479422999,-0.158813404880024,138,84,0.162494927983169,0.411199453520323
"s__Coprococcus_comes","s__Pseudoflavonifractor_capillosus",-0.275363685833484,-0.453106278598047,149,86,0.137411992174054,0.37421832891905
"s__Anaerobutyricum_hallii","s__Pseudoflavonifractor_capillosus",-0.265662978414656,-0.419293362894476,149,86,0.208026877945816,0.465716706376433
"s__Dorea_formicigenerans","s__Pseudoflavonifractor_capillosus",-0.38867767095955,-0.21843483183169,149,86,0.170982550120735,0.423748025130614
"s__Methanobrevibacter_smithii","s__Pseudoflavonifractor_capillosus",0.611061168653508,0.465440115440115,85,55,0.242814754349984,0.500323511210062
"s__Oliverpabstia_intestinalis","s__Pseudoflavonifractor_capillosus",-0.299140806331602,-0.359605237443815,148,85,0.629114581141832,0.810863999566575
"s__Cyclospora_cayetanensis","s__Pseudoflavonifractor_capillosus",0.371496462905859,0.245266286145573,149,86,0.308563022414989,0.559396158252357
"s__Roseburia_inulinivorans","s__Pseudoflavonifractor_capillosus",-0.291822297574934,-0.201924619085806,148,86,0.485443442556687,0.701740226545795
"s__Oscillibacter_sp._ER4","s__Pseudoflavonifractor_capillosus",0.264363879703984,0.420670786357847,145,86,0.202331491618975,0.459892927744649
"s__Roseburia_intestinalis","s__Pseudoflavonifractor_capillosus",-0.292261926355886,-0.0894664842681259,149,86,0.125040405203928,0.357611865315889
"s__Vescimonas_coprocola","s__Pseudoflavonifractor_capillosus",0.461399215953387,0.495598849002311,148,86,0.754609902753097,0.888146248387643
"s__Eubacterium_ramulus","s__Pseudoflavonifractor_capillosus",-0.29025575911482,-0.144733242134063,149,86,0.265841398781027,0.518481231084586
"s__Blautia_stercoris","s__Pseudoflavonifractor_capillosus",-0.311978958824596,-0.0404641728383414,149,86,0.0406319511128345,0.231128222736386
"s__Ruminococcus_flavefaciens","s__Pseudoflavonifractor_capillosus",0.34271887207308,0.37093259115996,147,86,0.820186517903926,0.926503558968691
"s__Oscillibacter_valericigenes","s__Pseudoflavonifractor_capillosus",0.559317975693815,0.625284211519411,149,86,0.466927377087991,0.687987682007541
"s__Ruthenibacterium_lactatiformans","s__Pseudoflavonifractor_capillosus",0.425202249229095,0.321628378697108,149,86,0.378676134341519,0.616020447493134
"s__Flavonifractor_plautii","s__Pseudoflavonifractor_capillosus",0.498200616724107,0.419368838152743,149,86,0.463542982269141,0.68593989501875
"s__Vescimonas_fastidiosa","s__Pseudoflavonifractor_capillosus",0.464094526163492,0.48857964998349,144,86,0.825940641689374,0.92756033593777
"s__Mediterraneibacter_sp._NSJ_151","s__Pseudoflavonifractor_capillosus",-0.326101200501968,-0.110572601133477,148,85,0.100436754468062,0.322504200388109
"s__Oscillibacter_sp._MSJ_31","s__Pseudoflavonifractor_capillosus",0.460513490846172,0.619269102990033,147,85,0.105813296095938,0.33081084115812
"s__Holdemanella_sp._MSK_7_32","s__Pseudoflavonifractor_capillosus",-0.320227294898059,-0.197088137580614,135,85,0.347199305016499,0.588612887848507
"s__Pseudoflavonifractor_sp._MSJ_30","s__Pseudoflavonifractor_capillosus",0.548562396117526,0.559828293787443,148,86,0.914179286231659,0.966874042977536
"s__Ruminococcus_sp._Marseille_P6503","s__Pseudoflavonifractor_capillosus",0.42572073727879,0.473929330768452,138,84,0.673774237336346,0.840951616395283
"s__Ruminococcus_sp._M6_2020","s__Pseudoflavonifractor_capillosus",0.473541203167282,0.3731213736497,148,86,0.370875074369697,0.610258076917411
"s__Pseudoflavonifractor_phocaeensis","s__Pseudoflavonifractor_capillosus",0.649845818973336,0.745176659276381,149,86,0.178846641095721,0.431758022706543
"s__Ruminococcus_sp._210702_SL_1_03","s__Pseudoflavonifractor_capillosus",0.283368336386791,0.147936694513245,139,83,0.312916108132729,0.565365682184795
"s__Anaeromassilibacillus_sp._An200","s__Pseudoflavonifractor_capillosus",0.353177870108837,0.386838108737471,146,84,0.785242293491414,0.906570845352461
"s__Oscillibacter_sp._MCC667","s__Pseudoflavonifractor_capillosus",0.381673002957758,0.458706273206957,148,85,0.504486564946578,0.714845198537817
"s__Eubacterium_sp._AF22_8LB","s__Pseudoflavonifractor_capillosus",-0.323666586940923,-0.069419002050581,112,76,0.0794986794926438,0.301472266942823
"s__Porcipelethomonas_ammoniilytica","s__Pseudoflavonifractor_capillosus",0.295866532001646,0.427484191508582,134,81,0.293388543750764,0.544796545334167
"s__Streptococcus_salivarius","s__Pseudoflavonifractor_capillosus",-0.323564136398361,-0.540994623655914,120,63,0.0927487619180846,0.314348899933934
"s__Clostridium_perfringens","s__Pseudoflavonifractor_capillosus",0.285056828588781,0.282413688366913,146,84,0.979387881212991,0.993125234484607
"s__Yeguia_hominis","s__Pseudoflavonifractor_capillosus",0.424244936519719,0.516411151469409,146,86,0.3964954080138,0.63332452770992
"s__Clostridium_sp._AF36_4","s__Pseudoflavonifractor_capillosus",0.426421710069761,0.206919662615865,132,78,0.0911875636041545,0.311968719767487
"s__Dysosmobacter_sp._BX15","s__Pseudoflavonifractor_capillosus",0.460310605111199,0.425190541332812,146,85,0.747266651900236,0.884910356682879
"s__Clostridium_sp._AF37_5","s__Pseudoflavonifractor_capillosus",0.356903112598321,0.219489078119215,133,74,0.308231618197905,0.559396158252357
"s__Intestinimonas_butyriciproducens","s__Pseudoflavonifractor_capillosus",0.565916923635044,0.444011509976886,149,86,0.230090754834489,0.487440612236507
"s__Phocea_massiliensis","s__Pseudoflavonifractor_capillosus",0.537431336844253,0.530336336619652,147,86,0.935211920642112,0.974899604452326
"s__Intestinimonas_sp._MSJ_38","s__Pseudoflavonifractor_capillosus",0.328661342359973,0.464295485636115,147,86,0.246116567513776,0.503442223619277
"s__Dysosmobacter_welbionis","s__Pseudoflavonifractor_capillosus",0.410344827586207,0.465870203503088,145,84,0.628473203578071,0.810863999566575
"s__Ruminococcus_champanellensis","s__Pseudoflavonifractor_capillosus",0.278133912835741,0.33358307178293,142,84,0.666855994744967,0.8363668001196
"s__Ruminococcus_callidus","s__Clostridium_sp._AF43_10",0.17261258817146,0.408330288637194,96,69,0.110099744509319,0.336862118654403
"s__Prevotella_hominis","s__Clostridium_sp._AF43_10",0.35884303765585,0.300344992571328,83,62,0.700827194465474,0.85806657077427
"s__Simiaoa_sunii","s__Clostridium_sp._AF43_10",0.216008310540711,0.45230369889682,97,68,0.0993170332727181,0.320653865212621
"s__Ruminococcus_sp._210702_SL_1_03","s__Clostridium_sp._AF43_10",-0.0401455767077268,0.423258041344082,95,67,0.00269505854551639,0.0907452832072237
"s__Clostridium_sp._D43t1_170807_D5","s__Clostridium_sp._AF43_10",0.846861998760733,0.76031746031746,78,55,0.166739548509004,0.419054424479112
"s__Waltera_intestinalis","s__Clostridium_sp._AF43_10",0.201651735722284,0.468717792113601,95,68,0.0627386011279551,0.273247152223506
"s__Brotolimicola_acetigignens","s__Clostridium_sp._AF43_10",0.210485482852935,0.389510249265183,97,68,0.224996590491281,0.482132551092431
"s__Waltera_sp._CLA_AA_H273","s__Clostridium_sp._AF43_10",0.23715409658166,0.49811047066458,96,68,0.061277214014283,0.271192593506721
"s__Clostridium_sp._1001270H_150608_G6","s__Clostridium_sp._AF43_10",0.900733166120008,0.877059677281653,72,52,0.536531841241109,0.740125552357872
"s__Clostridium_sp._AM42_36","s__Clostridium_sp._AF43_10",0.75956653160975,0.698274471859378,72,53,0.475147310375855,0.69356179982282
"s__Clostridium_sp._AM49_4BH","s__Clostridium_sp._AF43_10",0.0488747606834519,0.394923776837736,94,67,0.0248735286124561,0.193968401129788
"s__Catenibacterium_mitsuokai","s__Faecalibacillus_sp._H12",-0.383347738403918,-0.24630021141649,90,43,0.422320810889827,0.658368662126072
"s__Anaerostipes_hadrus","s__Faecalibacillus_sp._H12",0.346505875077304,0.446088794926004,99,44,0.537910688028135,0.741730094678732
"s__Paratractidigestivibacter_faecalis","s__Faecalibacillus_sp._H12",-0.399405632341148,-0.324216027874564,86,41,0.652146098180558,0.826356091246477
"s__Collinsella_bouchesdurhonensis","s__Faecalibacillus_sp._H12",-0.371231016174836,-0.196823596142938,90,42,0.322273650726681,0.571041346289574
"s__Olsenella_uli","s__Faecalibacillus_sp._H12",-0.365458945923491,-0.400634249471459,94,43,0.839477061760114,0.934562986067955
"s__Faecalibacillus_intestinalis","s__Faecalibacillus_sp._H12",0.790198295813171,0.599859055673009,97,44,0.0413038913016808,0.232859151125377
"s__Faecalibacillus_faecis","s__Faecalibacillus_sp._H12",0.516203634627436,0.540803382663848,93,44,0.870748752635067,0.949524601824355
"s__Faecalibacillus_sp._MSK20_93","s__Faecalibacillus_sp._H12",0.843143544506816,0.821862348178138,86,38,0.707707264889056,0.86030586212565
"s__Blautia_stercoris","s__Ruminococcus_sp._NSJ_13",0.159927570461345,0.384619894469416,145,85,0.080491099792071,0.301472266942823
"s__Mediterraneibacter_sp._NSJ_151","s__Ruminococcus_sp._NSJ_13",0.773338156096777,0.665077193668165,144,85,0.100690959389954,0.323018851998182
"s__Pseudoflavonifractor_capillosus","s__Ruminococcus_sp._NSJ_13",-0.279900803023146,-0.0231971858510846,145,85,0.0574222897397637,0.265991487869591
"s__Romboutsia_timonensis","s__Turicibacter_sanguinis",0.52076835215042,0.280010370754472,103,57,0.086314770155309,0.305502311173032
"s__Faecalibacterium_sp._HTFF","s__Turicibacter_sanguinis",-0.323487204018177,-0.209669352597944,112,60,0.451640523372645,0.678630857850311
"s__Intestinibacter_bartlettii","s__Turicibacter_sanguinis",0.417106848299509,0.572413793103448,109,59,0.217066120795657,0.473442354374203
"s__Clostridium_sp._1001271B_151109_B4","s__Turicibacter_sanguinis",0.435024416711883,0.199351148296764,96,52,0.135237854126299,0.371300714463921
"s__Clostridium_saudiense","s__Turicibacter_sanguinis",0.524020156774916,0.417498291182502,95,56,0.422841202745033,0.658582833442105
"s__Clostridium_sp._D43t1_170807_H7","s__Turicibacter_sanguinis",0.396302335367137,0.126794258373206,97,56,0.0904001603094007,0.310725310642861
"s__Negativibacillus_massiliensis","s__Turicibacter_sanguinis",0.0144019541874233,-0.552250146113384,102,59,0.000160092750611161,0.0275279484675892
"s__Clostridium_sp._AM42_36","s__Turicibacter_sanguinis",-0.113492822966507,-0.457959183673469,76,49,0.0453686599034834,0.239298805840613
"s__Clostridium_sp._1001270J_160509_D11","s__Turicibacter_sanguinis",0.40717377860235,0.348235294117647,99,51,0.691329462533544,0.85522551459465
"s__Clostridium_sp._AF43_10","s__Turicibacter_sanguinis",-0.381572112098428,0.0174309723889556,76,50,0.0259032214717403,0.195230652043199
"s__Bifidobacterium_longum","s__Jingyaoa_shaoxingensis",-0.220058983868806,-0.381931908819949,139,83,0.208861506032424,0.465991202076265
"s__Phocaeicola_vulgatus","s__Jingyaoa_shaoxingensis",-0.123207853792705,-0.359177319684891,148,86,0.06886346386169,0.281930300262324
"s__Bacteroides_uniformis","s__Jingyaoa_shaoxingensis",-0.168150684931507,-0.362789135636623,145,83,0.135454071311142,0.371300714463921
"s__Blautia_stercoris","s__Jingyaoa_shaoxingensis",0.284708869943769,0.272493985565357,149,86,0.919551770479209,0.966874042977536
"s__Olsenella_uli","s__Jingyaoa_shaoxingensis",0.0748961856243846,0.36219499848132,141,84,0.0307062506778804,0.20797255177117
"s__Parabacteroides_merdae","s__Jingyaoa_shaoxingensis",-0.206048549151997,-0.425569875320096,144,83,0.0818501507382385,0.302020030460088
"s__Blautia_sp._OF03_15BH","s__Jingyaoa_shaoxingensis",0.32992518610927,0.346931459031086,148,86,0.894296143757985,0.957847822311387
"s__Bacteroides_thetaiotaomicron","s__Jingyaoa_shaoxingensis",-0.152558765083227,-0.395889792231256,147,81,0.0613308809728683,0.271192593506721
"s__Blautia_sp._Marseille_P3087","s__Jingyaoa_shaoxingensis",0.290782084645939,0.241228359828294,148,86,0.696038135874466,0.85733350618635
"s__Phocaeicola_massiliensis","s__Jingyaoa_shaoxingensis",-0.230341728993212,-0.386866298258703,142,78,0.230316939776115,0.487440612236507
"s__Blautia_sp._MSJ_19","s__Jingyaoa_shaoxingensis",0.308147347457031,0.295344120005661,148,86,0.914513673956406,0.966874042977536
"s__Collinsella_aerofaciens","s__Dorea_ammoniilytica",0.351558653572076,0.310114407208667,148,84,0.733542023797076,0.875009025264705
"s__Blautia_wexlerae","s__Dorea_ammoniilytica",0.329136697305441,0.441206844183457,148,84,0.347451050401998,0.588612887848507
"s__Prevotella_copri","s__Dorea_ammoniilytica",-0.277979355645918,-0.3653342366757,139,81,0.497939517239633,0.710131106760186
"s__Mediterraneibacter_faecis","s__Dorea_ammoniilytica",0.271936091686811,0.218689885592791,148,84,0.680789288371074,0.845821662828079
"s__Fusicatenibacter_saccharivorans","s__Dorea_ammoniilytica",0.0442738314262763,0.356079781310114,148,84,0.0187339944097618,0.174935012587289
"s__Blautia_obeum","s__Dorea_ammoniilytica",0.33936854262837,0.351584489217374,148,84,0.925860089002663,0.970150166386398
"s__Dorea_formicigenerans","s__Dorea_ammoniilytica",0.382206065811051,0.377483041409335,148,84,0.962664372147258,0.988204150444876
"s__Phocaeicola_vulgatus","s__Dorea_ammoniilytica",-0.0103438635728264,-0.353710640882859,147,84,0.010107740067305,0.148978653411758
"s__Cyclospora_cayetanensis","s__Dorea_ammoniilytica",-0.396169351107031,-0.396962640477878,148,84,0.999410431366825,0.999807399048696
"s__Ruminococcus_torques","s__Dorea_ammoniilytica",0.361620214927981,0.300475852991799,148,84,0.617441001888844,0.80331609528012
"s__Ruminococcus_gnavus","s__Dorea_ammoniilytica",0.4397509411891,0.305112888528906,148,84,0.257362872018994,0.512693948794509
"s__Oscillibacter_sp._ER4","s__Dorea_ammoniilytica",-0.454916548575028,-0.444588437784752,145,84,0.919649315245201,0.966874042977536
"s__Prevotella_stercorea","s__Dorea_ammoniilytica",-0.251422250747655,-0.38498974709501,130,76,0.315647168424123,0.566846272694809
"s__Vescimonas_coprocola","s__Dorea_ammoniilytica",-0.392289838119177,-0.404920522425838,148,84,0.920112913089801,0.966874042977536
"s__Oscillibacter_valericigenes","s__Dorea_ammoniilytica",-0.357400134006078,-0.299564645135163,148,84,0.637051855060377,0.817775785573959
"s__Vescimonas_fastidiosa","s__Dorea_ammoniilytica",-0.379615786512338,-0.444325199959502,144,84,0.58248540999528,0.772051300584871
"s__Simiaoa_sunii","s__Dorea_ammoniilytica",-0.193725397575185,-0.452143067041686,145,83,0.0386344260326114,0.224629732088507
"s__Anaerotardibacter_sp._CLA_AA_M13","s__Dorea_ammoniilytica",0.0610586110610084,0.382393686243231,138,83,0.0160827674791744,0.168220911974761
"s__Eggerthella_lenta","s__Dorea_ammoniilytica",0.322243898466334,0.246633593196315,148,84,0.550989634155276,0.749546420830694
"s__Oscillibacter_sp._MSJ_31","s__Dorea_ammoniilytica",-0.322862280787917,-0.329634504404171,147,84,0.961531294967847,0.988204150444876
"s__Bacteroides_caccae","s__Dorea_ammoniilytica",-0.275710791555862,-0.408743155578599,143,78,0.296508821665113,0.547339687443008
"s__Bacteroides_ovatus","s__Dorea_ammoniilytica",-0.207495378185033,-0.448840633051159,144,77,0.0595413099220802,0.268389073557926
"s__Pseudoflavonifractor_sp._MSJ_30","s__Dorea_ammoniilytica",-0.30767351380966,-0.311410347271439,148,84,0.981001066706893,0.993229729175272
"s__Ruminococcus_sp._M6_2020","s__Dorea_ammoniilytica",-0.2102155572913,-0.381006378454996,148,84,0.179357750013147,0.431758022706543
"s__Collinsella_sp._TF05_9AC","s__Dorea_ammoniilytica",0.112929882372145,0.374988279418659,133,80,0.0524829959030226,0.254397001673871
"s__Bacteroides_thetaiotaomicron","s__Dorea_ammoniilytica",-0.220217288615966,-0.422784810126582,146,79,0.112573180555881,0.340313783675384
"s__Blautia_hansenii","s__Dorea_ammoniilytica",0.294309924223635,0.00899058418548142,148,84,0.0344572604472247,0.214995876370544
"s__Dorea_sp._AF36_15AT","s__Dorea_ammoniilytica",0.697042611711835,0.760858560291586,148,84,0.332196603223409,0.575238730355137
"s__Roseburia_sp._CLA_AA_H204","s__Dorea_ammoniilytica",-0.314259473879863,-0.129426377597109,140,81,0.169676469463806,0.422532497093431
"s__Bacteroides_xylanisolvens","s__Dorea_ammoniilytica",-0.156456219836502,-0.455675903044324,143,77,0.021026913129953,0.186024486279693
"s__Waltera_intestinalis","s__Dorea_ammoniilytica",-0.10232296439193,-0.444896115627823,144,81,0.00817401351879142,0.137124060932311
"s__Oscillibacter_sp._MCC667","s__Dorea_ammoniilytica",-0.32908487175026,-0.463804799028045,148,84,0.252682815689989,0.508845724213644
"s__Dorea_sp._AM58_8","s__Dorea_ammoniilytica",0.637343273968394,0.672916877594411,148,84,0.6628270033482,0.833746183070395
"s__Solobacterium_moorei","s__Dorea_ammoniilytica",-0.309324772933945,0.137122736418511,118,71,0.00290582666664675,0.0925290546907238
"s__Prevotella_sp._Marseille_P4119","s__Dorea_ammoniilytica",-0.163355563355563,-0.389395732335764,111,68,0.119973064423627,0.351138186002428
"s__Prevotella_pectinovora","s__Dorea_ammoniilytica",-0.357084636369685,-0.409815414224477,113,70,0.696372850067651,0.857387897963368
"s__Yeguia_hominis","s__Dorea_ammoniilytica",-0.272285579323841,-0.310802875367014,146,84,0.767192178573324,0.895586564951956
"s__Faecalibacillus_sp._MSK20_93","s__Dorea_ammoniilytica",0.337646236728806,0.0657389225646717,110,52,0.0988466170441893,0.320653865212621
"s__Dysosmobacter_sp._BX15","s__Dorea_ammoniilytica",-0.392268934026138,-0.348746903992276,145,83,0.714032321703041,0.863720420097347
"s__Intestinimonas_sp._MSJ_38","s__Dorea_ammoniilytica",-0.241267406629442,-0.383071782930039,147,84,0.261187639823149,0.515188060550887
"s__Ruminococcus_callidus","s__Clostridium_sp._OM08_29",0.203564995826561,0.49616368286445,103,69,0.0346011551465885,0.215111810772751
"s__Prevotella_hominis","s__Clostridium_sp._OM08_29",0.378800029160895,0.404137864823349,87,63,0.864383356715252,0.946647905182187
"s__Lachnospira_eligens","s__Clostridium_sp._OM08_29",0.186180800331744,0.403032517354768,105,69,0.133846268260788,0.369716720119558
"s__Simiaoa_sunii","s__Clostridium_sp._OM08_29",0.313165475301398,0.392838874680307,104,69,0.570764254793497,0.76270813786848
"s__Clostridium_sp._D43t1_170807_D5","s__Clostridium_sp._OM08_29",0.843121615381386,0.840832123850992,83,53,0.952186319876591,0.983609588904214
"s__Waltera_intestinalis","s__Clostridium_sp._OM08_29",0.270647542063876,0.408100164140932,103,68,0.333604811811895,0.57651605418146
"s__Clostridium_sp._1001270H_150608_G6","s__Clostridium_sp._OM08_29",0.824331926863572,0.863721488595438,80,50,0.469010030049123,0.688695769999545
"s__Clostridium_sp._AM42_36","s__Clostridium_sp._OM08_29",0.703026196928636,0.659005145797599,81,54,0.64076846043788,0.819699096495709
"s__Clostridium_sp._AF43_10","s__Clostridium_sp._OM08_29",0.834034386665966,0.797943873298138,77,60,0.534019771494156,0.738437472524488
"s__Fusicatenibacter_saccharivorans","s__Terrisporobacter_mayombei",-0.335677502213245,-0.163877168307548,134,80,0.201001850456693,0.458194064605912
"s__Paratractidigestivibacter_faecalis","s__Terrisporobacter_mayombei",0.31200537581395,-0.125539923485129,118,73,0.00320787607760232,0.0993100757848638
"s__Butyrivibrio_crossotus","s__Terrisporobacter_mayombei",0.110491629344732,0.3662852969815,133,79,0.0603089260996977,0.269165196463275
"s__Olsenella_uli","s__Terrisporobacter_mayombei",0.329285011248594,-0.0479308666017527,127,79,0.00767609338168144,0.134117881318168
"s__Gallintestinimicrobium_propionicum","s__Terrisporobacter_mayombei",-0.292029259036329,-0.0114158462259728,133,80,0.0449571885040531,0.237858109639137
"s__Intestinibacter_bartlettii","s__Terrisporobacter_mayombei",0.505259842519685,0.302850796001481,126,73,0.103484915726801,0.328004262842828
"s__Clostridium_saudiense","s__Terrisporobacter_mayombei",0.328828077451931,0.396480166014846,110,67,0.628501303416465,0.810863999566575
"s__Butyricicoccus_sp._BIOML_A1","s__Terrisporobacter_mayombei",-0.326538066192546,-0.0488751754574539,132,78,0.0464834658900507,0.241102185683687
"s__Clostridium_sp._1001270J_160509_D11","s__Terrisporobacter_mayombei",0.543184625665742,0.453846153846154,114,64,0.450271576349146,0.678503760773988
"s__Turicibacter_sanguinis","s__Terrisporobacter_mayombei",0.34533485382542,0.381998831092928,105,59,0.807013080695295,0.919893266327848
"s__Blautia_wexlerae","s__Clostridium_sp._AF23_8",-0.319109675931265,-0.283543917242432,116,68,0.797950338822476,0.91502207909653
"s__Prevotella_copri","s__Clostridium_sp._AF23_8",0.3996138996139,0.203607630297709,112,67,0.169316120801317,0.421940680750527
"s__Blautia_obeum","s__Clostridium_sp._AF23_8",-0.348979356475608,-0.201320761919304,116,68,0.303571294402956,0.555850586045958
"s__Ruminococcus_callidus","s__Clostridium_sp._AF23_8",0.33234435413872,0.524945604458526,115,68,0.131417710682998,0.367734342586518
"s__Ruminococcus_gnavus","s__Clostridium_sp._AF23_8",-0.35380002306539,-0.173111424972325,116,68,0.211134329865415,0.469051008014963
"s__Prevotella_stercorea","s__Clostridium_sp._AF23_8",0.455858125299141,0.234879032258065,106,63,0.120082846180409,0.35116063606669
"s__Prevotella_hominis","s__Clostridium_sp._AF23_8",0.417834987790805,0.314195059303468,98,62,0.468005899103776,0.688102730661772
"s__Lachnospira_eligens","s__Clostridium_sp._AF23_8",0.198154768769461,0.40855823185861,116,68,0.138044908103511,0.375161283430181
"s__Phascolarctobacterium_succinatutens","s__Clostridium_sp._AF23_8",0.404307428722049,0.191992986557569,103,59,0.160817280280401,0.409182704881402
"s__Simiaoa_sunii","s__Clostridium_sp._AF23_8",0.285126667435513,0.39515975111654,116,68,0.429696050891419,0.66293380117065
"s__Phascolarctobacterium_sp._Marseille_Q4147","s__Clostridium_sp._AF23_8",0.398227886752125,0.20655737704918,102,60,0.202828118329894,0.460229988408135
"s__Eggerthella_lenta","s__Clostridium_sp._AF23_8",-0.395233152654442,-0.407184028705577,116,68,0.93383700536592,0.97461511414844
"s__Mitsuokella_jalaludinii","s__Clostridium_sp._AF23_8",0.150394236340278,0.441061670569867,106,62,0.0506498813298874,0.249191619303981
"s__Clostridium_sp._D43t1_170807_D5","s__Clostridium_sp._AF23_8",0.75812651767708,0.804764627406137,90,54,0.507559643727766,0.716834713710464
"s__Waltera_intestinalis","s__Clostridium_sp._AF23_8",0.250748263502157,0.419893539296524,114,66,0.230280306461831,0.487440612236507
"s__Prevotella_sp._Marseille_P4119","s__Clostridium_sp._AF23_8",0.40575689038502,0.0677381648158971,97,59,0.0324001725593435,0.212650941653917
"s__Prevotella_pectinovora","s__Clostridium_sp._AF23_8",0.449163686092994,0.0642956376771325,97,60,0.012889669530537,0.16146470063461
"s__Clostridium_sp._1001270H_150608_G6","s__Clostridium_sp._AF23_8",0.789471474749171,0.778845054316752,83,54,0.866453323087156,0.947402407273034
"s__Clostridium_sp._AM42_36","s__Clostridium_sp._AF23_8",0.753347886318794,0.752092352092352,83,55,0.976411094878683,0.992976983620747
"s__Clostridium_sp._AF43_10","s__Clostridium_sp._AF23_8",0.733270437284778,0.777771603223118,86,60,0.554534636694035,0.752285844414512
"s__Clostridium_sp._OM08_29","s__Clostridium_sp._AF23_8",0.771329793801704,0.791664351208669,90,60,0.769666578473254,0.897795067355006
"s__Phocaeicola_vulgatus","s__Mediterraneibacter_butyricigenes",0.023898984589301,-0.38546023060387,148,85,0.0019518351248483,0.0828686542512751
"s__Anaerobutyricum_soehngenii","s__Mediterraneibacter_butyricigenes",0.321890077997461,0.163631033808872,149,85,0.222016172358118,0.479825347404303
"s__Lentihominibacter_faecis","s__Mediterraneibacter_butyricigenes",0.326667579783591,0.231795974203635,148,85,0.454800320542607,0.679515938182222
"s__Brotomerdimonas_butyrica","s__Mediterraneibacter_butyricigenes",0.246881351578025,0.359116669923783,147,85,0.37594520015374,0.614653802897487
"s__Prevotella_sp._Marseille_P4119","s__Mediterraneibacter_butyricigenes",-0.02999297999298,-0.420124441729969,111,68,0.00822765603651117,0.13735392771632
"s__Blautia_wexlerae","s__Oribacterium_sp._oral_taxon_102",-0.294272628779671,-0.456332894603625,143,84,0.178727834576918,0.431758022706543
"s__Prevotella_copri","s__Oribacterium_sp._oral_taxon_102",0.334625120013965,0.343518518518519,134,81,0.948933121490308,0.982058683359967
"s__Dorea_longicatena","s__Oribacterium_sp._oral_taxon_102",-0.114305295643324,-0.391130910195403,143,84,0.033753816578942,0.213915117364569
"s__Blautia_obeum","s__Oribacterium_sp._oral_taxon_102",-0.302862044059227,-0.35721372886504,143,84,0.667681902400489,0.836546703119051
"s__Coprococcus_comes","s__Oribacterium_sp._oral_taxon_102",-0.355707672609081,-0.376895818568391,143,84,0.86656973202455,0.947402407273034
"s__Anaerostipes_hadrus","s__Oribacterium_sp._oral_taxon_102",-0.34965034965035,-0.348790118457021,143,84,0.989428475737632,0.994944497409309
"s__Bifidobacterium_longum","s__Oribacterium_sp._oral_taxon_102",-0.140367880352169,-0.401464938344163,133,82,0.0479487799649748,0.242851037260012
"s__Phocaeicola_vulgatus","s__Oribacterium_sp._oral_taxon_102",-0.274043307606388,0.0411865951199757,142,84,0.0215643630049035,0.186024486279693
"s__Mogibacterium_kristiansenii","s__Oribacterium_sp._oral_taxon_102",0.327860941060816,0.131144788212082,139,83,0.13962435623239,0.376898085622598
"s__Ruminococcus_torques","s__Oribacterium_sp._oral_taxon_102",-0.347192127121705,-0.381168370962843,143,84,0.78488848915293,0.906570845352461
"s__Ruminococcus_callidus","s__Oribacterium_sp._oral_taxon_102",0.196900552249668,0.358772906753063,141,84,0.212481090378631,0.470749244019566
"s__Blautia_faecis","s__Oribacterium_sp._oral_taxon_102",-0.386991529597163,-0.490979042219297,143,84,0.361085591649064,0.602802596932588
"s__Blautia_glucerasea","s__Oribacterium_sp._oral_taxon_102",-0.142195246068485,-0.378576490837299,143,84,0.0694411786291286,0.282748884106976
"s__Bacteroides_uniformis","s__Oribacterium_sp._oral_taxon_102",-0.288836894010627,0.0573170731707317,140,81,0.0127521630152519,0.16146470063461
"s__Ruminococcus_gnavus","s__Oribacterium_sp._oral_taxon_102",-0.420142650776454,-0.307056798623064,143,84,0.348255552307043,0.589395100582638
"s__Oscillibacter_sp._ER4","s__Oribacterium_sp._oral_taxon_102",0.320120724346076,0.41267591373899,141,84,0.450123770581958,0.678503760773988
"s__Prevotella_stercorea","s__Oribacterium_sp._oral_taxon_102",0.420202764976959,0.408749145591251,125,76,0.920004946708172,0.966874042977536
"s__Prevotella_hominis","s__Oribacterium_sp._oral_taxon_102",0.366988416988417,0.2713357772204,111,72,0.488013109380027,0.703195807554654
"s__Vescimonas_coprocola","s__Oribacterium_sp._oral_taxon_102",0.199230496803167,0.436731801154197,142,84,0.0586284770787819,0.267050771753551
"s__Ruminococcus_flavefaciens","s__Oribacterium_sp._oral_taxon_102",0.311797582100249,0.492396476662954,142,84,0.124340584508663,0.357232472953459
"s__Prevotella_sp._885","s__Oribacterium_sp._oral_taxon_102",0.386968691685673,0.272769344687153,105,73,0.408043317407868,0.643807307589239
"s__Oscillibacter_valericigenes","s__Oribacterium_sp._oral_taxon_102",0.212334613743064,0.367824238128987,143,84,0.226543239292692,0.484202734572757
"s__Ruminococcus_sp._NSJ_71","s__Oribacterium_sp._oral_taxon_102",0.289477424905547,0.180671859785784,134,79,0.423572011679661,0.659422430134157
"s__Prevotellamassilia_timonensis","s__Oribacterium_sp._oral_taxon_102",0.391388920924153,0.235842162952137,116,69,0.26383966501627,0.517173700344536
"s__Olsenella_uli","s__Oribacterium_sp._oral_taxon_102",0.279369761233595,0.119056170481384,137,82,0.238837470170651,0.4974201430089
"s__Vescimonas_fastidiosa","s__Oribacterium_sp._oral_taxon_102",0.304910312941479,0.57861698896426,141,84,0.0142489275307741,0.163446396313694
"s__Faecalicatena_fissicatena","s__Oribacterium_sp._oral_taxon_102",-0.293189205161036,-0.19179912929027,143,84,0.439273497749383,0.669322799627882
"s__Senegalimassilia_faecalis","s__Oribacterium_sp._oral_taxon_102",0.341401332367554,-0.127534528357332,133,83,0.000696739131529085,0.0557229272867098
"s__Eggerthella_lenta","s__Oribacterium_sp._oral_taxon_102",-0.233477789815818,-0.359096891768756,143,84,0.327674725321169,0.572307455753936
"s__Oscillibacter_sp._MSJ_31","s__Oribacterium_sp._oral_taxon_102",0.338788870703764,0.376308595727448,142,84,0.764027490191101,0.893675275980691
"s__Pseudoflavonifractor_sp._MSJ_30","s__Oribacterium_sp._oral_taxon_102",0.22029543725678,0.393155816543485,142,84,0.174134396149476,0.426444412516351
"s__Ruminococcus_sp._M6_2020","s__Oribacterium_sp._oral_taxon_102",0.277660307927015,0.399048294016402,142,84,0.330763300567674,0.573742891634248
"s__Megasphaera_elsdenii","s__Oribacterium_sp._oral_taxon_102",0.312861415752742,0.453121066271751,119,74,0.278986265824996,0.53176849955453
"s__Ruminococcus_sp._210702_SL_1_03","s__Oribacterium_sp._oral_taxon_102",0.256921238822409,0.399614719038757,137,82,0.262747093215004,0.516630791061407
"s__Oscillibacter_sp._MCC667","s__Oribacterium_sp._oral_taxon_102",0.187298167819594,0.488488407411157,142,84,0.0143467627629439,0.163446396313694
"s__Solobacterium_moorei","s__Oribacterium_sp._oral_taxon_102",0.390720024603083,0.366599597585513,116,71,0.849720448888774,0.9409965868712
"s__Prevotella_sp._Marseille_P4119","s__Oribacterium_sp._oral_taxon_102",0.424659438420906,0.257243195785777,109,68,0.227400492253896,0.485431590851117
"s__Prevotella_pectinovora","s__Oribacterium_sp._oral_taxon_102",0.406225441623672,0.349558218878488,112,70,0.666766356308005,0.8363668001196
"s__Yeguia_hominis","s__Oribacterium_sp._oral_taxon_102",0.278410890877178,0.339313556748,141,84,0.635695181885263,0.816338958365729
"s__Faecalibacillus_sp._MSK20_93","s__Oribacterium_sp._oral_taxon_102",-0.372325364637126,-0.169650056442509,106,53,0.202493916866264,0.459958111032419
"s__Clostridium_spiroforme","s__Oribacterium_sp._oral_taxon_102",-0.327984508675868,-0.257679409792086,122,71,0.610496616347509,0.798591808147236
"s__Intestinimonas_sp._MSJ_38","s__Oribacterium_sp._oral_taxon_102",0.233392918139697,0.45422699200162,142,84,0.0733227622396226,0.29320578993263
"s__Suilimivivens_aceti","s__Oribacterium_sp._oral_taxon_102",0.185902500256711,0.359339880530525,142,84,0.182065439877456,0.434505931810252
"s__Mediterraneibacter_faecis","s__Dorea_sp._AF24_7LB",0.147111047306742,0.381243129700373,147,82,0.0724713331860637,0.290138434024299
"s__Dorea_formicigenerans","s__Dorea_sp._AF24_7LB",0.382194047556083,0.436118457570118,147,82,0.65058219251252,0.825286669144432
"s__Phocaeicola_vulgatus","s__Dorea_sp._AF24_7LB",-0.334873184039794,-0.29791795909927,146,82,0.765793086545576,0.894856413397973
"s__Mogibacterium_kristiansenii","s__Dorea_sp._AF24_7LB",0.0130576320231493,0.507000903342367,144,81,0.000120810333575236,0.0273030864084864
"s__Bacteroides_uniformis","s__Dorea_sp._AF24_7LB",-0.340584884598969,-0.356085686465433,143,79,0.907480866332351,0.96411081226968
"s__Parolsenella_catena","s__Dorea_sp._AF24_7LB",0.075852534562212,0.429324894514768,125,80,0.00891284807248578,0.141790133734341
"s__Senegalimassilia_anaerobia","s__Dorea_sp._AF24_7LB",-0.0543073947329266,0.408474004418759,142,82,0.000570628736817178,0.052994749617674
"s__Anthropogastromicrobium_aceti","s__Dorea_sp._AF24_7LB",-0.0290418671011154,-0.455295436488501,146,82,0.00104332798800645,0.0640715169777533
"s__Oscillibacter_valericigenes","s__Dorea_sp._AF24_7LB",-0.278347399678124,-0.159086209335989,147,82,0.370172798038434,0.60939408925523
"s__Lachnoclostridium_sp._210928_DFI_6_3","s__Dorea_sp._AF24_7LB",-0.0615833073130046,-0.42962962962963,142,80,0.00539463040094665,0.112953552375992
"s__Senegalimassilia_faecalis","s__Dorea_sp._AF24_7LB",-0.0186250655980154,0.417502258355917,136,81,0.00123904165123159,0.067635940295007
"s__Alistipes_putredinis","s__Dorea_sp._AF24_7LB",-0.2431930453625,-0.420222092343659,123,59,0.2230924419316,0.480109454194476
"s__Oscillibacter_sp._MSJ_31","s__Dorea_sp._AF24_7LB",-0.293744517173898,-0.272854561878952,146,81,0.867931897996993,0.948163213853767
"s__Bacteroides_caccae","s__Dorea_sp._AF24_7LB",-0.319324966313279,-0.397730690362269,142,76,0.540193948985987,0.743116288443784
"s__Bacteroides_ovatus","s__Dorea_sp._AF24_7LB",-0.292228897862701,-0.30969030969031,143,77,0.89927099228786,0.960818038403743
"s__Pseudoflavonifractor_sp._MSJ_30","s__Dorea_sp._AF24_7LB",-0.280965477638667,-0.152381885264636,147,82,0.334469132249267,0.577429390464473
"s__Bacteroides_fragilis","s__Dorea_sp._AF24_7LB",-0.302986800051379,-0.274525745257453,147,81,0.821431433852239,0.926503558968691
"s__Bacteroides_thetaiotaomicron","s__Dorea_sp._AF24_7LB",-0.369713430955755,-0.504527750730282,145,79,0.244755313837602,0.502815725380833
"s__Dorea_sp._AF36_15AT","s__Dorea_sp._AF24_7LB",0.218562286076963,0.399593495934959,147,81,0.156363782501173,0.40399784644273
"s__Paraprevotella_clara","s__Dorea_sp._AF24_7LB",-0.150453430065081,-0.433653846153846,104,65,0.0545791679602356,0.25747291991118
"s__Bacteroides_xylanisolvens","s__Dorea_sp._AF24_7LB",-0.304312109826045,-0.278195488721804,142,77,0.838706662961189,0.934341501109015
"s__Dorea_sp._AM58_8","s__Dorea_sp._AF24_7LB",0.239714693726435,0.450245426149041,147,82,0.0883783371221268,0.309189319799587
"s__Clostridium_sp._AF36_4","s__Dorea_sp._AF24_7LB",-0.296343351305183,-0.261073676416142,131,74,0.792673184740499,0.910043394120725
"s__Clostridium_sp._1001270H_150608_G6","s__Dorea_sp._AF24_7LB",-0.411219492118369,-0.0606040964480166,90,57,0.0305819942972576,0.20797255177117
"s__Collinsella_aerofaciens","s__Dorea_sp._OM07_5",0.286925719192787,0.313525550867323,137,80,0.84307990622957,0.936689181298525
"s__Catenibacterium_mitsuokai","s__Dorea_sp._OM07_5",0.156232424071991,0.386992754081362,127,78,0.0889168055670342,0.309656754558584
"s__Blautia_obeum","s__Dorea_sp._OM07_5",0.330996695726847,0.233450539146742,137,80,0.456968801505263,0.68119449864612
"s__Dorea_formicigenerans","s__Dorea_sp._OM07_5",0.433802527675621,0.38834974214721,137,80,0.69752925419351,0.857843400216435
"s__Phocaeicola_vulgatus","s__Dorea_sp._OM07_5",-0.325060204976945,-0.297679324894515,137,80,0.828312294434066,0.929082185439907
"s__Mogibacterium_kristiansenii","s__Dorea_sp._OM07_5",-0.0740708223587943,0.508845584794952,135,78,1.24656494982005e-05,0.00990892115221068
"s__Cyclospora_cayetanensis","s__Dorea_sp._OM07_5",-0.314064629342692,-0.315424285044538,137,80,0.996275950113575,0.998890085259645
"s__Bacteroides_uniformis","s__Dorea_sp._OM07_5",-0.375538348358458,-0.279227102011912,134,78,0.454031548453264,0.679515938182222
"s__Ruminococcus_gnavus","s__Dorea_sp._OM07_5",0.346556648682958,0.0956633849038912,137,80,0.063966520045398,0.273935615341439
"s__Prevotella_stercorea","s__Dorea_sp._OM07_5",-0.315512504675549,-0.147930396149574,123,74,0.236211021889882,0.495625200902566
"s__Parolsenella_catena","s__Dorea_sp._OM07_5",0.112953995157385,0.445545277507303,119,79,0.0138212986125561,0.162215594992829
"s__Senegalimassilia_anaerobia","s__Dorea_sp._OM07_5",0.0846196223258281,0.513656280428432,133,79,0.000889192697325132,0.058904949459227
"s__Anthropogastromicrobium_aceti","s__Dorea_sp._OM07_5",-0.158103143933973,-0.466033755274262,136,80,0.0165487664090235,0.170392837367161
"s__Ruminococcus_bicirculans","s__Dorea_sp._OM07_5",-0.346200085873766,-0.203758267049406,136,78,0.284621116519244,0.537474368092521
"s__Oscillibacter_valericigenes","s__Dorea_sp._OM07_5",-0.331519405604197,-0.223277074542897,137,80,0.41076599948874,0.646509964412712
"s__Lachnoclostridium_sp._210928_DFI_6_3","s__Dorea_sp._OM07_5",-0.163639494294376,-0.415242984863238,132,78,0.0584898293412653,0.267050771753551
"s__Simiaoa_sunii","s__Dorea_sp._OM07_5",-0.228343576236465,-0.389545241443976,135,80,0.216535975062834,0.473442354374203
"s__Oscillibacter_sp._MSJ_31","s__Dorea_sp._OM07_5",-0.28140832975526,-0.286368062317429,136,79,0.974473942042716,0.992976983620747
"s__Bacteroides_caccae","s__Dorea_sp._OM07_5",-0.298257516246519,-0.3774679943101,133,75,0.548806543147059,0.749079662137688
"s__Bacteroides_ovatus","s__Dorea_sp._OM07_5",-0.363662888564695,-0.363186344238976,134,75,0.991103195100303,0.9951544198394
"s__Bacteroides_fragilis","s__Dorea_sp._OM07_5",-0.390846976683406,-0.28118305744888,137,79,0.387093220900946,0.624884972294745
"s__Collinsella_sp._TF05_9AC","s__Dorea_sp._OM07_5",0.308786162954173,0.345149359886202,123,75,0.790218612220778,0.908579674833586
"s__Brotomerdimonas_butyrica","s__Dorea_sp._OM07_5",0.127214516400022,0.439313534566699,137,79,0.0175234551832561,0.173669055836362
"s__Bacteroides_thetaiotaomicron","s__Dorea_sp._OM07_5",-0.342771436932982,-0.431068931068931,135,77,0.480633906584722,0.697650171298397
"s__Dorea_sp._AF36_15AT","s__Dorea_sp._OM07_5",0.267412772789217,0.462259259727614,137,78,0.120205453563723,0.35122052234974
"s__Bacteroides_xylanisolvens","s__Dorea_sp._OM07_5",-0.401322165658379,-0.309559032716927,133,75,0.471668077676847,0.691123357107233
"s__Faecalibacterium_sp._I3389","s__Dorea_sp._OM07_5",-0.0923238395114737,-0.363169425511198,136,79,0.046737783706557,0.241102185683687
"s__Oscillibacter_sp._MCC667","s__Dorea_sp._OM07_5",-0.291844792502847,-0.245350535540409,137,79,0.72444550771662,0.870803250974294
"s__Dorea_sp._AM58_8","s__Dorea_sp._OM07_5",0.30828215132451,0.506235349273324,137,80,0.0975433471132201,0.320352910475913
"s__Waltera_sp._CLA_AA_H273","s__Dorea_sp._OM07_5",-0.242381734526275,-0.405890944498539,133,79,0.208279236524267,0.465716706376433
"s__Alistipes_shahii","s__Dorea_sp._OM07_5",-0.315698490698491,-0.249206349206349,111,55,0.664661034553999,0.835441994821346
"s__Clostridium_sp._AF36_4","s__Dorea_sp._OM07_5",-0.352465465426733,-0.274003455510305,123,73,0.560581678319164,0.755127454657111
"s__Dysosmobacter_sp._BX15","s__Dorea_sp._OM07_5",-0.307560238025558,-0.308739045764362,135,79,0.99739008970378,0.999424393499796
"s__Clostridium_sp._AF37_5","s__Dorea_sp._OM07_5",-0.350066425042886,-0.164447554894585,123,70,0.191226271234575,0.445848913068272
"s__Intestinimonas_butyriciproducens","s__Dorea_sp._OM07_5",-0.286902383930405,-0.2615096108767,137,80,0.844439260394461,0.937690221665015
"s__Clostridium_sp._1001270H_150608_G6","s__Dorea_sp._OM07_5",-0.46808704527229,-0.0753176043557169,87,57,0.0136670787806453,0.162215594992829
"s__Dorea_sp._AF24_7LB","s__Dorea_sp._OM07_5",0.786164989639143,0.829144539670855,137,77,0.401454403736056,0.638559130940529
"s__Mediterraneibacter_faecis","s__Alistipes_communis",-0.137488947833775,-0.479742703533026,117,63,0.0169014002569085,0.171487992882106
"s__Holdemanella_biformis","s__Alistipes_communis",-0.394760898559847,-0.376142630505402,117,62,0.884734624278348,0.953860410654847
"s__Dorea_formicigenerans","s__Alistipes_communis",-0.382974418918311,-0.464477726574501,117,63,0.541537121120517,0.743268378995002
"s__Phocaeicola_vulgatus","s__Alistipes_communis",0.328589551378157,0.440524193548387,116,63,0.417497625711396,0.652624697646132
"s__Slackia_isoflavoniconvertens","s__Alistipes_communis",-0.308038288548034,-0.144297235023041,116,63,0.279105013578345,0.53176849955453
"s__Blautia_faecicola","s__Alistipes_communis",-0.200115392108379,-0.463949692780338,117,63,0.0629382533956358,0.273413647955379
"s__Bacteroides_uniformis","s__Alistipes_communis",0.401728083326758,0.418922811059908,115,63,0.90516495169716,0.963039730568882
"s__Vescimonas_coprocola","s__Alistipes_communis",0.0604609689939906,0.413594470046083,117,63,0.0182989439800961,0.174935012587289
"s__Flavonifractor_plautii","s__Alistipes_communis",0.287446237767687,0.471582181259601,117,63,0.180172663897074,0.432087720461672
"s__Alistipes_putredinis","s__Alistipes_communis",0.573598369011213,0.517438536306461,109,54,0.629309687363533,0.810863999566575
"s__Oscillibacter_sp._MSJ_31","s__Alistipes_communis",0.10598840084521,0.405865975422427,117,63,0.0438615609907491,0.237362745014921
"s__Bacteroides_caccae","s__Alistipes_communis",0.303133048860185,0.508408249603384,116,61,0.129799492436949,0.364988106697193
"s__Bacteroides_ovatus","s__Alistipes_communis",0.329708829795628,0.272764465225015,115,59,0.697756594813175,0.857843400216435
"s__Blautia_sp._MCC270","s__Alistipes_communis",-0.13881047366396,-0.477198540706605,114,63,0.0188211557596095,0.174935012587289
"s__Bacteroides_stercoris","s__Alistipes_communis",0.264936762388037,0.479690765782781,116,62,0.121993415267182,0.354693978264618
"s__Bacteroides_thetaiotaomicron","s__Alistipes_communis",0.43529050337934,0.568230465110423,117,62,0.273230371020174,0.526703613194159
"s__Parabacteroides_distasonis","s__Alistipes_communis",0.385949137556385,0.35027841781874,117,63,0.790210644030374,0.908579674833586
"s__Phocaeicola_massiliensis","s__Alistipes_communis",0.365335753176044,0.170544685351666,115,61,0.192927394443159,0.447388610579922
"s__Bacteroides_xylanisolvens","s__Alistipes_communis",0.367395249743549,0.368376520359598,115,61,0.998404153494508,0.999807399048696
"s__Alistipes_shahii","s__Alistipes_communis",0.34230377166157,0.589501693275278,109,53,0.0653906565254118,0.275086720364539
"s__Alistipes_onderdonkii","s__Alistipes_communis",0.335566675933648,0.531514349872343,109,58,0.148582506012593,0.389006801020172
"s__Phocea_massiliensis","s__Alistipes_communis",0.079148496156094,0.421274961597542,117,63,0.0214367237055482,0.186024486279693
"s__Dorea_sp._AF24_7LB","s__Alistipes_communis",-0.268112097797255,-0.43651014170603,116,60,0.240837762471188,0.498339991058011
"s__Dorea_sp._OM07_5","s__Alistipes_communis",-0.31191308072042,-0.284511981297487,110,59,0.850434191784355,0.941004885954439
"s__Pseudoflavonifractor_phocaeensis","s__Alistipes_indistinctus",0.360706395960446,0.140974967061924,97,45,0.204493198821998,0.462099064572782
"s__Blautia_wexlerae","s__Dorea_sp._AM10_31",0.329804727646454,0.0846394371702169,139,85,0.065960528287257,0.275958949853865
"s__Phocaeicola_vulgatus","s__Dorea_sp._AM10_31",-0.25050629125389,-0.350596052374438,138,85,0.436271814965844,0.667113726841946
"s__Bacteroides_uniformis","s__Dorea_sp._AM10_31",-0.265974051312067,-0.367094393835505,135,82,0.434114094542623,0.665590000504717
"s__Veillonella_parvula","s__Dorea_sp._AM10_31",0.327985839769029,0.0477270426242786,133,84,0.0392320895427444,0.226374422713923
"s__Oscillibacter_valericigenes","s__Dorea_sp._AM10_31",-0.300616649537513,-0.0992378346687512,139,85,0.132853206923971,0.368714169663172
"s__Oscillibacter_sp._MSJ_31","s__Dorea_sp._AM10_31",-0.322713584131108,-0.216725726435152,138,84,0.414916027707139,0.649772227020973
"s__Bacteroides_caccae","s__Dorea_sp._AM10_31",-0.294006159677801,-0.321372930866602,134,79,0.839104257900959,0.934481717267292
"s__Bacteroides_ovatus","s__Dorea_sp._AM10_31",-0.246380840893571,-0.428773757887682,135,78,0.156332567295733,0.40399784644273
"s__Pseudoflavonifractor_sp._MSJ_30","s__Dorea_sp._AM10_31",-0.290710040663122,-0.0894860269689271,139,85,0.134779197358151,0.371300714463921
"s__Bacteroides_thetaiotaomicron","s__Dorea_sp._AM10_31",-0.306835365056845,-0.381575246132208,137,80,0.558968396725056,0.75475266577707
"s__Dorea_sp._AF36_15AT","s__Dorea_sp._AM10_31",0.131659144733902,0.393182486041728,139,83,0.0459545660692344,0.240685194580076
"s__Waltera_intestinalis","s__Dorea_sp._AM10_31",-0.285250219490781,-0.236146272855134,135,80,0.711005776115557,0.861627663193757
"s__Oscillibacter_sp._MCC667","s__Dorea_sp._AM10_31",-0.289476741588096,-0.251797104383922,139,84,0.76947117643765,0.897795067355006
"s__Dorea_sp._AM58_8","s__Dorea_sp._AM10_31",0.17676839894544,0.414363885088919,139,85,0.0625395890444954,0.272936099903578
"s__Streptococcus_salivarius","s__Dorea_sp._AM10_31",0.335152039390512,0.0806931643625192,113,63,0.0963012953706389,0.320352910475913
"s__Dorea_sp._AF24_7LB","s__Dorea_sp._AM10_31",0.737441351266813,0.791576332429991,139,81,0.36555349599249,0.606699694948225
"s__Dorea_sp._OM07_5","s__Dorea_sp._AM10_31",0.666994633273703,0.725152367557431,129,80,0.442313453963764,0.672368525884019
"s__Collinsella_aerofaciens","s__Streptococcus_parasanguinis",0.330177812745869,0.272959496107077,124,70,0.676182961980108,0.84192368075655
"s__Blautia_wexlerae","s__Streptococcus_parasanguinis",0.354158929976397,0.348473449392004,124,70,0.960345163136608,0.988204150444876
"s__Dorea_longicatena","s__Streptococcus_parasanguinis",0.338926829268293,0.179109439244161,124,70,0.259422362079402,0.514209511925685
"s__Mediterraneibacter_faecis","s__Streptococcus_parasanguinis",0.372670338316286,0.252278890735719,124,70,0.37892910370867,0.616140514257266
"s__Blautia_obeum","s__Streptococcus_parasanguinis",0.302653029110936,0.307427171726008,124,70,0.977648371162273,0.992976983620747
"s__Blautia_massiliensis","s__Streptococcus_parasanguinis",0.391436973597658,0.346793806316158,123,70,0.730120257308716,0.872743679139615
"s__Coprococcus_comes","s__Streptococcus_parasanguinis",0.351918174665618,0.462689178549558,124,70,0.389024451445712,0.6260435603752
"s__Dorea_formicigenerans","s__Streptococcus_parasanguinis",0.317035405192762,0.273309421747879,124,70,0.749603994247414,0.886176739847665
"s__Cyclospora_cayetanensis","s__Streptococcus_parasanguinis",-0.317627065302911,-0.346828798880238,124,70,0.835577925195323,0.931802366544284
"s__Ruminococcus_gnavus","s__Streptococcus_parasanguinis",0.346939417781275,0.554859592336629,124,70,0.0867782667455299,0.305768913256022
"s__Oscillibacter_sp._ER4","s__Streptococcus_parasanguinis",-0.378192930064588,-0.48155017058875,120,70,0.414000663735575,0.648928228680805
"s__Vescimonas_coprocola","s__Streptococcus_parasanguinis",-0.266757813003831,-0.459994751115388,123,70,0.146041016766096,0.38383068625086
"s__Ruminococcus_flavefaciens","s__Streptococcus_parasanguinis",-0.275689724110356,-0.430286064211355,123,70,0.250511125671287,0.506022503321001
"s__Oscillibacter_valericigenes","s__Streptococcus_parasanguinis",-0.459852084972463,-0.547196220803079,124,70,0.44954849027342,0.678240752185812
"s__Ruthenibacterium_lactatiformans","s__Streptococcus_parasanguinis",-0.346146341463415,-0.324293587612632,124,70,0.8666844935391,0.947402407273034
"s__Vescimonas_fastidiosa","s__Streptococcus_parasanguinis",-0.369633955277026,-0.565357361560668,119,70,0.103068477203713,0.327857750864634
"s__Oscillibacter_sp._MSJ_31","s__Streptococcus_parasanguinis",-0.498124717055327,-0.621227621483376,122,69,0.246975216165128,0.503764987183794
"s__Pseudoflavonifractor_sp._MSJ_30","s__Streptococcus_parasanguinis",-0.425681340367079,-0.453941037529525,123,70,0.826146353293804,0.92756033593777
"s__Bacteroides_fragilis","s__Streptococcus_parasanguinis",-0.297372147915028,-0.0802381952131924,124,68,0.14235089815546,0.379492045547774
"s__Bacteroides_stercoris","s__Streptococcus_parasanguinis",-0.317952635599694,-0.0510312004230566,120,61,0.0841153923064441,0.304982126598084
"s__Ruminococcus_sp._M6_2020","s__Streptococcus_parasanguinis",-0.393016986753686,-0.489703438019421,123,70,0.437660465299259,0.66716061177489
"s__Blautia_sp._MSK20_18","s__Streptococcus_parasanguinis",0.335686221379217,0.070527512903508,121,70,0.0694745004566428,0.282748884106976
"s__Collinsella_sp._TF05_9AC","s__Streptococcus_parasanguinis",0.318864819782251,0.222770979020979,110,65,0.514295666991046,0.719564166235784
"s__Pseudoflavonifractor_phocaeensis","s__Streptococcus_parasanguinis",-0.280616837136113,-0.447957309071822,124,70,0.208120855905491,0.465716706376433
"s__Ruminococcus_sp._210702_SL_1_03","s__Streptococcus_parasanguinis",-0.333591099187248,-0.368105994093703,115,67,0.808182347021346,0.920310957419341
"s__Oscillibacter_sp._MCC667","s__Streptococcus_parasanguinis",-0.353839109517483,-0.535878699305809,123,69,0.140212517571413,0.377375407916342
"s__Streptococcus_salivarius","s__Streptococcus_parasanguinis",0.730634459879743,0.752314743609462,105,58,0.787503733325596,0.907278170488015
"s__Yeguia_hominis","s__Streptococcus_parasanguinis",-0.534629454003523,-0.632683054850844,121,70,0.336845762293399,0.579006961773341
"s__Dysosmobacter_sp._BX15","s__Streptococcus_parasanguinis",-0.448773878878201,-0.462477164778955,121,69,0.918317214194042,0.966874042977536
"s__Intestinimonas_butyriciproducens","s__Streptococcus_parasanguinis",-0.390401258851298,-0.310366547108739,124,70,0.545817297612186,0.746051544709184
"s__Phocea_massiliensis","s__Streptococcus_parasanguinis",-0.280843034686952,-0.43686466625842,122,70,0.244528268017631,0.502649559899961
"s__Dysosmobacter_welbionis","s__Streptococcus_parasanguinis",-0.297717111502506,-0.301599419780891,121,68,0.983187204560512,0.993588244632266
"s__Ruminococcus_champanellensis","s__Streptococcus_parasanguinis",-0.326306793904002,-0.455930068328435,118,68,0.329032638127132,0.572832565339331
"s__Pseudoflavonifractor_capillosus","s__Streptococcus_parasanguinis",-0.174187254130606,-0.413769573965532,124,70,0.0854876055535709,0.305502311173032
"s__Blautia_wexlerae","s__Agathobaculum_sp._M2",-0.332569887409564,-0.205260064648839,141,83,0.327614800746521,0.572307455753936
"s__Dorea_longicatena","s__Agathobaculum_sp._M2",-0.309157070080055,-0.1083077956425,141,83,0.134256345857156,0.37025466993004
"s__Blautia_obeum","s__Agathobaculum_sp._M2",-0.314247185239094,-0.304920028546241,141,83,0.937306015477813,0.975698046283382
"s__Holdemanella_porci","s__Agathobaculum_sp._M2",-0.166749281253098,-0.402213188798555,132,81,0.0741893577656663,0.295201658554799
"s__Blautia_massiliensis","s__Agathobaculum_sp._M2",-0.31305706579905,-0.219617144536333,141,83,0.472741254991712,0.692106077444231
"s__Coprococcus_comes","s__Agathobaculum_sp._M2",-0.274082794640182,-0.0891650224591747,141,83,0.173097741386706,0.425533229922025
"s__Dorea_formicigenerans","s__Agathobaculum_sp._M2",-0.322462434179545,-0.222492758490408,141,83,0.440797997024582,0.670754120251122
"s__Anthropogastromicrobium_aceti","s__Agathobaculum_sp._M2",0.290188274911985,0.232337013559464,140,83,0.656985659417327,0.829736938206459
"s__Lachnoclostridium_sp._210928_DFI_6_3","s__Agathobaculum_sp._M2",0.313336569156384,0.323848238482385,137,81,0.939400163414898,0.975716448802124
"s__Butyrivibrio_crossotus","s__Agathobaculum_sp._M2",0.352461131398832,0.149225628802473,140,82,0.123562358434308,0.356186882360088
"s__Collinsella_sp._AM34_10","s__Agathobaculum_sp._M2",-0.0301570225233474,-0.379152493076544,128,78,0.0120845800773279,0.158018520478823
"s__Oscillibacter_sp._MSJ_31","s__Agathobaculum_sp._M2",0.314957832098977,0.218423830824654,141,82,0.45989850756559,0.683487885703571
"s__Holdemanella_sp._MSK_7_32","s__Agathobaculum_sp._M2",-0.404936270125224,-0.36663728083064,129,82,0.750207881853452,0.886281314219863
"s__Pseudoflavonifractor_sp._MSJ_30","s__Agathobaculum_sp._M2",0.291360931546727,0.141282901641409,141,83,0.261941482317822,0.515931705435848
"s__Collinsella_sp._TF05_9AC","s__Agathobaculum_sp._M2",-0.184770417505951,-0.486013986013986,128,77,0.0199186408598484,0.181130497027004
"s__Yeguia_hominis","s__Agathobaculum_sp._M2",0.338658677920885,0.196570253137987,140,83,0.275647844387401,0.528696562659382
"s__Clostridium_sp._AF36_4","s__Agathobaculum_sp._M2",0.299176115166473,0.323783783783784,132,75,0.858601822002121,0.94392784679357
"s__Dysosmobacter_sp._BX15","s__Agathobaculum_sp._M2",0.207590222184169,0.362566798358747,141,82,0.234603880597592,0.49315571233198
"s__Intestinimonas_sp._MSJ_38","s__Agathobaculum_sp._M2",0.286026799092427,0.307186935896898,141,83,0.873623645750061,0.95005978537064
"s__Blautia_wexlerae","s__Streptococcus_thermophilus",0.401546595123491,0.374972597734746,115,69,0.835159924431745,0.931802366544284
"s__Blautia_obeum","s__Streptococcus_thermophilus",0.304584549830348,0.327731092436975,115,69,0.873811893319957,0.95005978537064
"s__Coprococcus_comes","s__Streptococcus_thermophilus",0.335287619348221,0.280306905370844,115,69,0.692585943049172,0.85522551459465
"s__Ruminococcus_gnavus","s__Streptococcus_thermophilus",0.284423577684842,0.514724150529777,115,69,0.0773242968129278,0.298449221930032
"s__Oscillibacter_sp._ER4","s__Streptococcus_thermophilus",-0.312134827621553,-0.44625502374863,112,69,0.319603806029845,0.568702988705836
"s__Vescimonas_coprocola","s__Streptococcus_thermophilus",-0.276722165233173,-0.506211180124224,115,69,0.0807606915811453,0.301472266942823
"s__Ruminococcus_flavefaciens","s__Streptococcus_thermophilus",-0.270440047791661,-0.468578735842163,114,69,0.141268236533089,0.377569017439026
"s__Oscillibacter_valericigenes","s__Streptococcus_thermophilus",-0.364002209421605,-0.510449397150164,115,69,0.246881950977096,0.503764987183794
"s__Roseburia_hominis","s__Streptococcus_thermophilus",-0.346263710250138,-0.271647789550603,115,69,0.592610452337102,0.780838063443408
"s__Vescimonas_fastidiosa","s__Streptococcus_thermophilus",-0.28505616005616,-0.511728169528681,111,69,0.0846298464176924,0.304982126598084
"s__Oscillibacter_sp._MSJ_31","s__Streptococcus_thermophilus",-0.363309775014682,-0.458411268465855,114,68,0.470193670337625,0.689550546819229
"s__Pseudoflavonifractor_sp._MSJ_30","s__Streptococcus_thermophilus",-0.247186932849365,-0.441395688710267,115,69,0.157426400588591,0.404812194895736
"s__Ruminococcus_sp._M6_2020","s__Streptococcus_thermophilus",-0.321218338199321,-0.476105224698575,115,69,0.238694985207818,0.4974201430089
"s__Pseudoflavonifractor_phocaeensis","s__Streptococcus_thermophilus",-0.230134932533733,-0.432225063938619,115,69,0.145053703906208,0.382839361268956
"s__Oscillibacter_sp._MCC667","s__Streptococcus_thermophilus",-0.30867987059102,-0.494407756613353,115,68,0.157408127318637,0.404812194895736
"s__Streptococcus_salivarius","s__Streptococcus_thermophilus",0.554131413141314,0.552380952380952,100,55,0.977540616887151,0.992976983620747
"s__Yeguia_hominis","s__Streptococcus_thermophilus",-0.375291103865859,-0.500621118012422,113,69,0.324002146336134,0.571090155282389
"s__Dysosmobacter_sp._BX15","s__Streptococcus_thermophilus",-0.335266682611815,-0.534374164980723,112,68,0.117936077709335,0.349639802795175
"s__Intestinimonas_butyriciproducens","s__Streptococcus_thermophilus",-0.382829637812673,-0.344501278772379,115,69,0.771656013371637,0.898045695426416
"s__Intestinimonas_sp._MSJ_38","s__Streptococcus_thermophilus",-0.256313156882202,-0.401899890390939,114,69,0.297505527101898,0.548590620752508
"s__Pseudoflavonifractor_capillosus","s__Streptococcus_thermophilus",-0.266661406139036,-0.492656192911947,115,69,0.0890814935640177,0.309656754558584
"s__Dorea_ammoniilytica","s__Streptococcus_thermophilus",0.295557484415687,0.405938223321893,115,67,0.427573942165921,0.662056185100676
"s__Streptococcus_parasanguinis","s__Streptococcus_thermophilus",0.451741861793261,0.500467562828755,102,59,0.715403313902541,0.864162977348381
"s__Mediterraneibacter_faecis","s__Alistipes_ihumii",-0.248206510470661,-0.479841857419858,105,62,0.103192585606846,0.327857750864634
"s__Holdemanella_biformis","s__Alistipes_ihumii",-0.322703711382957,-0.338709677419355,105,61,0.919110925443671,0.966874042977536
"s__Anaerobutyricum_hallii","s__Alistipes_ihumii",-0.0780323450134771,-0.56651809322354,105,62,0.000618754340596378,0.052994749617674
"s__Dorea_formicigenerans","s__Alistipes_ihumii",-0.40155504872486,-0.371307698118909,105,62,0.82258045749645,0.927111039467104
"s__Vescimonas_coprocola","s__Alistipes_ihumii",0.320215633423181,0.363551660748911,105,62,0.770828767201259,0.898045695426416
"s__Oscillibacter_valericigenes","s__Alistipes_ihumii",0.325803441841178,0.234821585958551,105,62,0.544195852907905,0.744723254337559
"s__Vescimonas_fastidiosa","s__Alistipes_ihumii",0.215125440597139,0.474301830727003,105,62,0.0720550031986985,0.288807874126252
"s__Pseudoflavonifractor_sp._MSJ_30","s__Alistipes_ihumii",0.144972009122953,0.475309108307522,105,62,0.0245699556700684,0.193322353452484
"s__Bacteroides_fragilis","s__Alistipes_ihumii",0.280748496786233,0.412606078920198,105,62,0.364830473588317,0.606405025940174
"s__Ruminococcus_sp._Marseille_P6503","s__Alistipes_ihumii",0.363750728013978,0.0608143839238498,101,61,0.0541599924621008,0.256003962344648
"s__Pseudoflavonifractor_phocaeensis","s__Alistipes_ihumii",0.341675305826249,0.116365742489487,105,62,0.144961802490506,0.382839361268956
"s__Intestinimonas_butyriciproducens","s__Alistipes_ihumii",0.335952726518764,0.380020649190401,105,62,0.764216311121654,0.893675275980691
"s__Blautia_wexlerae","s__Qingrenia_yutianensis",-0.320397911947208,-0.40690675983065,143,82,0.48426880715016,0.70092610597197
"s__Mediterraneibacter_faecis","s__Qingrenia_yutianensis",-0.319564824846515,-0.353881651266312,143,82,0.789024201676739,0.908117212036916
"s__Coprococcus_comes","s__Qingrenia_yutianensis",-0.298983879969795,-0.446349081964715,143,82,0.226936473299915,0.484741945141868
"s__Anaerobutyricum_hallii","s__Qingrenia_yutianensis",-0.18290570931416,-0.372579749893884,143,82,0.145610394207,0.383425838957024
"s__Methanobrevibacter_smithii","s__Qingrenia_yutianensis",0.401284580832039,0.36031746031746,83,55,0.784041979435418,0.906570845352461
"s__Ruminococcus_torques","s__Qingrenia_yutianensis",-0.36785514954529,-0.268162079211154,143,82,0.428482476840477,0.662270219260405
"s__Vescimonas_coprocola","s__Qingrenia_yutianensis",0.288620279929839,0.44428118979985,142,82,0.204511420843203,0.462099064572782
"s__Ruminococcus_flavefaciens","s__Qingrenia_yutianensis",0.210150263281819,0.35749502073334,141,82,0.259069309862549,0.514209511925685
"s__Oscillibacter_valericigenes","s__Qingrenia_yutianensis",0.370198463508323,0.431307887376063,143,82,0.611420809070954,0.799496639693921
"s__Butyrivibrio_crossotus","s__Qingrenia_yutianensis",0.183697932274498,0.413436945614436,141,82,0.0740176573857803,0.294955647450404
"s__Flavonifractor_plautii","s__Qingrenia_yutianensis",0.243975508060015,0.387947453771726,143,82,0.258957008057915,0.514209511925685
"s__Vescimonas_fastidiosa","s__Qingrenia_yutianensis",0.423937620090263,0.500680227685811,139,82,0.496581107285644,0.70994856362817
"s__Oscillibacter_sp._MSJ_31","s__Qingrenia_yutianensis",0.403274968962712,0.536182671063658,141,82,0.229977535861637,0.487440612236507
"s__Pseudoflavonifractor_sp._MSJ_30","s__Qingrenia_yutianensis",0.339861816337693,0.35566656871388,142,82,0.904024030553816,0.963039730568882
"s__Blautia_sp._MCC270","s__Qingrenia_yutianensis",-0.327645752048836,-0.18198539415113,137,82,0.271212270606784,0.524577614520095
"s__Kineothrix_sp._MSJ_39","s__Qingrenia_yutianensis",0.131362494263303,0.358626919602529,142,82,0.0866137695241949,0.305502311173032
"s__Ruminococcus_sp._M6_2020","s__Qingrenia_yutianensis",0.200064544385791,0.491407363872836,142,82,0.018181037778772,0.174935012587289
"s__Pseudoflavonifractor_phocaeensis","s__Qingrenia_yutianensis",0.243339407071801,0.384007575015509,143,82,0.270930529278526,0.524327569042685
"s__Ruminococcus_sp._210702_SL_1_03","s__Qingrenia_yutianensis",0.190383919999002,0.409177215189873,134,79,0.0960521159386706,0.320352910475913
"s__Oscillibacter_sp._MCC667","s__Qingrenia_yutianensis",0.346815006988816,0.470619605794452,142,82,0.295587803090372,0.546813585168257
"s__Porcipelethomonas_ammoniilytica","s__Qingrenia_yutianensis",0.178951582768377,0.390963466912834,131,78,0.113431850965199,0.341653834213158
"s__Streptococcus_salivarius","s__Qingrenia_yutianensis",-0.241907993371735,-0.531092928112215,115,59,0.0370078259474013,0.221312535736377
"s__Clostridium_sp._D43t1_170807_H7","s__Qingrenia_yutianensis",0.361635661635662,-0.0375952405803152,111,66,0.00894152140862616,0.141790133734341
"s__Clostridium_perfringens","s__Qingrenia_yutianensis",0.341811900024054,0.280420054200542,140,81,0.629010127483311,0.810863999566575
"s__Yeguia_hominis","s__Qingrenia_yutianensis",0.290050943961642,0.4886429185577,141,82,0.0976656361668867,0.320352910475913
"s__Dysosmobacter_sp._BX15","s__Qingrenia_yutianensis",0.363423091741941,0.44769647696477,141,81,0.482470165901588,0.699500379652429
"s__Intestinimonas_butyriciproducens","s__Qingrenia_yutianensis",0.322363669194655,0.502182170416082,143,82,0.124831097680096,0.357611865315889
"s__Phocea_massiliensis","s__Qingrenia_yutianensis",0.240690954236055,0.454555348766339,141,82,0.0850344884049089,0.305502311173032
"s__Ruminococcus_champanellensis","s__Qingrenia_yutianensis",0.354486071568007,0.418729488982654,138,80,0.603219982128307,0.792086108644233
"s__Streptococcus_parasanguinis","s__Qingrenia_yutianensis",-0.307597749843739,-0.499258950005219,120,66,0.144769500105227,0.382839361268956
"s__Catenibacterium_mitsuokai","s__Parolsenella_massiliensis",0.455475605475605,0.26398293029872,111,75,0.146499210727019,0.384588386023067
"s__Holdemanella_biformis","s__Parolsenella_massiliensis",0.357561016583948,0.114750512645249,118,76,0.0846191110870958,0.304982126598084
"s__Anaerostipes_hadrus","s__Parolsenella_massiliensis",-0.390129976371253,-0.0491087859508912,118,77,0.0152887514882768,0.164970330798392
"s__Dorea_formicigenerans","s__Parolsenella_massiliensis",0.325474127069341,0.30877017719123,118,77,0.89741997644478,0.959647791975621
"s__Mogibacterium_kristiansenii","s__Parolsenella_massiliensis",0.411289939704695,0.140287081339713,118,76,0.0485960825425257,0.242867229280847
"s__Paratractidigestivibacter_faecalis","s__Parolsenella_massiliensis",0.517241666112183,0.536764161421696,113,74,0.866119936743676,0.947402407273034
"s__Blautia_faecis","s__Parolsenella_massiliensis",-0.329264952395561,-0.0445081234554919,118,77,0.0467484333034828,0.241102185683687
"s__Bacteroides_uniformis","s__Parolsenella_massiliensis",-0.348656506166734,-0.455135135135135,117,75,0.403809828450224,0.639365561712854
"s__Parolsenella_catena","s__Parolsenella_massiliensis",0.560238493866812,0.633602187286398,112,76,0.456839121082221,0.68119449864612
"s__Senegalimassilia_anaerobia","s__Parolsenella_massiliensis",0.361249584579595,0.198012513801987,118,77,0.233847367066291,0.492761469707431
"s__Collinsella_bouchesdurhonensis","s__Parolsenella_massiliensis",0.475144006943896,0.457006151742994,115,76,0.872525175716217,0.949599117128586
"s__Olsenella_uli","s__Parolsenella_massiliensis",0.616328732634986,0.68492034281508,117,77,0.431574019372177,0.664415280844135
"s__Collinsella_sp._AM34_10","s__Parolsenella_massiliensis",0.367667726453494,0.346903622693096,114,76,0.870897710810717,0.949524601824355
"s__Senegalimassilia_faecalis","s__Parolsenella_massiliensis",0.508571985193844,0.270256059729744,117,77,0.0577771565683584,0.265991487869591
"s__Phascolarctobacterium_sp._Marseille_Q4147","s__Parolsenella_massiliensis",0.0350261389096341,-0.414079335940618,104,67,0.00311768302642136,0.0974701084351187
"s__Alistipes_putredinis","s__Parolsenella_massiliensis",-0.469924286546302,-0.310678210678211,101,55,0.270110388605032,0.523919699048339
"s__Absicoccus_porci","s__Parolsenella_massiliensis",0.376806684733514,0.119131614654003,81,66,0.104247427343962,0.32936463674866
"s__Holdemanella_sp._MSK_7_32","s__Parolsenella_massiliensis",0.319349258101005,0.209685051790315,113,77,0.432409411668547,0.6646457864291
"s__Collinsella_sp._TF05_9AC","s__Parolsenella_massiliensis",0.426533701510413,0.374281650071124,113,75,0.678270791258042,0.84330197076515
"s__Bacteroides_thetaiotaomicron","s__Parolsenella_massiliensis",-0.291948330831681,-0.38979637171418,118,74,0.468379124125962,0.68819475944102
"s__Parabacteroides_distasonis","s__Parolsenella_massiliensis",-0.339439556787513,-0.255193260016721,118,72,0.542052077499118,0.743268378995002
"s__Eubacterium_sp._AF22_8LB","s__Parolsenella_massiliensis",0.425922592259226,0.2280348759222,100,71,0.159927650169489,0.408308232318392
"s__Alistipes_onderdonkii","s__Parolsenella_massiliensis",-0.323023578363384,-0.38021978021978,104,64,0.693770289348583,0.855441396114104
"s__Collinsella_tanakaei","s__Parolsenella_massiliensis",0.531792899689211,0.555470844944529,118,77,0.828749594071236,0.929242562427104
"s__Prevotella_copri","s__Allisonella_histaminiformans",0.472264065522493,0.464184495693248,90,60,0.945592137189575,0.980075756418007
"s__Ruminococcus_bromii","s__Allisonella_histaminiformans",-0.367569317078433,-0.138392384981491,92,61,0.145796143535178,0.383621222354612
"s__Prevotella_stercorea","s__Allisonella_histaminiformans",0.365450318762988,0.424774677781537,88,58,0.691304947966863,0.85522551459465
"s__Prevotella_hominis","s__Allisonella_histaminiformans",0.368552801993883,0.398496240601504,82,57,0.84806021079263,0.940193122152113
"s__Dialister_succinatiphilus","s__Allisonella_histaminiformans",0.746689386562804,0.753373349339736,79,50,0.946812591205267,0.981045044035828
"s__Prevotella_sp._885","s__Allisonella_histaminiformans",0.357146744158205,0.449383247716017,82,58,0.536390903117493,0.740125552357872
"s__Prevotellamassilia_timonensis","s__Allisonella_histaminiformans",0.358489419864331,0.433261183261183,84,55,0.624814476850697,0.80891754029406
"s__Eubacterium_ventriosum","s__Allisonella_histaminiformans",-0.35157128986021,-0.118561607615019,92,61,0.14300524990811,0.380397794599815
"s__Alistipes_putredinis","s__Allisonella_histaminiformans",-0.205386192754614,-0.473254281949934,76,45,0.119038549246783,0.350613527585544
"s__Blautia_sp._OF03_15BH","s__Allisonella_histaminiformans",-0.354299277160427,-0.248175568482285,92,61,0.4880861857031,0.703195807554654
"s__Mitsuokella_jalaludinii","s__Allisonella_histaminiformans",0.522049240956641,0.424547048509643,88,59,0.462037013649598,0.685185549780495
"s__Megasphaera_elsdenii","s__Allisonella_histaminiformans",0.403455320347998,0.367101972770214,88,60,0.799460244124385,0.915837368269074
"s__Solobacterium_moorei","s__Allisonella_histaminiformans",0.362892639474918,0.173448773448773,80,55,0.255029655385575,0.510998610584027
"s__Prevotella_sp._Marseille_P4119","s__Allisonella_histaminiformans",0.407102665404164,0.338277511961723,82,56,0.650076018776099,0.825021442363827
"s__Collinsella_aerofaciens","s__Dorea_sp._NSJ_36",0.235742112247956,0.366244725738397,141,80,0.316976806101336,0.567074334183973
"s__Mediterraneibacter_faecis","s__Dorea_sp._NSJ_36",0.127890748747806,0.372245663384904,141,80,0.0670121139674661,0.278182905378687
"s__Holdemanella_biformis","s__Dorea_sp._NSJ_36",0.00478188278607817,0.391747493013316,141,78,0.00459704854502088,0.109029309974668
"s__Dorea_formicigenerans","s__Dorea_sp._NSJ_36",0.232989425917205,0.527097984060009,141,80,0.0149202928836336,0.164090902998168
"s__Mogibacterium_kristiansenii","s__Dorea_sp._NSJ_36",-0.0756936818047942,0.386385766132602,138,78,0.000846560552002884,0.058904949459227
"s__Cyclospora_cayetanensis","s__Dorea_sp._NSJ_36",-0.126679224281861,-0.368026254102203,141,80,0.0709128219588243,0.286231449197649
"s__Senegalimassilia_anaerobia","s__Dorea_sp._NSJ_36",-0.0870569152235103,0.464143135345667,136,79,4.51974763164615e-05,0.0155434121052311
"s__Anthropogastromicrobium_aceti","s__Dorea_sp._NSJ_36",-0.0227810456801732,-0.431715893108298,140,80,0.00217564819007494,0.0870006293682291
"s__Lachnoclostridium_sp._210928_DFI_6_3","s__Dorea_sp._NSJ_36",-0.0770287677114641,-0.373363478626637,136,77,0.0309232119997006,0.208111401305225
"s__Butyrivibrio_crossotus","s__Dorea_sp._NSJ_36",-0.0922427275570848,-0.371786757546251,139,79,0.0387917241200301,0.224629732088507
"s__Simiaoa_sunii","s__Dorea_sp._NSJ_36",-0.144197685329997,-0.397819971870605,138,80,0.0551578537624403,0.259490915306474
"s__Bacteroides_caccae","s__Dorea_sp._NSJ_36",-0.249611182672582,-0.42352773826458,136,75,0.182505615367333,0.434952745147788
"s__Bacteroides_fragilis","s__Dorea_sp._NSJ_36",-0.274784879489704,-0.286075949367089,141,80,0.935978773421879,0.975403333878134
"s__Bacteroides_thetaiotaomicron","s__Dorea_sp._NSJ_36",-0.271147057509272,-0.427835322572165,139,77,0.219647570479422,0.476572867431376
"s__Dorea_sp._AF36_15AT","s__Dorea_sp._NSJ_36",0.110792414058821,0.461601689449791,141,78,0.00720565670027509,0.130422386274979
"s__Waltera_intestinalis","s__Dorea_sp._NSJ_36",-0.201404601485425,-0.435988620199147,138,75,0.0738501635547325,0.294629596826827
"s__Dorea_sp._AM58_8","s__Dorea_sp._NSJ_36",0.140558243075474,0.525199249882794,141,80,0.00201863299114574,0.0836395042957856
"s__Dysosmobacter_sp._BX15","s__Dorea_sp._NSJ_36",-0.222190511633854,-0.400267770204479,138,79,0.1711503364078,0.423748025130614
"s__Intestinimonas_butyriciproducens","s__Dorea_sp._NSJ_36",-0.195569159638683,-0.405860290670417,141,80,0.104903416458336,0.330066650686384
"s__Clostridium_sp._1001270H_150608_G6","s__Dorea_sp._NSJ_36",-0.391867140995386,-0.125905673274094,88,56,0.101859366073741,0.325766192144802
"s__Dorea_sp._AF24_7LB","s__Dorea_sp._NSJ_36",0.760182370820669,0.823518586676481,141,77,0.242764669471543,0.500323511210062
"s__Dorea_sp._OM07_5","s__Dorea_sp._NSJ_36",0.734774747814811,0.793383458646617,134,76,0.341448217778557,0.583328574734455
"s__Dorea_sp._AM10_31","s__Dorea_sp._NSJ_36",0.716979014700931,0.722902015939991,134,80,0.942170916603262,0.977413508958859
"s__Prevotella_copri","s__Prevotella_sp._P4_67",0.434616514839847,0.243831640058055,83,52,0.232754254247954,0.491699738845293
"s__Anaerobutyricum_hallii","s__Prevotella_sp._P4_67",0.0412031400864783,-0.4421582856655,83,52,0.00480354947855916,0.110342158222733
"s__Phocaeicola_vulgatus","s__Prevotella_sp._P4_67",0.0359556693673649,0.62742252198412,83,52,0.000126813573267007,0.0273030864084864
"s__Cyclospora_cayetanensis","s__Prevotella_sp._P4_67",0.242097309097015,0.484333646375822,83,52,0.124920179624066,0.357611865315889
"s__Bacteroides_uniformis","s__Prevotella_sp._P4_67",0.0298895932160699,0.682574916759156,83,52,1.10123732916106e-05,0.00990892115221068
"s__Prevotella_stercorea","s__Prevotella_sp._P4_67",0.529511775324294,0.363954580380773,83,52,0.250707039501618,0.506022503321001
"s__Prevotella_hominis","s__Prevotella_sp._P4_67",0.443516225179463,0.19447963800905,83,51,0.12667857751821,0.360425003628535
"s__Prevotella_sp._885","s__Prevotella_sp._P4_67",0.440972562336065,0.293776146162384,82,52,0.347301240077903,0.588612887848507
"s__Prevotellamassilia_timonensis","s__Prevotella_sp._P4_67",0.46912827461608,0.250747033210962,81,52,0.166387352544609,0.418585300220126
"s__Bacteroides_ovatus","s__Prevotella_sp._P4_67",0.182779900088158,0.566720737641936,83,52,0.012445473020239,0.159289698540667
"s__Bacteroides_fragilis","s__Prevotella_sp._P4_67",0.310209479031107,0.606847092973619,83,52,0.036646792411321,0.221312535736377
"s__Bacteroides_stercoris","s__Prevotella_sp._P4_67",0.239995211197092,0.471308523409364,82,50,0.152361751787658,0.39664804269323
"s__Bacteroides_thetaiotaomicron","s__Prevotella_sp._P4_67",0.110637672641787,0.656876974302057,83,52,0.000219185985434485,0.0327730697351824
"s__Dorea_sp._AF36_15AT","s__Prevotella_sp._P4_67",-0.257377943831073,-0.455903696747204,83,52,0.212972142196377,0.470749244019566
"s__Bacteroides_xylanisolvens","s__Prevotella_sp._P4_67",0.353469627639478,0.522496371552975,83,52,0.252924559591422,0.50895702775594
"s__Dorea_sp._AM58_8","s__Prevotella_sp._P4_67",-0.372150623399521,-0.30111841543584,83,52,0.655820715972711,0.829179206702263
"s__Prevotella_sp._Marseille_P4119","s__Prevotella_sp._P4_67",0.392344445532809,0.369760095620251,82,52,0.879247036053622,0.951137149179212
"s__Prevotella_pectinovora","s__Prevotella_sp._P4_67",0.588576528335565,0.449411764705882,82,51,0.293150812246368,0.544649186015808
"s__Prevotella_copri","s__Prevotella_sp._P5_64",0.429380745836442,0.554613807245386,78,56,0.361846056910661,0.603486221976607
"s__Blautia_obeum","s__Prevotella_sp._P5_64",-0.0906814704283059,-0.457142857142857,78,56,0.0261092025304524,0.195619929198749
"s__Phocaeicola_vulgatus","s__Prevotella_sp._P5_64",-0.122523046573679,0.55352016404648,78,56,3.65942982589262e-05,0.0155434121052311
"s__Cyclospora_cayetanensis","s__Prevotella_sp._P5_64",0.0195374246007157,0.486056049213944,78,56,0.00471872849438706,0.110342158222733
"s__Blautia_glucerasea","s__Prevotella_sp._P5_64",0.0285157880094589,-0.510116199589884,78,56,0.00107980969333288,0.0646269567294078
"s__Bacteroides_uniformis","s__Prevotella_sp._P5_64",-0.0701703359931208,0.529254955570745,78,56,0.000267138160901523,0.0379515685729534
"s__Prevotella_stercorea","s__Prevotella_sp._P5_64",0.534212622820218,0.610321257689679,78,56,0.534983245841861,0.739376603533919
"s__Prevotella_hominis","s__Prevotella_sp._P5_64",0.401887586098112,0.425901875901876,77,55,0.87841494447337,0.951137149179212
"s__Prevotella_sp._885","s__Prevotella_sp._P5_64",0.617471136458478,0.514900888585099,78,56,0.396339497777775,0.63332452770992
"s__Phascolarctobacterium_succinatutens","s__Prevotella_sp._P5_64",0.215105516475379,0.454401154401154,74,55,0.140571935529888,0.377483658783719
"s__Prevotellamassilia_timonensis","s__Prevotella_sp._P5_64",0.527156387915882,0.66106346483705,78,54,0.257094625750357,0.512549807510422
"s__Simiaoa_sunii","s__Prevotella_sp._P5_64",0.0614954665587577,0.473274094326726,78,56,0.0123828405696221,0.159289698540667
"s__Phascolarctobacterium_sp._Marseille_Q4147","s__Prevotella_sp._P5_64",0.160910384068279,0.509842788790157,75,56,0.0284107089708897,0.202888448883072
"s__Bacteroides_ovatus","s__Prevotella_sp._P5_64",0.0868372134194919,0.575685425685426,78,55,0.00177004323611161,0.0790542686881534
"s__Bacteroides_fragilis","s__Prevotella_sp._P5_64",0.259449411348146,0.438414217361586,78,56,0.259247319250771,0.514209511925685
"s__Blautia_sp._OF03_15BH","s__Prevotella_sp._P5_64",-0.0711819825743876,-0.450991114149009,78,56,0.0219988281919979,0.186024486279693
"s__Collinsella_sp._TF05_9AC","s__Prevotella_sp._P5_64",-0.111824883976783,-0.439097744360902,78,56,0.047549036377819,0.241181616671563
"s__Mitsuokella_jalaludinii","s__Prevotella_sp._P5_64",0.165798443629815,0.499521531100478,72,56,0.0385200164700658,0.224629732088507
"s__Bacteroides_thetaiotaomicron","s__Prevotella_sp._P5_64",0.0120765310638728,0.676486671223513,78,56,7.36052155169256e-06,0.00990892115221068
"s__Dorea_sp._AF36_15AT","s__Prevotella_sp._P5_64",-0.0889110889110889,-0.481271360218729,78,56,0.0161421636963277,0.168220911974761
"s__Phocaeicola_massiliensis","s__Prevotella_sp._P5_64",0.108056500461564,0.466089466089466,78,55,0.0294319424151139,0.202888448883072
"s__Bacteroides_xylanisolvens","s__Prevotella_sp._P5_64",0.267213798859368,0.696103896103896,78,56,0.00119906344377677,0.067069181789466
"s__Prevotella_sp._Marseille_P4119","s__Prevotella_sp._P5_64",0.680083074819917,0.601025290498975,77,56,0.451428841337364,0.678630857850311
"s__Prevotella_pectinovora","s__Prevotella_sp._P5_64",0.542862201090049,0.637806637806638,78,55,0.425260278279943,0.660555599369793
"s__Jingyaoa_shaoxingensis","s__Prevotella_sp._P5_64",-0.0885823037721772,-0.491182501708817,78,56,0.0131621401363583,0.161624609637361
"s__Prevotella_sp._P4_67","s__Prevotella_sp._P5_64",0.460029229082938,0.685969781066913,69,46,0.0839278258405369,0.304982126598084
"s__Collinsella_aerofaciens","s__Dorea_sp._AM13_35",0.292961426696663,0.387397260273973,127,74,0.478644442571439,0.696302131135017
"s__Blautia_wexlerae","s__Dorea_sp._AM13_35",0.291016357330334,0.251654942613847,127,74,0.772294928640239,0.898485202839575
"s__Ruminococcus_bromii","s__Dorea_sp._AM13_35",-0.32548861079865,0.00253239540910774,127,74,0.0227374171512794,0.187515533772781
"s__Dorea_formicigenerans","s__Dorea_sp._AM13_35",0.392974315710536,0.511943724546464,127,74,0.319673522431997,0.568702988705836
"s__Phocaeicola_vulgatus","s__Dorea_sp._AM13_35",-0.351911089238845,-0.301473528322843,127,74,0.700963134694625,0.85806657077427
"s__Mogibacterium_kristiansenii","s__Dorea_sp._AM13_35",-0.0015748031496063,0.477076391459953,126,73,0.000548000989450445,0.052994749617674
"s__Bacteroides_uniformis","s__Dorea_sp._AM13_35",-0.343647521636507,-0.338735610007074,124,72,0.965380113234393,0.988666530498236
"s__Parolsenella_catena","s__Dorea_sp._AM13_35",0.0843014316465644,0.43678050035372,112,72,0.0132533119853841,0.161624609637361
"s__Anthropogastromicrobium_aceti","s__Dorea_sp._AM13_35",-0.0514945631796025,-0.387012217697149,126,74,0.0174493902956007,0.173434835914944
"s__Oscillibacter_valericigenes","s__Dorea_sp._AM13_35",-0.300273012748406,-0.16768604220659,127,74,0.345167706234424,0.586964784662467
"s__Simiaoa_sunii","s__Dorea_sp._AM13_35",-0.177247311827957,-0.512210292484265,125,74,0.0101369598424982,0.148978653411758
"s__Bacteroides_caccae","s__Dorea_sp._AM13_35",-0.331422269801757,-0.34029959810011,123,69,0.953884464091736,0.983979803877563
"s__Bacteroides_ovatus","s__Dorea_sp._AM13_35",-0.39854602675059,-0.284106686152722,124,69,0.394689470647154,0.631319576537471
"s__Bacteroides_fragilis","s__Dorea_sp._AM13_35",-0.357295181852268,-0.264716771566087,127,74,0.488869773685111,0.70402979552056
"s__Bacteroides_thetaiotaomicron","s__Dorea_sp._AM13_35",-0.351569892473118,-0.423205902079141,125,71,0.584510698947555,0.773943045008017
"s__Dorea_sp._AF36_15AT","s__Dorea_sp._AM13_35",0.219921728533933,0.48741206960385,127,73,0.0402994932973151,0.230132280728939
"s__Bacteroides_xylanisolvens","s__Dorea_sp._AM13_35",-0.327984935058235,-0.211874314943369,123,69,0.412267144892114,0.647195447761604
"s__Waltera_intestinalis","s__Dorea_sp._AM13_35",-0.22410498687664,-0.476651211617531,126,70,0.057767561108919,0.265991487869591
"s__Dorea_sp._AM58_8","s__Dorea_sp._AM13_35",0.238804133858268,0.549885227693447,127,74,0.0124597059922767,0.159289698540667
"s__Alistipes_shahii","s__Dorea_sp._AM13_35",-0.323645328553415,-0.391224489795918,102,49,0.674017376832369,0.840951616395283
"s__Dysosmobacter_sp._BX15","s__Dorea_sp._AM13_35",-0.246574500768049,-0.41020362828582,125,74,0.222032828423503,0.479825347404303
"s__Clostridium_sp._AF37_5","s__Dorea_sp._AM13_35",-0.314042978510745,-0.202229020979021,116,65,0.446996091948346,0.675300960430833
"s__Clostridium_sp._1001270H_150608_G6","s__Dorea_sp._AM13_35",-0.413731581377776,-0.0682148040638607,83,53,0.0401762285010471,0.229893593702331
"s__Dorea_sp._AF24_7LB","s__Dorea_sp._AM13_35",0.822061304836895,0.822812538565963,127,73,0.99930448862374,0.999807399048696
"s__Dorea_sp._OM07_5","s__Dorea_sp._AM13_35",0.837639653815893,0.776152567579389,124,70,0.23769782270246,0.4974201430089
"s__Dorea_sp._AM10_31","s__Dorea_sp._AM13_35",0.754976040002778,0.733925706528446,120,73,0.744886675872707,0.883332854595255
"s__Streptococcus_parasanguinis","s__Dorea_sp._AM13_35",0.335619766212238,0.224284523478744,108,60,0.460884801086377,0.68461973674823
"s__Dorea_sp._NSJ_36","s__Dorea_sp._AM13_35",0.836369584397646,0.792555331991952,122,71,0.381963055469422,0.619624084192289
"s__Collinsella_aerofaciens","s__Schaalia_odontolytica",0.390156252916908,0.381526648599819,137,81,0.937936300250731,0.975698046283382
"s__Blautia_wexlerae","s__Schaalia_odontolytica",0.351676405249501,0.226016260162602,137,81,0.33435684794644,0.577429390464473
"s__Dorea_longicatena","s__Schaalia_odontolytica",0.316295480426382,0.0278906955736224,137,81,0.0360022300989146,0.220305461405992
"s__Mediterraneibacter_faecis","s__Schaalia_odontolytica",0.310979707655833,0.156165311653117,137,81,0.24948889617159,0.506022503321001
"s__Blautia_obeum","s__Schaalia_odontolytica",0.295975133944406,0.316937669376694,137,81,0.875886210794849,0.950649665294409
"s__Blautia_massiliensis","s__Schaalia_odontolytica",0.304098086923334,0.212059620596206,136,81,0.488008694764927,0.703195807554654
"s__Anaerobutyricum_hallii","s__Schaalia_odontolytica",0.298182649765714,0.24263775971093,137,81,0.671651559830269,0.839930805184107
"s__Dorea_formicigenerans","s__Schaalia_odontolytica",0.363689398323595,0.40609756097561,137,81,0.732933770480296,0.874586827439882
"s__Phocaeicola_vulgatus","s__Schaalia_odontolytica",-0.286985353752206,-0.203093947606143,136,81,0.530169143982712,0.734885806592723
"s__Cyclospora_cayetanensis","s__Schaalia_odontolytica",-0.462472231037766,-0.305962059620596,137,81,0.194965527325122,0.449990905014158
"s__Bacteroides_uniformis","s__Schaalia_odontolytica",-0.326384142173616,-0.232463738792853,133,78,0.48068074199502,0.697650171298397
"s__Oscillibacter_sp._ER4","s__Schaalia_odontolytica",-0.353868048683445,-0.30462962962963,133,81,0.696793356919216,0.857387897963368
"s__Vescimonas_coprocola","s__Schaalia_odontolytica",-0.286813606221077,-0.208626919602529,136,81,0.5577618381084,0.754039610378955
"s__Faecalibacterium_sp._HTFF","s__Schaalia_odontolytica",-0.292446842272295,-0.205039849976559,137,80,0.513333296317502,0.719564166235784
"s__Senegalimassilia_anaerobia","s__Schaalia_odontolytica",0.208240935440614,0.41544772620722,132,80,0.111780423370508,0.339285546859496
"s__Anthropogastromicrobium_aceti","s__Schaalia_odontolytica",-0.387061685988264,-0.434123757904246,136,81,0.697948774005695,0.857843400216435
"s__Ruminococcus_bicirculans","s__Schaalia_odontolytica",-0.297014925373134,-0.208884200656353,135,80,0.51010554231901,0.718073254210019
"s__Oscillibacter_valericigenes","s__Schaalia_odontolytica",-0.447332312804525,-0.375677506775068,137,81,0.541068232190119,0.743116288443784
"s__Lachnoclostridium_sp._210928_DFI_6_3","s__Schaalia_odontolytica",-0.364544254459883,-0.280719280719281,132,78,0.517025790317499,0.721904869225285
"s__Flavonifractor_plautii","s__Schaalia_odontolytica",-0.252324192133216,-0.377800361336947,137,81,0.331984639802204,0.575161297873944
"s__Vescimonas_fastidiosa","s__Schaalia_odontolytica",-0.285369913332951,-0.327213188798555,132,81,0.752502029365764,0.88777169090527
"s__Phascolarctobacterium_sp._Marseille_Q4147","s__Schaalia_odontolytica",-0.103790803790804,-0.403902945167212,111,67,0.0415115008530475,0.232884260087488
"s__Eggerthella_lenta","s__Schaalia_odontolytica",0.317513581122706,0.212579042457091,137,81,0.426831317770787,0.661889888161697
"s__Absicoccus_porci","s__Schaalia_odontolytica",0.389839143355819,0.299038461538462,86,64,0.540476804453666,0.743116288443784
"s__Oscillibacter_sp._MSJ_31","s__Schaalia_odontolytica",-0.346039410789191,-0.42065166432255,135,80,0.547871251651552,0.74826419159241
"s__Bacteroides_caccae","s__Schaalia_odontolytica",-0.330635776437303,-0.163472317156528,131,76,0.223826521386235,0.480891960322752
"s__Bacteroides_ovatus","s__Schaalia_odontolytica",-0.357142857142857,-0.195261014439097,133,74,0.233559570290586,0.492761469707431
"s__Pseudoflavonifractor_sp._MSJ_30","s__Schaalia_odontolytica",-0.375869471876342,-0.214859981933153,136,81,0.214750417321047,0.470999161458597
"s__Bacteroides_stercoris","s__Schaalia_odontolytica",-0.343288683037308,-0.213994816734543,133,73,0.342763822096304,0.584994930118705
"s__Collinsella_sp._TF05_9AC","s__Schaalia_odontolytica",0.313729053833012,0.420938833570413,122,75,0.411538185757991,0.646732753321832
"s__Pseudoflavonifractor_phocaeensis","s__Schaalia_odontolytica",-0.30875352362462,-0.252845528455285,137,81,0.667596167287602,0.836546703119051
"s__Paraprevotella_clara","s__Schaalia_odontolytica",-0.354167288353078,-0.223895526535149,93,60,0.400158539847594,0.637694725920239
"s__Phocaeicola_massiliensis","s__Schaalia_odontolytica",-0.365054828005298,-0.196593854128101,130,73,0.217769422628325,0.473993066087855
"s__Faecalibacterium_sp._CLA_AA_H233","s__Schaalia_odontolytica",-0.281535273582616,-0.243178621659634,137,80,0.770573723308765,0.898045695426416
"s__Bacteroides_xylanisolvens","s__Schaalia_odontolytica",-0.387356315841651,-0.283641536273115,132,75,0.42450062559224,0.66028649142299
"s__Oscillibacter_sp._MCC667","s__Schaalia_odontolytica",-0.382381565764992,-0.409142053445851,136,80,0.83100189528708,0.930581412534115
"s__Streptococcus_salivarius","s__Schaalia_odontolytica",0.477053927623985,0.32670186162823,114,60,0.267490134291699,0.520599078567715
"s__Yeguia_hominis","s__Schaalia_odontolytica",-0.408241998029901,-0.376422764227642,134,81,0.788141566680856,0.907708924251662
"s__Dysosmobacter_sp._BX15","s__Schaalia_odontolytica",-0.378161822466614,-0.3199484294421,134,80,0.641167410909964,0.819699096495709
"s__Intestinimonas_butyriciproducens","s__Schaalia_odontolytica",-0.351480389045494,-0.295483288166215,137,81,0.657607361954527,0.829912556976741
"s__Phocea_massiliensis","s__Schaalia_odontolytica",-0.291576431567652,-0.387533875338753,135,81,0.452577057743344,0.679229401938853
"s__Dysosmobacter_welbionis","s__Schaalia_odontolytica",-0.303731966732752,-0.279649464459591,134,79,0.851602135297195,0.941994127786122
"s__Ruminococcus_champanellensis","s__Schaalia_odontolytica",-0.339851698097748,-0.235150925024343,130,79,0.429885486971857,0.66293380117065
"s__Dorea_sp._OM07_5","s__Schaalia_odontolytica",0.353533933258343,0.193968705547653,127,75,0.243166786071334,0.500748848682227
"s__Streptococcus_parasanguinis","s__Schaalia_odontolytica",0.515105876005934,0.389097294277277,117,67,0.306735020809047,0.558271507482124
"s__Streptococcus_thermophilus","s__Schaalia_odontolytica",0.425981498947288,0.258916083916084,108,65,0.235358052214587,0.494438815861921
"s__Dorea_sp._AM13_35","s__Schaalia_odontolytica",0.31572316018976,0.168611670020121,118,70,0.308470776238493,0.559396158252357
"s__Romboutsia_timonensis","s__Terrisporobacter_glycolicus",0.416924868957484,0.407509157509158,101,64,0.938939637331687,0.975698046283382
"s__Blautia_faecicola","s__Terrisporobacter_glycolicus",-0.336705544499584,-0.0701179417597328,106,66,0.0810126451530635,0.301472266942823
"s__Intestinibacter_bartlettii","s__Terrisporobacter_glycolicus",0.450144030726555,0.532673566518093,104,62,0.514512441050827,0.719564166235784
"s__Clostridium_sp._1001271B_151109_B4","s__Terrisporobacter_glycolicus",0.370525664811379,0.171488469601677,99,54,0.213489563924559,0.470749244019566
"s__Clostridium_saudiense","s__Terrisporobacter_glycolicus",0.365396093326099,0.418702513150205,96,59,0.716903068890199,0.864981118897899
"s__Clostridium_sp._D43t1_170807_H7","s__Terrisporobacter_glycolicus",0.401969699304903,0.153940886699507,92,57,0.117538157759013,0.349061938284321
"s__Clostridium_sp._1001270J_160509_D11","s__Terrisporobacter_glycolicus",0.642203648094664,0.52323991797676,98,56,0.286930694827317,0.538430554994487
"s__Turicibacter_sanguinis","s__Terrisporobacter_glycolicus",0.368607422540007,0.510724076761813,89,53,0.327651809808985,0.572307455753936
"s__Terrisporobacter_mayombei","s__Terrisporobacter_glycolicus",0.736765176571002,0.755088325652842,104,63,0.811805108212312,0.922603359928005
"s__Phocaeicola_vulgatus","s__Bilophila_wadsworthia",0.353270658524799,0.41866028708134,103,56,0.659690615248157,0.831321372604768
"s__Eubacterium_coprostanoligenes","s__Bilophila_wadsworthia",-0.095295076793604,-0.455329785518465,97,53,0.0251460181927719,0.194287693003565
"s__Bacteroides_uniformis","s__Bilophila_wadsworthia",0.328934187536401,0.453391053391053,101,55,0.39875767011461,0.636346926925357
"s__Bacteroides_fragilis","s__Bilophila_wadsworthia",0.349613407723059,0.173342447026658,103,56,0.264069560691892,0.517173700344536
"s__Parabacteroides_distasonis","s__Bilophila_wadsworthia",0.319596722664842,0.514389174766533,102,54,0.17420031265588,0.426444412516351
"s__Paraprevotella_clara","s__Bilophila_wadsworthia",0.281455386718545,0.573361522198731,77,44,0.0656088722135122,0.275086720364539
"s__Clostridium_sp._AM49_4BH","s__Bilophila_wadsworthia",-0.158835883588359,-0.461688311688312,100,55,0.0507344730258706,0.249251218194241
"s__Blautia_wexlerae","s__Bacteriophage_sp.",-0.360656990068755,-0.476689806357326,120,69,0.366351660278969,0.607465457907123
"s__Dorea_longicatena","s__Bacteriophage_sp.",-0.355524689214529,-0.047351114358787,120,69,0.0357627515189096,0.219230129186328
"s__Blautia_obeum","s__Bacteriophage_sp.",-0.257323425237864,-0.45144318597004,120,69,0.151056445510881,0.393547815236302
"s__Extibacter_muris","s__Bacteriophage_sp.",-0.120508368636711,-0.386700767263427,120,69,0.064608152804924,0.273935615341439
"s__Blautia_massiliensis","s__Bacteriophage_sp.",-0.313829938755163,-0.36507124588966,119,69,0.713633880401275,0.863542193771986
"s__Dorea_formicigenerans","s__Bacteriophage_sp.",-0.299701368150566,-0.141687979539642,120,69,0.279946632458794,0.53219263074947
"s__Subdoligranulum_sp._APC924_74","s__Bacteriophage_sp.",-0.0239638228172625,-0.505859449555293,119,68,0.000631807134144994,0.052994749617674
"s__Oscillibacter_sp._ER4","s__Bacteriophage_sp.",0.245384724946041,0.545633905736208,118,69,0.0201951867273906,0.182286737940935
"s__Vescimonas_coprocola","s__Bacteriophage_sp.",0.263801452784504,0.396455973693825,119,69,0.338903667593695,0.581001850874735
"s__Oscillibacter_valericigenes","s__Bacteriophage_sp.",0.371414681575109,0.472268907563025,120,69,0.431821845224167,0.664445335895262
"s__Ruminococcus_lactaris","s__Bacteriophage_sp.",-0.120063893325925,-0.457910120569967,120,69,0.0159093639748805,0.167829149415994
"s__Vescimonas_fastidiosa","s__Bacteriophage_sp.",0.274637625584784,0.420752648885641,118,69,0.285850718011405,0.537474368092521
"s__Oscillibacter_sp._MSJ_31","s__Bacteriophage_sp.",0.330337558752314,0.452429667519182,119,69,0.354971601566927,0.597234509681341
"s__Bacteroides_caccae","s__Bacteriophage_sp.",0.141857363365253,0.412086421041645,117,66,0.0622154367279676,0.27290674350444
"s__Pseudoflavonifractor_sp._MSJ_30","s__Bacteriophage_sp.",0.380672268907563,0.517025940811107,119,69,0.272358690469883,0.526203110407825
"s__Bacteroides_stercoris","s__Bacteriophage_sp.",0.0781818999235715,0.499175824175824,117,64,0.00329204671110046,0.0993100757848638
"s__Ruminococcus_sp._M6_2020","s__Bacteriophage_sp.",0.204529269334853,0.428059919620022,119,69,0.108037332045443,0.335325257133825
"s__Pseudoflavonifractor_phocaeensis","s__Bacteriophage_sp.",0.205896242794639,0.410120569967117,120,69,0.144350006055754,0.38244966935727
"s__Oscillibacter_sp._MCC667","s__Bacteriophage_sp.",0.284788491667854,0.549506759225429,119,69,0.0367847674386521,0.221312535736377
"s__Yeguia_hominis","s__Bacteriophage_sp.",0.24535678678251,0.429265619291195,119,69,0.180648795010492,0.432325125985443
"s__Dysosmobacter_sp._BX15","s__Bacteriophage_sp.",0.269407597749844,0.414797223237121,120,69,0.288941523104646,0.540625624568485
"s__Clostridium_sp._AF37_5","s__Bacteriophage_sp.",0.362225277821608,0.0952486801889414,110,60,0.0843237388330607,0.304982126598084
"s__Intestinimonas_butyriciproducens","s__Bacteriophage_sp.",0.200243072435586,0.441980270369017,120,69,0.080236966277567,0.301472266942823
"s__Intestinimonas_sp._MSJ_38","s__Bacteriophage_sp.",0.318834704677177,0.493386919985385,118,69,0.178185516000685,0.431535203891801
"s__Pseudoflavonifractor_capillosus","s__Bacteriophage_sp.",0.279026321272311,0.434782608695652,120,69,0.249892625824731,0.506022503321001
"s__Agathobaculum_sp._M2","s__Bacteriophage_sp.",0.319824703033099,0.0594342863686682,116,68,0.0817137492618115,0.301840584007916
