"t1","t2","r1","r2","n1","n2","p","BH_p","abs_diff_cor","num_sig_corr_t1","num_sig_corr_t2","Description","Ontology"
"s__Coprococcus_eutactus","GO_none",-0.291819336114638,0.197433841218925,149,86,0.00028778273128805,0.0803975280395065,0.489253177333564,3,2,"none","none"
"s__Dorea_ammoniilytica","GO_none",0.0743696716851079,-0.358651412372178,148,84,0.00125748214050115,0.0985630673079499,0.433021084057286,15,2,"none","none"
"s__Vescimonas_fastidiosa","GO:0005524",0.003239289446186,-0.426822019906599,144,86,0.000962610906190247,0.0935868372687445,0.430061309352785,25,1,"ATP binding","MF"
"s__Blautia_faecis","GO:0005975",0.433462724469436,0.0120288692862871,149,86,0.00104252572011833,0.0945515389416827,0.421433855183149,17,2,"carbohydrate metabolic process","BP"
"s__Prevotella_sp._Marseille_P4119","GO:0005975",-0.0754299754299754,0.428713211436424,111,68,0.00072914487837141,0.0891344997407774,0.5041431868664,31,2,"carbohydrate metabolic process","BP"
"s__Roseburia_inulinivorans","GO:0003700",0.197107393655812,0.59118826359734,148,86,0.0005296567137687,0.0854158017121955,0.394080869941528,15,1,"DNA binding transcription factor activity","MF"
"s__Oscillibacter_sp._ER4","GO:0016491",-0.34071406077783,-0.676814944101137,145,86,0.00075389581983371,0.0891344997407774,0.336100883323307,31,2,"oxidoreductase activity","MF"
"s__Simiaoa_sunii","GO:0016491",-0.368887432157558,-0.689251514559312,146,85,0.000980790841457347,0.0935868372687445,0.320364082401754,20,2,"oxidoreductase activity","MF"
"s__Blautia_obeum","GO:0007165",0.468449120261201,0.0126326713524223,149,86,0.000326740233234171,0.0818831367564395,0.455816448908778,26,2,"signal transduction","BP"
"s__Roseburia_inulinivorans","GO:0007165",0.205625293832389,0.641058540497193,148,86,6.78880546000962e-05,0.0701594561540619,0.435433246664804,15,2,"signal transduction","BP"
"s__Collinsella_sp._TF05_9AC","GO:0006508",-0.219881453974148,-0.605532114392874,133,80,0.000948912774930695,0.0935868372687445,0.385650660418726,25,1,"proteolysis","BP"
"s__Roseburia_inulinivorans","GO:0000155",0.13656403972799,0.553431765649323,148,86,0.00044828902172907,0.0838182743046852,0.416867725921333,15,1,"phosphorelay sensor kinase activity","MF"
"s__Oscillibacter_sp._ER4","GO:0005515",0.0156077783026295,0.468559837728195,145,86,0.000391470238505539,0.0838182743046852,0.452952059425565,31,2,"protein binding","MF"
"s__Prevotella_sp._P5_64","GO:0005515",0.21698554609947,0.669241285030759,78,56,0.00113165975006492,0.0949568926561188,0.452255738931289,40,2,"protein binding","MF"
"s__Roseburia_inulinivorans","GO:0000160",0.164783054524186,0.626737110241049,148,86,3.8461995525675e-05,0.0692347104863928,0.461954055716863,15,1,"phosphorelay signal transduction system","BP"
"s__Dorea_sp._OM07_5","GO:0006310",0.0469598820169134,-0.426394749179559,137,80,0.000476408142442449,0.0839423584949587,0.473354631196473,8,1,"DNA recombination","BP"
"s__Bifidobacterium_pseudocatenulatum","GO:0006351",-0.0772900895895548,0.39801970181717,120,78,0.000802282761059038,0.0899977292387695,0.475309791406725,3,1,"transcription, DNA-templated","BP"
"s__Bifidobacterium_pseudocatenulatum","GO:0003899",-0.0814084311410515,0.407832673655458,120,78,0.000542839343875212,0.0862746630349643,0.48924110479651,3,1,"DNA-directed 5'-3' RNA polymerase activity","MF"
"s__Blautia_sp._OF03_15BH","GO:0016787",0.109996039046854,-0.381555733761026,148,86,0.00021292485095721,0.0772956595505867,0.49155177280788,4,1,"hydrolase activity","MF"
"s__Dorea_sp._NSJ_36","GO:0003918",-0.0348645061860525,0.403023909985935,141,80,0.00123763241791575,0.0978271996074365,0.437888416171988,4,1,"DNA topoisomerase type II (ATP-hydrolyzing) activity","MF"
"s__Phocea_massiliensis","GO:0009401",-0.188154047253852,-0.596018680126421,147,86,0.00034082162796771,0.0829800091921737,0.407864632872569,18,1,"phosphoenolpyruvate-dependent sugar phosphotransferase system","BP"
"s__Roseburia_inulinivorans","GO:0043565",0.19870288039032,0.599792443039766,148,86,0.000385580259889498,0.0838182743046852,0.401089562649446,15,5,"sequence-specific DNA binding","MF"
"s__Blautia_faecis","GO:0043565",0.427070560493379,-0.0356337563092599,149,86,0.000361536738559588,0.0838182743046852,0.462704316802639,17,5,"sequence-specific DNA binding","MF"
"s__Prevotella_hominis","GO:0043565",-0.0366795366795367,0.43407936201685,112,72,0.00119690115362671,0.0964755634865582,0.470758898696387,9,5,"sequence-specific DNA binding","MF"
"s__Vescimonas_fastidiosa","GO:0043565",-0.420504782573748,0.030822208594745,144,86,0.000557859811864194,0.0872186315718096,0.451326991168493,25,5,"sequence-specific DNA binding","MF"
"s__Prevotella_sp._Marseille_P4119","GO:0043565",0.035012285012285,0.503645455586518,111,68,0.00102302747828625,0.0942794003147865,0.468633170574232,31,5,"sequence-specific DNA binding","MF"
"s__Blautia_obeum","GO:0006298",-0.318693996009432,-0.673097787631492,149,86,0.000438439599624956,0.0838182743046852,0.35440379162206,26,2,"mismatch repair","BP"
"s__Phascolarctobacterium_sp._Marseille_Q4147","GO:0006298",0.204905430229458,0.616297786720322,118,71,0.000905240992826176,0.0933158992068922,0.411392356490864,21,2,"mismatch repair","BP"
"s__Blautia_obeum","GO:0030983",-0.275026301469254,-0.637265908769282,149,86,0.000655246843112717,0.0888826995760413,0.362239607300027,26,3,"mismatched DNA binding","MF"
"s__Simiaoa_sunii","GO:0030983",0.203358622617682,0.590209106898573,146,85,0.000710902073928947,0.0891344997407774,0.386850484280892,20,3,"mismatched DNA binding","MF"
"s__Phascolarctobacterium_sp._Marseille_Q4147","GO:0030983",0.181649191619281,0.615425888665325,118,71,0.000527133973298529,0.0854158017121955,0.433776697046044,21,3,"mismatched DNA binding","MF"
"s__Prevotella_sp._Marseille_P4119","GO:0022857",0.157002457002457,0.644043211054701,111,68,0.000123576895204398,0.0703469397546883,0.487040754052244,31,2,"transmembrane transporter activity","MF"
"s__Prevotella_sp._P5_64","GO:0022857",0.0618242516976694,0.570471633629528,78,56,0.00119237289648585,0.0964755634865582,0.508647381931859,40,2,"transmembrane transporter activity","MF"
"s__Blautia_obeum","GO:0006352",-0.064828586976238,-0.522600122647295,149,86,0.000194941898041926,0.0772956595505867,0.457771535671057,26,4,"DNA-templated transcription, initiation","BP"
"s__Oscillibacter_sp._ER4","GO:0006352",0.00273578963942686,0.43908674937497,145,86,0.000748471425416938,0.0891344997407774,0.436350959735544,31,4,"DNA-templated transcription, initiation","BP"
"s__Phascolarctobacterium_succinatutens","GO:0006352",0.0914984419455358,0.564419852448022,121,71,0.00035383274943437,0.0829800091921737,0.472921410502486,38,4,"DNA-templated transcription, initiation","BP"
"s__Phocea_massiliensis","GO:0006352",0.0323954091077379,0.444256804566253,147,86,0.00131964322018939,0.099538162394421,0.411861395458515,18,4,"DNA-templated transcription, initiation","BP"
"s__Collinsella_sp._TF05_9AC","GO:0030170",0.170014588710582,0.566877637130802,133,80,0.00112823285414374,0.0949568926561188,0.396863048420219,25,2,"pyridoxal phosphate binding","MF"
"s__Agathobaculum_sp._M2","GO:0030170",-0.00387002868273471,-0.42974686201251,141,83,0.00126202336339182,0.0985630673079499,0.425876833329775,8,2,"pyridoxal phosphate binding","MF"
"s__Phocea_massiliensis","GO:0008982",-0.180008915821049,-0.598113118543327,147,86,0.000245780207917466,0.0786544598857506,0.418104202722279,18,1,"protein-N(PI)-phosphohistidine-sugar phosphotransferase activity","MF"
"s__Blautia_obeum","GO:0016772",0.466591692363504,0.0355960186801264,149,86,0.000650321735872985,0.0888826995760413,0.430995673683378,26,2,"transferase activity, transferring phosphorus-containing groups","MF"
"s__Roseburia_inulinivorans","GO:0016772",0.0864487278677116,0.504976649841974,148,86,0.000698498242691036,0.0891344997407774,0.418527921974262,15,2,"transferase activity, transferring phosphorus-containing groups","MF"
"s__Anaerobutyricum_soehngenii","GO:0009982",-0.0881335026301469,0.355592244917213,149,86,0.000867661852733978,0.0921672765193639,0.44372574754736,4,1,"pseudouridine synthase activity","MF"
"s__Anaerobutyricum_soehngenii","GO:0001522",-0.0867621984400508,0.355856408321147,149,86,0.000892383137583472,0.0933158992068922,0.442618606761198,4,1,"pseudouridine synthesis","BP"
"s__Anaerobutyricum_soehngenii","GO:0009451",-0.0899220025394522,0.35468654181801,149,86,0.000850464867150276,0.0916809911941176,0.444608544357462,4,1,"RNA modification","BP"
"s__Catenibacterium_mitsuokai","GO:0140359",-0.313499915993055,0.14642542294614,137,83,0.000882501289398448,0.0930704473875949,0.459925338939195,12,1,"none","none"
"s__Prevotella_sp._Marseille_P4119","GO:0008033",-0.0426465426465426,-0.534603198839562,111,68,0.000458002938699854,0.0838182743046852,0.491956656193019,31,2,"tRNA processing","BP"
"s__Prevotella_sp._P5_64","GO:0008033",-0.0602309083321742,-0.57758031442242,78,56,0.000938721265838142,0.0933158992068922,0.517349406090245,40,2,"tRNA processing","BP"
"s__Roseburia_inulinivorans","GO:0016868",-0.0630013659735616,-0.534808245671966,148,86,0.000114917411976524,0.0701594561540619,0.471806879698404,15,2,"intramolecular transferase activity, phosphotransferases","MF"
"s__Senegalimassilia_anaerobia","GO:0016868",-0.0555582348685797,0.386300566738323,144,85,0.000912121062286726,0.0933158992068922,0.441858801606903,7,2,"intramolecular transferase activity, phosphotransferases","MF"
"s__Catenibacterium_mitsuokai","GO:0006807",-0.187214143035824,0.362348348096218,137,83,6.1511711760328e-05,0.0701594561540619,0.549562491132042,12,2,"nitrogen compound metabolic process","BP"
"s__Simiaoa_sunii","GO:0006807",-0.0523864151234419,-0.485851084619894,146,85,0.000598120399670502,0.0883295188010076,0.433464669496453,20,2,"nitrogen compound metabolic process","BP"
"s__Blautia_faecis","GO:0006814",0.277170324687103,-0.163168073965753,149,86,0.001136866377738,0.0949568926561188,0.440338398652856,17,1,"sodium ion transport","BP"
"s__Prevotella_sp._Marseille_P4119","GO:0030246",0.167944892944893,0.60484024888346,111,68,0.000779819535126839,0.089390299395526,0.436895355938567,31,1,"carbohydrate binding","MF"
"s__Dorea_sp._OM07_5","GO:0006164",-0.0887300016801389,0.405860290670417,137,80,0.000302296980194333,0.0804737967828592,0.494590292350556,8,2,"purine nucleotide biosynthetic process","BP"
"s__Dorea_sp._AM10_31","GO:0006164",-0.0632423253943429,0.372933359390268,139,85,0.00120416391228738,0.0965169870795952,0.436175684784611,4,2,"purine nucleotide biosynthetic process","BP"
"s__Alistipes_onderdonkii","GO:0016743",-0.112685133108361,-0.547250167672703,127,71,0.000970178024451615,0.0935868372687445,0.434565034564341,2,1,"carboxyl- or carbamoyltransferase activity","MF"
"s__Prevotella_hominis","GO:0016829",-0.108723135271808,0.406457006881471,112,72,0.00048001044865895,0.0839861394377018,0.515180142153279,9,1,"lyase activity","MF"
"s__Blautia_faecis","GO:0006812",0.0742499546526392,0.56877211189207,149,86,3.57287756396184e-05,0.0661012123312639,0.494522157239431,17,3,"cation transport","BP"
"s__Blautia_glucerasea","GO:0006812",0.0389914746961727,0.536185669135337,149,86,5.12065915025062e-05,0.0701594561540619,0.497194194439164,4,3,"cation transport","BP"
"s__Blautia_sp._BIOML_A1","GO:0006812",-0.050720600001928,0.388348507005047,146,86,0.000899419762430437,0.0933158992068922,0.439069107006975,2,3,"cation transport","BP"
"s__Holdemanella_biformis","GO:0006633",-0.0163694717865379,0.411379973676217,148,84,0.00114588436707158,0.0949568926561188,0.427749445462755,3,2,"fatty acid biosynthetic process","BP"
"s__Barnesiella_intestinihominis","GO:0006633",0.117533129459735,-0.533801580333626,109,68,6.78081385332806e-06,0.0490594728891098,0.651334709793361,7,2,"fatty acid biosynthetic process","BP"
"s__Roseburia_faecis","GO:0000105",0.306257935788137,-0.141317986697486,149,86,0.000890359661950449,0.0933158992068922,0.447575922485623,1,1,"histidine biosynthetic process","BP"
"s__Alistipes_ihumii","GO:0004672",0.0792141820443707,-0.431693989071038,105,62,0.00101692131583503,0.0942794003147865,0.510908171115409,2,1,"protein kinase activity","MF"
"s__Vescimonas_fastidiosa","GO:0005215",0.0367655333172575,-0.392499646209727,144,86,0.00116991288958028,0.0954898384616611,0.429265179526984,25,1,"transporter activity","MF"
"s__Alistipes_ihumii","GO:0006468",0.116089570806552,-0.408123693686888,105,62,0.000842089023455907,0.0913447153570583,0.52421326449344,2,1,"protein phosphorylation","BP"
"s__Adlercreutzia_equolifaciens","GO:0016810",-0.0586668580797739,0.389386291806217,147,86,0.000696513690870102,0.0891344997407774,0.448053149885991,21,1,"hydrolase activity, acting on carbon-nitrogen (but not peptide) bonds","MF"
"s__Roseburia_inulinivorans","GO:0016765",-0.114575197029655,-0.56652672295863,148,86,0.000139123634895886,0.0713457356520512,0.451951525928975,15,1,"transferase activity, transferring alkyl or aryl (other than methyl) groups","MF"
"s__Anthropogastromicrobium_aceti","GO:0051301",0.0850235251002269,-0.39231095806406,148,86,0.000303797839262528,0.0804737967828592,0.477334483164287,8,2,"cell division","BP"
"s__Phascolarctobacterium_succinatutens","GO:0051301",0.0890529738517816,-0.424849094567404,121,71,0.000395092342592739,0.0838182743046852,0.513902068419186,38,2,"cell division","BP"
"s__Dorea_ammoniilytica","GO:0005506",0.13288442531012,0.564564138908575,148,84,0.000288665756775989,0.0803975280395065,0.431679713598455,15,1,"iron ion binding","MF"
"s__Prevotella_sp._P5_64","GO:0005978",-0.0389104566319756,-0.556390977443609,78,56,0.00113939023983735,0.0949568926561188,0.517480520811633,40,1,"glycogen biosynthetic process","BP"
"s__Dorea_sp._AM10_31","GO:0004814",-0.347276464542652,0.0919093218682822,139,85,0.00120405549382485,0.0965169870795952,0.439185786410934,4,1,"arginine-tRNA ligase activity","MF"
"s__Dorea_sp._AM10_31","GO:0006420",-0.347276464542652,0.0919093218682822,139,85,0.00120405549382485,0.0965169870795952,0.439185786410934,4,1,"arginyl-tRNA aminoacylation","BP"
"s__Roseburia_inulinivorans","GO:0006400",-0.102592388306674,-0.594905420066984,148,86,2.58215115527706e-05,0.0610440045602667,0.49231303176031,15,1,"tRNA modification","BP"
"s__Bacteroides_xylanisolvens","GO:0006813",0.310035366931919,0.709055501460565,144,79,8.01483169544656e-05,0.0701594561540619,0.399020134528646,25,1,"potassium ion transport","BP"
"s__Blautia_sp._MSJ_19","GO:0004478",0.306500035167341,-0.138751827916411,148,86,0.000960354865621201,0.0935868372687445,0.445251863083752,7,1,"methionine adenosyltransferase activity","MF"
"s__Blautia_sp._MSJ_19","GO:0006556",0.306500035167341,-0.138751827916411,148,86,0.000960354865621201,0.0935868372687445,0.445251863083752,7,1,"S-adenosylmethionine biosynthetic process","BP"
"s__Catenibacterium_mitsuokai","GO:0004565",-0.299102059103553,0.155996809537803,137,83,0.00102940195465402,0.0945515389416827,0.455098868641355,12,1,"beta-galactosidase activity","MF"
"s__Mediterraneibacter_butyricigenes","GO:0005694",-0.0207509522945765,0.40343951534102,149,85,0.00122890852226492,0.0973380592232391,0.424190467635597,2,1,"chromosome","CC"
"s__Dysosmobacter_sp._BX15","GO:0008745",-0.306168721621856,0.130017588430721,146,85,0.00130790444114315,0.099280616060892,0.436186310052577,3,1,"N-acetylmuramoyl-L-alanine amidase activity","MF"
"s__Ruminococcus_sp._210702_SL_1_03","GO:0043190",-0.108945886768846,-0.542084715167289,139,83,0.00044510406385475,0.0838182743046852,0.433138828398444,10,1,"ATP-binding cassette (ABC) transporter complex","CC"
"s__Dorea_sp._AF36_15AT","GO:0008173",0.135131433309765,0.545914751442746,148,84,0.000637236780325891,0.0888826995760413,0.410783318132981,24,1,"RNA methyltransferase activity","MF"
"s__Blautia_ammoniilytica","GO:0004825",-0.0786156653846011,0.356309259870749,148,86,0.00110386776275398,0.0945808635358021,0.43492492525535,8,1,"methionine-tRNA ligase activity","MF"
"s__Blautia_obeum","GO:0009113",-0.0141520043533466,0.437482900136799,149,86,0.000471561363786465,0.0838182743046852,0.451634904490146,26,6,"purine nucleobase biosynthetic process","BP"
"s__Oscillibacter_sp._ER4","GO:0009113",0.0586915446386396,-0.482654842209538,145,86,2.5157130459312e-05,0.0610440045602667,0.541346386848178,31,6,"purine nucleobase biosynthetic process","BP"
"s__Prevotella_stercorea","GO:0009113",-0.0173565117644649,-0.45656974604343,130,77,0.00122893946365107,0.0973380592232391,0.439213234278965,9,6,"purine nucleobase biosynthetic process","BP"
"s__Prevotella_hominis","GO:0009113",0.0179041240988144,-0.451475979162647,112,72,0.00112240369509583,0.0949568926561188,0.469380103261461,9,6,"purine nucleobase biosynthetic process","BP"
"s__Simiaoa_sunii","GO:0009113",-0.0700779886824829,-0.478893883134649,146,85,0.00119719607023741,0.0964755634865582,0.408815894452166,20,6,"purine nucleobase biosynthetic process","BP"
"s__Intestinimonas_sp._MSJ_38","GO:0009113",0.0761660458333648,-0.38810321241568,147,86,0.000452916529697311,0.0838182743046852,0.464269258249045,12,6,"purine nucleobase biosynthetic process","BP"
"s__Phocea_massiliensis","GO:0009396",-0.192668626132423,-0.569224963441672,147,86,0.00113404086268761,0.0949568926561188,0.376556337309249,18,2,"folic acid-containing compound biosynthetic process","BP"
"s__Suilimivivens_aceti","GO:0009396",-0.219196185639139,-0.640058493325157,148,86,0.000109566374129662,0.0701594561540619,0.420862307686018,13,2,"folic acid-containing compound biosynthetic process","BP"
"s__Oscillibacter_sp._ER4","GO:0016987",-0.0448512045347189,0.449332515684702,145,86,0.000140910642809656,0.0713457356520512,0.494183720219421,31,3,"bacterial sigma factor activity","MF"
"s__Dorea_sp._AF36_15AT","GO:0016987",-0.00122530419749979,-0.427700718841754,148,84,0.00108430446627056,0.0945515389416827,0.426475414644254,24,3,"bacterial sigma factor activity","MF"
"s__Dorea_sp._AM58_8","GO:0016987",-0.00262651913658625,-0.436463984150196,149,86,0.000763648975933529,0.0891344997407774,0.43383746501361,9,3,"bacterial sigma factor activity","MF"
"s__Alistipes_onderdonkii","GO:0016597",-0.00520247469066367,-0.458048289738431,127,71,0.00126742286443639,0.0987300175907097,0.452845815047767,2,1,"amino acid binding","MF"
"s__Oscillibacter_sp._ER4","GO:0016832",-0.168890725869942,-0.567809802349167,145,86,0.000652170405434545,0.0888826995760413,0.398919076479226,31,1,"aldehyde-lyase activity","MF"
"s__Dorea_sp._AF36_15AT","GO:0004177",0.279047298222754,0.639404677533664,148,84,0.000748922081722886,0.0891344997407774,0.36035737931091,24,3,"aminopeptidase activity","MF"
"s__Dorea_ammoniilytica","GO:0004177",0.170842942655023,0.622354966082819,148,84,6.67624210499905e-05,0.0701594561540619,0.451512023427796,15,3,"aminopeptidase activity","MF"
"s__Prevotella_sp._P5_64","GO:0004177",-0.0659467115163318,-0.59254955570745,78,56,0.000667502680385645,0.0891344997407774,0.526602844191119,40,3,"aminopeptidase activity","MF"
"s__Oliverpabstia_intestinalis","GO:0003684",-0.0119050703902094,0.502051983584131,148,85,4.91613734357129e-05,0.0701594561540619,0.513957053974341,3,2,"damaged DNA binding","MF"
"s__Vescimonas_fastidiosa","GO:0003684",-0.0204284221525601,-0.506221991603378,144,86,0.000112475247833786,0.0701594561540619,0.485793569450817,25,2,"damaged DNA binding","MF"
"s__Phascolarctobacterium_succinatutens","GO:0006284",-0.0591180056902859,-0.566297786720322,121,71,0.000142732510568952,0.071476792491909,0.507179781030036,38,1,"base-excision repair","BP"
"s__Ruminococcus_flavefaciens","GO:0050661",-0.137889217145577,-0.534072361903863,147,86,0.000976963283799057,0.0935868372687445,0.396183144758286,10,3,"NADP binding","MF"
"s__Vescimonas_fastidiosa","GO:0050661",-0.18406880475846,-0.565168168309826,144,86,0.00109985107164604,0.0945808635358021,0.381099363551366,25,3,"NADP binding","MF"
"s__Qingrenia_yutianensis","GO:0050661",0.0543640631668801,-0.391843797956052,143,82,0.000932654489924429,0.0933158992068922,0.446207861122932,2,3,"NADP binding","MF"
"s__Collinsella_sp._TF05_9AC","GO:0006526",0.199441956315483,0.629535864978903,133,80,0.000197478666731126,0.0772956595505867,0.430093908663419,25,1,"arginine biosynthetic process","BP"
"s__Phascolarctobacterium_succinatutens","GO:0009055",0.0344126812085083,0.520623742454728,121,71,0.000397904093607017,0.0838182743046852,0.48621106124622,38,1,"electron transfer activity","MF"
"s__Prevotella_sp._P5_64","GO:0006012",0.0381517216960255,-0.539029391660971,78,56,0.000395371380322289,0.0838182743046852,0.577181113356996,40,1,"galactose metabolic process","BP"
"s__Catenibacterium_mitsuokai","GO:0008184",-0.0843103029850468,0.362117459384577,137,83,0.00109453382766598,0.0945515389416827,0.446427762369623,12,2,"glycogen phosphorylase activity","MF"
"s__Dorea_ammoniilytica","GO:0008184",-0.0295997956592396,0.426546522223347,148,84,0.000503133608425348,0.0852677041271081,0.456146317882587,15,2,"glycogen phosphorylase activity","MF"
"s__Mediterraneibacter_glycyrrhizinilyticus","GO:0033014",0.331783058226011,-0.121901976508326,149,86,0.000708508370192595,0.0891344997407774,0.453685034734337,6,1,"tetrapyrrole biosynthetic process","BP"
"s__Dorea_sp._AM58_8","GO:0016774",-0.336107382550336,0.103504882305769,149,86,0.00101333545457029,0.0942794003147865,0.439612264856105,9,1,"phosphotransferase activity, carboxyl group as acceptor","MF"
"s__Prevotella_sp._Marseille_P4119","GO:0004619",0.0718673218673219,-0.42821697140894,111,68,0.00080283439220139,0.0899977292387695,0.500084293276262,31,1,"phosphoglycerate mutase activity","MF"
"s__Simiaoa_sunii","GO:0015930",0.0595548186208825,-0.407699824115693,146,85,0.000405884357635962,0.0838182743046852,0.467254642736575,20,1,"glutamate synthase activity","MF"
"s__Bacteroides_ovatus","GO:0006306",0.129672492520863,0.550973709834469,145,79,0.000622739429766727,0.0888826995760413,0.421301217313606,10,3,"DNA methylation","BP"
"s__Desulfovibrio_piger","GO:0006306",-0.00905444273903342,0.46458101937554,123,73,0.000714592995800063,0.0891344997407774,0.473635462114573,4,3,"DNA methylation","BP"
"s__Bacteroides_thetaiotaomicron","GO:0006306",0.214263046944065,0.603229448961156,147,81,0.000682002178241083,0.0891344997407774,0.388966402017092,15,3,"DNA methylation","BP"
"s__Bacteroides_ovatus","GO:0008170",0.129672492520863,0.550973709834469,145,79,0.000622739429766727,0.0888826995760413,0.421301217313606,10,3,"N-methyltransferase activity","MF"
"s__Desulfovibrio_piger","GO:0008170",-0.00905444273903342,0.46458101937554,123,73,0.000714592995800063,0.0891344997407774,0.473635462114573,4,3,"N-methyltransferase activity","MF"
"s__Bacteroides_thetaiotaomicron","GO:0008170",0.214263046944065,0.603229448961156,147,81,0.000682002178241083,0.0891344997407774,0.388966402017092,15,3,"N-methyltransferase activity","MF"
"s__Blautia_obeum","GO:0004637",-0.106403047342645,0.363762441624605,149,86,0.000412591427391703,0.0838182743046852,0.47016548896725,26,1,"phosphoribosylamine-glycine ligase activity","MF"
"s__Prevotella_sp._P5_64","GO:0008878",-0.0657949645291417,-0.574367737525632,78,56,0.00115113242489267,0.0949568926561188,0.508572772996491,40,1,"glucose-1-phosphate adenylyltransferase activity","MF"
"s__Prevotella_sp._Marseille_P4119","GO:0009341",0.0761934011934012,0.554261938389892,111,68,0.000524824792919795,0.0854158017121955,0.478068537196491,31,1,"beta-galactosidase complex","CC"
"s__Simiaoa_sunii","GO:0004055",0.0494712386607926,-0.385264803595857,146,85,0.00106697224368419,0.0945515389416827,0.43473604225665,20,1,"argininosuccinate synthase activity","MF"
"s__Oscillibacter_sp._ER4","GO:0006189",-0.0560108644307983,-0.466522005754988,145,86,0.00121574427705179,0.0968972251091948,0.41051114132419,31,4,"'de novo' IMP biosynthetic process","BP"
"s__Prevotella_hominis","GO:0006189",-0.164417261762395,-0.585857611421956,112,72,0.00110129326347693,0.0945808635358021,0.421440349659562,9,4,"'de novo' IMP biosynthetic process","BP"
"s__Phascolarctobacterium_succinatutens","GO:0006189",-0.205290611028316,-0.625687458081824,121,71,0.000600492059236846,0.0884835677463532,0.420396847053508,38,4,"'de novo' IMP biosynthetic process","BP"
"s__Intestinimonas_sp._MSJ_38","GO:0006189",0.0160975904615826,-0.404632293976131,147,86,0.00131210977143784,0.0993337443499039,0.420729884437714,12,4,"'de novo' IMP biosynthetic process","BP"
"s__Oscillibacter_sp._ER4","GO:0006099",-0.120965202330342,-0.519675456389452,145,86,0.00107856807773874,0.0945515389416827,0.398710254059111,31,1,"tricarboxylic acid cycle","BP"
"s__Suilimivivens_aceti","GO:0004326",-0.147032801874604,-0.562979385820086,148,86,0.000411044734871951,0.0838182743046852,0.415946583945482,13,1,"tetrahydrofolylpolyglutamate synthase activity","MF"
"s__Prevotella_sp._P5_64","GO:0004386",0.172877755156236,0.644429254955571,78,56,0.00108498844267019,0.0945515389416827,0.471551499799335,40,1,"helicase activity","MF"
"s__Oscillibacter_sp._ER4","GO:0008233",0.157691702094158,0.579282041605736,145,86,0.000300139187972219,0.0804737967828592,0.421590339511578,31,3,"peptidase activity","MF"
"s__Dorea_sp._AF36_15AT","GO:0008233",-0.114915764963704,-0.538078363875671,148,84,0.000495540186541467,0.0846268283185163,0.423162598911967,24,3,"peptidase activity","MF"
"s__Bacteroides_xylanisolvens","GO:0008233",0.223587332208022,0.610856864654333,144,79,0.000748551510802243,0.0891344997407774,0.387269532446311,25,3,"peptidase activity","MF"
"s__Catenibacterium_mitsuokai","GO:0009082",-0.290393339182706,0.198711221191386,137,83,0.000422782983718235,0.0838182743046852,0.489104560374092,12,2,"branched-chain amino acid biosynthetic process","BP"
"s__Bacteriophage_sp.","GO:0009082",-0.0481075074657962,-0.521775666788455,120,69,0.000618605086692798,0.0888826995760413,0.473668159322658,1,2,"branched-chain amino acid biosynthetic process","BP"
"s__Phascolarctobacterium_succinatutens","GO:0016884",-0.187000406448991,-0.667136150234742,121,71,5.77115025094453e-05,0.0701594561540619,0.480135743785751,38,4,"carbon-nitrogen ligase activity, with glutamine as amido-N-donor","MF"
"s__Phascolarctobacterium_sp._Marseille_Q4147","GO:0016884",-0.200785920626399,-0.609557344064386,118,71,0.00105236572924418,0.0945515389416827,0.408771423437987,21,4,"carbon-nitrogen ligase activity, with glutamine as amido-N-donor","MF"
"s__Faecalibacterium_sp._CLA_AA_H233","GO:0016884",-0.139793216034827,-0.624193863591948,149,85,2.04412581351289e-05,0.0593299461887907,0.484400647557122,10,4,"carbon-nitrogen ligase activity, with glutamine as amido-N-donor","MF"
"s__Blautia_ammoniilytica","GO:0016884",-0.0881700766648034,0.438143308646634,148,86,5.44739206827616e-05,0.0701594561540619,0.526313385311438,8,4,"carbon-nitrogen ligase activity, with glutamine as amido-N-donor","MF"
"s__Bifidobacterium_pseudocatenulatum","GO:0032549",-0.0751163275227446,0.396527523109802,120,78,0.000883001010978585,0.0930704473875949,0.471643850632546,3,1,"ribonucleoside binding","MF"
"s__Fusicatenibacter_saccharivorans","GO:0003883",-0.392211137311808,0.0505967262606727,149,86,0.000748514611986949,0.0891344997407774,0.442807863572481,5,2,"CTP synthase activity","MF"
"s__Agathobaculum_sp._M2","GO:0003883",0.372888394194957,-0.145187019856429,141,83,0.000137419090540734,0.0713457356520512,0.518075414051386,8,2,"CTP synthase activity","MF"
"s__Bacteroides_uniformis","GO:0004347",-0.0324712643678161,-0.455816296545065,145,83,0.00108248069845627,0.0945515389416827,0.423345032177249,3,1,"glucose-6-phosphate isomerase activity","MF"
"s__Simiaoa_sunii","GO:0006537",0.0413850944251106,-0.406937658784444,146,85,0.000677295898695885,0.0891344997407774,0.448322753209555,20,1,"glutamate biosynthetic process","BP"
"s__Dorea_sp._OM07_5","GO:0009098",-0.331164709615995,0.139193624003751,137,80,0.000747452292860405,0.0891344997407774,0.470358333619746,8,2,"leucine biosynthetic process","BP"
"s__Agathobaculum_sp._M2","GO:0009098",0.279973457767884,-0.174258007640317,141,83,0.00101901552360623,0.0942794003147865,0.454231465408201,8,2,"leucine biosynthetic process","BP"
"s__Phascolarctobacterium_sp._Marseille_Q4147","GO:0009166",0.263053330849941,0.65952380952381,118,71,0.000692116267031958,0.0891344997407774,0.396470478673868,21,4,"nucleotide catabolic process","BP"
"s__Faecalibacterium_sp._CLA_AA_H233","GO:0009166",0.0726900054416833,0.592534688293922,149,85,1.14732132910014e-05,0.054582173201469,0.519844682852239,10,4,"nucleotide catabolic process","BP"
"s__Faecalibacterium_sp._I3389","GO:0009166",0.0612948244779501,0.526421731483291,148,85,0.000163367618186519,0.0748989044502578,0.465126907005341,5,4,"nucleotide catabolic process","BP"
"s__Blautia_ammoniilytica","GO:0009166",-0.00901024295079904,-0.43678475399783,148,86,0.000906356549780591,0.0933158992068922,0.427774511047031,8,4,"nucleotide catabolic process","BP"
"s__Senegalimassilia_anaerobia","GO:0006259",-0.0498995257615947,0.379988274379519,144,85,0.00127033370201799,0.0987555991075057,0.429887800141114,7,1,"DNA metabolic process","BP"
"s__Eubacterium_coprostanoligenes","GO:0006402",0.319643415702221,-0.184270181772386,139,83,0.000254517341746423,0.079585063438202,0.503913597474607,1,1,"mRNA catabolic process","BP"
"s__Phascolarctobacterium_succinatutens","GO:0031419",0.0516935374610486,0.634775318578136,121,71,5.26959629931771e-06,0.0490594728891098,0.583081781117087,38,2,"cobalamin binding","MF"
"s__Phascolarctobacterium_sp._Marseille_Q4147","GO:0031419",0.152608109736724,0.644600938967136,118,71,7.00588667232068e-05,0.0701594561540619,0.491992829230412,21,2,"cobalamin binding","MF"
"s__Blautia_sp._MSJ_19","GO:0008652",0.280242987817293,-0.189207038067833,148,86,0.000523511590883022,0.0854158017121955,0.469450025885126,7,1,"cellular amino acid biosynthetic process","BP"
"s__Oliverpabstia_intestinalis","GO:0015078",0.206832088903038,0.610299003322259,148,85,0.000325490648539162,0.0818831367564395,0.403466914419221,3,2,"proton transmembrane transporter activity","MF"
"s__Yeguia_hominis","GO:0015078",-0.454642206433825,-0.765271946789943,146,86,0.000187965877383206,0.0772956595505867,0.310629740356118,6,2,"proton transmembrane transporter activity","MF"
"s__Prevotella_sp._Marseille_P4119","GO:0006007",0.0645752895752896,-0.429018589914876,111,68,0.000927720141745018,0.0933158992068922,0.493593879490165,31,1,"glucose catabolic process","BP"
"s__Collinsella_sp._TF05_9AC","GO:0008976",-0.0372573224105039,0.425199249882794,133,80,0.000681895238769613,0.0891344997407774,0.462456572293298,25,1,"polyphosphate kinase activity","MF"
"s__Collinsella_sp._TF05_9AC","GO:0006799",-0.0338600912049459,0.432559774964838,133,80,0.000591263805767435,0.0878267606722709,0.466419866169784,25,1,"polyphosphate biosynthetic process","BP"
"s__Collinsella_sp._TF05_9AC","GO:0009358",-0.0338600912049459,0.432559774964838,133,80,0.000591263805767435,0.0878267606722709,0.466419866169784,25,1,"polyphosphate kinase complex","CC"
"s__Prevotella_sp._P5_64","GO:0001510",-0.114303418100886,-0.653656869446343,78,56,0.00022676179656488,0.0772956595505867,0.539353451345457,40,1,"RNA methylation","BP"
"s__Dorea_sp._AF24_7LB","GO:0003937",0.0756824758781706,0.4918644768777,147,82,0.00102031401516249,0.0942794003147865,0.41618200099953,1,5,"IMP cyclohydrolase activity","MF"
"s__Dorea_sp._OM07_5","GO:0003937",0.0356796161816043,0.561275199249883,137,80,3.11622022288646e-05,0.0610440045602667,0.525595583068278,8,5,"IMP cyclohydrolase activity","MF"
"s__Dorea_sp._AM10_31","GO:0003937",-0.0633987220161759,0.39718585108462,139,85,0.000578162572033581,0.0878267606722709,0.460584573100796,4,5,"IMP cyclohydrolase activity","MF"
"s__Dorea_sp._NSJ_36","GO:0003937",-0.0236568346247699,0.464158462259728,141,80,0.000234656400906869,0.0781441013480009,0.487815296884498,4,5,"IMP cyclohydrolase activity","MF"
"s__Dorea_sp._AM13_35","GO:0003937",-0.0305176696662917,0.511884487226953,127,74,6.91990050925206e-05,0.0701594561540619,0.542402156893245,1,5,"IMP cyclohydrolase activity","MF"
"s__Simiaoa_sunii","GO:0016638",0.0658363298082577,-0.402931405120188,146,85,0.000399200539221306,0.0838182743046852,0.468767734928445,20,1,"oxidoreductase activity, acting on the CH-NH2 group of donors","MF"
"s__Blautia_obeum","GO:0140664",-0.29599129330673,-0.657172508137176,149,86,0.000482096263374373,0.0839861394377018,0.361181214830447,26,3,"none","none"
"s__Phascolarctobacterium_sp._Marseille_Q4147","GO:0140664",0.161292678740336,0.605633802816901,118,71,0.000462617328848983,0.0838182743046852,0.444341124076566,21,3,"none","none"
"s__Eggerthella_lenta","GO:0140664",-0.336513694902957,-0.665455917731968,149,86,0.00107303336338488,0.0945515389416827,0.328942222829012,13,3,"none","none"
"s__Oliverpabstia_intestinalis","GO:0045263",0.195856176680721,0.573519640414305,148,85,0.0010820955953051,0.0945515389416827,0.377663463733584,3,2,"proton-transporting ATP synthase complex, coupling factor F(o)","CC"
"s__Yeguia_hominis","GO:0045263",-0.437941638629944,-0.750761828388132,146,86,0.000273957953826858,0.0803975280395065,0.312820189758187,6,2,"proton-transporting ATP synthase complex, coupling factor F(o)","CC"
"s__Prevotella_sp._P5_64","GO:0006071",-0.153175937986065,-0.627751196172249,78,56,0.00126277046883762,0.0985630673079499,0.474575258186184,40,1,"glycerol metabolic process","BP"
"s__Blautia_sp._MSJ_19","GO:0004072",0.272376608905851,-0.193037407424879,148,86,0.000591533611428665,0.0878267606722709,0.46541401633073,7,2,"aspartate kinase activity","MF"
"s__Intestinimonas_butyriciproducens","GO:0004072",-0.371311445673862,0.100297183829426,149,86,0.000377612522334462,0.0838182743046852,0.471608629503288,2,2,"aspartate kinase activity","MF"
"s__Faecalibacillus_sp._MSK20_93","GO:0006044",-0.0298041160426482,0.496474175719459,110,54,0.00081534137017329,0.0906001871382107,0.526278291762107,1,2,"N-acetylglucosamine metabolic process","BP"
"s__Phocea_massiliensis","GO:0006044",-0.263496513007276,-0.638133874239351,147,86,0.000465794529952489,0.0838182743046852,0.374637361232075,18,2,"N-acetylglucosamine metabolic process","BP"
"s__Phascolarctobacterium_succinatutens","GO:0008762",-0.0239669421487603,-0.565090543259557,121,71,5.76774430572556e-05,0.0701594561540619,0.541123601110797,38,2,"UDP-N-acetylmuramate dehydrogenase activity","MF"
"s__Phascolarctobacterium_sp._Marseille_Q4147","GO:0008762",-0.072423754377892,-0.531254191817572,118,71,0.000745868861674034,0.0891344997407774,0.45883043743968,21,2,"UDP-N-acetylmuramate dehydrogenase activity","MF"
"s__Vescimonas_fastidiosa","GO:0004560",-0.300920344023792,0.206773904429454,144,86,0.000180677980762964,0.0771573943293501,0.507694248453247,25,2,"alpha-L-fucosidase activity","MF"
"s__Agathobaculum_sp._M2","GO:0004560",-0.286069609144227,0.196780151966752,141,83,0.000470085637134307,0.0838182743046852,0.482849761110979,8,2,"alpha-L-fucosidase activity","MF"
"s__Ruminococcus_flavefaciens","GO:0006207",0.28497004133012,-0.157488560781169,147,86,0.00109382387229932,0.0945515389416827,0.442458602111289,10,3,"'de novo' pyrimidine nucleobase biosynthetic process","BP"
"s__Vescimonas_fastidiosa","GO:0006207",0.379784583232859,-0.0606160667956036,144,86,0.000911995588182796,0.0933158992068922,0.440400650028463,25,3,"'de novo' pyrimidine nucleobase biosynthetic process","BP"
"s__Oscillibacter_sp._MSJ_31","GO:0006207",0.395019985039554,-0.0595856947430135,147,85,0.000585242239604702,0.0878267606722709,0.454605679782568,11,3,"'de novo' pyrimidine nucleobase biosynthetic process","BP"
"s__Dorea_sp._AM58_8","GO:0004045",-0.0903573372029748,0.386310675031841,149,86,0.000312939557779087,0.0804737967828592,0.476668012234816,9,1,"aminoacyl-tRNA hydrolase activity","MF"
"s__Intestinimonas_butyriciproducens","GO:0004654",0.482553963359332,0.0817680079249021,149,86,0.00126379982104393,0.0985630673079499,0.40078595543443,2,1,"polyribonucleotide nucleotidyltransferase activity","MF"
"s__Prevotella_sp._P5_64","GO:0004371",-0.154794572516091,-0.658646616541353,78,56,0.00045255367299499,0.0838182743046852,0.503852044025262,40,1,"glycerone kinase activity","MF"
"s__Phascolarctobacterium_succinatutens","GO:0030145",-0.0995867768595041,0.385110663983903,121,71,0.000958521924140688,0.0935868372687445,0.484697440843408,38,1,"manganese ion binding","MF"
"s__Parolsenella_massiliensis","GO:0006568",-0.496835500823537,-0.038592985961407,118,77,0.000709065424963751,0.0891344997407774,0.45824251486213,2,1,"tryptophan metabolic process","BP"
"s__Phascolarctobacterium_sp._Marseille_Q4147","GO:0004559",0.104379170181762,-0.391281019450034,118,71,0.000764192543195869,0.0891344997407774,0.495660189631796,21,2,"alpha-mannosidase activity","MF"
"s__Faecalibacterium_sp._I3389","GO:0004559",0.275660128009121,-0.196384600351769,148,85,0.000515113935634173,0.0854158017121955,0.47204472836089,5,2,"alpha-mannosidase activity","MF"
"s__Phascolarctobacterium_sp._Marseille_Q4147","GO:0006013",0.104379170181762,-0.391281019450034,118,71,0.000764192543195869,0.0891344997407774,0.495660189631796,21,2,"mannose metabolic process","BP"
"s__Faecalibacterium_sp._I3389","GO:0006013",0.275660128009121,-0.196384600351769,148,85,0.000515113935634173,0.0854158017121955,0.47204472836089,5,2,"mannose metabolic process","BP"
"s__Blautia_sp._OF03_15BH","GO:0006302",0.0345084160999789,0.491938298976367,148,86,0.000270289804310867,0.0803975280395065,0.457429882876388,4,1,"double-strand break repair","BP"
"s__Phascolarctobacterium_sp._Marseille_Q4147","GO:0019752",-0.0882955529017344,-0.607478202548625,118,71,6.24308217070426e-05,0.0701594561540619,0.519182649646891,21,2,"carboxylic acid metabolic process","BP"
"s__Negativibacillus_massiliensis","GO:0019752",0.101265601815484,-0.373807205452775,134,79,0.000649927320559022,0.0888826995760413,0.475072807268259,2,2,"carboxylic acid metabolic process","BP"
"s__Phascolarctobacterium_succinatutens","GO:0042586",0.0354965451835795,-0.4299128101945,121,71,0.0012290934012994,0.0973380592232391,0.46540935537808,38,1,"peptide deformylase activity","MF"
"s__Blautia_faecis","GO:0016151",0.0189951024850354,0.48754186518232,149,86,0.000201253426710302,0.0772956595505867,0.468546762697285,17,1,"nickel cation binding","MF"
"s__Dorea_sp._OM07_5","GO:0004643",0.0287490432542424,0.467182372245663,137,80,0.000898289073777939,0.0933158992068922,0.438433328991421,8,1,"phosphoribosylaminoimidazolecarboxamide formyltransferase activity","MF"
"s__Prevotella_copri","GO:0004471",0.0304213771839671,0.46383443180387,139,83,0.000872043016626505,0.0924851608859476,0.433413054619903,7,3,"malate dehydrogenase (decarboxylating) (NAD+) activity","MF"
"s__Blautia_glucerasea","GO:0004471",0.291884636314167,-0.183150148591915,149,86,0.000432567158229169,0.0838182743046852,0.475034784906081,4,3,"malate dehydrogenase (decarboxylating) (NAD+) activity","MF"
"s__Blautia_ammoniilytica","GO:0004471",0.0738329070064449,-0.418840511344875,148,86,0.000169856238676699,0.0764387504363794,0.49267341835132,8,3,"malate dehydrogenase (decarboxylating) (NAD+) activity","MF"
"s__Escherichia_coli","GO:0008519",-0.273790706197226,0.171853801761669,148,84,0.00110420905248469,0.0945808635358021,0.445644507958894,7,1,"ammonium transmembrane transporter activity","MF"
"s__Escherichia_coli","GO:0072488",-0.273790706197226,0.171853801761669,148,84,0.00110420905248469,0.0945808635358021,0.445644507958894,7,1,"ammonium transmembrane transport","BP"
"s__Phascolarctobacterium_sp._Marseille_Q4147","GO:0140658",0.0776388782370836,-0.437927565392354,118,71,0.000376374823274469,0.0838182743046852,0.515566443629438,21,1,"none","none"
"s__Collinsella_sp._TF05_9AC","GO:0004358",0.212240234235521,0.669362400375059,133,80,4.00357845675818e-05,0.0701594561540619,0.457122166139538,25,2,"glutamate N-acetyltransferase activity","MF"
"s__Adlercreutzia_equolifaciens","GO:0004358",-0.0415114583412039,0.411802443511486,147,86,0.000541414862419856,0.0862746630349643,0.45331390185269,21,2,"glutamate N-acetyltransferase activity","MF"
"s__Dorea_sp._AF36_15AT","GO:0015693",-0.0198751004120132,0.495676824946846,148,84,5.35031467460639e-05,0.0701594561540619,0.515551925358859,24,4,"magnesium ion transport","BP"
"s__Dorea_sp._AM58_8","GO:0015693",-0.0462543079992744,0.413274211047691,149,86,0.000439119253103722,0.0838182743046852,0.459528519046965,9,4,"magnesium ion transport","BP"
"s__Dorea_ammoniilytica","GO:0015693",-0.0669808282464083,0.476905943100132,148,84,2.64011567798115e-05,0.0610440045602667,0.54388677134654,15,4,"magnesium ion transport","BP"
"s__Prevotella_sp._P5_64","GO:0015693",-0.0217377559149711,-0.54647983595352,78,56,0.00107572055836298,0.0945515389416827,0.524742080038549,40,4,"magnesium ion transport","BP"
"s__Faecalibacterium_sp._CLA_AA_H233","GO:0008685",0.0674260838019227,0.487473128786398,149,85,0.000803208254881166,0.0899977292387695,0.420047044984476,10,1,"2-C-methyl-D-erythritol 2,4-cyclodiphosphate synthase activity","MF"
"s__Blautia_obeum","GO:0006465",-0.0830509704335208,-0.578980140572669,149,86,2.92048441481542e-05,0.0610440045602667,0.495929170139148,26,9,"signal peptide processing","BP"
"s__Ruminococcus_flavefaciens","GO:0006465",-0.00403856470392674,0.437539506580499,147,86,0.000637809523569256,0.0888826995760413,0.441578071284426,10,9,"signal peptide processing","BP"
"s__Vescimonas_fastidiosa","GO:0006465",0.0800900249176111,0.512844945516298,144,86,0.000473360165876224,0.0838489551272716,0.432754920598687,25,9,"signal peptide processing","BP"
"s__Oscillibacter_sp._MSJ_31","GO:0006465",0.0037325555916554,0.512644127418409,147,85,5.24364964115662e-05,0.0701594561540619,0.508911571826754,11,9,"signal peptide processing","BP"
"s__Ruminococcus_sp._M6_2020","GO:0006465",-0.0114719568219089,0.41085900278315,148,86,0.0012042342876919,0.0965169870795952,0.422330959605059,3,9,"signal peptide processing","BP"
"s__Adlercreutzia_equolifaciens","GO:0006465",0.0517230957544069,-0.407670173121374,147,86,0.000469586630199285,0.0838182743046852,0.459393268875781,21,9,"signal peptide processing","BP"
"s__Ruminococcus_sp._210702_SL_1_03","GO:0006465",-0.0857053487644667,0.413500692666135,139,83,0.000206273048763733,0.0772956595505867,0.499206041430602,10,9,"signal peptide processing","BP"
"s__Oscillibacter_sp._MCC667","GO:0006465",0.116474233444511,0.524701973812781,148,85,0.000803997551117335,0.0899977292387695,0.40822774036827,6,9,"signal peptide processing","BP"
"s__Suilimivivens_aceti","GO:0006465",0.0710972580579484,0.551752441152885,148,86,7.13362235029472e-05,0.0701594561540619,0.480655183094936,13,9,"signal peptide processing","BP"
"s__Negativibacillus_massiliensis","GO:0004590",0.030247259940897,-0.440408958130477,134,79,0.000524373731024119,0.0854158017121955,0.470656218071374,2,1,"orotidine-5'-phosphate decarboxylase activity","MF"
"s__Prevotella_sp._P5_64","GO:0008760",-0.00398335841373816,-0.541831852358168,78,56,0.000863207068906821,0.0921457481701598,0.53784849394443,40,1,"UDP-N-acetylglucosamine 1-carboxyvinyltransferase activity","MF"
"s__Prevotella_sp._P5_64","GO:0019277",-0.00398335841373816,-0.541831852358168,78,56,0.000863207068906821,0.0921457481701598,0.53784849394443,40,1,"UDP-N-acetylgalactosamine biosynthetic process","BP"
"s__Blautia_obeum","GO:0035435",0.115146018501723,0.573923298268786,149,86,0.00010037554864805,0.0701594561540619,0.458777279767063,26,4,"phosphate ion transmembrane transport","BP"
"s__Phascolarctobacterium_succinatutens","GO:0035435",-0.154911258637041,-0.606773977196512,121,71,0.00035337142625244,0.0829800091921737,0.451862718559471,38,4,"phosphate ion transmembrane transport","BP"
"s__Phascolarctobacterium_sp._Marseille_Q4147","GO:0035435",-0.215868876885826,-0.622367538564722,118,71,0.000940197367017139,0.0933233461034911,0.406498661678896,21,4,"phosphate ion transmembrane transport","BP"
"s__Adlercreutzia_equolifaciens","GO:0035435",-0.120900044579105,0.377310250483513,147,86,0.000182133077751714,0.0771655400050479,0.498210295062619,21,4,"phosphate ion transmembrane transport","BP"
"s__Faecalibacterium_sp._HTFF","GO:0016783",-0.530252131325957,-0.139417627516123,149,85,0.0011337050685802,0.0949568926561188,0.390834503809834,5,2,"sulfurtransferase activity","MF"
"s__Prevotella_sp._P5_64","GO:0016783",-0.172751299333578,-0.689473684210526,78,56,0.000200274767986379,0.0772956595505867,0.516722384876949,40,2,"sulfurtransferase activity","MF"
"s__Collinsella_aerofaciens","GO:0016758",0.106555414474878,-0.35998867871126,149,86,0.000462497117635394,0.0838182743046852,0.466544093186138,1,2,"transferase activity, transferring hexosyl groups","MF"
"s__Suilimivivens_aceti","GO:0016758",0.0597141450449217,0.489409877824426,148,86,0.000592078668255929,0.0878267606722709,0.429695732779504,13,2,"transferase activity, transferring hexosyl groups","MF"
"s__Senegalimassilia_faecalis","GO:0016874",-0.0909701868687812,0.36218487394958,137,85,0.000841203266697266,0.0913447153570583,0.453155060818361,7,4,"ligase activity","MF"
"s__Collinsella_sp._TF05_9AC","GO:0016874",0.0169504493934973,0.481153305203938,133,80,0.000450432161008919,0.0838182743046852,0.464202855810441,25,4,"ligase activity","MF"
"s__Faecalibacterium_sp._CLA_AA_H233","GO:0016874",-0.162347179394159,-0.589622825874536,149,85,0.000217303846118493,0.0772956595505867,0.427275646480377,10,4,"ligase activity","MF"
"s__Bacteroides_xylanisolvens","GO:0016874",-0.229724298689816,-0.610199610516066,144,79,0.00090500691545913,0.0933158992068922,0.38047531182625,25,4,"ligase activity","MF"
"s__Streptococcus_thermophilus","GO:0009307",-0.310518424998027,0.207563025210084,115,69,0.000654270120786151,0.0888826995760413,0.518081450208111,1,1,"DNA restriction-modification system","BP"
"s__Phocea_massiliensis","GO:0009165",-0.0526071220787463,-0.47797537619699,147,86,0.000739166670247764,0.0891344997407774,0.425368254118244,18,1,"nucleotide biosynthetic process","BP"
"s__Catenibacterium_mitsuokai","GO:0004518",0.533887468030691,0.0840854708030729,137,83,0.000308060942279894,0.0804737967828592,0.449801997227618,12,1,"nuclease activity","MF"
"s__Dorea_ammoniilytica","GO:0004764",0.27808112180116,0.627923458540043,148,84,0.00119223473162944,0.0964755634865582,0.349842336738882,15,1,"shikimate 3-dehydrogenase (NADP+) activity","MF"
"s__Dorea_sp._AM58_8","GO:0008234",-0.145401777616543,-0.557243266191802,149,86,0.000485186844303692,0.0839861394377018,0.411841488575259,9,1,"cysteine-type peptidase activity","MF"
"s__Phocaeicola_vulgatus","GO:0006354",0.107104913432814,0.538827303174678,148,86,0.000349097403247895,0.0829800091921737,0.431722389741864,6,5,"DNA-templated transcription, elongation","BP"
"s__Bacteroides_ovatus","GO:0006354",0.226428908833255,0.639654333008763,145,79,0.000227987503959666,0.0772956595505867,0.413225424175509,10,5,"DNA-templated transcription, elongation","BP"
"s__Bacteroides_thetaiotaomicron","GO:0006354",0.207674406304543,0.632384823848238,147,81,0.000156930686255845,0.0748989044502578,0.424710417543695,15,5,"DNA-templated transcription, elongation","BP"
"s__Bacteroides_xylanisolvens","GO:0006354",0.264408005787316,0.685491723466407,144,79,7.15608502101139e-05,0.0701594561540619,0.421083717679091,25,5,"DNA-templated transcription, elongation","BP"
"s__Dorea_ammoniilytica","GO:0006354",-0.106220177169362,-0.525787182342817,148,84,0.000618517489439131,0.0888826995760413,0.419567005173454,15,5,"DNA-templated transcription, elongation","BP"
"s__Oscillibacter_sp._ER4","GO:0009306",0.244713430955755,0.60201896315864,145,86,0.00131687137762473,0.0994417056280497,0.357305532202885,31,2,"protein secretion","BP"
"s__Prevotella_sp._P5_64","GO:0009306",0.155705054439232,0.64149008885851,78,56,0.000845452314331174,0.0914117865120117,0.485785034419278,40,2,"protein secretion","BP"
"s__Prevotella_sp._Marseille_P4119","GO:0045226",0.114794664794665,0.564835668206283,111,68,0.000905859304636761,0.0933158992068922,0.450041003411618,31,1,"extracellular polysaccharide biosynthetic process","BP"
"s__Blautia_obeum","GO:0006631",-0.0594739706149102,0.389782536912119,149,86,0.000652624458737377,0.0888826995760413,0.449256507527029,26,4,"fatty acid metabolic process","BP"
"s__Phascolarctobacterium_succinatutens","GO:0006631",0.053238043625525,-0.420892018779343,121,71,0.00105140375828716,0.0945515389416827,0.474130062404868,38,4,"fatty acid metabolic process","BP"
"s__Adlercreutzia_equolifaciens","GO:0006631",-0.322038700707977,0.121581206660692,147,86,0.000979367712694656,0.0935868372687445,0.443619907368668,21,4,"fatty acid metabolic process","BP"
"s__Suilimivivens_aceti","GO:0006631",0.00592662241751408,-0.45631397707439,148,86,0.000314990561530665,0.0806896783447187,0.462240599491904,13,4,"fatty acid metabolic process","BP"
"s__Phocea_massiliensis","GO:0071705",-0.247047578750123,-0.693362894476155,147,86,1.38798017296414e-05,0.0566379455904697,0.446315315726032,18,1,"nitrogen compound transport","BP"
"s__Dorea_sp._OM07_5","GO:0006435",-0.286104317956951,0.177918424753868,137,80,0.000965299501316475,0.0935868372687445,0.464022742710819,8,1,"threonyl-tRNA aminoacylation","BP"
"s__Ruminococcus_flavefaciens","GO:0035596",0.312019735698796,0.685022878437662,147,86,0.000198608143939589,0.0772956595505867,0.373003142738866,10,1,"methylthiotransferase activity","MF"
"s__Ruminococcus_torques","GO:0015450",0.331024850353709,-0.120637765932355,149,86,0.000749479579732224,0.0891344997407774,0.451662616286065,1,6,"P-P-bond-hydrolysis-driven protein transmembrane transporter activity","MF"
"s__Oscillibacter_sp._ER4","GO:0015450",-0.305321996535979,0.151110901457616,145,86,0.000750111894574654,0.0891344997407774,0.456432897993595,31,6,"P-P-bond-hydrolysis-driven protein transmembrane transporter activity","MF"
"s__Vescimonas_fastidiosa","GO:0015450",-0.416128124748814,0.0486909759894335,144,86,0.000397576561816165,0.0838182743046852,0.464819100738248,25,6,"P-P-bond-hydrolysis-driven protein transmembrane transporter activity","MF"
"s__Mitsuokella_jalaludinii","GO:0015450",-0.307853446039138,0.154766286345234,130,77,0.00124948583406156,0.0983682092269529,0.462619732384371,1,6,"P-P-bond-hydrolysis-driven protein transmembrane transporter activity","MF"
"s__Ruminococcus_sp._210702_SL_1_03","GO:0015450",-0.306130747575852,0.176440955459469,139,83,0.000474753434210108,0.0838726869461427,0.482571703035321,10,6,"P-P-bond-hydrolysis-driven protein transmembrane transporter activity","MF"
"s__Faecalibacterium_sp._CLA_AA_H233","GO:0015450",0.0615454380555052,0.476802814148915,149,85,0.000987535382148412,0.0939611700817581,0.41525737609341,10,6,"P-P-bond-hydrolysis-driven protein transmembrane transporter activity","MF"
"s__Barnesiella_intestinihominis","GO:0009007",0.0204707626725975,0.510325609802649,109,68,0.000623311819666608,0.0888826995760413,0.489854847130052,7,1,"site-specific DNA-methyltransferase (adenine-specific) activity","MF"
"s__Eggerthella_lenta","GO:0015846",0.339020497007074,-0.0939006556913062,149,86,0.00119319964718532,0.0964755634865582,0.43292115269838,13,1,"polyamine transport","BP"
"s__Oscillibacter_sp._MSJ_31","GO:0017076",0.25144504303017,0.612839554426422,147,85,0.00103965762625157,0.0945515389416827,0.361394511396251,11,1,"purine nucleotide binding","MF"
"s__Blautia_obeum","GO:0002949",0.00314892073281335,0.427727723005802,149,86,0.0010231228959095,0.0942794003147865,0.424578802272989,26,1,"tRNA threonylcarbamoyladenosine modification","BP"
"s__Oscillibacter_sp._ER4","GO:0004044",-0.145394426074634,-0.585452143969055,145,86,0.000161115900253199,0.0748989044502578,0.440057717894421,31,1,"amidophosphoribosyltransferase activity","MF"
"s__Anaerobutyricum_hallii","GO:0004594",0.119655360058045,0.538732959101844,149,86,0.000488193069113285,0.0839861394377018,0.4190775990438,2,1,"pantothenate kinase activity","MF"
"s__Dorea_sp._AF36_15AT","GO:0008237",-0.126739395195771,-0.566771286827984,148,84,0.00022121030450494,0.0772956595505867,0.440031891632213,24,2,"metallopeptidase activity","MF"
"s__Prevotella_sp._P5_64","GO:0008237",0.15279657051809,0.63028024606972,78,56,0.00115546050101568,0.0949605088850664,0.47748367555163,40,2,"metallopeptidase activity","MF"
"s__Prevotella_copri","GO:0004641",-0.0064792886187944,-0.439003400361026,139,83,0.00104568704691667,0.0945515389416827,0.432524111742232,7,10,"phosphoribosylformylglycinamidine cyclo-ligase activity","MF"
"s__Blautia_obeum","GO:0004641",0.0374278976963541,0.51893957262135,149,86,0.000100954075186145,0.0701594561540619,0.481511674924996,26,10,"phosphoribosylformylglycinamidine cyclo-ligase activity","MF"
"s__Oscillibacter_sp._ER4","GO:0004641",-0.113013698630137,-0.541733100617954,145,86,0.000387189984299471,0.0838182743046852,0.428719401987817,31,10,"phosphoribosylformylglycinamidine cyclo-ligase activity","MF"
"s__Prevotella_stercorea","GO:0004641",-0.0980403938330443,-0.595036542404964,130,77,6.60353779476374e-05,0.0701594561540619,0.496996148571919,9,10,"phosphoribosylformylglycinamidine cyclo-ligase activity","MF"
"s__Prevotella_hominis","GO:0004641",-0.0408565961663307,-0.56862177632002,112,72,9.4137409092479e-05,0.0701594561540619,0.52776518015369,9,10,"phosphoribosylformylglycinamidine cyclo-ligase activity","MF"
"s__Prevotella_sp._885","GO:0004641",-0.0836419208840299,-0.555627545353573,107,73,0.000487358184543846,0.0839861394377018,0.471985624469543,2,10,"phosphoribosylformylglycinamidine cyclo-ligase activity","MF"
"s__Phascolarctobacterium_succinatutens","GO:0004641",-0.154010296707763,-0.585580147551979,121,71,0.000769074221408685,0.0892380668440464,0.431569850844215,38,10,"phosphoribosylformylglycinamidine cyclo-ligase activity","MF"
"s__Prevotella_sp._Marseille_P4119","GO:0004641",-0.0772727272727273,-0.541703248463565,111,68,0.000816530634754225,0.0906001871382107,0.464430521190837,31,10,"phosphoribosylformylglycinamidine cyclo-ligase activity","MF"
"s__Prevotella_pectinovora","GO:0004641",-0.214485328365161,-0.63670719972006,113,70,0.00061024400357407,0.0888826995760413,0.422221871354899,1,10,"phosphoribosylformylglycinamidine cyclo-ligase activity","MF"
"s__Intestinimonas_sp._MSJ_38","GO:0004641",-0.072467491254184,-0.481937827256003,147,86,0.00108453814944601,0.0945515389416827,0.409470336001819,12,10,"phosphoribosylformylglycinamidine cyclo-ligase activity","MF"
"s__Ruminococcus_flavefaciens","GO:0018339",0.232733152498319,0.606075758290485,147,86,0.000783619221918589,0.0895221115565074,0.373342605792167,10,3,"peptidyl-L-beta-methylthioaspartic acid biosynthetic process from peptidyl-aspartic acid","BP"
"s__Holdemanella_sp._MSK_7_32","GO:0018339",-0.0375865769193249,-0.464744967754544,135,85,0.000988968987479185,0.0939633401898376,0.427158390835219,2,3,"peptidyl-L-beta-methylthioaspartic acid biosynthetic process from peptidyl-aspartic acid","BP"
"s__Clostridium_perfringens","GO:0018339",0.0122217616380515,0.448051027639972,146,84,0.000776871074605535,0.089390299395526,0.43582926600192,1,3,"peptidyl-L-beta-methylthioaspartic acid biosynthetic process from peptidyl-aspartic acid","BP"
"s__Simiaoa_sunii","GO:0030163",-0.0595085459786182,0.417275747508306,146,85,0.000295986956539986,0.0804737967828592,0.476784293486924,20,1,"protein catabolic process","BP"
"s__Prevotella_sp._Marseille_P4119","GO:0003725",-0.277413127413127,-0.666946596938581,111,68,0.000998406319147897,0.0940549590865733,0.389533469525453,31,1,"double-stranded RNA binding","MF"
"s__Paratractidigestivibacter_faecalis","GO:0015658",0.627890205724508,0.169640486096182,129,78,0.000106202617830012,0.0701594561540619,0.458249719628326,6,1,"branched-chain amino acid transmembrane transporter activity","MF"
"s__Phascolarctobacterium_succinatutens","GO:0019867",0.112342501016122,0.647015425888665,121,71,1.78580072579293e-05,0.0566379455904697,0.534672924872543,38,3,"outer membrane","CC"
"s__Phascolarctobacterium_sp._Marseille_Q4147","GO:0019867",0.229081984814786,0.679577464788732,118,71,0.00011114199165499,0.0701594561540619,0.450495479973946,21,3,"outer membrane","CC"
"s__Prevotella_sp._P5_64","GO:0019867",0.15841120904412,0.681954887218045,78,56,0.000197957576018053,0.0772956595505867,0.523543678173925,40,3,"outer membrane","CC"
"s__Prevotella_copri","GO:0004788",-0.19678269806515,-0.58144074556064,139,83,0.00103111472588713,0.0945515389416827,0.384658047495489,7,4,"thiamine diphosphokinase activity","MF"
"s__Oscillibacter_sp._ER4","GO:0004788",-0.180329869311919,-0.557752724185103,145,86,0.00129213022929362,0.0990763118135079,0.377422854873184,31,4,"thiamine diphosphokinase activity","MF"
"s__Prevotella_stercorea","GO:0004788",-0.220707643146841,-0.605946684894053,130,77,0.00116338407694489,0.0950734597260862,0.385239041747213,9,4,"thiamine diphosphokinase activity","MF"
"s__Vescimonas_fastidiosa","GO:0004788",-0.203134796238245,-0.582621821784046,144,86,0.000938488769603192,0.0933158992068922,0.379487025545802,25,4,"thiamine diphosphokinase activity","MF"
"s__Phocea_massiliensis","GO:0008448",-0.20627658690281,-0.594301618000849,147,86,0.000611367247610877,0.0888826995760413,0.388025031098039,18,1,"N-acetylglucosamine-6-phosphate deacetylase activity","MF"
"s__Collinsella_sp._TF05_9AC","GO:0030435",-0.204609216392406,-0.61826066572902,133,80,0.000375108006796429,0.0838182743046852,0.413651449336614,25,1,"sporulation resulting in formation of a cellular spore","BP"
"s__Blautia_obeum","GO:0006542",0.0391873752947578,0.511109014576159,149,86,0.00014568032788328,0.0724085587911202,0.471921639281401,26,5,"glutamine biosynthetic process","BP"
"s__Oscillibacter_sp._ER4","GO:0006542",-0.0314202487797197,-0.492353412896835,145,86,0.000257620101743507,0.0798059145880131,0.460933164117115,31,5,"glutamine biosynthetic process","BP"
"s__Oscillibacter_sp._MCC667","GO:0006542",-0.0741623694643829,-0.485929255423099,148,85,0.00102293681953416,0.0942794003147865,0.411766885958717,6,5,"glutamine biosynthetic process","BP"
"s__Dysosmobacter_sp._BX15","GO:0006542",-0.132661737344914,-0.527262067617745,146,85,0.00115340339262196,0.0949568926561188,0.39460033027283,3,5,"glutamine biosynthetic process","BP"
"s__Oribacterium_sp._oral_taxon_102","GO:0006542",-0.022390754785121,-0.471053963754176,143,84,0.000495308940189738,0.0846268283185163,0.448663208969055,4,5,"glutamine biosynthetic process","BP"
"s__Vescimonas_coprocola","GO:0008736",-0.297486090391172,0.154016698900892,148,86,0.000829572614885222,0.0908750409032903,0.451502789292063,7,1,"L-fucose isomerase activity","MF"
"s__Prevotella_sp._Marseille_P4119","GO:0004315",0.0486310986310986,0.53170210329427,111,68,0.000580689316877137,0.0878267606722709,0.483071004663172,31,1,"3-oxoacyl-[acyl-carrier-protein] synthase activity","MF"
"s__Barnesiella_intestinihominis","GO:0004417",-0.0609952738393105,-0.523304195136848,109,68,0.00105082620533677,0.0945515389416827,0.462308921297537,7,1,"hydroxyethylthiazole kinase activity","MF"
"s__Clostridium_sp._BIOML_A1","GO:0005247",0.0426164914774498,-0.408223355591777,134,77,0.00113583687646009,0.0949568926561188,0.450839847069226,4,1,"voltage-gated chloride channel activity","MF"
"s__Clostridium_sp._BIOML_A1","GO:0006821",0.0426164914774498,-0.408223355591777,134,77,0.00113583687646009,0.0949568926561188,0.450839847069226,4,1,"chloride transport","BP"
"s__Blautia_sp._OF03_15BH","GO:0001216",0.00971358977111614,-0.43355818670692,148,86,0.000615061172971166,0.0888826995760413,0.443271776478036,4,1,"bacterial-type RNA polymerase transcriptional activator activity, sequence-specific DNA binding","MF"
"s__Ruminococcus_sp._210702_SL_1_03","GO:0015940",-0.101206488225569,0.373661894966626,139,83,0.000485090581266901,0.0839861394377018,0.474868383192195,10,2,"pantothenate biosynthetic process","BP"
"s__Prevotella_sp._P5_64","GO:0015940",0.087368327874657,0.654272043745728,78,56,0.000121140751283232,0.0701594561540619,0.566903715871071,40,2,"pantothenate biosynthetic process","BP"
"s__Dorea_sp._AF36_15AT","GO:0015095",0.0835094785238601,0.508109749924066,148,84,0.000638146394942079,0.0888826995760413,0.424600271400206,24,2,"magnesium ion transmembrane transporter activity","MF"
"s__Dorea_ammoniilytica","GO:0015095",-0.0180501005045588,0.439262934089298,148,84,0.000450943253288191,0.0838182743046852,0.457313034593857,15,2,"magnesium ion transmembrane transporter activity","MF"
"s__Mediterraneibacter_glycyrrhizinilyticus","GO:0004418",0.336067476872846,-0.117354592197745,149,86,0.000704368959100442,0.0891344997407774,0.453422069070591,6,1,"hydroxymethylbilane synthase activity","MF"
"s__Roseburia_inulinivorans","GO:0009094",-0.0536764678663049,-0.460936836643238,148,86,0.00131335492656796,0.0993337443499039,0.407260368776933,15,2,"L-phenylalanine biosynthetic process","BP"
"s__Lachnoclostridium_sp._210928_DFI_6_3","GO:0009094",0.0618800739490395,-0.381008353973385,144,83,0.000998063860474144,0.0940549590865733,0.442888427922424,2,2,"L-phenylalanine biosynthetic process","BP"
"s__Roseburia_inulinivorans","GO:0004664",-0.0308880308880309,-0.463087881503845,148,86,0.00067848401401891,0.0891344997407774,0.432199850615814,15,2,"prephenate dehydratase activity","MF"
"s__Lachnoclostridium_sp._210928_DFI_6_3","GO:0004664",0.0717908528253356,-0.37914025439738,144,83,0.000818594314619692,0.0906001871382107,0.450931107222716,2,2,"prephenate dehydratase activity","MF"
"s__Adlercreutzia_equolifaciens","GO:0016866",0.0453913516535826,-0.379933015708288,147,86,0.00130634960743129,0.099280616060892,0.425324367361871,21,1,"intramolecular transferase activity","MF"
"s__Agathobaculum_sp._M2","GO:0004372",0.390491887495184,-0.0461777423281978,141,83,0.00114774576979273,0.0949568926561188,0.436669629823382,8,1,"glycine hydroxymethyltransferase activity","MF"
"s__Agathobaculum_sp._M2","GO:0019264",0.390491887495184,-0.0461777423281978,141,83,0.00114774576979273,0.0949568926561188,0.436669629823382,8,1,"glycine biosynthetic process from serine","BP"
"s__Agathobaculum_sp._M2","GO:0035999",0.390491887495184,-0.0461777423281978,141,83,0.00114774576979273,0.0949568926561188,0.436669629823382,8,1,"tetrahydrofolate interconversion","BP"
"s__Dorea_sp._NSJ_36","GO:0050380",0.0866646688642493,0.514416315049226,141,80,0.000760837172878405,0.0891344997407774,0.427751646184977,4,1,"undecaprenyl-diphosphatase activity","MF"
"s__Prevotella_sp._P5_64","GO:0043937",-0.063468177392228,-0.603349282296651,78,56,0.000448941225683839,0.0838182743046852,0.539881104904423,40,1,"regulation of sporulation","BP"
"s__Adlercreutzia_equolifaciens","GO:0016831",0.300958072973729,-0.15131845841785,147,86,0.000819507979550909,0.0906001871382107,0.452276531391578,21,2,"carboxy-lyase activity","MF"
"s__Dorea_sp._AM58_8","GO:0016831",0.0626519136586251,-0.395046936176235,149,86,0.000507224401599473,0.0854158017121955,0.45769884983486,9,2,"carboxy-lyase activity","MF"
"s__Blautia_obeum","GO:0003941",0.257808815526936,0.615925279494316,149,86,0.001011483049503,0.0942794003147865,0.358116463967379,26,3,"L-serine ammonia-lyase activity","MF"
"s__Phocea_massiliensis","GO:0003941",-0.217901155278846,-0.665569130619369,147,86,2.72900100525201e-05,0.0610440045602667,0.447667975340523,18,3,"L-serine ammonia-lyase activity","MF"
"s__Suilimivivens_aceti","GO:0003941",-0.167529808948793,-0.550299542431247,148,86,0.00116322695594844,0.0950734597260862,0.382769733482454,13,3,"L-serine ammonia-lyase activity","MF"
"s__Absicoccus_porci","GO:0020037",-0.493781113696962,0.0713822193380921,92,68,0.000188123259472864,0.0772956595505867,0.565163333035054,4,1,"heme binding","MF"
"s__Blautia_sp._OF03_15BH","GO:0043138",-0.178357648156306,-0.570036322468041,148,86,0.000737969819836137,0.0891344997407774,0.391678674311735,4,2,"3'-5' DNA helicase activity","MF"
"s__Prevotella_sp._Marseille_P4119","GO:0043138",0.0324148824148824,0.563079741955186,111,68,0.000129467087757811,0.0713457356520512,0.530664859540303,31,2,"3'-5' DNA helicase activity","MF"
"s__Dorea_ammoniilytica","GO:0018580",0.220606581105143,0.593743039384429,148,84,0.00100365915063053,0.0942794003147865,0.373136458279286,15,1,"nitronate monooxygenase activity","MF"
"s__Prevotella_sp._Marseille_P4119","GO:0047355",-0.128360828360828,-0.600450433255716,111,68,0.000353101783016657,0.0829800091921737,0.472089604894888,31,1,"CDP-glycerol glycerophosphotransferase activity","MF"
"s__Dorea_sp._AM58_8","GO:0004181",-0.109922002539452,0.350780697202698,149,86,0.00056056250855103,0.087310736148323,0.46070269974215,9,1,"metallocarboxypeptidase activity","MF"
"s__Escherichia_coli","GO:0016462",0.0671511122134324,-0.372177786777362,148,84,0.00101859047183677,0.0942794003147865,0.439328898990794,7,3,"pyrophosphatase activity","MF"
"s__Prevotella_sp._P5_64","GO:0016462",0.0254808482656584,-0.559056732740943,78,56,0.000281556702666867,0.0803975280395065,0.584537581006602,40,3,"pyrophosphatase activity","MF"
"s__Schaalia_odontolytica","GO:0016462",0.463335635745888,0.032542908762421,137,81,0.00102877362389527,0.0945515389416827,0.430792726983467,2,3,"pyrophosphatase activity","MF"
"s__Dorea_sp._AM58_8","GO:0004852",-0.0168547070560493,-0.485070050474079,149,86,0.000207656142351862,0.0772956595505867,0.46821534341803,9,1,"uroporphyrinogen-III synthase activity","MF"
"s__Blautia_sp._Marseille_P3087","GO:0004725",-0.050429967016736,0.423538846171989,148,86,0.000282039493224639,0.0803975280395065,0.473968813188725,3,1,"protein tyrosine phosphatase activity","MF"
"s__Phascolarctobacterium_succinatutens","GO:0003333",-0.114246037122341,-0.55710932260228,121,71,0.000801634170437,0.0899977292387695,0.442863285479939,38,1,"amino acid transmembrane transport","BP"
"s__Desulfovibrio_piger","GO:0042132",-0.351491661399956,0.133407379982722,123,73,0.000907289543794185,0.0933158992068922,0.484899041382679,4,1,"fructose 1,6-bisphosphate 1-phosphatase activity","MF"
"s__Phocaeicola_vulgatus","GO:0016855",-0.307047905322114,0.150356148874947,148,86,0.000694136039773347,0.0891344997407774,0.457404054197061,6,2,"racemase and epimerase activity, acting on amino acids and derivatives","MF"
"s__Faecalibacterium_sp._CLA_AA_H233","GO:0016855",-0.0216397605659351,0.411588821575142,149,85,0.000936408582908774,0.0933158992068922,0.433228582141077,10,2,"racemase and epimerase activity, acting on amino acids and derivatives","MF"
"s__Anthropogastromicrobium_aceti","GO:0070567",0.29864846355738,-0.167639983018067,148,86,0.000554389942805527,0.0868800784957094,0.466288446575447,8,1,"cytidylyltransferase activity","MF"
"s__Blautia_obeum","GO:0015424",0.203787411572646,0.578432944950233,149,86,0.00104306618900745,0.0945515389416827,0.374645533377587,26,3,"amino acid-transporting ATPase activity","MF"
"s__Oscillibacter_sp._ER4","GO:0015424",-0.113446701306881,-0.518788622104816,145,86,0.000915047448631999,0.0933158992068922,0.405341920797935,31,3,"amino acid-transporting ATPase activity","MF"
"s__Phascolarctobacterium_succinatutens","GO:0015424",-0.109246714537326,-0.582360831656606,121,71,0.000283663093365769,0.0803975280395065,0.473114117119281,38,3,"amino acid-transporting ATPase activity","MF"
"s__Barnesiella_intestinihominis","GO:0032775",0.0400796960429988,0.501316944688323,109,68,0.00127819765561554,0.0987607870730418,0.461237248645324,7,1,"DNA methylation on adenine","BP"
"s__Bacteroides_xylanisolvens","GO:0008176",-0.153990836749457,-0.562974683544304,144,79,0.000764803932457228,0.0891344997407774,0.408983846794846,25,1,"tRNA (guanine-N7-)-methyltransferase activity","MF"
"s__Bacteroides_uniformis","GO:0004109",-0.366847740513305,0.165694135426724,145,83,8.40938947492707e-05,0.0701594561540619,0.532541875940029,3,2,"coproporphyrinogen oxidase activity","MF"
"s__Bacteroides_thetaiotaomicron","GO:0004109",-0.40713945704161,0.0778229448961156,147,81,0.000299917846369835,0.0804737967828592,0.484962401937725,15,2,"coproporphyrinogen oxidase activity","MF"
"s__Roseburia_inulinivorans","GO:0016149",0.00919903604467363,-0.418878248974008,148,86,0.000996725118239366,0.0940549590865733,0.428077285018682,15,1,"translation release factor activity, codon specific","MF"
"s__Adlercreutzia_equolifaciens","GO:0032324",-0.0332794354320773,0.40878343318081,147,86,0.000742032508720472,0.0891344997407774,0.442062868612888,21,1,"molybdopterin cofactor biosynthetic process","BP"
"s__Suilimivivens_aceti","GO:0071949",-0.0908835146610794,-0.510524081324591,148,86,0.000645190136409502,0.0888826995760413,0.419640566663511,13,1,"FAD binding","MF"
"s__Prevotella_stercorea","GO:0004521",-0.224995561867566,-0.621431200378569,130,77,0.000708832991633848,0.0891344997407774,0.396435638511003,9,1,"endoribonuclease activity","MF"
"s__Prevotella_sp._Marseille_P4119","GO:0008830",0.00308002808002808,0.481047448181089,111,68,0.000974687615626922,0.0935868372687445,0.477967420101061,31,2,"dTDP-4-dehydrorhamnose 3,5-epimerase activity","MF"
"s__Allisonella_histaminiformans","GO:0008830",0.0282200268175023,0.528979375991539,92,61,0.000979918806709131,0.0935868372687445,0.500759349174037,1,2,"dTDP-4-dehydrorhamnose 3,5-epimerase activity","MF"
"s__Escherichia_coli","GO:0004639",-0.028056134479912,-0.468117849549458,148,84,0.000586615516598575,0.0878267606722709,0.440061715069546,7,3,"phosphoribosylaminoimidazolesuccinocarboxamide synthase activity","MF"
"s__Simiaoa_sunii","GO:0004639",-0.00204178033991112,-0.435528630056674,146,85,0.000850695202287654,0.0916809911941176,0.433486849716763,20,3,"phosphoribosylaminoimidazolesuccinocarboxamide synthase activity","MF"
"s__Dorea_ammoniilytica","GO:0004639",0.0836020241581124,0.531942897640984,148,84,0.000263579969452933,0.0803975280395065,0.448340873482872,15,3,"phosphoribosylaminoimidazolesuccinocarboxamide synthase activity","MF"
"s__Clostridium_sp._AF37_5","GO:0002098",0.394721539261995,-0.068285820066642,133,74,0.00104353184367902,0.0945515389416827,0.463007359328637,1,1,"tRNA wobble uridine modification","BP"
"s__Suilimivivens_aceti","GO:0050151",-0.0999048630879887,-0.518675409217416,148,86,0.000612193695451966,0.0888826995760413,0.418770546129427,13,1,"oleate hydratase activity","MF"
"s__Ruminococcus_callidus","GO:0004040",-0.296046581126546,0.1568470210859,146,86,0.000826837556582587,0.090724648733229,0.452893602212446,2,1,"amidase activity","MF"
"s__Akkermansia_muciniphila","GO:0070573",-0.313517810273716,0.238993841978917,126,66,0.000265127293883705,0.0803975280395065,0.552511652252632,1,3,"metallodipeptidase activity","MF"
"s__Holdemanella_sp._MSK_7_32","GO:0070573",0.117388547458785,-0.357553253859683,135,85,0.000499759945406785,0.0849120194998166,0.474941801318468,2,3,"metallodipeptidase activity","MF"
"s__Collinsella_sp._TF05_9AC","GO:0070573",-0.0281470297181216,-0.501289263947492,133,80,0.000300686339971487,0.0804737967828592,0.47314223422937,25,3,"metallodipeptidase activity","MF"
"s__Anaerostipes_hadrus","GO:0004450",0.369642662797025,-0.170225010613708,149,86,4.97862300445407e-05,0.0701594561540619,0.539867673410733,6,1,"isocitrate dehydrogenase (NADP+) activity","MF"
"s__Adlercreutzia_equolifaciens","GO:0043768",-0.335457766964616,0.184810604273787,147,86,0.000107710060053731,0.0701594561540619,0.520268371238403,21,1,"S-ribosylhomocysteine lyase activity","MF"
"s__Senegalimassilia_anaerobia","GO:0004673",0.0453219194598505,-0.39077584522181,144,85,0.00103644536641817,0.0945515389416827,0.43609776468166,7,2,"protein histidine kinase activity","MF"
"s__Schaalia_odontolytica","GO:0004673",0.330226632068251,-0.226355013550136,137,81,6.12672562726145e-05,0.0701594561540619,0.556581645618387,2,2,"protein histidine kinase activity","MF"
"s__Oscillibacter_valericigenes","GO:0015128",-0.316651550879739,-0.654908250389169,149,86,0.000979544329716714,0.0935868372687445,0.338256699509431,5,3,"gluconate transmembrane transporter activity","MF"
"s__Flavonifractor_plautii","GO:0015128",-0.172374387810629,-0.555073352516628,149,86,0.00109309387504866,0.0945515389416827,0.382698964705999,2,3,"gluconate transmembrane transporter activity","MF"
"s__Phocea_massiliensis","GO:0015128",-0.227855896153352,-0.590056134723336,147,86,0.0013023523453686,0.099245507160852,0.362200238569984,18,3,"gluconate transmembrane transporter activity","MF"
"s__Oscillibacter_valericigenes","GO:0035429",-0.316651550879739,-0.654908250389169,149,86,0.000979544329716714,0.0935868372687445,0.338256699509431,5,3,"gluconate transmembrane transport","BP"
"s__Flavonifractor_plautii","GO:0035429",-0.172374387810629,-0.555073352516628,149,86,0.00109309387504866,0.0945515389416827,0.382698964705999,2,3,"gluconate transmembrane transport","BP"
"s__Phocea_massiliensis","GO:0035429",-0.227855896153352,-0.590056134723336,147,86,0.0013023523453686,0.099245507160852,0.362200238569984,18,3,"gluconate transmembrane transport","BP"
"s__Prevotella_sp._Marseille_P4119","GO:0051304",-0.221630396630397,-0.638508226132763,111,68,0.000796520017143431,0.0899977292387695,0.416877829502367,31,1,"chromosome separation","BP"
"s__Phocea_massiliensis","GO:0042121",0.136706737489516,0.532977970658993,147,86,0.000985129262326435,0.0938663294116274,0.396271233169477,18,1,"alginic acid biosynthetic process","BP"
"s__Anaerostipes_hadrus","GO:0006102",0.351042989298023,-0.158262182178405,149,86,0.00013747866135294,0.0713457356520512,0.509305171476428,6,1,"isocitrate metabolic process","BP"
"s__Oscillibacter_sp._MSJ_31","GO:0004152",0.119592894543971,-0.36187219073676,147,85,0.000330848052898222,0.0821292155639086,0.481465085280731,11,1,"dihydroorotate dehydrogenase activity","MF"
"s__Ruminococcus_sp._FMBCY1","GO:0008767",0.114879409568159,-0.449260204866345,103,58,0.00039668727995387,0.0838182743046852,0.564139614434504,3,2,"UDP-galactopyranose mutase activity","MF"
"s__Barnesiella_intestinihominis","GO:0008767",0.0568251320544899,-0.467381761270374,109,68,0.000379818936316583,0.0838182743046852,0.524206893324864,7,2,"UDP-galactopyranose mutase activity","MF"
"s__Catenibacterium_mitsuokai","GO:0003984",-0.451229301622267,-0.0220813567860291,137,83,0.0010589817561845,0.0945515389416827,0.429147944836238,12,1,"acetolactate synthase activity","MF"
"s__Parolsenella_massiliensis","GO:0004425",-0.445991695243939,0.0065197959934802,118,77,0.00115629885599431,0.0949605088850664,0.452511491237419,2,1,"indole-3-glycerol-phosphate synthase activity","MF"
"s__Bacteroides_ovatus","GO:0030643",-0.15543615178712,-0.564021421616358,145,79,0.000752444668851143,0.0891344997407774,0.408585269829238,10,1,"cellular phosphate ion homeostasis","BP"
"s__Bacteroides_ovatus","GO:0045936",-0.15543615178712,-0.564021421616358,145,79,0.000752444668851143,0.0891344997407774,0.408585269829238,10,1,"negative regulation of phosphate metabolic process","BP"
"s__Coprococcus_eutactus","GO:0018492",-0.00754580083439144,-0.457012123213359,149,86,0.000438327976390838,0.0838182743046852,0.449466322378968,3,2,"carbon-monoxide dehydrogenase (acceptor) activity","MF"
"s__Prevotella_sp._P5_64","GO:0018492",-0.0418948140467128,-0.620710868079289,78,56,0.000154872385721514,0.0747461268565942,0.578816054032576,40,2,"carbon-monoxide dehydrogenase (acceptor) activity","MF"
"s__Prevotella_sp._Marseille_P4119","GO:0016791",0.196990171990172,0.620948963621789,111,68,0.000859470346389215,0.0921457481701598,0.423958791631617,31,1,"phosphatase activity","MF"
"s__Eggerthella_lenta","GO:0015417",0.298991474696173,-0.149525921034011,149,86,0.000881979576756771,0.0930704473875949,0.448517395730184,13,2,"polyamine-transporting ATPase activity","MF"
"s__Prevotella_sp._P5_64","GO:0015417",0.0484958079894789,-0.51784005468216,78,56,0.000586557517283832,0.0878267606722709,0.566335862671639,40,2,"polyamine-transporting ATPase activity","MF"
"s__Clostridium_sp._AF15_31","GO:0070004",0.383514001806685,-0.194813925570228,81,50,0.00122177473698521,0.0971076005148073,0.578327927376913,1,1,"cysteine-type exopeptidase activity","MF"
"s__Phascolarctobacterium_succinatutens","GO:0006470",0.057939303617396,-0.411837692823608,121,71,0.00121334005090276,0.0968972251091948,0.469776996441004,38,2,"protein dephosphorylation","BP"
"s__Eggerthella_lenta","GO:0006470",0.0655432613821876,0.479635831878862,149,86,0.000951208251492872,0.0935868372687445,0.414092570496675,13,2,"protein dephosphorylation","BP"
"s__Collinsella_sp._TF05_9AC","GO:0003942",0.192887238448904,0.597843413033286,133,80,0.000632800391109104,0.0888826995760413,0.404956174584383,25,1,"N-acetyl-gamma-glutamyl-phosphate reductase activity","MF"
"s__Blautia_sp._MSJ_19","GO:0004180",-0.0912611008488286,0.348610783527525,148,86,0.00099720568221017,0.0940549590865733,0.439871884376353,7,1,"carboxypeptidase activity","MF"
"s__Bacteroides_caccae","GO:0051607",-0.107226107226107,0.374519456165026,143,80,0.000441458851738767,0.0838182743046852,0.481745563391133,4,4,"defense response to virus","BP"
"s__Bacteroides_stercoris","GO:0051607",-0.133262478349866,0.371312897628687,145,77,0.000278438463973193,0.0803975280395065,0.504575375978553,1,4,"defense response to virus","BP"
"s__Bacteroides_thetaiotaomicron","GO:0051607",-0.0941676929935247,0.361540198735321,147,81,0.000817451509700781,0.0906001871382107,0.455707891728845,15,4,"defense response to virus","BP"
"s__Bacteroides_xylanisolvens","GO:0051607",-0.0727996141789245,0.398807205452775,144,79,0.000540462936567822,0.0862746630349643,0.4716068196317,25,4,"defense response to virus","BP"
"s__Blautia_sp._MSJ_19","GO:0004412",0.235654501234559,-0.374612010000472,148,86,4.56182175803446e-06,0.0490594728891098,0.61026651123503,7,2,"homoserine dehydrogenase activity","MF"
"s__Prevotella_sp._Marseille_P4119","GO:0004412",0.179299754299754,0.633049585830439,111,68,0.000349343127940344,0.0829800091921737,0.453749831530684,31,2,"homoserine dehydrogenase activity","MF"
"s__Adlercreutzia_equolifaciens","GO:0016798",-0.00953539505398605,-0.430048587197509,147,86,0.00115320263921238,0.0949568926561188,0.420513192143523,21,1,"hydrolase activity, acting on glycosyl bonds","MF"
"s__Paratractidigestivibacter_faecalis","GO:0015803",0.593839445438283,0.0333716915995397,129,78,8.83914650495199e-06,0.0490594728891098,0.560467753838743,6,1,"branched-chain amino acid transport","BP"
"s__Agathobaculum_sp._M2","GO:0006241",0.36049060319363,-0.108160866462365,141,83,0.000571199049072119,0.0878267606722709,0.468651469655995,8,1,"CTP biosynthetic process","BP"
"s__Phocaeicola_vulgatus","GO:0140673",0.0179168347912356,0.452785508750413,148,86,0.000679220253542319,0.0891344997407774,0.434868673959177,6,5,"none","none"
"s__Coprococcus_eutactus","GO:0140673",-0.297163069109378,0.150620312278881,149,86,0.000902623781904664,0.0933158992068922,0.447783381388259,3,5,"none","none"
"s__Bacteroides_ovatus","GO:0140673",0.146968981262793,0.58300876338851,145,79,0.000284823902268971,0.0803975280395065,0.436039782125717,10,5,"none","none"
"s__Bacteroides_thetaiotaomicron","GO:0140673",0.137239420018285,0.570618789521229,147,81,0.000308638416239083,0.0804737967828592,0.433379369502944,15,5,"none","none"
"s__Bacteroides_xylanisolvens","GO:0140673",0.19897114379873,0.639021421616358,144,79,0.000106523412773986,0.0701594561540619,0.440050277817628,25,5,"none","none"
"s__Catenibacterium_mitsuokai","GO:0005351",-0.00891407022980566,0.548822467570631,137,83,1.06303051470408e-05,0.0544623241314122,0.557736537800437,12,1,"carbohydrate:proton symporter activity","MF"
"s__Prevotella_stercorea","GO:0015562",0.335711091234347,0.676875755823124,129,77,0.00130229474621778,0.099245507160852,0.341164664588777,9,4,"efflux transmembrane transporter activity","MF"
"s__Phascolarctobacterium_succinatutens","GO:0015562",0.187074922097277,0.633601609657948,121,71,0.000271490499700816,0.0803975280395065,0.446526687560671,38,4,"efflux transmembrane transporter activity","MF"
"s__Intestinimonas_sp._MSJ_38","GO:0015562",0.213507755487646,0.58582952026039,146,86,0.00106144802507505,0.0945515389416827,0.372321764772743,12,4,"efflux transmembrane transporter activity","MF"
"s__Prevotella_sp._P5_64","GO:0015562",0.199711680724339,0.661449077238551,78,56,0.00104526165661677,0.0945515389416827,0.461737396514212,40,4,"efflux transmembrane transporter activity","MF"
"s__Oscillibacter_sp._MCC667","GO:0046537",0.409048001569574,0.716611295681063,148,85,0.000799207050537478,0.0899977292387695,0.307563294111489,6,1,"2,3-bisphosphoglycerate-independent phosphoglycerate mutase activity","MF"
"s__Simiaoa_sunii","GO:0004016",0.0652694899405204,0.472718389681454,146,85,0.00129566937809957,0.0990763118135079,0.407448899740934,20,1,"adenylate cyclase activity","MF"
"s__Simiaoa_sunii","GO:0006171",0.0652694899405204,0.472718389681454,146,85,0.00129566937809957,0.0990763118135079,0.407448899740934,20,1,"cAMP biosynthetic process","BP"
"s__Catenibacterium_mitsuokai","GO:0008965",-0.324934194560084,0.168821627975316,137,83,0.000347641765668431,0.0829800091921737,0.4937558225354,12,1,"phosphoenolpyruvate-protein phosphotransferase activity","MF"
"s__Catenibacterium_mitsuokai","GO:0016407",-0.139148169582019,0.390474791150665,137,83,0.000100511302076619,0.0701594561540619,0.529622960732684,12,1,"acetyltransferase activity","MF"
"s__Vescimonas_fastidiosa","GO:0071555",-0.327156177156177,-0.663342610500495,144,86,0.00097159151363424,0.0935868372687445,0.336186433344318,25,2,"cell wall organization","BP"
"s__Megasphaera_elsdenii","GO:0071555",0.0787765885381385,-0.416364309514994,121,74,0.000548720134556977,0.086398125583684,0.495140898053133,2,2,"cell wall organization","BP"
"s__Blautia_obeum","GO:0032300",-0.313890803555233,-0.658115948865513,149,86,0.000781003232743783,0.089390299395526,0.344225145310279,26,2,"mismatch repair complex","CC"
"s__Phascolarctobacterium_sp._Marseille_Q4147","GO:0032300",0.209740741146524,0.614050972501677,118,71,0.00110623384373662,0.0945808635358021,0.404310231355153,21,2,"mismatch repair complex","CC"
"s__Turicibacter_sanguinis","GO:0009432",-0.0842245532511019,0.417504862461795,112,60,0.00131395025407662,0.0993337443499039,0.501729415712897,1,1,"SOS response","BP"
"s__Blautia_wexlerae","GO:0070063",0.303479049519318,-0.130600500023586,149,86,0.00127357974540906,0.0987607870730418,0.434079549542904,1,2,"RNA polymerase binding","MF"
"s__Simiaoa_sunii","GO:0070063",-0.122589725545391,0.366621067031464,146,85,0.000265831547655921,0.0803975280395065,0.489210792576854,20,2,"RNA polymerase binding","MF"
"s__Anthropogastromicrobium_aceti","GO:0006534",0.272465452714734,-0.16877211189207,148,86,0.00113421007001712,0.0949568926561188,0.441237564606804,8,1,"cysteine metabolic process","BP"
"s__Oscillibacter_sp._ER4","GO:0004459",-0.239773264052905,-0.638209349497618,145,86,0.000238366136453187,0.0782152377144796,0.398436085444713,31,4,"L-lactate dehydrogenase activity","MF"
"s__Oscillibacter_sp._MSJ_31","GO:0004459",-0.258725037590008,-0.656693375024428,147,85,0.000174724454208779,0.0771573943293501,0.39796833743442,11,4,"L-lactate dehydrogenase activity","MF"
"s__Bacteroides_xylanisolvens","GO:0004459",-0.274411220962945,-0.642526777020448,144,79,0.000788584719891089,0.0899351166077161,0.368115556057503,25,4,"L-lactate dehydrogenase activity","MF"
"s__Prevotella_sp._Marseille_P4119","GO:0004459",-0.0666637416637417,-0.541512386914532,111,68,0.000642416731781681,0.0888826995760413,0.47484864525079,31,4,"L-lactate dehydrogenase activity","MF"
"s__Dorea_sp._AF36_15AT","GO:0006527",0.0163102425806165,-0.407876885694037,148,84,0.00127566056563194,0.0987607870730418,0.424187128274653,24,1,"arginine catabolic process","BP"
"s__Anaerostipes_hadrus","GO:0005507",-0.300214039542899,0.245530449549507,149,86,4.93389505127768e-05,0.0701594561540619,0.545744489092406,6,3,"copper ion binding","MF"
"s__Blautia_faecis","GO:0005507",-0.0538037366225286,0.496278126326714,149,86,1.49734939589721e-05,0.0566379455904697,0.550081862949242,17,3,"copper ion binding","MF"
"s__Eggerthella_lenta","GO:0005507",-0.00681298748412842,0.423614321430256,149,86,0.000900353253941011,0.0933158992068922,0.430427308914385,13,3,"copper ion binding","MF"
"s__Dorea_sp._OM07_5","GO:0006541",-0.0781917971885676,0.427684013127051,137,80,0.000196770874311492,0.0772956595505867,0.505875810315619,8,1,"glutamine metabolic process","BP"
"s__Ruminococcus_callidus","GO:0004595",0.383062284904514,-0.147186188027737,146,86,6.78301257537736e-05,0.0701594561540619,0.530248472932252,2,1,"pantetheine-phosphate adenylyltransferase activity","MF"
"s__Bifidobacterium_catenulatum","GO:0003995",-0.062009489421384,0.474576271186441,93,59,0.000750955993143737,0.0891344997407774,0.536585760607825,1,1,"acyl-CoA dehydrogenase activity","MF"
"s__Prevotella_sp._Marseille_P4119","GO:0004534",-0.166681291681292,-0.64114211550941,111,68,0.000180720891181758,0.0771573943293501,0.474460823828118,31,2,"5'-3' exoribonuclease activity","MF"
"s__Dorea_ammoniilytica","GO:0004534",0.0453177461806417,0.490331072187911,148,84,0.000430773009662281,0.0838182743046852,0.44501332600727,15,2,"5'-3' exoribonuclease activity","MF"
"s__Faecalibacillus_intestinalis","GO:0008763",0.287883315820424,-0.259448895837405,146,85,5.40941409028276e-05,0.0701594561540619,0.547332211657828,5,1,"UDP-N-acetylmuramate-L-alanine ligase activity","MF"
"s__Phascolarctobacterium_succinatutens","GO:0006081",-0.0879691098767105,-0.542823608316566,121,71,0.000693747215126738,0.0891344997407774,0.454854498439856,38,1,"cellular aldehyde metabolic process","BP"
"s__Subdoligranulum_sp._APC924_74","GO:0009103",0.365570062597867,-0.10500293140512,148,85,0.000426213848115106,0.0838182743046852,0.470572994002987,1,3,"lipopolysaccharide biosynthetic process","BP"
"s__Prevotella_sp._Marseille_P4119","GO:0009103",-0.123508248508249,0.449631637210368,111,68,0.000117882938033919,0.0701594561540619,0.573139885718616,31,3,"lipopolysaccharide biosynthetic process","BP"
"s__Prevotella_sp._P5_64","GO:0009103",-0.0272259386183437,0.541831852358168,78,56,0.000457437476519049,0.0838182743046852,0.569057790976512,40,3,"lipopolysaccharide biosynthetic process","BP"
"s__Prevotellamassilia_timonensis","GO:0042834",0.211588677191868,0.625439594086257,118,70,0.000797504210164484,0.0899977292387695,0.413850916894389,1,1,"peptidoglycan binding","MF"
"s__Clostridium_sp._OM08_29","GO:0030259",0.104561476259589,-0.439276580197296,105,69,0.000289707771864354,0.0803975280395065,0.543838056456886,1,1,"lipid glycosylation","BP"
"s__Blautia_obeum","GO:0004722",0.0162452385271177,0.467597528185292,149,86,0.000384841235004639,0.0838182743046852,0.451352289658174,26,4,"protein serine/threonine phosphatase activity","MF"
"s__Phascolarctobacterium_succinatutens","GO:0004722",0.0818385042677144,-0.491247484909457,121,71,5.22955023615179e-05,0.0701594561540619,0.573085989177171,38,4,"protein serine/threonine phosphatase activity","MF"
"s__Phascolarctobacterium_sp._Marseille_Q4147","GO:0004722",0.0283581489962347,-0.474279007377599,118,71,0.000411168102991234,0.0838182743046852,0.502637156373834,21,4,"protein serine/threonine phosphatase activity","MF"
"s__Eggerthella_lenta","GO:0004722",0.0692653727553056,0.490692957214963,149,86,0.000719100694192197,0.0891344997407774,0.421427584459657,13,4,"protein serine/threonine phosphatase activity","MF"
"s__Prevotella_sp._P5_64","GO:0004564",0.0163760290342569,-0.512235133287765,78,56,0.0012931613987611,0.0990763118135079,0.528611162322022,40,1,"beta-fructofuranosidase activity","MF"
"s__Prevotella_sp._Marseille_P4119","GO:0004017",-0.102939627939628,-0.607703172118945,111,68,0.000139717114654354,0.0713457356520512,0.504763544179317,31,1,"adenylate kinase activity","MF"
"s__Prevotella_stercorea","GO:0008705",0.451801881768152,0.756375203743625,130,77,0.00066932465027312,0.0891344997407774,0.304573321975473,9,1,"methionine synthase activity","MF"
"s__Adlercreutzia_equolifaciens","GO:0004644",-0.040415870161467,0.410160856644181,147,86,0.000587795129385346,0.0878267606722709,0.450576726805648,21,3,"phosphoribosylglycinamide formyltransferase activity","MF"
"s__Dorea_sp._AF36_15AT","GO:0004644",0.124414648863355,0.535911714083224,148,84,0.000693687902648495,0.0891344997407774,0.411497065219869,24,3,"phosphoribosylglycinamide formyltransferase activity","MF"
"s__Prevotella_sp._Marseille_P4119","GO:0004644",0.00366795366795367,-0.49562927052716,111,68,0.000536552217198558,0.0862746630349643,0.499297224195113,31,3,"phosphoribosylglycinamide formyltransferase activity","MF"
"s__Faecalibacterium_sp._HTFF","GO:0008239",0.273473607836024,-0.180496384600352,149,85,0.000833715065035277,0.091157289242115,0.453969992436376,5,1,"dipeptidyl-peptidase activity","MF"
"s__Olsenella_uli","GO:0008817",-0.534470653709491,-0.138949073605346,141,84,0.00113822169131439,0.0949568926561188,0.395521580104145,1,1,"cob(I)yrinic acid a,c-diamide adenosyltransferase activity","MF"
"s__Prevotella_sp._P5_64","GO:0003864",0.113266480355088,0.640191387559809,78,56,0.000364397266816832,0.0838182743046852,0.526924907204721,40,1,"3-methyl-2-oxobutanoate hydroxymethyltransferase activity","MF"
"s__Blautia_obeum","GO:0045493",0.0558570651188101,-0.370309920279258,149,86,0.00129226037020358,0.0990763118135079,0.426166985398069,26,3,"xylan catabolic process","BP"
"s__Oscillibacter_sp._ER4","GO:0045493",-0.0553534876397418,0.381140619840559,145,86,0.00100714216671078,0.0942794003147865,0.4364941074803,31,3,"xylan catabolic process","BP"
"s__Prevotella_hominis","GO:0045493",0.0884272388697167,0.559939545951508,112,72,0.000442018318465925,0.0838182743046852,0.471512307081791,9,3,"xylan catabolic process","BP"
"s__Blautia_obeum","GO:0004088",0.035566842009795,0.519354686541818,149,86,9.38699720191791e-05,0.0701594561540619,0.483787844532023,26,10,"carbamoyl-phosphate synthase (glutamine-hydrolyzing) activity","MF"
"s__Blautia_massiliensis","GO:0004088",0.0743992862880686,0.551526015378084,148,86,7.9669137415349e-05,0.0701594561540619,0.477126729090015,1,10,"carbamoyl-phosphate synthase (glutamine-hydrolyzing) activity","MF"
"s__Oscillibacter_sp._ER4","GO:0004088",-0.0263856085655802,-0.477994245011557,145,86,0.00037713134025746,0.0838182743046852,0.451608636445977,31,10,"carbamoyl-phosphate synthase (glutamine-hydrolyzing) activity","MF"
"s__Simiaoa_sunii","GO:0004088",0.0406293079347941,-0.506527262067618,146,85,1.71340245082251e-05,0.0566379455904697,0.547156570002412,20,10,"carbamoyl-phosphate synthase (glutamine-hydrolyzing) activity","MF"
"s__Oscillibacter_sp._MSJ_31","GO:0004088",-0.0398416308396739,-0.471506742231776,147,85,0.000690116978110505,0.0891344997407774,0.431665111392103,11,10,"carbamoyl-phosphate synthase (glutamine-hydrolyzing) activity","MF"
"s__Dysosmobacter_sp._BX15","GO:0004088",-0.148448420464076,-0.535587258159078,146,85,0.00129229871693962,0.0990763118135079,0.387138837695002,3,10,"carbamoyl-phosphate synthase (glutamine-hydrolyzing) activity","MF"
"s__Intestinimonas_sp._MSJ_38","GO:0004088",0.00742355439028629,-0.423350158026322,147,86,0.000920674476370133,0.0933158992068922,0.430773712416608,12,10,"carbamoyl-phosphate synthase (glutamine-hydrolyzing) activity","MF"
"s__Suilimivivens_aceti","GO:0004088",-0.124618249258709,-0.549922166139912,148,86,0.000368897181063763,0.0838182743046852,0.425303916881203,13,10,"carbamoyl-phosphate synthase (glutamine-hydrolyzing) activity","MF"
"s__Dorea_sp._OM07_5","GO:0004088",0.0605690070379151,0.553750586029067,137,80,9.04183178231047e-05,0.0701594561540619,0.493181578991152,8,10,"carbamoyl-phosphate synthase (glutamine-hydrolyzing) activity","MF"
"s__Dorea_sp._NSJ_36","GO:0004088",0.0744124320390428,0.50168776371308,141,80,0.000859156696277426,0.0921457481701598,0.427275331674037,4,10,"carbamoyl-phosphate synthase (glutamine-hydrolyzing) activity","MF"
"s__Simiaoa_sunii","GO:0004399",-0.00192609873425043,-0.460171975767051,146,85,0.000373562465565595,0.0838182743046852,0.458245877032801,20,4,"histidinol dehydrogenase activity","MF"
"s__Bacteroides_caccae","GO:0004399",-0.190255753636035,-0.587810595405532,143,80,0.00074162323979179,0.0891344997407774,0.397554841769497,4,4,"histidinol dehydrogenase activity","MF"
"s__Adlercreutzia_equolifaciens","GO:0004399",-0.092380750893471,0.389763668097552,147,86,0.000273291888364545,0.0803975280395065,0.482144418991023,21,4,"histidinol dehydrogenase activity","MF"
"s__Waltera_intestinalis","GO:0004399",0.00473434611365646,-0.499548328816621,144,81,9.6301537052449e-05,0.0701594561540619,0.504282674930278,1,4,"histidinol dehydrogenase activity","MF"
"s__Prevotella_sp._P5_64","GO:0032217",-0.0936152455139797,-0.641216678058783,78,56,0.000229388169073221,0.0772956595505867,0.547601432544804,40,1,"riboflavin transmembrane transporter activity","MF"
"s__Prevotella_sp._P5_64","GO:0032218",-0.0936152455139797,-0.641216678058783,78,56,0.000229388169073221,0.0772956595505867,0.547601432544804,40,1,"riboflavin transport","BP"
"s__Ruminococcus_sp._210702_SL_1_03","GO:0004592",-0.310541132311542,0.245014902816842,139,83,5.44472838500928e-05,0.0701594561540619,0.555556035128384,10,2,"pantoate-beta-alanine ligase activity","MF"
"s__Blautia_ammoniilytica","GO:0004592",0.0550646523800886,-0.387857917826313,148,86,0.000790614531373095,0.0899977292387695,0.442922570206401,8,2,"pantoate-beta-alanine ligase activity","MF"
"s__Oscillibacter_sp._ER4","GO:0004151",-0.282073689182806,-0.667569224963442,145,86,0.000202220195516281,0.0772956595505867,0.385495535780636,31,9,"dihydroorotase activity","MF"
"s__Vescimonas_coprocola","GO:0004151",-0.249902827084035,-0.626718241426482,148,86,0.000517132019749973,0.0854158017121955,0.376815414342447,7,9,"dihydroorotase activity","MF"
"s__Vescimonas_fastidiosa","GO:0004151",-0.289960614098545,-0.668305108731544,144,86,0.000253093684861248,0.0795132013811968,0.378344494632999,25,9,"dihydroorotase activity","MF"
"s__Oscillibacter_sp._MSJ_31","GO:0004151",-0.269643140484628,-0.621477428180575,147,85,0.00119792338188045,0.0964755634865582,0.351834287695947,11,9,"dihydroorotase activity","MF"
"s__Blautia_schinkii","GO:0004151",0.0631924541991656,0.484900231142978,149,86,0.000747967069242446,0.0891344997407774,0.421707776943813,3,9,"dihydroorotase activity","MF"
"s__Pseudoflavonifractor_sp._MSJ_30","GO:0004151",-0.250669104935644,-0.610302372753432,148,86,0.00106293303215573,0.0945515389416827,0.359633267817788,2,9,"dihydroorotase activity","MF"
"s__Dorea_sp._AF36_15AT","GO:0004151",0.180078996953398,0.567722992811582,148,84,0.000929758327646466,0.0933158992068922,0.387643995858185,24,9,"dihydroorotase activity","MF"
"s__Oscillibacter_sp._MCC667","GO:0004151",-0.337110429152615,-0.717627516122728,148,85,7.13570831460164e-05,0.0701594561540619,0.380517086970113,6,9,"dihydroorotase activity","MF"
"s__Phocea_massiliensis","GO:0004151",0.000105780927698736,-0.498598990518421,147,86,7.75658585563926e-05,0.0701594561540619,0.498704771446119,18,9,"dihydroorotase activity","MF"
"s__Collinsella_sp._TF05_9AC","GO:0009379",-0.078472980279736,-0.496507266760431,133,80,0.0012777382497255,0.0987607870730418,0.418034286480695,25,1,"Holliday junction helicase complex","CC"
"s__Blautia_obeum","GO:0004819",-0.0708289497551243,-0.523807726779565,149,86,0.000220907476580367,0.0772956595505867,0.452978777024441,26,7,"glutamine-tRNA ligase activity","MF"
"s__Vescimonas_coprocola","GO:0004819",0.0897063341933908,0.618604651162791,148,86,4.80249163583186e-06,0.0490594728891098,0.5288983169694,7,7,"glutamine-tRNA ligase activity","MF"
"s__Ruminococcus_flavefaciens","GO:0004819",0.0626903112226009,0.499863201094391,147,86,0.000449342207437141,0.0838182743046852,0.43717288987179,10,7,"glutamine-tRNA ligase activity","MF"
"s__Vescimonas_fastidiosa","GO:0004819",0.111679125472229,0.538789565545545,144,86,0.000425298648761998,0.0838182743046852,0.427110440073316,25,7,"glutamine-tRNA ligase activity","MF"
"s__Oscillibacter_sp._MSJ_31","GO:0004819",0.134099993199798,0.555911666992378,147,85,0.000406862783142247,0.0838182743046852,0.421811673792581,11,7,"glutamine-tRNA ligase activity","MF"
"s__Ruminococcus_sp._210702_SL_1_03","GO:0004819",-0.0213190937932883,0.465282733722346,139,83,0.000209009527333212,0.0772956595505867,0.486601827515634,10,7,"glutamine-tRNA ligase activity","MF"
"s__Oribacterium_sp._oral_taxon_102","GO:0004819",-0.0105551725270035,0.500617596436165,143,84,6.48407340140544e-05,0.0701594561540619,0.511172768963168,4,7,"glutamine-tRNA ligase activity","MF"
"s__Blautia_obeum","GO:0006425",-0.0708289497551243,-0.523807726779565,149,86,0.000220907476580367,0.0772956595505867,0.452978777024441,26,7,"glutaminyl-tRNA aminoacylation","BP"
"s__Vescimonas_coprocola","GO:0006425",0.0897063341933908,0.618604651162791,148,86,4.80249163583186e-06,0.0490594728891098,0.5288983169694,7,7,"glutaminyl-tRNA aminoacylation","BP"
"s__Ruminococcus_flavefaciens","GO:0006425",0.0626903112226009,0.499863201094391,147,86,0.000449342207437141,0.0838182743046852,0.43717288987179,10,7,"glutaminyl-tRNA aminoacylation","BP"
"s__Vescimonas_fastidiosa","GO:0006425",0.111679125472229,0.538789565545545,144,86,0.000425298648761998,0.0838182743046852,0.427110440073316,25,7,"glutaminyl-tRNA aminoacylation","BP"
"s__Oscillibacter_sp._MSJ_31","GO:0006425",0.134099993199798,0.555911666992378,147,85,0.000406862783142247,0.0838182743046852,0.421811673792581,11,7,"glutaminyl-tRNA aminoacylation","BP"
"s__Ruminococcus_sp._210702_SL_1_03","GO:0006425",-0.0213190937932883,0.465282733722346,139,83,0.000209009527333212,0.0772956595505867,0.486601827515634,10,7,"glutaminyl-tRNA aminoacylation","BP"
"s__Oribacterium_sp._oral_taxon_102","GO:0006425",-0.0105551725270035,0.500617596436165,143,84,6.48407340140544e-05,0.0701594561540619,0.511172768963168,4,7,"glutaminyl-tRNA aminoacylation","BP"
"s__Collinsella_sp._TF05_9AC","GO:0030956",0.0352679527856276,0.512564463197375,133,80,0.000242210429807186,0.0785880497339302,0.477296510411747,25,2,"glutamyl-tRNA(Gln) amidotransferase complex","CC"
"s__Faecalibacterium_sp._CLA_AA_H233","GO:0030956",-0.0711409395973154,-0.537873754152824,149,85,0.00013435504754005,0.0713457356520512,0.466732814555508,10,2,"glutamyl-tRNA(Gln) amidotransferase complex","CC"
"s__Collinsella_sp._TF05_9AC","GO:0050567",0.0352679527856276,0.512564463197375,133,80,0.000242210429807186,0.0785880497339302,0.477296510411747,25,2,"glutaminyl-tRNA synthase (glutamine-hydrolyzing) activity","MF"
"s__Faecalibacterium_sp._CLA_AA_H233","GO:0050567",-0.0711409395973154,-0.537873754152824,149,85,0.00013435504754005,0.0713457356520512,0.466732814555508,10,2,"glutaminyl-tRNA synthase (glutamine-hydrolyzing) activity","MF"
"s__Prevotella_copri","GO:0004470",0.135157960588051,0.559548297720499,139,83,0.000463879630193453,0.0838182743046852,0.424390337132447,7,3,"malic enzyme activity","MF"
"s__Blautia_sp._BIOML_A1","GO:0004470",0.324639217992346,-0.113467616397,146,86,0.00113860009104345,0.0949568926561188,0.438106834389346,2,3,"malic enzyme activity","MF"
"s__Blautia_ammoniilytica","GO:0004470",0.0565157679251639,-0.442803905844615,148,86,0.000119602823822711,0.0701594561540619,0.499319673769779,8,3,"malic enzyme activity","MF"
"s__Roseburia_inulinivorans","GO:0019301",0.159382091309225,0.54382753903486,148,86,0.00118886399425624,0.0964755634865582,0.384445447725636,15,1,"rhamnose catabolic process","BP"
"s__Prevotella_stercorea","GO:0006450",-0.318745305821464,-0.686182238813818,130,77,0.000524357160445011,0.0854158017121955,0.367436932992354,9,1,"regulation of translational fidelity","BP"
"s__Mogibacterium_kristiansenii","GO:0009424",-0.101101197652922,-0.504281936106797,144,83,0.00127704760471302,0.0987607870730418,0.403180738453875,4,2,"bacterial-type flagellum hook","CC"
"s__Senegalimassilia_anaerobia","GO:0009424",-0.0871909780360485,-0.557578212007695,143,84,0.00011343407441821,0.0701594561540619,0.470387233971646,7,2,"bacterial-type flagellum hook","CC"
"s__Intestinimonas_sp._MSJ_38","GO:0006051",-0.133990434381824,-0.534562951082598,147,86,0.000866075677589899,0.0921457481701598,0.400572516700774,12,1,"N-acetylmannosamine metabolic process","BP"
"s__Intestinimonas_sp._MSJ_38","GO:0047465",-0.133990434381824,-0.534562951082598,147,86,0.000866075677589899,0.0921457481701598,0.400572516700774,12,1,"N-acylglucosamine-6-phosphate 2-epimerase activity","MF"
"s__Oscillibacter_sp._ER4","GO:0015977",0.104283627170951,-0.369474301348446,143,85,0.000426694508369974,0.0838182743046852,0.473757928519397,31,1,"carbon fixation","BP"
"s__Vescimonas_fastidiosa","GO:0005829",0.0461337513061651,-0.411462804849285,144,86,0.000508194386731107,0.0854158017121955,0.45759655615545,25,1,"cytosol","CC"
"s__Faecalibacterium_sp._HTFF","GO:0000034",-0.431663341193543,0.0485245260895056,149,85,0.000227283063092663,0.0772956595505867,0.480187867283048,5,1,"adenine deaminase activity","MF"
"s__Faecalibacterium_sp._HTFF","GO:0006146",-0.431663341193543,0.0485245260895056,149,85,0.000227283063092663,0.0772956595505867,0.480187867283048,5,1,"adenine catabolic process","BP"
"s__Roseburia_inulinivorans","GO:0016891",0.209915709436323,0.630907118260295,148,86,0.000129357734377859,0.0713457356520512,0.420991408823972,15,1,"endoribonuclease activity, producing 5'-phosphomonoesters","MF"
"s__Oscillibacter_sp._ER4","GO:0015109",-0.0468312076838293,0.40112269446672,145,86,0.000681790582851203,0.0891344997407774,0.447953902150549,31,2,"chromate transmembrane transporter activity","MF"
"s__Eggerthella_lenta","GO:0015109",-0.0974605477961183,-0.498882022736922,149,86,0.00113446497913493,0.0949568926561188,0.401421474940803,13,2,"chromate transmembrane transporter activity","MF"
"s__Oscillibacter_sp._ER4","GO:0015703",-0.0468312076838293,0.40112269446672,145,86,0.000681790582851203,0.0891344997407774,0.447953902150549,31,2,"chromate transport","BP"
"s__Eggerthella_lenta","GO:0015703",-0.0974605477961183,-0.498882022736922,149,86,0.00113446497913493,0.0949568926561188,0.401421474940803,13,2,"chromate transport","BP"
"s__Oscillibacter_sp._ER4","GO:0004866",0.194437926566756,0.636405385659117,133,66,0.000331475212246586,0.0821292155639086,0.441967459092361,31,1,"endopeptidase inhibitor activity","MF"
"s__Phascolarctobacterium_succinatutens","GO:0008761",-0.0232963013141851,0.440040241448692,121,71,0.00122180936641606,0.0971076005148073,0.463336542762877,38,2,"UDP-N-acetylglucosamine 2-epimerase activity","MF"
"s__Bacteroides_xylanisolvens","GO:0008761",0.193183827666586,0.589678675754625,144,79,0.000773715189243705,0.089390299395526,0.396494848088039,25,2,"UDP-N-acetylglucosamine 2-epimerase activity","MF"
"s__Adlercreutzia_equolifaciens","GO:0004106",-0.119925348888167,0.353724232275107,147,86,0.00040181007133019,0.0838182743046852,0.473649581163274,21,3,"chorismate mutase activity","MF"
"s__Dorea_sp._AF36_15AT","GO:0004106",0.0161732750419232,0.503756201275691,148,84,0.00011430203020383,0.0701594561540619,0.487582926233768,24,3,"chorismate mutase activity","MF"
"s__Dorea_sp._AM58_8","GO:0004106",-0.0185851623435516,0.511316571536393,149,86,2.44999199685736e-05,0.0610440045602667,0.529901733879945,9,3,"chorismate mutase activity","MF"
"s__Dorea_sp._AF36_15AT","GO:0004556",-0.0529101900146962,-0.463906044345449,148,84,0.00128074467327089,0.0988429171191902,0.410995854330753,24,1,"alpha-amylase activity","MF"
"s__Dorea_ammoniilytica","GO:0004069",-0.0259238830667402,0.418892376227599,148,84,0.00070970873101582,0.0891344997407774,0.44481625929434,15,1,"L-aspartate:2-oxoglutarate aminotransferase activity","MF"
"s__Anaerobutyricum_hallii","GO:0004794",-0.0165136949029566,0.405858766922968,149,86,0.00121625272422093,0.0968972251091948,0.422372461825925,2,1,"L-threonine ammonia-lyase activity","MF"
"s__Fusicatenibacter_saccharivorans","GO:0010124",-0.47310357337203,-0.0482381244398321,149,86,0.000728152250536339,0.0891344997407774,0.424865448932198,5,1,"phenylacetate catabolic process","BP"
"s__Parabacteroides_merdae","GO:0015594",-0.0127803231251507,-0.434427605893959,144,83,0.00130620801057127,0.099280616060892,0.421647282768808,1,2,"putrescine-importing ATPase activity","MF"
"s__Prevotella_sp._P5_64","GO:0015594",0.0576765007144754,-0.544976076555024,78,56,0.00021719402086032,0.0772956595505867,0.602652577269499,40,2,"putrescine-importing ATPase activity","MF"
"s__Blautia_faecis","GO:0009001",-0.349033194268094,0.220019812255295,149,86,2.04883978550844e-05,0.0593299461887907,0.569053006523389,17,1,"serine O-acetyltransferase activity","MF"
"s__Bacteroides_xylanisolvens","GO:0008610",0.41881681536854,0.720326192794547,144,79,0.00126013946690344,0.0985630673079499,0.301509377426008,25,1,"lipid biosynthetic process","BP"
"s__Prevotella_sp._P5_64","GO:0016209",0.067388307894637,0.657142857142857,78,56,6.8045344628508e-05,0.0701594561540619,0.58975454924822,40,1,"antioxidant activity","MF"
"s__Oscillibacter_sp._ER4","GO:0005576",0.0708707290190521,0.504750224067173,145,86,0.000486429635965687,0.0839861394377018,0.433879495048121,31,3,"extracellular region","CC"
"s__Vescimonas_coprocola","GO:0005576",0.0561011634837138,0.506429548563611,148,86,0.000288774547606949,0.0803975280395065,0.450328385079898,7,3,"extracellular region","CC"
"s__Vescimonas_fastidiosa","GO:0005576",0.0520376175548589,0.468861738761262,144,86,0.00103367680518245,0.0945515389416827,0.416824121206403,25,3,"extracellular region","CC"
"s__Ruminococcus_sp._BSD2780120874_150323_B10","GO:0008899",0.0729781668712966,-0.416732740943267,131,76,0.000459964331259366,0.0838182743046852,0.489710907814564,2,1,"homoserine O-succinyltransferase activity","MF"
"s__Ruminococcus_sp._BSD2780120874_150323_B10","GO:0019281",0.0729781668712966,-0.416732740943267,131,76,0.000459964331259366,0.0838182743046852,0.489710907814564,2,1,"L-methionine biosynthetic process from homoserine via O-succinyl-L-homoserine and cystathionine","BP"
"s__Prevotella_sp._Marseille_P4119","GO:0004089",0.0406809406809407,0.525289155246784,111,68,0.000593401025873126,0.0878273078360618,0.484608214565843,31,1,"carbonate dehydratase activity","MF"
"s__Anaerostipes_hadrus","GO:0016793",0.334133865409033,-0.120222652011887,149,86,0.000691027266172206,0.0891344997407774,0.454356517420921,6,3,"triphosphoric monoester hydrolase activity","MF"
"s__Blautia_faecis","GO:0016793",0.393499002358063,-0.0890513703476579,149,86,0.000250542029776598,0.079461194329575,0.482550372705721,17,3,"triphosphoric monoester hydrolase activity","MF"
"s__Faecalibacterium_sp._CLA_AA_H233","GO:0016793",0.0303936150916017,0.471526284932578,149,85,0.000519634971809669,0.0854158017121955,0.441132669840976,10,3,"triphosphoric monoester hydrolase activity","MF"
"s__Anthropogastromicrobium_aceti","GO:0019509",0.0126824537179283,-0.451238265955941,148,86,0.00031173548902414,0.0804737967828592,0.46392071967387,8,1,"L-methionine salvage from methylthioadenosine","BP"
"s__Anthropogastromicrobium_aceti","GO:0008930",0.0122826565779586,-0.452879852823246,148,86,0.000297609275287665,0.0804737967828592,0.465162509401205,8,1,"methylthioadenosine nucleosidase activity","MF"
"s__Anthropogastromicrobium_aceti","GO:0008782",0.0122826565779586,-0.452879852823246,148,86,0.000297609275287665,0.0804737967828592,0.465162509401205,8,1,"adenosylhomocysteine nucleosidase activity","MF"
"s__Anthropogastromicrobium_aceti","GO:0009164",0.0122826565779586,-0.452879852823246,148,86,0.000297609275287665,0.0804737967828592,0.465162509401205,8,1,"nucleoside catabolic process","BP"
"s__Megasphaera_elsdenii","GO:0004888",-0.052262566047961,0.428205602863137,121,73,0.000781123286461513,0.089390299395526,0.480468168911098,2,1,"transmembrane signaling receptor activity","MF"
"s__Alistipes_indistinctus","GO:0016776",0.079620765832106,-0.530434782608696,97,45,0.000346119127881587,0.0829800091921737,0.610055548440802,2,1,"phosphotransferase activity, phosphate group as acceptor","MF"
"s__Escherichia_coli","GO:0004609",0.0411161743855895,-0.387769565657588,148,84,0.00124472795616055,0.0981096048096578,0.428885740043178,7,1,"phosphatidylserine decarboxylase activity","MF"
"s__Prevotella_sp._Marseille_P4119","GO:0009349",0.0604773604773605,0.537237088216208,111,68,0.000639631549017808,0.0888826995760413,0.476759727738848,31,1,"riboflavin synthase complex","CC"
"s__Phascolarctobacterium_succinatutens","GO:0002100",0.169096328410784,-0.437357478202549,121,71,2.96125204656588e-05,0.0610440045602667,0.606453806613333,38,1,"tRNA wobble adenosine to inosine editing","BP"
"s__Phascolarctobacterium_succinatutens","GO:0008251",0.169096328410784,-0.437357478202549,121,71,2.96125204656588e-05,0.0610440045602667,0.606453806613333,38,1,"tRNA-specific adenosine deaminase activity","MF"
"s__Desulfovibrio_piger","GO:0008880",0.340992635203983,-0.143835616438356,123,73,0.000936350717062786,0.0933158992068922,0.484828251642339,4,1,"glucuronate isomerase activity","MF"
"s__Suilimivivens_aceti","GO:0004536",0.0409903123230065,0.468974951648663,148,86,0.000726776211524905,0.0891344997407774,0.427984639325656,13,1,"deoxyribonuclease activity","MF"
"s__Blautia_sp._Marseille_P3087","GO:0008113",0.0254278384671482,-0.417500825510637,148,86,0.000681477829417284,0.0891344997407774,0.442928663977785,3,1,"peptide-methionine (S)-S-oxide reductase activity","MF"
"s__Dorea_sp._AF36_15AT","GO:0017004",-0.0629717513706008,-0.476055482433937,148,84,0.00111561716189628,0.0949568926561188,0.413083731063337,24,2,"cytochrome complex assembly","BP"
"s__Bacteroides_xylanisolvens","GO:0017004",0.342862310103689,0.753018500486855,144,79,1.36519984659646e-05,0.0566379455904697,0.410156190383166,25,2,"cytochrome complex assembly","BP"
"s__Phocaeicola_vulgatus","GO:0015209",-0.0952109485187146,-0.513731779800934,148,86,0.000645556092076326,0.0888826995760413,0.418520831282219,6,2,"cytosine transmembrane transporter activity","MF"
"s__Bacteroides_xylanisolvens","GO:0015209",-0.0701752270717788,-0.508787731256086,144,79,0.000608489732086378,0.0888826995760413,0.438612504184307,25,2,"cytosine transmembrane transporter activity","MF"
"s__Phascolarctobacterium_succinatutens","GO:0016429",0.0364178295623899,-0.572736418511066,121,71,7.0854050899113e-06,0.0490594728891098,0.609154248073456,38,1,"tRNA (adenine-N1-)-methyltransferase activity","MF"
"s__Dorea_sp._AF36_15AT","GO:0008792",-0.179567558877904,-0.598687294889827,144,80,0.000351932812181784,0.0829800091921737,0.419119736011923,24,1,"arginine decarboxylase activity","MF"
"s__Dorea_ammoniilytica","GO:0019430",0.380473611537849,-0.106307583274274,148,84,0.000269132960050312,0.0803975280395065,0.486781194812123,15,1,"removal of superoxide radicals","BP"
"s__Faecalibacillus_intestinalis","GO:0004333",-0.332779346977336,0.148778581199922,146,85,0.000364052903340595,0.0838182743046852,0.481557928177258,5,1,"fumarate hydratase activity","MF"
"s__Phascolarctobacterium_succinatutens","GO:0004798",-0.00607641241024251,-0.538564721663313,121,71,0.000100309061417056,0.0701594561540619,0.532488309253071,38,2,"thymidylate kinase activity","MF"
"s__Phascolarctobacterium_sp._Marseille_Q4147","GO:0004798",-0.078310854980845,-0.536049631120054,118,71,0.000732263440281171,0.0891344997407774,0.457738776139209,21,2,"thymidylate kinase activity","MF"
"s__Phascolarctobacterium_succinatutens","GO:0006233",-0.00607641241024251,-0.538564721663313,121,71,0.000100309061417056,0.0701594561540619,0.532488309253071,38,2,"dTDP biosynthetic process","BP"
"s__Phascolarctobacterium_sp._Marseille_Q4147","GO:0006233",-0.078310854980845,-0.536049631120054,118,71,0.000732263440281171,0.0891344997407774,0.457738776139209,21,2,"dTDP biosynthetic process","BP"
"s__Anthropogastromicrobium_aceti","GO:0008811",-0.345358096077176,0.149261757630077,148,86,0.000220411201098815,0.0772956595505867,0.494619853707253,8,2,"chloramphenicol O-acetyltransferase activity","MF"
"s__Gallintestinimicrobium_propionicum","GO:0008811",-0.31140495378271,0.17067786216331,148,86,0.00034694148379257,0.0829800091921737,0.48208281594602,2,2,"chloramphenicol O-acetyltransferase activity","MF"
"s__Intestinimonas_sp._MSJ_38","GO:0006083",0.400131470581568,0.718949007028633,147,86,0.000512251043868405,0.0854158017121955,0.318817536447065,12,1,"acetate metabolic process","BP"
"s__Intestinimonas_sp._MSJ_38","GO:0008775",0.400131470581568,0.718949007028633,147,86,0.000512251043868405,0.0854158017121955,0.318817536447065,12,1,"acetate CoA-transferase activity","MF"
"s__Phocea_massiliensis","GO:0008810",-0.080871006927345,0.385388437217705,143,81,0.000602065058482419,0.0885195123401867,0.46625944414505,18,1,"cellulase activity","MF"
"s__Bacteroides_thetaiotaomicron","GO:0006163",-0.338211848975058,0.185591689250226,147,81,0.000131632527881599,0.0713457356520512,0.523803538225284,15,1,"purine nucleotide metabolic process","BP"
"s__Bacteroides_thetaiotaomicron","GO:0004385",-0.322594050578395,0.175519421860885,147,81,0.000288462588244243,0.0803975280395065,0.49811347243928,15,1,"guanylate kinase activity","MF"
"s__Ruminococcus_sp._M6_2020","GO:0006080",0.044150527475988,0.472210279460621,145,85,0.000778485852695695,0.089390299395526,0.428059751984633,3,2,"substituted mannan metabolic process","BP"
"s__Phocea_massiliensis","GO:0006080",-0.0451267516926468,0.389329685362517,145,85,0.00107143265709034,0.0945515389416827,0.434456437055164,18,2,"substituted mannan metabolic process","BP"
"s__Ruminococcus_sp._M6_2020","GO:0016985",0.044150527475988,0.472210279460621,145,85,0.000778485852695695,0.089390299395526,0.428059751984633,3,2,"mannan endo-1,4-beta-mannosidase activity","MF"
"s__Phocea_massiliensis","GO:0016985",-0.0451267516926468,0.389329685362517,145,85,0.00107143265709034,0.0945515389416827,0.434456437055164,18,2,"mannan endo-1,4-beta-mannosidase activity","MF"
"s__Faecalibacillus_intestinalis","GO:0006106",-0.327720204756442,0.181844830955638,146,85,0.000164553528254985,0.0748989044502578,0.50956503571208,5,1,"fumarate metabolic process","BP"
"s__Faecalibacillus_intestinalis","GO:0045239",-0.325190633645995,0.182372483877272,146,85,0.000175743680402182,0.0771573943293501,0.507563117523267,5,1,"tricarboxylic acid cycle enzyme complex","CC"
"s__Blautia_ammoniilytica","GO:0009234",-0.00496784964666077,-0.433218548044719,148,86,0.000914612305299198,0.0933158992068922,0.428250698398058,8,1,"menaquinone biosynthetic process","BP"
"s__Paratractidigestivibacter_faecalis","GO:0006790",-0.537052772808587,-0.120145677107702,129,78,0.00104829076085655,0.0945515389416827,0.416907095700884,6,1,"sulfur compound metabolic process","BP"
"s__Eubacterium_ramulus","GO:0009346",-0.0821694177398875,0.373687438086702,149,86,0.000586565482797455,0.0878267606722709,0.45585685582659,7,3,"citrate lyase complex","CC"
"s__Simiaoa_sunii","GO:0009346",-0.0736988229396624,0.436994332616768,146,85,9.83542480798689e-05,0.0701594561540619,0.51069315555643,20,3,"citrate lyase complex","CC"
"s__Adlercreutzia_equolifaciens","GO:0009346",0.0107065410392221,-0.434445020991556,147,86,0.000591170233788429,0.0878267606722709,0.445151562030778,21,3,"citrate lyase complex","CC"
"s__Paratractidigestivibacter_faecalis","GO:0004781",-0.544901610017889,-0.115213900024027,129,78,0.000706146696596385,0.0891344997407774,0.429687709993862,6,1,"sulfate adenylyltransferase (ATP) activity","MF"
"s__Paratractidigestivibacter_faecalis","GO:0019419",-0.550805008944544,-0.116402584757015,129,78,0.000588949005561573,0.0878267606722709,0.434402424187529,6,1,"sulfate reduction","BP"
"s__Eubacterium_ramulus","GO:0006397",0.402742608380192,-0.0263125619132978,149,86,0.0010161855695777,0.0942794003147865,0.42905517029349,7,2,"mRNA processing","BP"
"s__Blautia_sp._MCC270","GO:0006397",0.0272169145408582,-0.411745837067786,143,86,0.000843872887500927,0.0913893754897955,0.438962751608644,1,2,"mRNA processing","BP"
"s__Blautia_obeum","GO:0042301",-0.273662252856884,0.217755554507288,149,86,0.000276301902887716,0.0803975280395065,0.491417807364172,26,2,"phosphate ion binding","MF"
"s__Phascolarctobacterium_succinatutens","GO:0042301",0.110283159463487,-0.418175720992622,121,71,0.000282744631654739,0.0803975280395065,0.52845888045611,38,2,"phosphate ion binding","MF"
"s__Eubacterium_ramulus","GO:0008814",-0.0699437692726283,0.378593329874051,149,86,0.00069903330900541,0.0891344997407774,0.448537099146679,7,3,"citrate CoA-transferase activity","MF"
"s__Simiaoa_sunii","GO:0008814",-0.0789391996760915,0.426460816884894,146,85,0.000123272037125019,0.0703469397546883,0.505400016560985,20,3,"citrate CoA-transferase activity","MF"
"s__Adlercreutzia_equolifaciens","GO:0008814",0.0179487566963105,-0.42387848483419,147,86,0.000687585542079511,0.0891344997407774,0.441827241530501,21,3,"citrate CoA-transferase activity","MF"
"s__Bacteroides_thetaiotaomicron","GO:0140911",-0.186760005742393,-0.581323396567299,147,81,0.000777174147288764,0.089390299395526,0.394563390824906,15,1,"none","none"
"s__Phascolarctobacterium_succinatutens","GO:0044205",0.0680802059341553,-0.412910798122066,121,71,0.000930421535881027,0.0933158992068922,0.480991004056221,38,1,"'de novo' UMP biosynthetic process","BP"
"s__Phascolarctobacterium_succinatutens","GO:0042908",0.00190271675815046,0.497599846390169,118,63,0.000693703743173504,0.0891344997407774,0.495697129632019,38,3,"xenobiotic transport","BP"
"s__Phascolarctobacterium_sp._Marseille_Q4147","GO:0042908",0.125728519066038,0.595430107526882,114,63,0.000528078068085179,0.0854158017121955,0.469701588460844,21,3,"xenobiotic transport","BP"
"s__Adlercreutzia_equolifaciens","GO:0042908",0.174703963537245,-0.390753911806543,139,75,5.81423615990059e-05,0.0701594561540619,0.565457875343788,21,3,"xenobiotic transport","BP"
"s__Prevotella_sp._885","GO:0009036",-0.00658320108152589,0.458040232012835,107,73,0.00127071676103377,0.0987555991075057,0.464623433094361,2,2,"Type II site-specific deoxyribonuclease activity","MF"
"s__Bacteroides_thetaiotaomicron","GO:0009036",-0.0884668565686178,0.388369467028004,147,81,0.000420371405853726,0.0838182743046852,0.476836323596621,15,2,"Type II site-specific deoxyribonuclease activity","MF"
"s__Prevotella_sp._Marseille_P4119","GO:0004132",0.235898560898561,-0.433637439401458,111,68,8.11382894736771e-06,0.0490594728891098,0.669536000300019,31,1,"dCMP deaminase activity","MF"
"s__Prevotella_sp._Marseille_P4119","GO:0006220",0.235898560898561,-0.433637439401458,111,68,8.11382894736771e-06,0.0490594728891098,0.669536000300019,31,1,"pyrimidine nucleotide metabolic process","BP"
"s__Holdemanella_biformis","GO:0009425",-0.0316024831844583,-0.453108601654003,148,83,0.00110536540544803,0.0945808635358021,0.421506118469545,3,1,"bacterial-type flagellum basal body","CC"
"s__Senegalimassilia_faecalis","GO:0008759",0.0709603373725511,-0.463841421736159,131,76,0.000102017172457496,0.0701594561540619,0.53480175910871,7,1,"UDP-3-O-[3-hydroxymyristoyl] N-acetylglucosamine deacetylase activity","MF"
"s__Clostridium_sp._D43t1_170807_H7","GO:0006401",0.165572476919435,-0.40306905370844,115,69,0.00014078092895363,0.0713457356520512,0.568641530627875,6,1,"RNA catabolic process","BP"
"s__Suilimivivens_aceti","GO:0009247",0.00822175414696987,0.434237464031322,148,86,0.00096317361988863,0.0935868372687445,0.426015709884352,13,1,"glycolipid biosynthetic process","BP"
"s__Adlercreutzia_equolifaciens","GO:0008616",0.0822975617496165,-0.383876597952734,147,86,0.000438229273389331,0.0838182743046852,0.46617415970235,21,1,"queuosine biosynthetic process","BP"
"s__Bacteroides_xylanisolvens","GO:0006979",0.266168314444176,0.677044790652386,144,79,0.000119389153085178,0.0701594561540619,0.410876476208209,25,2,"response to oxidative stress","BP"
"s__Prevotella_sp._P5_64","GO:0006979",0.0964731471060585,0.604101161995899,78,56,0.000861847898376953,0.0921457481701598,0.50762801488984,40,2,"response to oxidative stress","BP"
"s__Roseburia_sp._CLA_AA_H204","GO:0009263",-0.281533314381929,0.165834067979234,140,82,0.00128833277921277,0.0990763118135079,0.447367382361163,1,1,"deoxyribonucleotide biosynthetic process","BP"
"s__Phascolarctobacterium_succinatutens","GO:0015556",0.0276824779498576,0.539369550637156,120,71,0.000176804556770451,0.0771573943293501,0.511687072687299,38,3,"C4-dicarboxylate transmembrane transporter activity","MF"
"s__Senegalimassilia_faecalis","GO:0015556",-0.0425456800725156,-0.490404533906586,136,85,0.000467275694846729,0.0838182743046852,0.44785885383407,7,3,"C4-dicarboxylate transmembrane transporter activity","MF"
"s__Phascolarctobacterium_sp._Marseille_Q4147","GO:0015556",0.119131112409897,0.554359490274983,117,71,0.00106405384694291,0.0945515389416827,0.435228377865086,21,3,"C4-dicarboxylate transmembrane transporter activity","MF"
"s__Phascolarctobacterium_succinatutens","GO:0015740",0.0276824779498576,0.539369550637156,120,71,0.000176804556770451,0.0771573943293501,0.511687072687299,38,3,"C4-dicarboxylate transport","BP"
"s__Senegalimassilia_faecalis","GO:0015740",-0.0425456800725156,-0.490404533906586,136,85,0.000467275694846729,0.0838182743046852,0.44785885383407,7,3,"C4-dicarboxylate transport","BP"
"s__Phascolarctobacterium_sp._Marseille_Q4147","GO:0015740",0.119131112409897,0.554359490274983,117,71,0.00106405384694291,0.0945515389416827,0.435228377865086,21,3,"C4-dicarboxylate transport","BP"
"s__Bacteroides_thetaiotaomicron","GO:0006576",-0.186000649797127,-0.607723577235772,147,81,0.000256451682416289,0.0798059145880131,0.421722927438645,15,2,"cellular biogenic amine metabolic process","BP"
"s__Prevotella_sp._P5_64","GO:0006576",-0.00610781623439851,-0.556732740943267,78,56,0.000585819309047819,0.0878267606722709,0.550624924708869,40,2,"cellular biogenic amine metabolic process","BP"
"s__Phocaeicola_vulgatus","GO:0015668",-0.110858564358085,0.380744374734657,148,86,0.000213378270338036,0.0772956595505867,0.491602939092742,6,3,"Type III site-specific deoxyribonuclease activity","MF"
"s__Collinsella_sp._TF05_9AC","GO:0015668",0.136975750094368,-0.409470229723394,133,80,7.44142475643184e-05,0.0701594561540619,0.546445979817762,25,3,"Type III site-specific deoxyribonuclease activity","MF"
"s__Bacteroides_xylanisolvens","GO:0015668",-0.0347962382445141,0.524756572541383,144,79,1.58744178143332e-05,0.0566379455904697,0.559552810785897,25,3,"Type III site-specific deoxyribonuclease activity","MF"
"s__Prevotella_hominis","GO:0004721",-0.0846516554481156,0.40841854781658,112,72,0.000809226928373955,0.0904311092457895,0.493070203264695,9,3,"phosphoprotein phosphatase activity","MF"
"s__Faecalibacterium_sp._HTFF","GO:0004721",0.0773807364411391,0.507308970099668,149,85,0.000521302047629939,0.0854158017121955,0.429928233658529,5,3,"phosphoprotein phosphatase activity","MF"
"s__Blautia_ammoniilytica","GO:0004721",0.14189837008629,-0.364120949101373,148,86,0.000149719371843777,0.0737042666509963,0.506019319187662,8,3,"phosphoprotein phosphatase activity","MF"
"s__Vescimonas_fastidiosa","GO:0016755",0.0786030061892131,-0.381442520873626,144,86,0.000550315423916565,0.0864449485356485,0.460045527062839,25,2,"transferase activity, transferring amino-acyl groups","MF"
"s__Intestinimonas_sp._MSJ_38","GO:0016755",0.046781615274766,-0.396990424076607,147,86,0.000752491348311322,0.0891344997407774,0.443772039351373,12,2,"transferase activity, transferring amino-acyl groups","MF"
"s__Vescimonas_fastidiosa","GO:0044038",0.0788521823004582,-0.381442520873626,144,86,0.000546640658840517,0.0862746630349643,0.460294703174084,25,2,"cell wall macromolecule biosynthetic process","BP"
"s__Intestinimonas_sp._MSJ_38","GO:0044038",0.0470611791551126,-0.396990424076607,147,86,0.000746977793237203,0.0891344997407774,0.44405160323172,12,2,"cell wall macromolecule biosynthetic process","BP"
"s__Suilimivivens_aceti","GO:0047343",0.0689501993432962,0.507825840841549,148,86,0.000392074863896336,0.0838182743046852,0.438875641498253,13,1,"glucose-1-phosphate cytidylyltransferase activity","MF"
"s__Prevotella_sp._P5_64","GO:0070009",0.176192228823808,0.644634313055366,77,56,0.00118882005112227,0.0964755634865582,0.468442084231558,40,1,"serine-type aminopeptidase activity","MF"
"s__Yeguia_hominis","GO:0019538",-0.000279563880346659,-0.493202509552337,146,86,9.92812429983344e-05,0.0701594561540619,0.492922945671991,6,1,"protein metabolic process","BP"
"s__Dorea_sp._AF36_15AT","GO:0005615",-0.205895527084405,-0.6328237319024,148,84,0.000117906564177238,0.0701594561540619,0.426928204817994,24,1,"extracellular space","CC"
"s__Brotomerdimonas_butyrica","GO:0016817",-0.19160703896516,-0.567949970685949,147,85,0.00120987425993882,0.0968524703542127,0.376342931720788,3,1,"hydrolase activity, acting on acid anhydrides","MF"
"s__Bacteroides_fragilis","GO:0015667",-0.0239397787048794,0.467692619216361,149,84,0.000137760151780357,0.0713457356520512,0.491632397921241,2,1,"site-specific DNA-methyltransferase (cytosine-N4-specific) activity","MF"
"s__Bacteroides_fragilis","GO:0090124",-0.0239397787048794,0.467692619216361,149,84,0.000137760151780357,0.0713457356520512,0.491632397921241,2,1,"N-4 methylation of cytosine","BP"
"s__Faecalibacterium_prausnitzii","GO:0004348",0.460627607473245,0.0341619887730553,149,86,0.000765505065113053,0.0891344997407774,0.42646561870019,3,2,"glucosylceramidase activity","MF"
"s__Prevotella_sp._Marseille_P4119","GO:0004348",0.162144612144612,0.590869183494293,111,68,0.00111480396822605,0.0949568926561188,0.428724571349681,31,2,"glucosylceramidase activity","MF"
"s__Faecalibacterium_prausnitzii","GO:0006665",0.460627607473245,0.0341619887730553,149,86,0.000765505065113053,0.0891344997407774,0.42646561870019,3,2,"sphingolipid metabolic process","BP"
"s__Prevotella_sp._Marseille_P4119","GO:0006665",0.162144612144612,0.590869183494293,111,68,0.00111480396822605,0.0949568926561188,0.428724571349681,31,2,"sphingolipid metabolic process","BP"
"s__Mogibacterium_kristiansenii","GO:0008986",0.340434852503818,-0.100577098309203,144,84,0.00113693481981827,0.0949568926561188,0.441011950813021,4,2,"pyruvate, water dikinase activity","MF"
"s__Blautia_sp._Marseille_P3087","GO:0008986",0.0525202306024224,-0.396065852162838,147,86,0.000665568841873679,0.0891344997407774,0.44858608276526,3,2,"pyruvate, water dikinase activity","MF"
"s__Dorea_sp._AF36_15AT","GO:0004867",-0.278588271876862,-0.663035334615774,148,84,0.000243069204768398,0.0785880497339302,0.384447062738912,24,1,"serine-type endopeptidase inhibitor activity","MF"
"s__Blautia_faecis","GO:0034228",-0.0823580627607473,0.39034860134912,149,86,0.000343157508164203,0.0829800091921737,0.472706664109868,17,1,"ethanolamine transmembrane transporter activity","MF"
"s__Blautia_faecis","GO:0034229",-0.0823580627607473,0.39034860134912,149,86,0.000343157508164203,0.0829800091921737,0.472706664109868,17,1,"ethanolamine transport","BP"
"s__Blautia_schinkii","GO:0043419",0.154431344095774,0.539827350346714,149,86,0.00118968903742891,0.0964755634865582,0.385396006250941,3,1,"urea catabolic process","BP"
"s__Oscillibacter_sp._ER4","GO:0003998",-0.376968193985199,-0.691211849615548,145,86,0.00109812739618396,0.0945808635358021,0.314243655630349,31,1,"acylphosphatase activity","MF"
"s__Faecalibacillus_intestinalis","GO:0009009",0.356763999884318,-0.0765487590384991,146,85,0.00121428210526156,0.0968972251091948,0.433312758922818,5,1,"site-specific recombinase activity","MF"
"s__Blautia_sp._MSJ_19","GO:0015234",-0.0661812339664689,0.396009245719138,148,86,0.000454088445022798,0.0838182743046852,0.462190479685607,7,1,"thiamine transmembrane transporter activity","MF"
"s__Clostridium_sp._D43t1_170807_H7","GO:0000041",0.308237986270023,-0.251297040555353,115,69,0.000226600242132763,0.0772956595505867,0.559535026825375,6,1,"transition metal ion transport","BP"
"s__Prevotella_sp._Marseille_P4119","GO:0009347",0.283002808002808,0.668778867809291,111,68,0.00106232272696698,0.0945515389416827,0.385776059806483,31,1,"aspartate carbamoyltransferase complex","CC"
"s__Phascolarctobacterium_succinatutens","GO:0003999",-0.117341823601138,-0.554661301140174,121,71,0.000937802783390697,0.0933158992068922,0.437319477539036,38,1,"adenine phosphoribosyltransferase activity","MF"
"s__Phascolarctobacterium_succinatutens","GO:0006168",-0.117341823601138,-0.554661301140174,121,71,0.000937802783390697,0.0933158992068922,0.437319477539036,38,1,"adenine salvage","BP"
"s__Klebsiella_pneumoniae","GO:0006801",0.0231344095773626,0.467469879518072,149,84,0.000517714076753491,0.0854158017121955,0.44433546994071,2,1,"superoxide metabolic process","BP"
"s__Senegalimassilia_anaerobia","GO:0009421",-0.120280977637885,-0.549199508059338,142,82,0.000462061882479211,0.0838182743046852,0.428918530421453,7,1,"bacterial-type flagellum filament cap","CC"
"s__Holdemanella_porci","GO:0004197",0.011418094974988,-0.428915662650602,138,84,0.000883151250678798,0.0930704473875949,0.44033375762559,3,3,"cysteine-type endopeptidase activity","MF"
"s__Collinsella_sp._TF05_9AC","GO:0004197",-0.0761571499984697,-0.503187998124707,133,80,0.000971298881605259,0.0935868372687445,0.427030848126237,25,3,"cysteine-type endopeptidase activity","MF"
"s__Oscillibacter_sp._MCC667","GO:0004197",0.0639860515220055,0.520207152628493,148,85,0.000225441610288209,0.0772956595505867,0.456221101106488,6,3,"cysteine-type endopeptidase activity","MF"
"s__Bacteroides_thetaiotaomicron","GO:0033925",-0.0389856072807219,0.532925812725757,118,60,0.000104353407108979,0.0701594561540619,0.571911420006479,15,2,"mannosyl-glycoprotein endo-beta-N-acetylglucosaminidase activity","MF"
"s__Phocaeicola_massiliensis","GO:0033925",-0.0714242319920617,0.434010727506233,114,62,0.000949470451279441,0.0935868372687445,0.505434959498294,1,2,"mannosyl-glycoprotein endo-beta-N-acetylglucosaminidase activity","MF"
"s__Ruminococcus_flavefaciens","GO:0022872",-0.213148569312953,-0.597943299212227,147,86,0.000636955949809808,0.0888826995760413,0.384794729899274,10,6,"protein-N(PI)-phosphohistidine-mannitol phosphotransferase system transmembrane transporter activity","MF"
"s__Oscillibacter_valericigenes","GO:0022872",-0.286740431706875,-0.657700834945045,149,86,0.000356206491500285,0.0832435822926086,0.37096040323817,5,6,"protein-N(PI)-phosphohistidine-mannitol phosphotransferase system transmembrane transporter activity","MF"
"s__Oscillibacter_sp._MSJ_31","GO:0022872",-0.230379526857022,-0.623451240961501,147,85,0.000364700686368767,0.0838182743046852,0.393071714104479,11,6,"protein-N(PI)-phosphohistidine-mannitol phosphotransferase system transmembrane transporter activity","MF"
"s__Pseudoflavonifractor_sp._MSJ_30","GO:0022872",-0.181330213928488,-0.563847351290155,148,86,0.00101323905078947,0.0942794003147865,0.382517137361667,2,6,"protein-N(PI)-phosphohistidine-mannitol phosphotransferase system transmembrane transporter activity","MF"
"s__Yeguia_hominis","GO:0022872",-0.139143763315435,-0.613094957309307,146,86,3.53854998952464e-05,0.0661012123312639,0.473951193993872,6,6,"protein-N(PI)-phosphohistidine-mannitol phosphotransferase system transmembrane transporter activity","MF"
"s__Phocea_massiliensis","GO:0022872",-0.0375824524552509,-0.489145714420492,147,86,0.000332186178481301,0.0821292155639086,0.451563261965241,18,6,"protein-N(PI)-phosphohistidine-mannitol phosphotransferase system transmembrane transporter activity","MF"
"s__Catenibacterium_mitsuokai","GO:0043743",0.348922844288461,-0.16873766844381,137,83,0.000165056975751254,0.0748989044502578,0.517660512732271,12,2,"LPPG:FO 2-phospho-L-lactate transferase activity","MF"
"s__Gallintestinimicrobium_propionicum","GO:0043743",-0.44592558590641,-0.00846266333317609,148,86,0.000644095015500128,0.0888826995760413,0.437462922573234,2,2,"LPPG:FO 2-phospho-L-lactate transferase activity","MF"
"s__Dorea_sp._AF36_15AT","GO:0071709",-0.152492439761974,-0.63145831510804,135,70,9.3255702374943e-05,0.0701594561540619,0.478965875346065,24,2,"membrane assembly","BP"
"s__Dorea_ammoniilytica","GO:0071709",-0.181801775436543,-0.617881200244948,135,70,0.000371677700627428,0.0838182743046852,0.436079424808405,15,2,"membrane assembly","BP"
"s__Blautia_obeum","GO:0042732",0.0436277888626882,-0.452276050757111,149,86,0.000121124676856037,0.0701594561540619,0.495903839619799,26,3,"D-xylose metabolic process","BP"
"s__Blautia_glucerasea","GO:0042732",-0.0140794485760929,-0.485390820321713,149,86,0.000189454042775999,0.0772956595505867,0.47131137174562,4,3,"D-xylose metabolic process","BP"
"s__Prevotella_stercorea","GO:0042732",-0.0239713774597496,0.458436300541564,130,77,0.000416067497701958,0.0838182743046852,0.482407678001313,9,3,"D-xylose metabolic process","BP"
"s__Blautia_obeum","GO:0048040",0.0436277888626882,-0.452276050757111,149,86,0.000121124676856037,0.0701594561540619,0.495903839619799,26,3,"UDP-glucuronate decarboxylase activity","MF"
"s__Blautia_glucerasea","GO:0048040",-0.0140794485760929,-0.485390820321713,149,86,0.000189454042775999,0.0772956595505867,0.47131137174562,4,3,"UDP-glucuronate decarboxylase activity","MF"
"s__Prevotella_stercorea","GO:0048040",-0.0239713774597496,0.458436300541564,130,77,0.000416067497701958,0.0838182743046852,0.482407678001313,9,3,"UDP-glucuronate decarboxylase activity","MF"
"s__Senegalimassilia_faecalis","GO:0008984",0.0398006235182108,-0.420663956639566,137,81,0.000651378368995229,0.0888826995760413,0.460464580157777,7,1,"protein-glutamate methylesterase activity","MF"
"s__Klebsiella_pneumoniae","GO:0004784",0.0416034826773082,0.504837779301488,149,82,0.000252326535341443,0.0795132013811968,0.46323429662418,2,1,"superoxide dismutase activity","MF"
"s__Phascolarctobacterium_succinatutens","GO:0047200",0.0730321094702615,-0.488464118041583,121,71,7.39357912022525e-05,0.0701594561540619,0.561496227511844,38,1,"tetrahydrodipicolinate N-acetyltransferase activity","MF"
"s__Roseburia_inulinivorans","GO:0033920",0.00644639303754565,-0.437136782423813,140,84,0.000749059337527009,0.0891344997407774,0.443583175461359,15,1,"6-phospho-beta-galactosidase activity","MF"
"s__Bacteroides_caccae","GO:0000270",0.259997045208313,0.624730426629161,143,80,0.00108527874245798,0.0945515389416827,0.364733381420848,4,1,"peptidoglycan metabolic process","BP"
"s__Bacteroides_caccae","GO:0008933",0.259997045208313,0.624730426629161,143,80,0.00108527874245798,0.0945515389416827,0.364733381420848,4,1,"lytic transglycosylase activity","MF"
"s__Clostridium_sp._D43t1_170807_H7","GO:0033743",0.380533417501775,-0.1120935330654,115,69,0.000996784900501846,0.0940549590865733,0.492626950567176,6,1,"peptide-methionine (R)-S-oxide reductase activity","MF"
"s__Bacteroides_xylanisolvens","GO:0009279",0.172794212080997,0.75543872639763,141,74,3.36364888361962e-08,0.00224029106595718,0.582644514316634,25,1,"cell outer membrane","CC"
"s__Prevotella_hominis","GO:0008107",-0.130394300748283,0.38163225930928,112,72,0.000573089325729873,0.0878267606722709,0.512026560057563,9,1,"galactoside 2-alpha-L-fucosyltransferase activity","MF"
"s__Simiaoa_sunii","GO:0004730",0.00536184242237282,0.443853820598007,146,85,0.000709162018776973,0.0891344997407774,0.438491978175634,20,1,"pseudouridylate synthase activity","MF"
"s__Fusicatenibacter_saccharivorans","GO:0005618",-0.309896951481322,0.18765928906774,137,71,0.000647347867387898,0.0888826995760413,0.497556240549062,5,1,"cell wall","CC"
"s__Anaerostipes_hadrus","GO:1900723",-0.0278142572102304,-0.465804990801453,149,86,0.00056109071270518,0.087310736148323,0.437990733591223,6,1,"negative regulation of protein adenylylation","BP"
"s__Oscillibacter_sp._ER4","GO:0046857",0.0330184222957015,0.4704278503703,145,86,0.000587369493402198,0.0878267606722709,0.437409428074599,31,4,"oxidoreductase activity, acting on other nitrogenous compounds as donors, with NAD or NADP as acceptor","MF"
"s__Vescimonas_fastidiosa","GO:0046857",-0.0571778795916727,0.428973064767206,144,86,0.000207967902187562,0.0772956595505867,0.486150944358879,25,4,"oxidoreductase activity, acting on other nitrogenous compounds as donors, with NAD or NADP as acceptor","MF"
"s__Adlercreutzia_equolifaciens","GO:0046857",0.0433890698078565,-0.392405302136893,147,86,0.000946697528263243,0.0935868372687445,0.43579437194475,21,4,"oxidoreductase activity, acting on other nitrogenous compounds as donors, with NAD or NADP as acceptor","MF"
"s__Ruminococcus_sp._210702_SL_1_03","GO:0046857",-0.0159345815273247,0.430880315687838,139,83,0.000763509262543371,0.0891344997407774,0.446814897215163,10,4,"oxidoreductase activity, acting on other nitrogenous compounds as donors, with NAD or NADP as acceptor","MF"
"s__Collinsella_sp._TF05_9AC","GO:0004602",-0.107038287713857,-0.530975353760164,133,78,0.000909047399378672,0.0933158992068922,0.423937066046307,25,3,"glutathione peroxidase activity","MF"
"s__Brotomerdimonas_butyrica","GO:0004602",0.0444582127556687,-0.398220057932077,147,83,0.000888978840083162,0.0933158992068922,0.442678270687746,3,3,"glutathione peroxidase activity","MF"
"s__Bacteroides_xylanisolvens","GO:0004602",0.166160276505104,0.603580629896419,144,77,0.000237067197069528,0.0782152377144796,0.437420353391315,25,3,"glutathione peroxidase activity","MF"
"s__Mogibacterium_kristiansenii","GO:0015233",0.145504644937805,0.550268300091121,145,84,0.000748338911848433,0.0891344997407774,0.404763655153316,4,3,"pantothenate transmembrane transporter activity","MF"
"s__Senegalimassilia_anaerobia","GO:0015233",0.0931677517884414,0.50500293140512,144,85,0.000928377100629397,0.0933158992068922,0.411835179616679,7,3,"pantothenate transmembrane transporter activity","MF"
"s__Collinsella_sp._TF05_9AC","GO:0015233",-0.0582222176880464,0.396085325832161,133,80,0.000966659800562626,0.0935868372687445,0.454307543520208,25,3,"pantothenate transmembrane transporter activity","MF"
"s__Mogibacterium_kristiansenii","GO:0015887",0.145504644937805,0.550268300091121,145,84,0.000748338911848433,0.0891344997407774,0.404763655153316,4,3,"pantothenate transmembrane transport","BP"
"s__Senegalimassilia_anaerobia","GO:0015887",0.0931677517884414,0.50500293140512,144,85,0.000928377100629397,0.0933158992068922,0.411835179616679,7,3,"pantothenate transmembrane transport","BP"
"s__Collinsella_sp._TF05_9AC","GO:0015887",-0.0582222176880464,0.396085325832161,133,80,0.000966659800562626,0.0935868372687445,0.454307543520208,25,3,"pantothenate transmembrane transport","BP"
"s__Bacteroides_thetaiotaomicron","GO:0008821",0.287266998617292,0.651016260162602,147,81,0.000667024961394179,0.0891344997407774,0.363749261545309,15,1,"crossover junction endodeoxyribonuclease activity","MF"
"s__Phascolarctobacterium_succinatutens","GO:0004014",-0.0128031432055277,0.452380952380952,121,71,0.00109188915178902,0.0945515389416827,0.46518409558648,38,2,"adenosylmethionine decarboxylase activity","MF"
"s__Phascolarctobacterium_sp._Marseille_Q4147","GO:0004014",0.0299942662853929,0.51307847082495,118,71,0.000489266581112387,0.0839861394377018,0.483084204539557,21,2,"adenosylmethionine decarboxylase activity","MF"
"s__Simiaoa_sunii","GO:0019556",0.165443711218359,0.557579913148529,143,82,0.00109360436714156,0.0945515389416827,0.39213620193017,20,1,"histidine catabolic process to glutamate and formamide","BP"
"s__Oscillibacter_sp._ER4","GO:0015661",0.236632026452527,0.624737015896976,145,86,0.000404925839877465,0.0838182743046852,0.388104989444449,31,3,"L-lysine efflux transmembrane transporter activity","MF"
"s__Vescimonas_fastidiosa","GO:0015661",0.144260911502291,0.571753384593613,144,86,0.000285135798238831,0.0803975280395065,0.427492473091322,25,3,"L-lysine efflux transmembrane transporter activity","MF"
"s__Prevotella_sp._P5_64","GO:0015661",0.249282363206414,0.703349282296651,78,56,0.000616452884083963,0.0888826995760413,0.454066919090237,40,3,"L-lysine efflux transmembrane transporter activity","MF"
"s__Oscillibacter_sp._ER4","GO:1903401",0.236632026452527,0.624737015896976,145,86,0.000404925839877465,0.0838182743046852,0.388104989444449,31,3,"L-lysine transmembrane transport","BP"
"s__Vescimonas_fastidiosa","GO:1903401",0.144260911502291,0.571753384593613,144,86,0.000285135798238831,0.0803975280395065,0.427492473091322,25,3,"L-lysine transmembrane transport","BP"
"s__Prevotella_sp._P5_64","GO:1903401",0.249282363206414,0.703349282296651,78,56,0.000616452884083963,0.0888826995760413,0.454066919090237,40,3,"L-lysine transmembrane transport","BP"
"s__Anaerobutyricum_soehngenii","GO:0016539",-0.138185757904068,0.478275471222871,142,83,2.90468489412876e-06,0.0490594728891098,0.616461229126938,4,3,"intein-mediated protein splicing","BP"
"s__Faecalibacterium_sp._CLA_AA_H233","GO:0016539",0.279349359061676,-0.221580087286817,142,82,0.000295563259793947,0.0804737967828592,0.500929446348492,10,3,"intein-mediated protein splicing","BP"
"s__Faecalibacterium_sp._I3389","GO:0016539",0.273389481360713,-0.182224834296536,142,82,0.0010234374792065,0.0942794003147865,0.455614315657249,5,3,"intein-mediated protein splicing","BP"
"s__Eggerthella_lenta","GO:0051191",0.0242082350807183,-0.407028633426105,149,86,0.000963433988048849,0.0935868372687445,0.431236868506823,13,2,"prosthetic group biosynthetic process","BP"
"s__Collinsella_sp._TF05_9AC","GO:0051191",-0.0946888931963559,-0.514486638537272,133,80,0.0010569714821321,0.0945515389416827,0.419797745340916,25,2,"prosthetic group biosynthetic process","BP"
"s__Escherichia_coli","GO:0004336",-0.124502459749553,0.40001749628204,129,70,0.000309340492041789,0.0804737967828592,0.524519956031593,7,1,"galactosylceramidase activity","MF"
"s__Escherichia_coli","GO:0006683",-0.124502459749553,0.40001749628204,129,70,0.000309340492041789,0.0804737967828592,0.524519956031593,7,1,"galactosylceramide catabolic process","BP"
"s__Phascolarctobacterium_succinatutens","GO:0015649",0.0239262972496952,-0.512642521797451,121,71,0.000117140717319733,0.0701594561540619,0.536568819047147,38,1,"2-keto-3-deoxygluconate:proton symporter activity","MF"
"s__Phascolarctobacterium_succinatutens","GO:0046411",0.0239262972496952,-0.512642521797451,121,71,0.000117140717319733,0.0701594561540619,0.536568819047147,38,1,"2-keto-3-deoxygluconate transmembrane transport","BP"
"s__Fusicatenibacter_saccharivorans","GO:0042626",-0.411224378741157,0.0112363790744846,149,86,0.00115128676277944,0.0949568926561188,0.422460757815642,5,1,"ATPase activity, coupled to transmembrane movement of substances","MF"
"s__Prevotella_sp._P5_64","GO:0005337",0.19381883938846,0.661244019138756,78,56,0.000933027643677175,0.0933158992068922,0.467425179750296,40,1,"nucleoside transmembrane transporter activity","MF"
"s__Ruminococcus_sp._210702_SL_1_03","GO:0004629",0.320078475160838,-0.211251758087201,132,80,0.000159925827073171,0.0748989044502578,0.531330233248039,10,1,"phospholipase C activity","MF"
"s__Prevotella_copri","GO:0009226",0.118445864426471,0.520339196507283,139,83,0.00123949675562714,0.0978271996074365,0.401893332080812,7,2,"nucleotide-sugar biosynthetic process","BP"
"s__Prevotella_hominis","GO:0009226",0.16926060067653,0.586854460093897,112,72,0.00119165435870188,0.0964755634865582,0.417593859417367,9,2,"nucleotide-sugar biosynthetic process","BP"
"s__Absicoccus_porci","GO:0004113",0.520120832883806,-0.0325991525747223,92,68,0.000203782642420104,0.0772956595505867,0.552719985458529,4,1,"2',3'-cyclic-nucleotide 3'-phosphodiesterase activity","MF"
"s__Absicoccus_porci","GO:0008664",0.520120832883806,-0.0325991525747223,92,68,0.000203782642420104,0.0772956595505867,0.552719985458529,4,1,"2'-5'-RNA ligase activity","MF"
"s__Mediterraneibacter_glycyrrhizinilyticus","GO:0005960",-0.08607291855614,0.359177319684891,149,86,0.000822982646706868,0.0906001871382107,0.445250238241031,6,1,"glycine cleavage complex","CC"
"s__Mediterraneibacter_glycyrrhizinilyticus","GO:0019464",-0.08607291855614,0.359177319684891,149,86,0.000822982646706868,0.0906001871382107,0.445250238241031,6,1,"glycine decarboxylation via glycine cleavage system","BP"
"s__Gemmiger_formicilis","GO:0043213",-0.0948005072675837,0.43455227379278,135,80,0.00010122297887822,0.0701594561540619,0.529352781060364,2,1,"bacteriocin transport","BP"
"s__Eubacterium_ramulus","GO:0015627",-0.166617086885543,0.349139110335393,149,86,0.000115414991287238,0.0701594561540619,0.515756197220936,7,1,"type II protein secretion system complex","CC"
"s__Eubacterium_ramulus","GO:0015628",-0.16645020859786,0.348422095381858,149,86,0.000118836527639609,0.0701594561540619,0.514872303979717,7,1,"protein secretion by the type II secretion system","BP"
"s__Eggerthella_lenta","GO:0042398",0.061233448213314,0.493900655691306,149,86,0.000517882199425017,0.0854158017121955,0.432667207477992,13,1,"cellular modified amino acid biosynthetic process","BP"
"s__Oscillibacter_sp._ER4","GO:0033739",-0.0548338844276492,0.422652011887353,145,86,0.000271135343872525,0.0803975280395065,0.477485896315002,31,6,"preQ1 synthase activity","MF"
"s__Vescimonas_fastidiosa","GO:0033739",-0.129105377381239,0.375479975470541,144,86,0.000161450099136963,0.0748989044502578,0.50458535285178,25,6,"preQ1 synthase activity","MF"
"s__Simiaoa_sunii","GO:0033739",0.134123181629761,0.53077975376197,146,85,0.00105824109425507,0.0945515389416827,0.396656572132209,20,6,"preQ1 synthase activity","MF"
"s__Adlercreutzia_equolifaciens","GO:0033739",0.102792616491247,-0.441615170526912,147,86,3.06942812533987e-05,0.0610440045602667,0.544407787018158,21,6,"preQ1 synthase activity","MF"
"s__Ruminococcus_sp._210702_SL_1_03","GO:0033739",-0.0743911702935788,0.41862222408799,139,83,0.000238393064216918,0.0782152377144796,0.493013394381568,10,6,"preQ1 synthase activity","MF"
"s__Intestinimonas_sp._MSJ_38","GO:0033739",-0.0578546116706586,0.381612340204727,147,86,0.000902983905567294,0.0933158992068922,0.439466951875385,12,6,"preQ1 synthase activity","MF"
"s__Bacteroides_ovatus","GO:0006811",0.442225633758463,-0.0331548198636806,145,79,0.000366505387285986,0.0838182743046852,0.475380453622144,10,1,"ion transport","BP"
"s__Suilimivivens_aceti","GO:0009243",0.0750100874741335,0.504127553186471,148,86,0.0005296453367304,0.0854158017121955,0.429117465712338,13,1,"O antigen biosynthetic process","BP"
"s__Gemmiger_formicilis","GO:0043214",-0.103920122887865,0.383179162609542,125,79,0.000545905769794289,0.0862746630349643,0.487099285497407,2,1,"bacteriocin-transporting ATPase activity","MF"
"s__Ruminococcus_flavefaciens","GO:0009298",-0.063005986523093,-0.474862021793481,146,86,0.00109109314431077,0.0945515389416827,0.411856035270388,10,1,"GDP-mannose biosynthetic process","BP"
"s__Collinsella_sp._TF05_9AC","GO:0019645",0.170897052672387,0.58314580403188,133,80,0.000629809300154926,0.0888826995760413,0.412248751359493,25,1,"anaerobic electron transport chain","BP"
"s__Phocea_massiliensis","GO:0045454",0.275597929299259,-0.19577877662693,146,85,0.000542322236423229,0.0862746630349643,0.471376705926189,18,1,"cell redox homeostasis","BP"
"s__Fusicatenibacter_saccharivorans","GO:0009375",-0.336132105180287,0.150375058602907,145,80,0.000420601143205088,0.0838182743046852,0.486507163783193,5,1,"ferredoxin hydrogenase complex","CC"
"s__Bacteroides_xylanisolvens","GO:0008914",0.308407288767526,0.693496377040681,138,78,0.000217747253856924,0.0772956595505867,0.385089088273155,25,1,"leucyltransferase activity","MF"
"s__Clostridium_sp._D43t1_170807_H7","GO:0004298",0.307505489387185,-0.219875776397516,113,69,0.000545315352661308,0.0862746630349643,0.5273812657847,6,1,"threonine-type endopeptidase activity","MF"
"s__Faecalibacterium_sp._AF27_11BH","GO:0006725",-0.344686840253343,0.162620228814417,146,84,0.000177740394483597,0.0771573943293501,0.50730706906776,2,1,"cellular aromatic compound metabolic process","BP"
"s__Oscillibacter_valericigenes","GO:0004801",0.117625231910946,-0.477263198017915,99,54,0.0002619630077961,0.0803975280395065,0.594888429928861,5,1,"sedoheptulose-7-phosphate:D-glyceraldehyde-3-phosphate glyceronetransferase activity","MF"
"s__Clostridium_sp._D43t1_170807_H7","GO:0009431",0.525956815865073,0.0529953917050691,109,63,0.00104767834480045,0.0945515389416827,0.472961424160004,6,1,"bacterial-type flagellum basal body, MS ring","CC"
"s__Blautia_stercoris","GO:0015929",0.362149575955904,-0.0693145903108637,148,86,0.00115953342742674,0.0950734597260862,0.431464166266768,1,1,"hexosaminidase activity","MF"
"s__Blautia_faecis","GO:0050897",-0.415554515906629,0.00621727439973584,143,86,0.00125151925816371,0.0984119683016265,0.421771790306364,17,1,"cobalt ion binding","MF"
"s__Blautia_faecis","GO:0043822",-0.370669327045166,0.0999952827963583,149,86,0.000388686017831814,0.0838182743046852,0.470664609841524,17,1,"ribonuclease M5 activity","MF"
"s__Faecalibacterium_prausnitzii","GO:0019856",0.249682568474515,0.654191235435634,149,86,0.000135899711758836,0.0713457356520512,0.404508666961119,3,1,"pyrimidine nucleobase biosynthetic process","BP"
"s__Bacteroides_xylanisolvens","GO:0030570",0.0177555370215921,0.525715955581531,109,59,0.00066912380650364,0.0891344997407774,0.507960418559939,25,1,"pectate lyase activity","MF"
"s__Parolsenella_catena","GO:0045151",0.329873524776074,-0.151095305832148,116,75,0.00109069872172405,0.0945515389416827,0.480968830608221,2,1,"acetoin biosynthetic process","BP"
"s__Parolsenella_catena","GO:0047605",0.329873524776074,-0.151095305832148,116,75,0.00109069872172405,0.0945515389416827,0.480968830608221,2,1,"acetolactate decarboxylase activity","MF"
"s__Dorea_sp._AF36_15AT","GO:0019594",0.0486345817122423,-0.389614205952731,148,83,0.00102060138364575,0.0942794003147865,0.438248787664973,24,1,"mannitol metabolic process","BP"
"s__Faecalibacterium_sp._AF27_11BH","GO:0008198",-0.317933130699088,0.204882246757063,141,83,0.00014139959320257,0.0713457356520512,0.522815377456151,2,1,"ferrous iron binding","MF"
"s__Oscillibacter_sp._ER4","GO:0110001",0.266816249409542,0.627642813340252,145,86,0.000841347962134178,0.0913447153570583,0.36082656393071,31,1,"toxin-antitoxin complex","CC"
"s__Vescimonas_coprocola","GO:0015572",-0.0499336444197097,-0.501593999062353,141,80,0.00045785583271569,0.0838182743046852,0.451660354642644,7,4,"N-acetylglucosamine transmembrane transporter activity","MF"
"s__Vescimonas_fastidiosa","GO:0015572",-0.0357916254410365,-0.486029067041725,137,80,0.000579191900205786,0.0878267606722709,0.450237441600689,25,4,"N-acetylglucosamine transmembrane transporter activity","MF"
"s__Clostridium_sp._BIOML_A1","GO:0015572",0.0103287870266217,-0.468712273641851,127,71,0.000637197219298275,0.0888826995760413,0.479041060668473,4,4,"N-acetylglucosamine transmembrane transporter activity","MF"
"s__Yeguia_hominis","GO:0015572",0.0196925689262255,-0.460103141115799,139,80,0.000312024956267135,0.0804737967828592,0.479795710042025,6,4,"N-acetylglucosamine transmembrane transporter activity","MF"
"s__Vescimonas_coprocola","GO:0019866",-0.0499336444197097,-0.501593999062353,141,80,0.00045785583271569,0.0838182743046852,0.451660354642644,7,4,"organelle inner membrane","CC"
"s__Vescimonas_fastidiosa","GO:0019866",-0.0357916254410365,-0.486029067041725,137,80,0.000579191900205786,0.0878267606722709,0.450237441600689,25,4,"organelle inner membrane","CC"
"s__Clostridium_sp._BIOML_A1","GO:0019866",0.0103287870266217,-0.468712273641851,127,71,0.000637197219298275,0.0888826995760413,0.479041060668473,4,4,"organelle inner membrane","CC"
"s__Yeguia_hominis","GO:0019866",0.0196925689262255,-0.460103141115799,139,80,0.000312024956267135,0.0804737967828592,0.479795710042025,6,4,"organelle inner membrane","CC"
"s__Holdemanella_porci","GO:0004713",-0.0281755677477603,-0.492686261107314,120,76,0.000655212656966159,0.0888826995760413,0.464510693359553,3,1,"protein tyrosine kinase activity","MF"
"s__Bacteroides_xylanisolvens","GO:0008712",0.153929339477727,0.581656606304494,125,71,0.00082190632846331,0.0906001871382107,0.427727266826767,25,1,"ADP-glyceromanno-heptose 6-epimerase activity","MF"
"s__Adlercreutzia_equolifaciens","GO:0007154",0.0184060214594566,-0.458831163873726,131,68,0.000798251884651135,0.0899977292387695,0.477237185333183,21,3,"cell communication","BP"
"s__Bacteroides_thetaiotaomicron","GO:0007154",0.126995142262318,0.563374125874126,132,65,0.00105516400117704,0.0945515389416827,0.436378983611808,15,3,"cell communication","BP"
"s__Bacteroides_xylanisolvens","GO:0007154",0.123279773661453,0.555856643356643,131,65,0.00125879875197314,0.0985630673079499,0.43257686969519,25,3,"cell communication","BP"
"s__Alistipes_putredinis","GO:0006751",-0.307551487414188,0.250236176715754,115,60,0.000459162255911062,0.0838182743046852,0.557787664129942,5,1,"glutathione catabolic process","BP"
"s__Blautia_faecis","GO:0008612",-0.423270394401108,0.115137346580947,87,58,0.00115123006569362,0.0949568926561188,0.538407740982055,17,1,"peptidyl-lysine modification to peptidyl-hypusine","BP"
"s__Prevotella_copri","GO:0019634",0.087355794065316,-0.371894045944679,132,80,0.000960233455680376,0.0935868372687445,0.459249840009995,7,1,"organic phosphonate metabolic process","BP"
"s__Alistipes_putredinis","GO:0036374",-0.31949814566401,0.230841900527924,115,60,0.000541966567904603,0.0862746630349643,0.550340046191935,5,1,"glutathione hydrolase activity","MF"
"s__Clostridium_sp._1001271B_151109_B4","GO:0070395",0.334696384696385,-0.18437980030722,111,63,0.000961259283080907,0.0935868372687445,0.519076185003604,1,1,"lipoteichoic acid biosynthetic process","BP"
"s__Anaerotignum_faecicola","GO:0008909",0.274826718594854,-0.216340994229017,146,84,0.000327026025512558,0.0818831367564395,0.491167712823871,1,1,"isochorismate synthase activity","MF"
"s__Prevotella_sp._Marseille_P4119","GO:0009316",0.224425760205577,0.648415675632533,110,67,0.0006272011755831,0.0888826995760413,0.423989915426956,31,1,"3-isopropylmalate dehydratase complex","CC"
"s__Senegalimassilia_faecalis","GO:0003714",0.072040622024754,0.535489544655071,137,85,0.00019282580014206,0.0772956595505867,0.463448922630317,7,1,"transcription corepressor activity","MF"
"s__Faecalibacterium_sp._I3389","GO:0006047",-0.00272815786683119,0.434362660726941,146,84,0.000818659730020498,0.0906001871382107,0.437090818593773,5,1,"UDP-N-acetylglucosamine metabolic process","BP"
"s__Collinsella_sp._TF05_9AC","GO:0019136",-0.128148740503798,-0.55371266002845,123,75,0.000973536567086475,0.0935868372687445,0.425563919524651,25,1,"deoxynucleoside kinase activity","MF"
"s__Phascolarctobacterium_succinatutens","GO:0008194",-0.0757066462948816,0.412604496698095,120,68,0.000951472568972689,0.0935868372687445,0.488311142992977,38,1,"UDP-glycosyltransferase activity","MF"
"s__Bacteroides_xylanisolvens","GO:0038023",-0.101103294506593,0.460894660894661,116,55,0.000382538461606488,0.0838182743046852,0.561997955401254,25,1,"signaling receptor activity","MF"
"s__Holdemanella_biformis","GO:0008609",-0.0766875861013317,-0.550535540408958,140,79,0.000163980121167273,0.0748989044502578,0.473847954307626,3,3,"alkylglycerone-phosphate synthase activity","MF"
"s__Ruminococcus_flavefaciens","GO:0008609",0.419404780127266,0.741892502258356,140,81,0.000374731570856794,0.0838182743046852,0.32248772213109,10,3,"alkylglycerone-phosphate synthase activity","MF"
"s__Bacteroides_xylanisolvens","GO:0008609",-0.0633225679989546,0.456842105263158,137,75,0.000152318383403608,0.0740500824075219,0.520164673262112,25,3,"alkylglycerone-phosphate synthase activity","MF"
"s__Eubacterium_ramulus","GO:1901642",-0.30181138114197,0.267327148314512,146,83,2.98726543031233e-05,0.0610440045602667,0.569138529456483,7,1,"nucleoside transmembrane transport","BP"
"s__Dorea_sp._AF36_15AT","GO:0015150",-0.196450134168157,-0.64427224491354,129,68,0.000230948099193231,0.0772956595505867,0.447822110745382,24,1,"fucose transmembrane transporter activity","MF"
"s__Dorea_sp._AF36_15AT","GO:0015535",-0.196450134168157,-0.64427224491354,129,68,0.000230948099193231,0.0772956595505867,0.447822110745382,24,1,"fucose:proton symporter activity","MF"
"s__Dorea_sp._AF36_15AT","GO:0015756",-0.196450134168157,-0.64427224491354,129,68,0.000230948099193231,0.0772956595505867,0.447822110745382,24,1,"fucose transmembrane transport","BP"
"s__Blautia_faecis","GO:0000256",-0.417182333490789,0.0233124203971885,145,86,0.000744215101013898,0.0891344997407774,0.440494753887977,17,2,"allantoin catabolic process","BP"
"s__Alistipes_putredinis","GO:0000256",-0.456279636905568,0.0508352534562212,121,63,0.000642435702378998,0.0888826995760413,0.50711489036179,5,2,"allantoin catabolic process","BP"
"s__Blautia_faecis","GO:0071522",-0.397512202802708,0.07676777206472,145,86,0.0003329412819581,0.0821292155639086,0.474279974867428,17,1,"ureidoglycine aminohydrolase activity","MF"
"s__Oscillibacter_valericigenes","GO:0008195",0.150304064867172,-0.484848484848485,104,55,7.56106229319445e-05,0.0701594561540619,0.635152549715656,5,6,"phosphatidate phosphatase activity","MF"
"s__Vescimonas_fastidiosa","GO:0008195",0.124632463246325,-0.486363636363636,100,55,0.000150500431880478,0.0737042666509963,0.610996099609961,25,6,"phosphatidate phosphatase activity","MF"
"s__Ruminococcus_sp._Marseille_P6503","GO:0008195",0.113875447086051,-0.442912433478471,97,53,0.000825102986122572,0.0906837197767685,0.556787880564522,2,6,"phosphatidate phosphatase activity","MF"
"s__Oscillibacter_sp._MCC667","GO:0008195",0.135079483623173,-0.440692640692641,104,55,0.00039963154668929,0.0838182743046852,0.575772124315814,6,6,"phosphatidate phosphatase activity","MF"
"s__Oribacterium_sp._oral_taxon_102","GO:0008195",0.0559327761095066,-0.495788069372975,98,54,0.000612467656988574,0.0888826995760413,0.551720845482482,4,6,"phosphatidate phosphatase activity","MF"
"s__Qingrenia_yutianensis","GO:0008195",0.160940012368584,-0.449971412235563,99,54,0.00021156918445351,0.0772956595505867,0.610911424604147,2,6,"phosphatidate phosphatase activity","MF"
"s__Bacteroides_ovatus","GO:1990961",0.028550004590853,0.479883993582624,133,73,0.000925247175693452,0.0933158992068922,0.451333988991771,10,1,"drug transmembrane export","BP"
"s__Blautia_faecis","GO:0004038",-0.443965800004373,0.0476451045534493,140,85,0.000180011095584187,0.0771573943293501,0.491610904557823,17,1,"allantoinase activity","MF"
"s__Adlercreutzia_equolifaciens","GO:0008710",0.13535364870793,-0.366056910569106,133,81,0.000304419870862465,0.0804737967828592,0.501410559277036,21,1,"8-amino-7-oxononanoate synthase activity","MF"
"s__Blautia_schinkii","GO:0030255",0.151693975787473,-0.375579629442138,142,84,9.67222852463177e-05,0.0701594561540619,0.527273605229611,3,1,"protein secretion by the type IV secretion system","BP"
"s__Bacteroides_xylanisolvens","GO:0009276",0.331577407082236,0.705615146772531,135,68,0.000471928484666711,0.0838182743046852,0.374037739690295,25,1,"Gram-negative-bacterium-type cell wall","CC"
"s__Clostridium_sp._AM49_4BH","GO:0050182",0.0197908753742348,0.521829478191512,139,83,7.95767670280825e-05,0.0701594561540619,0.502038602817277,1,1,"phosphate butyryltransferase activity","MF"
"s__Catenibacterium_mitsuokai","GO:0098662",0.416063164925338,-0.0799185903505621,136,82,0.000244775496933692,0.0786544598857506,0.4959817552759,12,3,"inorganic cation transmembrane transport","BP"
"s__Holdemanella_porci","GO:0098662",-0.0353867334567763,-0.474864226553912,138,82,0.000737230874570878,0.0891344997407774,0.439477493097136,3,3,"inorganic cation transmembrane transport","BP"
"s__Paratractidigestivibacter_faecalis","GO:0098662",0.422232781753131,-0.0520794994479205,129,77,0.000631678547010031,0.0888826995760413,0.474312281201051,6,3,"inorganic cation transmembrane transport","BP"
"s__Phascolarctobacterium_faecium","GO:0004795",-0.0828316610925307,0.468597285067873,91,51,0.00108838078438374,0.0945515389416827,0.551428946160404,1,1,"threonine synthase activity","MF"
"s__Mediterraneibacter_butyricigenes","GO:0050334",0.102706330491565,-0.350693765878444,149,85,0.000716786603922863,0.0891344997407774,0.45340009637001,2,1,"thiaminase activity","MF"
"s__Alistipes_indistinctus","GO:0019062",-0.0635940967207918,0.542213883677298,88,40,0.000752972536310835,0.0891344997407774,0.60580798039809,2,1,"virion attachment to host cell","BP"
"s__Romboutsia_timonensis","GO:0030153",0.0953256223627252,-0.399886201991465,130,75,0.000468474128549705,0.0838182743046852,0.49521182435419,2,1,"bacteriocin immunity","BP"
"s__Bacteroides_ovatus","GO:0008955",0.164035689773507,0.707117688513037,94,44,0.000165309955320149,0.0748989044502578,0.54308199873953,10,1,"peptidoglycan glycosyltransferase activity","MF"
"s__Oscillibacter_sp._MSJ_31","GO:0015408",0.0357817666509211,0.455333529238907,145,83,0.00119446216237264,0.0964755634865582,0.419551762587986,11,1,"ferric-transporting ATPase activity","MF"
"s__Prevotella_sp._P5_64","GO:0008645",0.158031442241969,0.6503884572697,76,52,0.000933137421738816,0.0933158992068922,0.492357015027732,40,1,"hexose transmembrane transport","BP"
"s__Prevotella_sp._P5_64","GO:0015153",0.158031442241969,0.6503884572697,76,52,0.000933137421738816,0.0933158992068922,0.492357015027732,40,1,"rhamnose transmembrane transporter activity","MF"
"s__Blautia_faecis","GO:0004053",-0.438797039836246,-0.00206540447504303,145,84,0.000793415334658721,0.0899977292387695,0.436731635361203,17,1,"arginase activity","MF"
"s__Cyclospora_cayetanensis","GO:0004175",0.0751628801314242,0.537306903622693,137,76,0.000334921318261495,0.0823127843548721,0.462144023491269,2,2,"endopeptidase activity","MF"
"s__Dorea_sp._AF36_15AT","GO:0004175",0.0966318400839655,-0.453180303591262,136,74,7.46844113470321e-05,0.0701594561540619,0.549812143675228,24,2,"endopeptidase activity","MF"
"s__Mediterraneibacter_glycyrrhizinilyticus","GO:0033390",-0.0638285378743394,0.40264998159735,131,77,0.000836255179600503,0.091157289242115,0.466478519471689,6,1,"putrescine biosynthetic process from arginine via N-carbamoylputrescine","BP"
"s__Mediterraneibacter_glycyrrhizinilyticus","GO:0050231",-0.0638285378743394,0.40264998159735,131,77,0.000836255179600503,0.091157289242115,0.466478519471689,6,1,"putrescine carbamoyltransferase activity","MF"
"s__Ruminococcus_sp._NSJ_71","GO:0061077",0.0553530653854161,-0.441842527458966,122,73,0.000471914509633912,0.0838182743046852,0.497195592844382,1,1,"chaperone-mediated protein folding","BP"
"s__Collinsella_sp._TF05_9AC","GO:0001678",0.0231675924671454,-0.45264631265856,121,70,0.000901083822512644,0.0933158992068922,0.475813905125705,25,1,"cellular glucose homeostasis","BP"
"s__Collinsella_sp._TF05_9AC","GO:0004396",0.0231675924671454,-0.45264631265856,121,70,0.000901083822512644,0.0933158992068922,0.475813905125705,25,1,"hexokinase activity","MF"
"s__Anaerostipes_hadrus","GO:0045982",-0.362212318198234,0.108916502245917,143,83,0.000513453114597246,0.0854158017121955,0.471128820444151,6,1,"negative regulation of purine nucleobase metabolic process","BP"
"s__Clostridium_sp._1001270J_160509_D11","GO:0031012",0.392006628264815,-0.11132935458689,115,62,0.00114108391573132,0.0949568926561188,0.503335982851705,2,1,"extracellular matrix","CC"
"s__Absicoccus_porci","GO:0009072",-0.40271786845822,0.275609004008634,68,46,0.000343472411356836,0.0829800091921737,0.678326872466854,4,1,"aromatic amino acid family metabolic process","BP"
"s__Dorea_sp._AF36_15AT","GO:0009061",0.021589215553448,-0.492247846624062,121,60,0.000562381661601288,0.087310736148323,0.51383706217751,24,1,"anaerobic respiration","BP"
"s__Bifidobacterium_longum","GO:0042883",-0.0624491201069237,0.420105355575066,114,67,0.00123967623783728,0.0978271996074365,0.48255447568199,1,1,"cysteine transport","BP"
"s__Senegalimassilia_faecalis","GO:0030600",0.499907441688264,-0.156126482213439,73,45,0.000326448420841139,0.0818831367564395,0.656033923901702,7,6,"feruloyl esterase activity","MF"
"s__Bacteroides_ovatus","GO:0030600",-0.138072453861928,0.531752305665349,76,45,0.000183057149389631,0.0771655400050479,0.669824759527277,10,6,"feruloyl esterase activity","MF"
"s__Collinsella_sp._TF05_9AC","GO:0030600",0.0572434607645875,-0.574207188160677,71,44,0.000370227254244932,0.0838182743046852,0.631450648925264,25,6,"feruloyl esterase activity","MF"
"s__Brotomerdimonas_butyrica","GO:0030600",0.376240601503759,-0.37931488801054,76,45,4.71427546684803e-05,0.0701594561540619,0.7555554895143,3,6,"feruloyl esterase activity","MF"
"s__Bacteroides_thetaiotaomicron","GO:0030600",-0.244812030075188,0.530961791831357,76,45,1.6716445093042e-05,0.0566379455904697,0.775773821906545,15,6,"feruloyl esterase activity","MF"
"s__Bacteroides_xylanisolvens","GO:0030600",-0.163357041251778,0.62437417654809,75,45,4.70495088491249e-06,0.0490594728891098,0.787731217799868,25,6,"feruloyl esterase activity","MF"
"s__Slackia_isoflavoniconvertens","GO:0045127",0.378725411576018,-0.195688851955378,86,62,0.000497152765839169,0.084685078422471,0.574414263531395,1,1,"N-acetylglucosamine kinase activity","MF"
"s__Eggerthella_lenta","GO:0006601",0.152981957381015,0.587226173541963,134,75,0.000437871205487459,0.0838182743046852,0.434244216160948,13,1,"creatine biosynthetic process","BP"
"s__Eggerthella_lenta","GO:0006602",0.152981957381015,0.587226173541963,134,75,0.000437871205487459,0.0838182743046852,0.434244216160948,13,1,"creatinine catabolic process","BP"
"s__Eggerthella_lenta","GO:0047789",0.152981957381015,0.587226173541963,134,75,0.000437871205487459,0.0838182743046852,0.434244216160948,13,1,"creatininase activity","MF"
"s__Prevotella_copri","GO:0004726",0.0204784401949756,-0.453563056727614,126,80,0.00048866388466031,0.0839861394377018,0.474041496922589,7,1,"non-membrane spanning protein tyrosine phosphatase activity","MF"
"s__Alistipes_putredinis","GO:0046174",-0.0900675874228622,0.560627177700348,83,41,0.000276098283664844,0.0803975280395065,0.65069476512321,5,1,"polyol catabolic process","BP"
"s__Ruminococcus_sp._FMBCY1","GO:0016603",-0.039788089148703,0.620601173020528,69,32,0.000696191101539031,0.0891344997407774,0.660389262169231,3,2,"glutaminyl-peptide cyclotransferase activity","MF"
"s__Barnesiella_intestinihominis","GO:0016603",0.211264682296335,0.728919860627178,86,41,0.00032494850190871,0.0818831367564395,0.517655178330843,7,2,"glutaminyl-peptide cyclotransferase activity","MF"
"s__Ruminococcus_sp._FMBCY1","GO:0017186",-0.039788089148703,0.620601173020528,69,32,0.000696191101539031,0.0891344997407774,0.660389262169231,3,2,"peptidyl-pyroglutamic acid biosynthetic process, using glutaminyl-peptide cyclotransferase","BP"
"s__Barnesiella_intestinihominis","GO:0017186",0.211264682296335,0.728919860627178,86,41,0.00032494850190871,0.0818831367564395,0.517655178330843,7,2,"peptidyl-pyroglutamic acid biosynthetic process, using glutaminyl-peptide cyclotransferase","BP"
"s__Clostridium_sp._1001270J_160509_D11","GO:0030979",-0.153523386400099,0.581376518218623,73,39,7.74381374124397e-05,0.0701594561540619,0.734899904618722,2,1,"alpha-glucan biosynthetic process","BP"
"s__Cyclospora_cayetanensis","GO:0030178",0.00650018747656543,0.510501238803126,126,54,0.000916163556476892,0.0933158992068922,0.50400105132656,2,3,"negative regulation of Wnt signaling pathway","BP"
"s__Dorea_sp._AF36_15AT","GO:0030178",0.0207188940092166,-0.484248271151712,125,52,0.00128688615501436,0.0990763118135079,0.504967165160928,24,3,"negative regulation of Wnt signaling pathway","BP"
"s__Dorea_ammoniilytica","GO:0030178",0.00572043010752688,-0.523862375138735,125,52,0.000576609916155683,0.0878267606722709,0.529582805246262,15,3,"negative regulation of Wnt signaling pathway","BP"
"s__Phocaeicola_vulgatus","GO:0008816",-0.0113308310451671,0.522150789012274,106,59,0.000415718599135832,0.0838182743046852,0.533481620057441,6,2,"citryl-CoA lyase activity","MF"
"s__Bacteroides_uniformis","GO:0008816",-0.10611652498445,0.430803777415485,105,58,0.000762410576374201,0.0891344997407774,0.536920302399934,3,2,"citryl-CoA lyase activity","MF"
"s__Clostridium_sp._D43t1_170807_H7","GO:0044384",0.377142857142857,-0.264834390415786,76,44,0.000688211069389273,0.0891344997407774,0.641977247558643,6,1,"host outer membrane","CC"
"s__Ruminococcus_sp._Marseille_P6503","GO:0001000",-0.0129062099012265,-0.569267707082833,93,50,0.00048591761183333,0.0839861394377018,0.556361497181607,2,1,"bacterial-type RNA polymerase core enzyme binding","MF"
"s__Bifidobacterium_adolescentis","GO:0043683",0.683613086770982,0.153517890359996,75,38,0.000990770371076655,0.0940003974712513,0.530095196410986,2,1,"type IV pilus biogenesis","BP"
"s__Bifidobacterium_adolescentis","GO:0043107",0.685270887325682,0.169493380019696,73,38,0.00130877559421442,0.099280616060892,0.515777507305986,2,1,"type IV pilus-dependent motility","BP"
"s__Romboutsia_timonensis","GO:0006003",0.14054281506417,-0.477132536815782,97,60,9.32661996831416e-05,0.0701594561540619,0.617675351879952,2,2,"fructose 2,6-bisphosphate metabolic process","BP"
"s__Faecalibacillus_faecis","GO:0006003",-0.408129734343327,0.12648885641213,104,69,0.000426650995537214,0.0838182743046852,0.534618590755457,1,2,"fructose 2,6-bisphosphate metabolic process","BP"
"s__Alistipes_putredinis","GO:0016833",-0.076986100393457,0.454366942713225,108,52,0.00114852344115684,0.0949568926561188,0.531353043106682,5,1,"oxo-acid-lyase activity","MF"
"s__Bacteroides_xylanisolvens","GO:0051741",0.065901197506382,-0.425877001137258,118,70,0.00075991073256147,0.0891344997407774,0.49177819864364,25,2,"2-methyl-6-phytyl-1,4-benzoquinone methyltransferase activity","MF"
"s__Prevotella_sp._P5_64","GO:0051741",-0.105631868131868,-0.630732292917167,64,50,0.00114943492286861,0.0949568926561188,0.525100424785299,40,2,"2-methyl-6-phytyl-1,4-benzoquinone methyltransferase activity","MF"
"s__Blautia_obeum","GO:0015067",0.0319061679790026,0.486159410210043,127,78,0.000695758903420926,0.0891344997407774,0.45425324223104,26,1,"amidinotransferase activity","MF"
"s__Prevotella_sp._P4_67","GO:0036065",-0.146734693877551,0.707826086956522,49,24,0.000118547855539315,0.0701594561540619,0.854560780834073,1,1,"fucosylation","BP"
"s__Coprococcus_catus","GO:0008667",-0.0257334879487275,0.43019221753399,134,80,0.000768486345451236,0.0892380668440464,0.455925705482717,1,1,"2,3-dihydro-2,3-dihydroxybenzoate dehydrogenase activity","MF"
"s__Eubacterium_ramulus","GO:0015914",-0.411510594668489,0.209749670619236,76,45,0.000863814821730081,0.0921457481701598,0.621260265287725,7,1,"phospholipid transport","BP"
