"t1","t2","r1","r2","n1","n2","p","BH_p","Metabolites","smiles","kingdom","super_class","class","sub_class","direct_parent"
"s__Dorea_ammoniilytica","HMDB0000228",0.350188978185143,-0.0786919831223629,148,80,0.00168717209251707,0.0296123978021645,"Phenol","OC1=CC=CC=C1","Organic compounds","Benzenoids","Phenols","1-hydroxy-4-unsubstituted benzenoids","1-hydroxy-4-unsubstituted benzenoids"
"s__Slackia_isoflavoniconvertens","HMDB0252816",0.0471405148508867,0.359236403609016,147,82,0.0195975692961964,0.087184946091559,"Glutarimide","O=C1CCCC(=O)N1","Organic compounds","Organoheterocyclic compounds","Pyridines and derivatives","Hydropyridines","Tetrahydropyridines"
"s__Ellagibacter_isourolithinifaciens","HMDB0252816",0.0507139577092126,0.414786517343085,140,82,0.00599206822780219,0.0481793769548777,"Glutarimide","O=C1CCCC(=O)N1","Organic compounds","Organoheterocyclic compounds","Pyridines and derivatives","Hydropyridines","Tetrahydropyridines"
"s__Anaerotardibacter_sp._CLA_AA_M13","HMDB0252816",0.307644712538443,0.422902015939991,138,80,0.356326668205958,0.515057721321816,"Glutarimide","O=C1CCCC(=O)N1","Organic compounds","Organoheterocyclic compounds","Pyridines and derivatives","Hydropyridines","Tetrahydropyridines"
"s__Slackia_isoflavoniconvertens","HMDB0013751",-0.0228297909315522,0.396501997148486,147,82,0.00168250544180821,0.0296123978021645,"2-Hydroxypyridine","OC1=CC=CC=N1","Organic compounds","Organoheterocyclic compounds","Pyridines and derivatives","Hydropyridines","Pyridinones"
"s__Ellagibacter_isourolithinifaciens","HMDB0013751",-0.00233102271981807,0.358561617744692,140,82,0.00788616987254307,0.055467529997384,"2-Hydroxypyridine","OC1=CC=CC=N1","Organic compounds","Organoheterocyclic compounds","Pyridines and derivatives","Hydropyridines","Pyridinones"
"s__Anaerotardibacter_sp._CLA_AA_M13","HMDB0013751",0.210286103075648,0.390318799812471,138,80,0.16774616633961,0.31427443961543,"2-Hydroxypyridine","OC1=CC=CC=N1","Organic compounds","Organoheterocyclic compounds","Pyridines and derivatives","Hydropyridines","Pyridinones"
"s__Oscillibacter_sp._ER4","HMDB0006372",-0.288261691072272,0.0511422383300138,145,82,0.0135505305194436,0.071083824683248,"Glyceric acid","OC[C@H](O)C(O)=O","Organic compounds","Organic oxygen compounds","Organooxygen compounds","Carbohydrates and carbohydrate conjugates","Sugar acids and derivatives"
"s__Oscillibacter_valericigenes","HMDB0006372",-0.272751677852349,0.034359660865685,149,82,0.024991424438682,0.097412394329104,"Glyceric acid","OC[C@H](O)C(O)=O","Organic compounds","Organic oxygen compounds","Organooxygen compounds","Carbohydrates and carbohydrate conjugates","Sugar acids and derivatives"
"s__Yeguia_hominis","HMDB0006372",-0.317424541852641,-0.00225291409540601,146,82,0.0202551182174539,0.0885458119297724,"Glyceric acid","OC[C@H](O)C(O)=O","Organic compounds","Organic oxygen compounds","Organooxygen compounds","Carbohydrates and carbohydrate conjugates","Sugar acids and derivatives"
"s__Dysosmobacter_sp._BX15","HMDB0006372",-0.276203329702216,0.0517163504968383,146,81,0.0176343076086312,0.0826925030942094,"Glyceric acid","OC[C@H](O)C(O)=O","Organic compounds","Organic oxygen compounds","Organooxygen compounds","Carbohydrates and carbohydrate conjugates","Sugar acids and derivatives"
"s__Intestinimonas_sp._MSJ_38","HMDB0006372",-0.274187942485398,0.0138984120764902,147,82,0.0355776375125469,0.120086449405621,"Glyceric acid","OC[C@H](O)C(O)=O","Organic compounds","Organic oxygen compounds","Organooxygen compounds","Carbohydrates and carbohydrate conjugates","Sugar acids and derivatives"
"s__Blautia_wexlerae","HMDB0001858",-0.364618175222202,-0.26430926959872,149,82,0.423170015657201,0.574106734603897,"p-Cresol","CC1=CC=C(O)C=C1","Organic compounds","Benzenoids","Phenols","Cresols","Para cresols"
"s__Faecalibacterium_prausnitzii","HMDB0001858",-0.326500997641937,-0.103253120884623,149,82,0.0927151747772886,0.219360288252652,"p-Cresol","CC1=CC=C(O)C=C1","Organic compounds","Benzenoids","Phenols","Cresols","Para cresols"
"s__Dorea_longicatena","HMDB0001858",-0.272918556140033,-0.286120090116564,149,82,0.92313225756462,0.951957985065096,"p-Cresol","CC1=CC=C(O)C=C1","Organic compounds","Benzenoids","Phenols","Cresols","Para cresols"
"s__Fusicatenibacter_saccharivorans","HMDB0001858",-0.276379466715037,-0.144763335183553,149,82,0.323374069258267,0.481508413009945,"p-Cresol","CC1=CC=C(O)C=C1","Organic compounds","Benzenoids","Phenols","Cresols","Para cresols"
"s__Coprococcus_comes","HMDB0001858",-0.327313622347179,-0.344042838018742,149,82,0.898382571647877,0.938291854758147,"p-Cresol","CC1=CC=C(O)C=C1","Organic compounds","Benzenoids","Phenols","Cresols","Para cresols"
"s__Methanobrevibacter_smithii","HMDB0001858",0.505335157318741,0.378971133688115,85,53,0.377878493240777,0.534549464033863,"p-Cresol","CC1=CC=C(O)C=C1","Organic compounds","Benzenoids","Phenols","Cresols","Para cresols"
"s__Oliverpabstia_intestinalis","HMDB0001858",-0.305030410495415,-0.188821138211382,148,81,0.376865769292587,0.534317571553342,"p-Cresol","CC1=CC=C(O)C=C1","Organic compounds","Benzenoids","Phenols","Cresols","Para cresols"
"s__Ruminococcus_gnavus","HMDB0001858",-0.30910937783421,-0.204209793101947,149,82,0.419906506799511,0.570909602657219,"p-Cresol","CC1=CC=C(O)C=C1","Organic compounds","Benzenoids","Phenols","Cresols","Para cresols"
"s__Oscillibacter_sp._ER4","HMDB0001858",0.322287828688396,0.267813802636018,145,82,0.667865312789697,0.78223952791517,"p-Cresol","CC1=CC=C(O)C=C1","Organic compounds","Benzenoids","Phenols","Cresols","Para cresols"
"s__Roseburia_intestinalis","HMDB0001858",-0.34944676219844,-0.215789989225193,149,82,0.296771043906498,0.454543484523457,"p-Cresol","CC1=CC=C(O)C=C1","Organic compounds","Benzenoids","Phenols","Cresols","Para cresols"
"s__Vescimonas_coprocola","HMDB0001858",0.449516356515398,0.392105005387403,148,82,0.613147148398086,0.745127663931651,"p-Cresol","CC1=CC=C(O)C=C1","Organic compounds","Benzenoids","Phenols","Cresols","Para cresols"
"s__Eubacterium_ramulus","HMDB0001858",-0.325786323235988,-0.24188896507439,149,82,0.511378086869542,0.652275635964277,"p-Cresol","CC1=CC=C(O)C=C1","Organic compounds","Benzenoids","Phenols","Cresols","Para cresols"
"s__Evtepia_gabavorous","HMDB0001858",0.339579445254592,0.196138211382114,147,81,0.270340882508169,0.425448963847231,"p-Cresol","CC1=CC=C(O)C=C1","Organic compounds","Benzenoids","Phenols","Cresols","Para cresols"
"s__Ruminococcus_flavefaciens","HMDB0001858",0.304074832450566,0.268227381068991,147,82,0.776944898892772,0.857295028664329,"p-Cresol","CC1=CC=C(O)C=C1","Organic compounds","Benzenoids","Phenols","Cresols","Para cresols"
"s__Oscillibacter_valericigenes","HMDB0001858",0.487774351532741,0.394129362980377,149,82,0.401233958371378,0.556336512763838,"p-Cresol","CC1=CC=C(O)C=C1","Organic compounds","Benzenoids","Phenols","Cresols","Para cresols"
"s__Ruthenibacterium_lactatiformans","HMDB0001858",0.341124614547433,0.180331080419238,149,82,0.215477759223647,0.369097277364044,"p-Cresol","CC1=CC=C(O)C=C1","Organic compounds","Benzenoids","Phenols","Cresols","Para cresols"
"s__Flavonifractor_plautii","HMDB0001858",0.489160166878288,0.262785559582503,149,82,0.0570067552072559,0.161668168709325,"p-Cresol","CC1=CC=C(O)C=C1","Organic compounds","Benzenoids","Phenols","Cresols","Para cresols"
"s__Gallintestinimicrobium_propionicum","HMDB0001858",-0.294184062161052,-0.0956563380894853,148,82,0.139217268307854,0.281339551845247,"p-Cresol","CC1=CC=C(O)C=C1","Organic compounds","Benzenoids","Phenols","Cresols","Para cresols"
"s__Vescimonas_fastidiosa","HMDB0001858",0.546137770275701,0.410150085436597,144,82,0.206093111613402,0.360376704890657,"p-Cresol","CC1=CC=C(O)C=C1","Organic compounds","Benzenoids","Phenols","Cresols","Para cresols"
"s__Oscillibacter_sp._MSJ_31","HMDB0001858",0.443894551526645,0.397312556458898,147,81,0.682124330045268,0.787337662381907,"p-Cresol","CC1=CC=C(O)C=C1","Organic compounds","Benzenoids","Phenols","Cresols","Para cresols"
"s__Pseudoflavonifractor_sp._MSJ_30","HMDB0001858",0.399867474651751,0.42610550603498,148,82,0.828084548306646,0.893493798356991,"p-Cresol","CC1=CC=C(O)C=C1","Organic compounds","Benzenoids","Phenols","Cresols","Para cresols"
"s__Ruminococcus_sp._Marseille_P6503","HMDB0001858",0.321960140551475,0.322550398499766,138,80,0.99883921581414,0.999092388001957,"p-Cresol","CC1=CC=C(O)C=C1","Organic compounds","Benzenoids","Phenols","Cresols","Para cresols"
"s__Ruminococcus_sp._M6_2020","HMDB0001858",0.366828683223698,0.292193162895484,148,82,0.546391433459362,0.683803990780653,"p-Cresol","CC1=CC=C(O)C=C1","Organic compounds","Benzenoids","Phenols","Cresols","Para cresols"
"s__Pseudoflavonifractor_phocaeensis","HMDB0001858",0.486736803918012,0.371143109021452,149,82,0.307013409655668,0.466260413457764,"p-Cresol","CC1=CC=C(O)C=C1","Organic compounds","Benzenoids","Phenols","Cresols","Para cresols"
"s__Faecalibacterium_sp._Marseille_Q4896","HMDB0001858",-0.307758275468647,-0.357949419002051,147,76,0.701182675877479,0.8027883455021,"p-Cresol","CC1=CC=C(O)C=C1","Organic compounds","Benzenoids","Phenols","Cresols","Para cresols"
"s__Brotomerdimonas_butyrica","HMDB0001858",0.405110729963959,0.152755194218609,147,81,0.0501599007787731,0.150633710251006,"p-Cresol","CC1=CC=C(O)C=C1","Organic compounds","Benzenoids","Phenols","Cresols","Para cresols"
"s__Oscillibacter_sp._MCC667","HMDB0001858",0.394610882626223,0.356887985546522,148,81,0.74956604367856,0.832190166659001,"p-Cresol","CC1=CC=C(O)C=C1","Organic compounds","Benzenoids","Phenols","Cresols","Para cresols"
"s__Faecalibacterium_sp._AF27_11BH","HMDB0001858",-0.278524673922474,-0.0623769338959212,146,80,0.114554409073049,0.246958905861247,"p-Cresol","CC1=CC=C(O)C=C1","Organic compounds","Benzenoids","Phenols","Cresols","Para cresols"
"s__Yeguia_hominis","HMDB0001858",0.362910549198423,0.387882151913889,146,82,0.842086808736566,0.901519806291953,"p-Cresol","CC1=CC=C(O)C=C1","Organic compounds","Benzenoids","Phenols","Cresols","Para cresols"
"s__Dysosmobacter_sp._BX15","HMDB0001858",0.479841516200245,0.399525745257453,146,81,0.475080868403269,0.62307012152645,"p-Cresol","CC1=CC=C(O)C=C1","Organic compounds","Benzenoids","Phenols","Cresols","Para cresols"
"s__Intestinimonas_butyriciproducens","HMDB0001858",0.440761835661165,0.278218565318183,149,82,0.179090919256808,0.32820300923482,"p-Cresol","CC1=CC=C(O)C=C1","Organic compounds","Benzenoids","Phenols","Cresols","Para cresols"
"s__Phocea_massiliensis","HMDB0001858",0.380784894483525,0.336358986079821,147,82,0.711570338686273,0.807837001317582,"p-Cresol","CC1=CC=C(O)C=C1","Organic compounds","Benzenoids","Phenols","Cresols","Para cresols"
"s__Intestinimonas_sp._MSJ_38","HMDB0001858",0.277928053857604,0.360324767906314,147,82,0.517792796555763,0.658485990771419,"p-Cresol","CC1=CC=C(O)C=C1","Organic compounds","Benzenoids","Phenols","Cresols","Para cresols"
"s__Dysosmobacter_welbionis","HMDB0001858",0.414698472681467,0.190693858415377,145,80,0.0797364841074752,0.199183002958951,"p-Cresol","CC1=CC=C(O)C=C1","Organic compounds","Benzenoids","Phenols","Cresols","Para cresols"
"s__Ruminococcus_champanellensis","HMDB0001858",0.333097229411284,0.207782466010314,142,80,0.339858183282145,0.499278241251132,"p-Cresol","CC1=CC=C(O)C=C1","Organic compounds","Benzenoids","Phenols","Cresols","Para cresols"
"s__Pseudoflavonifractor_capillosus","HMDB0001858",0.448111735896971,0.424037613870115,149,82,0.825275421785022,0.891864168263813,"p-Cresol","CC1=CC=C(O)C=C1","Organic compounds","Benzenoids","Phenols","Cresols","Para cresols"
"s__Qingrenia_yutianensis","HMDB0001858",0.361395646606914,0.309728246437107,143,78,0.680190694903026,0.787095666252674,"p-Cresol","CC1=CC=C(O)C=C1","Organic compounds","Benzenoids","Phenols","Cresols","Para cresols"
"s__Ruminococcus_torques","HMDB0030052",-0.269279883910756,-0.0233236468910874,149,82,0.0711976377661567,0.186671221982142,"Butyl propionate","CCCCOC(=O)CC","Organic compounds","Organic acids and derivatives","Carboxylic acids and derivatives","Carboxylic acid derivatives","Carboxylic acid esters"
"s__Dorea_ammoniilytica","HMDB0030052",-0.299792327596738,0.0338255977496484,148,80,0.0153236224364236,0.0765573041565767,"Butyl propionate","CCCCOC(=O)CC","Organic compounds","Organic acids and derivatives","Carboxylic acids and derivatives","Carboxylic acid derivatives","Carboxylic acid esters"
"s__Holdemanella_porci","HMDB0006236",0.0641728445234926,0.414814814814815,138,80,0.00868510500219832,0.0584735144265652,"Phenylacetaldehyde","O=CCC1=CC=CC=C1","Organic compounds","Benzenoids","Benzene and substituted derivatives","Phenylacetaldehydes","Phenylacetaldehydes"
"s__Subdoligranulum_sp._APC924_74","HMDB0006236",0.0827432006722515,0.380307136404697,148,81,0.0246981916976824,0.097412394329104,"Phenylacetaldehyde","O=CCC1=CC=CC=C1","Organic compounds","Benzenoids","Benzene and substituted derivatives","Phenylacetaldehydes","Phenylacetaldehydes"
"s__Cyclospora_cayetanensis","HMDB0006236",-0.275258479956467,-0.200400518061406,149,82,0.568239243782937,0.700698538611868,"Phenylacetaldehyde","O=CCC1=CC=CC=C1","Organic compounds","Benzenoids","Benzene and substituted derivatives","Phenylacetaldehydes","Phenylacetaldehydes"
"s__Ruminococcus_callidus","HMDB0006236",-0.133305698283092,-0.360716579053341,146,82,0.0844977094614027,0.207778547288879,"Phenylacetaldehyde","O=CCC1=CC=CC=C1","Organic compounds","Benzenoids","Benzene and substituted derivatives","Phenylacetaldehydes","Phenylacetaldehydes"
"s__Anaerotardibacter_sp._CLA_AA_M13","HMDB0006236",0.212724520478825,0.456915142991092,138,80,0.0539153438349789,0.157596354391027,"Phenylacetaldehyde","O=CCC1=CC=CC=C1","Organic compounds","Benzenoids","Benzene and substituted derivatives","Phenylacetaldehydes","Phenylacetaldehydes"
"s__Eggerthella_lenta","HMDB0006236",0.0995537819698894,0.377803898520913,149,82,0.0342994619207803,0.117664911602895,"Phenylacetaldehyde","O=CCC1=CC=CC=C1","Organic compounds","Benzenoids","Benzene and substituted derivatives","Phenylacetaldehydes","Phenylacetaldehydes"
"s__Pseudoflavonifractor_phocaeensis","HMDB0006236",-0.319782332668239,-0.0080865467289211,149,82,0.0210268336187357,0.0900434813809123,"Phenylacetaldehyde","O=CCC1=CC=CC=C1","Organic compounds","Benzenoids","Benzene and substituted derivatives","Phenylacetaldehydes","Phenylacetaldehydes"
"s__Anaeromassilibacillus_sp._An200","HMDB0006236",-0.345712550490201,-0.0241678387248008,146,80,0.0176682155141718,0.0826925030942094,"Phenylacetaldehyde","O=CCC1=CC=CC=C1","Organic compounds","Benzenoids","Benzene and substituted derivatives","Phenylacetaldehydes","Phenylacetaldehydes"
"s__Oscillibacter_sp._MCC667","HMDB0006236",-0.177517333797295,-0.369173441734417,148,81,0.141695854617926,0.281891592437109,"Phenylacetaldehyde","O=CCC1=CC=CC=C1","Organic compounds","Benzenoids","Benzene and substituted derivatives","Phenylacetaldehydes","Phenylacetaldehydes"
"s__Ruminococcus_champanellensis","HMDB0006236",-0.123889595570746,-0.41361931551805,142,80,0.0274452714087268,0.102387156119919,"Phenylacetaldehyde","O=CCC1=CC=CC=C1","Organic compounds","Benzenoids","Benzene and substituted derivatives","Phenylacetaldehydes","Phenylacetaldehydes"
"s__Collinsella_aerofaciens","HMDB0001870",-0.0511082894975512,0.368487500136046,149,82,0.00182577934599039,0.0302454762710777,"Benzoic acid","OC(=O)C1=CC=CC=C1","Organic compounds","Benzenoids","Benzene and substituted derivatives","Benzoic acids and derivatives","Benzoic acids"
"s__Blautia_obeum","HMDB0001870",0.058196988935244,0.373646346905236,149,82,0.0173568910873321,0.0821516010486883,"Benzoic acid","OC(=O)C1=CC=CC=C1","Organic compounds","Benzenoids","Benzene and substituted derivatives","Benzoic acids and derivatives","Benzoic acids"
"s__Eggerthella_lenta","HMDB0001870",0.079103936150916,0.489796584712835,149,82,0.00115866762593908,0.026576252453009,"Benzoic acid","OC(=O)C1=CC=CC=C1","Organic compounds","Benzenoids","Benzene and substituted derivatives","Benzoic acids and derivatives","Benzoic acids"
"s__Anaeromassilibacillus_sp._An200","HMDB0001870",-0.274448825349696,0.0396858884200656,146,80,0.0235046098622473,0.0948471276172096,"Benzoic acid","OC(=O)C1=CC=CC=C1","Organic compounds","Benzenoids","Benzene and substituted derivatives","Benzoic acids and derivatives","Benzoic acids"
"s__Clostridium_sp._AF36_4","HMDB0001870",0.120619035444266,-0.399748241392077,132,74,0.000248800225886786,0.0172019004932654,"Benzoic acid","OC(=O)C1=CC=CC=C1","Organic compounds","Benzenoids","Benzene and substituted derivatives","Benzoic acids and derivatives","Benzoic acids"
"s__Anaerobutyricum_soehngenii","HMDB0000873",0.0463050970433521,0.377890967664697,149,82,0.012442189082377,0.0684162378664376,"4-Methylcatechol","CC1=CC=C(O)C(O)=C1","Organic compounds","Benzenoids","Phenols","Benzenediols","Catechols"
"s__Collinsella_bouchesdurhonensis","HMDB0000873",0.314617490393594,0.208321612751992,138,80,0.423026225244335,0.574106734603897,"4-Methylcatechol","CC1=CC=C(O)C(O)=C1","Organic compounds","Benzenoids","Phenols","Benzenediols","Catechols"
"s__Olsenella_uli","HMDB0000873",0.308373646132112,0.152977027660572,141,80,0.24770292919953,0.406384072373361,"4-Methylcatechol","CC1=CC=C(O)C(O)=C1","Organic compounds","Benzenoids","Phenols","Benzenediols","Catechols"
"s__Gallintestinimicrobium_propionicum","HMDB0000873",-0.324590855750971,0.0797662193489405,148,82,0.00299261068656911,0.036201410066653,"4-Methylcatechol","CC1=CC=C(O)C(O)=C1","Organic compounds","Benzenoids","Phenols","Benzenediols","Catechols"
"s__Clostridium_sp._1001270J_160509_D11","HMDB0000873",-0.0619025117225837,0.463675052252524,122,62,0.000437335204961818,0.0182354130397927,"4-Methylcatechol","CC1=CC=C(O)C(O)=C1","Organic compounds","Benzenoids","Phenols","Benzenediols","Catechols"
"s__Blautia_sp._OF03_15BH","HMDB0003441",-0.0297145522457124,-0.396088418715512,148,82,0.00565737375670194,0.0462508672706996,"Cinnamaldehyde","O=C\C=C\C1=CC=CC=C1","Organic compounds","Phenylpropanoids and polyketides","Cinnamaldehydes",NA,"Cinnamaldehydes"
"s__Methanobrevibacter_smithii","HMDB0061652",-0.382392026578073,-0.139654894371876,85,53,0.145236466157155,0.286154477139057,"3-Hydroxyhexanoic acid","CCC[C@H](O)CC(O)=O","Organic compounds","Organic acids and derivatives","Hydroxy acids and derivatives","Medium-chain hydroxy acids and derivatives","Medium-chain hydroxy acids and derivatives"
"s__Ruthenibacterium_lactatiformans","HMDB0061652",-0.306022129512062,-0.142368933729498,149,82,0.216401415043846,0.369468052085592,"3-Hydroxyhexanoic acid","CCC[C@H](O)CC(O)=O","Organic compounds","Organic acids and derivatives","Hydroxy acids and derivatives","Medium-chain hydroxy acids and derivatives","Medium-chain hydroxy acids and derivatives"
"s__Pseudoflavonifractor_phocaeensis","HMDB0061652",-0.309773263196082,-0.243216769517093,149,82,0.603407961230882,0.735475927588198,"3-Hydroxyhexanoic acid","CCC[C@H](O)CC(O)=O","Organic compounds","Organic acids and derivatives","Hydroxy acids and derivatives","Medium-chain hydroxy acids and derivatives","Medium-chain hydroxy acids and derivatives"
"s__Faecalibacterium_sp._Marseille_Q4896","HMDB0061652",0.277542709049558,0.0950102529049898,147,76,0.187418196830783,0.338050873653232,"3-Hydroxyhexanoic acid","CCC[C@H](O)CC(O)=O","Organic compounds","Organic acids and derivatives","Hydroxy acids and derivatives","Medium-chain hydroxy acids and derivatives","Medium-chain hydroxy acids and derivatives"
"s__Faecalibacterium_sp._AF27_11BH","HMDB0061652",0.288230360637406,-0.0439990623534927,146,80,0.0163480291479696,0.0791433482753677,"3-Hydroxyhexanoic acid","CCC[C@H](O)CC(O)=O","Organic compounds","Organic acids and derivatives","Hydroxy acids and derivatives","Medium-chain hydroxy acids and derivatives","Medium-chain hydroxy acids and derivatives"
"s__Qingrenia_yutianensis","HMDB0061652",-0.152635510029876,-0.435577081146701,143,78,0.029946404838016,0.10650430421204,"3-Hydroxyhexanoic acid","CCC[C@H](O)CC(O)=O","Organic compounds","Organic acids and derivatives","Hydroxy acids and derivatives","Medium-chain hydroxy acids and derivatives","Medium-chain hydroxy acids and derivatives"
"s__Blautia_obeum","HMDB0000191",0.278886268819155,0.0314210772629815,149,82,0.068654358433148,0.182354087061885,"Aspartic acid","N[C@@H](CC(O)=O)C(O)=O","Organic compounds","Organic acids and derivatives","Carboxylic acids and derivatives","Amino acids, peptides, and analogues","Aspartic acid and derivatives"
"s__Clostridium_sp._AM42_36","HMDB0000191",-0.347998320268757,-0.1531268264173,95,59,0.219093890707173,0.372218856865409,"Aspartic acid","N[C@@H](CC(O)=O)C(O)=O","Organic compounds","Organic acids and derivatives","Carboxylic acids and derivatives","Amino acids, peptides, and analogues","Aspartic acid and derivatives"
"s__Desulfovibrio_piger","HMDB0059805",-0.309424617249874,0.0474324206106202,123,70,0.0164698627864546,0.0791433482753677,"5-Hydroxyindole","OC1=CC=C2NC=CC2=C1","Organic compounds","Organoheterocyclic compounds","Indoles and derivatives","Hydroxyindoles","Hydroxyindoles"
"s__Blautia_massiliensis","HMDB0029697",0.0512517722488959,0.356754933011177,148,82,0.0221842982596787,0.0930026572160757,"Cinnamyl alcohol","OCC=CC1=CC=CC=C1","Organic compounds","Phenylpropanoids and polyketides","Cinnamyl alcohols",NA,"Cinnamyl alcohols"
"s__Slackia_isoflavoniconvertens","HMDB0029697",0.268970676015686,0.269511650939803,147,82,0.999092388001957,0.999092388001957,"Cinnamyl alcohol","OCC=CC1=CC=CC=C1","Organic compounds","Phenylpropanoids and polyketides","Cinnamyl alcohols",NA,"Cinnamyl alcohols"
"s__Blautia_sp._MSJ_19","HMDB0029697",-0.0183573520102763,-0.357342649731718,148,82,0.0115131065966771,0.0652927982216957,"Cinnamyl alcohol","OCC=CC1=CC=CC=C1","Organic compounds","Phenylpropanoids and polyketides","Cinnamyl alcohols",NA,"Cinnamyl alcohols"
"s__Lachnospira_eligens","HMDB0000943",0.284875748231453,-0.100379839139757,149,82,0.00499325290096722,0.0436562875160953,"Threonic acid","OC[C@H](O)[C@@H](O)C(O)=O","Organic compounds","Organic oxygen compounds","Organooxygen compounds","Carbohydrates and carbohydrate conjugates","Sugar acids and derivatives"
"s__Bifidobacterium_longum","HMDB0002340",0.0167612493855847,0.378700097370983,139,79,0.00806765125544193,0.0557412041018802,"2-Methylbenzoic acid","CC1=CC=CC=C1C(O)=O","Organic compounds","Benzenoids","Benzene and substituted derivatives","Benzoic acids and derivatives","Benzoic acids"
"s__Slackia_isoflavoniconvertens","HMDB0002340",0.0726714973290316,0.451290255874446,147,82,0.00333128553614771,0.0381280771819088,"2-Methylbenzoic acid","CC1=CC=CC=C1C(O)=O","Organic compounds","Benzenoids","Benzene and substituted derivatives","Benzoic acids and derivatives","Benzoic acids"
"s__Anaerotardibacter_sp._CLA_AA_M13","HMDB0002340",0.347979058834811,0.357055789967182,138,80,0.947658674251796,0.967641744430666,"2-Methylbenzoic acid","CC1=CC=CC=C1C(O)=O","Organic compounds","Benzenoids","Benzene and substituted derivatives","Benzoic acids and derivatives","Benzoic acids"
"s__Eggerthella_lenta","HMDB0002340",0.107748957010702,0.393323973400377,149,82,0.0287234353672406,0.103982489135696,"2-Methylbenzoic acid","CC1=CC=CC=C1C(O)=O","Organic compounds","Benzenoids","Benzene and substituted derivatives","Benzoic acids and derivatives","Benzoic acids"
"s__Roseburia_intestinalis","HMDB0002466",0.0564810448031925,-0.425038909023628,149,82,0.00027910656788746,0.0172019004932654,"3-Hydroxybenzoic acid","OC(=O)C1=CC(O)=CC=C1","Organic compounds","Benzenoids","Benzene and substituted derivatives","Benzoic acids and derivatives","Hydroxybenzoic acid derivatives"
"s__Slackia_isoflavoniconvertens","HMDB0032036",0.0388367120265359,0.455600178491745,147,82,0.00130189838527782,0.0273181677844129,"4-Ethoxyphenol","CCOC1=CC=C(O)C=C1","Organic compounds","Benzenoids","Phenols","4-alkoxyphenols","4-alkoxyphenols"
"s__Ellagibacter_isourolithinifaciens","HMDB0032036",0.0309505587019746,0.387555642624699,140,82,0.00783081400074999,0.055467529997384,"4-Ethoxyphenol","CCOC1=CC=C(O)C=C1","Organic compounds","Benzenoids","Phenols","4-alkoxyphenols","4-alkoxyphenols"
"s__Collinsella_bouchesdurhonensis","HMDB0032036",0.0166648020840706,0.372362869198312,138,80,0.00915298179593083,0.0590954055439842,"4-Ethoxyphenol","CCOC1=CC=C(O)C=C1","Organic compounds","Benzenoids","Phenols","4-alkoxyphenols","4-alkoxyphenols"
"s__Anaerotardibacter_sp._CLA_AA_M13","HMDB0032036",0.380304071563441,0.382348804500703,138,80,0.992397834457915,0.999092388001957,"4-Ethoxyphenol","CCOC1=CC=C(O)C=C1","Organic compounds","Benzenoids","Phenols","4-alkoxyphenols","4-alkoxyphenols"
"s__Oscillibacter_sp._ER4","HMDB0250932",-0.287116202172886,0.00684581143000185,145,82,0.0318626765957488,0.112053379424714,"Deferiprone","CN1C=CC(=O)C(O)=C1C","Organic compounds","Organoheterocyclic compounds","Pyridines and derivatives","Methylpyridines","Methylpyridines"
"s__Mediterraneibacter_glycyrrhizinilyticus","HMDB0250932",0.337046979865772,0.115725775731653,149,82,0.0937375348164727,0.221002914483032,"Deferiprone","CN1C=CC(=O)C(O)=C1C","Organic compounds","Organoheterocyclic compounds","Pyridines and derivatives","Methylpyridines","Methylpyridines"
"s__Gemmiger_formicilis","HMDB0012322",-0.000286595320152367,0.362806238504152,149,82,0.00677848998148374,0.0507983267064763,"2-Naphthol","OC1=CC2=CC=CC=C2C=C1","Organic compounds","Benzenoids","Naphthalenes","Naphthols and derivatives","Naphthols and derivatives"
"s__Terrisporobacter_mayombei","HMDB0000641",-0.156667788875173,0.371674641148325,134,76,0.000188999417598323,0.0158633511170859,"Glutamine","N[C@@H](CCC(N)=O)C(O)=O","Organic compounds","Organic acids and derivatives","Carboxylic acids and derivatives","Amino acids, peptides, and analogues","L-alpha-amino acids"
"s__Oscillibacter_valericigenes","HMDB0000182",-0.266809359695266,-0.0336195731435226,149,82,0.0869159991899175,0.211042728937631,"Lysine","NCCCC[C@H](N)C(O)=O","Organic compounds","Organic acids and derivatives","Carboxylic acids and derivatives","Amino acids, peptides, and analogues","L-alpha-amino acids"
"s__Bifidobacterium_pseudocatenulatum","HMDB0000182",-0.10760469477047,-0.393409848204369,120,74,0.0422391843311977,0.133281035270621,"Lysine","NCCCC[C@H](N)C(O)=O","Organic compounds","Organic acids and derivatives","Carboxylic acids and derivatives","Amino acids, peptides, and analogues","L-alpha-amino acids"
"s__Blautia_wexlerae","HMDB0304943",-0.271529113005623,-0.310869494237111,149,82,0.763678686426574,0.844136493600576,"3-Methyloxindole","CC1C(=O)NC2=CC=CC=C12","Organic compounds","Organoheterocyclic compounds","Indoles and derivatives","Indolines","Indolines"
"s__Prevotella_copri","HMDB0304943",0.155158854283033,0.442920768870136,139,80,0.0261426457635791,0.100653183536227,"3-Methyloxindole","CC1C(=O)NC2=CC=CC=C12","Organic compounds","Organoheterocyclic compounds","Indoles and derivatives","Indolines","Indolines"
"s__Catenibacterium_mitsuokai","HMDB0304943",0.300030802546344,0.167502434274586,137,79,0.328113128854532,0.485422361019807,"3-Methyloxindole","CC1C(=O)NC2=CC=CC=C12","Organic compounds","Organoheterocyclic compounds","Indoles and derivatives","Indolines","Indolines"
"s__Gemmiger_formicilis","HMDB0304943",-0.273448213313985,-0.000685669507297483,149,82,0.0457770748855147,0.140912805087685,"3-Methyloxindole","CC1C(=O)NC2=CC=CC=C12","Organic compounds","Organoheterocyclic compounds","Indoles and derivatives","Indolines","Indolines"
"s__Coprococcus_comes","HMDB0304943",-0.327375294757845,-0.187492517495456,149,82,0.282197384860135,0.439711024181819,"3-Methyloxindole","CC1C(=O)NC2=CC=CC=C12","Organic compounds","Organoheterocyclic compounds","Indoles and derivatives","Indolines","Indolines"
"s__Anaerostipes_hadrus","HMDB0304943",-0.276361327770724,-0.347373232768472,149,82,0.578953109172569,0.710430764569458,"3-Methyloxindole","CC1C(=O)NC2=CC=CC=C12","Organic compounds","Organoheterocyclic compounds","Indoles and derivatives","Indolines","Indolines"
"s__Mogibacterium_kristiansenii","HMDB0304943",0.539466225791214,0.388045007032349,145,80,0.169367606762009,0.316370648239421,"3-Methyloxindole","CC1C(=O)NC2=CC=CC=C12","Organic compounds","Organoheterocyclic compounds","Indoles and derivatives","Indolines","Indolines"
"s__Blautia_faecis","HMDB0304943",-0.353538908035552,-0.403794037940379,149,82,0.681129581662506,0.787337662381907,"3-Methyloxindole","CC1C(=O)NC2=CC=CC=C12","Organic compounds","Organoheterocyclic compounds","Indoles and derivatives","Indolines","Indolines"
"s__Ruminococcus_gnavus","HMDB0304943",-0.268173408307636,-0.222929659015466,149,82,0.727716840783349,0.81730196480485,"3-Methyloxindole","CC1C(=O)NC2=CC=CC=C12","Organic compounds","Organoheterocyclic compounds","Indoles and derivatives","Indolines","Indolines"
"s__Prevotella_stercorea","HMDB0304943",0.262991437818351,0.413704800691102,130,73,0.256538437689945,0.411966700320971,"3-Methyloxindole","CC1C(=O)NC2=CC=CC=C12","Organic compounds","Organoheterocyclic compounds","Indoles and derivatives","Indolines","Indolines"
"s__Parolsenella_catena","HMDB0304943",0.325132358455193,0.201898734177215,126,79,0.363236919554752,0.52145414107119,"3-Methyloxindole","CC1C(=O)NC2=CC=CC=C12","Organic compounds","Organoheterocyclic compounds","Indoles and derivatives","Indolines","Indolines"
"s__Collinsella_bouchesdurhonensis","HMDB0304943",0.308521446885652,0.343389592123769,138,80,0.790319337887467,0.866735232056029,"3-Methyloxindole","CC1C(=O)NC2=CC=CC=C12","Organic compounds","Organoheterocyclic compounds","Indoles and derivatives","Indolines","Indolines"
"s__Ruminococcus_flavefaciens","HMDB0304943",0.325676809042758,0.241649524928984,147,82,0.511873175800402,0.652275635964277,"3-Methyloxindole","CC1C(=O)NC2=CC=CC=C12","Organic compounds","Organoheterocyclic compounds","Indoles and derivatives","Indolines","Indolines"
"s__Ruminococcus_lactaris","HMDB0304943",-0.315214946490114,-0.289058673719267,149,82,0.832688721866679,0.896030000709529,"3-Methyloxindole","CC1C(=O)NC2=CC=CC=C12","Organic compounds","Organoheterocyclic compounds","Indoles and derivatives","Indolines","Indolines"
"s__Ruminococcus_sp._NSJ_71","HMDB0304943",0.286971041457946,0.0380861244019139,136,76,0.0784268304447656,0.196691991095538,"3-Methyloxindole","CC1C(=O)NC2=CC=CC=C12","Organic compounds","Organoheterocyclic compounds","Indoles and derivatives","Indolines","Indolines"
"s__Prevotellamassilia_timonensis","HMDB0304943",0.284059908187525,0.438023784819219,118,67,0.260206452532673,0.415419725897428,"3-Methyloxindole","CC1C(=O)NC2=CC=CC=C12","Organic compounds","Organoheterocyclic compounds","Indoles and derivatives","Indolines","Indolines"
"s__Olsenella_uli","HMDB0304943",0.33944090072349,0.292756680731364,141,80,0.711948002752541,0.807837001317582,"3-Methyloxindole","CC1C(=O)NC2=CC=CC=C12","Organic compounds","Organoheterocyclic compounds","Indoles and derivatives","Indolines","Indolines"
"s__Vescimonas_fastidiosa","HMDB0304943",0.283847761433968,0.333006824044144,144,82,0.704593315212745,0.803654815023037,"3-Methyloxindole","CC1C(=O)NC2=CC=CC=C12","Organic compounds","Organoheterocyclic compounds","Indoles and derivatives","Indolines","Indolines"
"s__Senegalimassilia_faecalis","HMDB0304943",0.286855713405642,0.133017163504968,137,81,0.257974452285372,0.413218620136493,"3-Methyloxindole","CC1C(=O)NC2=CC=CC=C12","Organic compounds","Organoheterocyclic compounds","Indoles and derivatives","Indolines","Indolines"
"s__Faecalibacillus_intestinalis","HMDB0304943",-0.279426990446627,-0.021680216802168,146,81,0.0601865256405144,0.168627391872654,"3-Methyloxindole","CC1C(=O)NC2=CC=CC=C12","Organic compounds","Organoheterocyclic compounds","Indoles and derivatives","Indolines","Indolines"
"s__Ruminococcus_sp._M6_2020","HMDB0304943",0.320963066888283,0.321992577355492,148,82,0.998560582814682,0.999092388001957,"3-Methyloxindole","CC1C(=O)NC2=CC=CC=C12","Organic compounds","Organoheterocyclic compounds","Indoles and derivatives","Indolines","Indolines"
"s__Pseudoflavonifractor_phocaeensis","HMDB0304943",0.302680935969527,0.168642047866262,149,82,0.308560083784491,0.467481522845577,"3-Methyloxindole","CC1C(=O)NC2=CC=CC=C12","Organic compounds","Organoheterocyclic compounds","Indoles and derivatives","Indolines","Indolines"
"s__Fusicatenibacter_sp._CLA_AA_H277","HMDB0304943",-0.289345776402344,0.0182954038375725,148,82,0.0242607134764022,0.0969658357675883,"3-Methyloxindole","CC1C(=O)NC2=CC=CC=C12","Organic compounds","Organoheterocyclic compounds","Indoles and derivatives","Indolines","Indolines"
"s__Anaeromassilibacillus_sp._An200","HMDB0304943",0.269991227478237,0.0679559306141585,146,80,0.140592677506578,0.281891592437109,"3-Methyloxindole","CC1C(=O)NC2=CC=CC=C12","Organic compounds","Organoheterocyclic compounds","Indoles and derivatives","Indolines","Indolines"
"s__Negativibacillus_massiliensis","HMDB0304943",0.29080412473971,0.212166780587833,134,76,0.563696981091384,0.69783136597252,"3-Methyloxindole","CC1C(=O)NC2=CC=CC=C12","Organic compounds","Organoheterocyclic compounds","Indoles and derivatives","Indolines","Indolines"
"s__Intestinimonas_sp._MSJ_38","HMDB0304943",0.15059426214025,0.364612923237666,147,82,0.102353568289533,0.230691123096479,"3-Methyloxindole","CC1C(=O)NC2=CC=CC=C12","Organic compounds","Organoheterocyclic compounds","Indoles and derivatives","Indolines","Indolines"
"s__Oribacterium_sp._oral_taxon_102","HMDB0304943",0.334470107357431,0.501570557899672,143,80,0.155436726787311,0.297861246613736,"3-Methyloxindole","CC1C(=O)NC2=CC=CC=C12","Organic compounds","Organoheterocyclic compounds","Indoles and derivatives","Indolines","Indolines"
"s__Dorea_formicigenerans","HMDB0000621",-0.0688046435697442,-0.3891664217847,149,82,0.0149985108787197,0.0755802509216567,"Ribulose","OC[C@@]1(O)OC[C@@H](O)[C@H]1O","Organic compounds","Organic oxygen compounds","Organooxygen compounds","Carbohydrates and carbohydrate conjugates","Pentoses"
"s__Roseburia_hominis","HMDB0032063",0.27199709776891,-0.160457548350584,149,82,0.00167286451613563,0.0296123978021645,"4-tert-Butylphenol","CC(C)(C)C1=CC=C(O)C=C1","Organic compounds","Benzenoids","Benzene and substituted derivatives","Phenylpropanes","Phenylpropanes"
"s__Prevotella_pectinovora","HMDB0244060",-0.0568733781356045,-0.422579615292521,113,67,0.0128923520179188,0.0690938337371007,"Sebacil","O=C1CCCCCCCCC1=O","Organic compounds","Organic oxygen compounds","Organooxygen compounds","Carbonyl compounds","Cyclic ketones"
"s__Paraprevotella_clara","HMDB0249030",0.112315985900892,-0.412203167887991,105,62,0.000822550572111185,0.0213557810266423,"2(3H)-Benzothiazolone","OC1=NC2=CC=CC=C2S1","Organic compounds","Organoheterocyclic compounds","Benzothiazoles",NA,"Benzothiazoles"
"s__Ruminococcus_torques","HMDB0000292",0.291021222564847,-0.0938061187840794,149,82,0.00498386690693866,0.0436562875160953,"Xanthine","O=C1NC2=C(NC=N2)C(=O)N1","Organic compounds","Organoheterocyclic compounds","Imidazopyrimidines","Purines and purine derivatives","Xanthines"
"s__Intestinimonas_sp._MSJ_38","HMDB0000292",-0.31175528337955,0.0199932521413568,147,82,0.0147833528909153,0.0750493600389611,"Xanthine","O=C1NC2=C(NC=N2)C(=O)N1","Organic compounds","Organoheterocyclic compounds","Imidazopyrimidines","Purines and purine derivatives","Xanthines"
"s__Terrisporobacter_mayombei","HMDB0000292",-0.00958366064414768,-0.370116199589884,134,76,0.00993519213066266,0.0613157200612955,"Xanthine","O=C1NC2=C(NC=N2)C(=O)N1","Organic compounds","Organoheterocyclic compounds","Imidazopyrimidines","Purines and purine derivatives","Xanthines"
"s__Terrisporobacter_glycolicus","HMDB0000292",0.00472075975514522,-0.448305860805861,106,64,0.00275331330553325,0.0343210044719442,"Xanthine","O=C1NC2=C(NC=N2)C(=O)N1","Organic compounds","Organoheterocyclic compounds","Imidazopyrimidines","Purines and purine derivatives","Xanthines"
"s__Mediterraneibacter_faecis","HMDB0004193",0.0609577362597497,0.358235108455502,149,82,0.0255777038582977,0.0990840897156824,"N1-Methyl-2-pyridone-5-carboxamide","CN1C=C(C=CC1=O)C(N)=O","Organic compounds","Organoheterocyclic compounds","Pyridines and derivatives","Pyridinecarboxylic acids and derivatives","Nicotinamides"
"s__Slackia_isoflavoniconvertens","HMDB0004193",0.164863353708755,0.455600178491745,147,82,0.0210097865803476,0.0900434813809123,"N1-Methyl-2-pyridone-5-carboxamide","CN1C=C(C=CC1=O)C(N)=O","Organic compounds","Organoheterocyclic compounds","Pyridines and derivatives","Pyridinecarboxylic acids and derivatives","Nicotinamides"
"s__Anaerotardibacter_sp._CLA_AA_M13","HMDB0004193",0.423533467735491,0.455696202531646,138,80,0.787272899583666,0.864901030170886,"N1-Methyl-2-pyridone-5-carboxamide","CN1C=C(C=CC1=O)C(N)=O","Organic compounds","Organoheterocyclic compounds","Pyridines and derivatives","Pyridinecarboxylic acids and derivatives","Nicotinamides"
"s__Blautia_sp._MSJ_36","HMDB0302502",-0.125573320204193,0.357103209586313,148,82,0.000377522461271255,0.0172019004932654,"Anthemol","CC(C)C1=CC=C(CO)CC1","Organic compounds","Lipids and lipid-like molecules","Prenol lipids","Monoterpenoids","Menthane monoterpenoids"
"s__Prevotella_pectinovora","HMDB0302502",-0.0599840308736443,-0.400949796472185,113,67,0.02131720073605,0.0909774770396166,"Anthemol","CC(C)C1=CC=C(CO)CC1","Organic compounds","Lipids and lipid-like molecules","Prenol lipids","Monoterpenoids","Menthane monoterpenoids"
"s__Ellagibacter_isourolithinifaciens","HMDB0302753",0.282823467669633,0.0270676200737911,140,82,0.0628256660985051,0.173079898507698,"p-Menthan-2,5-diol","CC(C)[C@H]1CC(O)[C@H](C)CC1O","Organic compounds","Lipids and lipid-like molecules","Prenol lipids","Monoterpenoids","Menthane monoterpenoids"
"s__Blautia_sp._MSK20_18","HMDB0301801",0.089797846394108,-0.484245926796617,146,82,1.1389165258657e-05,0.0071694795303246,"Parasorbic acid","CC1CC=CC(=O)O1","Organic compounds","Organoheterocyclic compounds","Pyrans","Pyranones and derivatives","Dihydropyranones"
"s__Clostridium_sp._L2_50","HMDB0301801",-0.0342026825633383,-0.456776556776557,121,64,0.00386874798835793,0.0395528565144385,"Parasorbic acid","CC1CC=CC(=O)O1","Organic compounds","Organoheterocyclic compounds","Pyrans","Pyranones and derivatives","Dihydropyranones"
"s__Clostridium_sp._AF15_41","HMDB0301801",-0.07418989952758,-0.484324242653169,113,62,0.00522730670989138,0.0441689875688138,"Parasorbic acid","CC1CC=CC(=O)O1","Organic compounds","Organoheterocyclic compounds","Pyrans","Pyranones and derivatives","Dihydropyranones"
"s__Gallintestinimicrobium_propionicum","HMDB0000991",-0.0771941644424866,0.404098779943623,148,82,0.000320757596733439,0.0172019004932654,"2-Aminooctanoic acid","CCCCCCC(N)C(O)=O","Organic compounds","Organic acids and derivatives","Carboxylic acids and derivatives","Amino acids, peptides, and analogues","Alpha amino acids"
"s__Blautia_wexlerae","HMDB0002285",-0.275820787230183,-0.222189571293303,149,82,0.679863198018852,0.787095666252674,"2-Indolecarboxylic acid","OC(=O)C1=CC2=C(N1)C=CC=C2","Organic compounds","Organoheterocyclic compounds","Indoles and derivatives","Indolecarboxylic acids and derivatives","Indolecarboxylic acids and derivatives"
"s__Fusicatenibacter_saccharivorans","HMDB0002285",-0.281084708869944,-0.147027132921932,149,82,0.313694673317979,0.472418174291072,"2-Indolecarboxylic acid","OC(=O)C1=CC2=C(N1)C=CC=C2","Organic compounds","Organoheterocyclic compounds","Indoles and derivatives","Indolecarboxylic acids and derivatives","Indolecarboxylic acids and derivatives"
"s__Coprococcus_comes","HMDB0002285",-0.280203156176311,-0.23651244544574,149,82,0.734656908209919,0.82143254656864,"2-Indolecarboxylic acid","OC(=O)C1=CC2=C(N1)C=CC=C2","Organic compounds","Organoheterocyclic compounds","Indoles and derivatives","Indolecarboxylic acids and derivatives","Indolecarboxylic acids and derivatives"
"s__Anaerostipes_hadrus","HMDB0002285",-0.344977326319608,-0.383637531154428,149,82,0.756089939904916,0.837955311919269,"2-Indolecarboxylic acid","OC(=O)C1=CC2=C(N1)C=CC=C2","Organic compounds","Organoheterocyclic compounds","Indoles and derivatives","Indolecarboxylic acids and derivatives","Indolecarboxylic acids and derivatives"
"s__Mogibacterium_kristiansenii","HMDB0002285",0.479963785230672,0.386075949367089,145,80,0.410271279800953,0.563403224443844,"2-Indolecarboxylic acid","OC(=O)C1=CC2=C(N1)C=CC=C2","Organic compounds","Organoheterocyclic compounds","Indoles and derivatives","Indolecarboxylic acids and derivatives","Indolecarboxylic acids and derivatives"
"s__Ruminococcus_torques","HMDB0002285",-0.267846907309995,-0.26361271644845,149,82,0.969854280663668,0.985509716993993,"2-Indolecarboxylic acid","OC(=O)C1=CC2=C(N1)C=CC=C2","Organic compounds","Organoheterocyclic compounds","Indoles and derivatives","Indolecarboxylic acids and derivatives","Indolecarboxylic acids and derivatives"
"s__Blautia_faecis","HMDB0002285",-0.365372755305641,-0.204862811680326,149,82,0.209441281195301,0.362705052303829,"2-Indolecarboxylic acid","OC(=O)C1=CC2=C(N1)C=CC=C2","Organic compounds","Organoheterocyclic compounds","Indoles and derivatives","Indolecarboxylic acids and derivatives","Indolecarboxylic acids and derivatives"
"s__Bacteroides_uniformis","HMDB0002285",-0.304097779877185,0.0949610516066212,145,79,0.00413155234268269,0.0412827333288691,"2-Indolecarboxylic acid","OC(=O)C1=CC2=C(N1)C=CC=C2","Organic compounds","Organoheterocyclic compounds","Indoles and derivatives","Indolecarboxylic acids and derivatives","Indolecarboxylic acids and derivatives"
"s__Lentihominibacter_faecis","HMDB0002285",0.3467536842417,-0.00476513098464318,148,81,0.00927998550198606,0.0593071154670074,"2-Indolecarboxylic acid","OC(=O)C1=CC2=C(N1)C=CC=C2","Organic compounds","Organoheterocyclic compounds","Indoles and derivatives","Indolecarboxylic acids and derivatives","Indolecarboxylic acids and derivatives"
"s__Parolsenella_catena","HMDB0002285",0.328533933258343,0.173247322297955,126,79,0.255323594978354,0.411064457899933,"2-Indolecarboxylic acid","OC(=O)C1=CC2=C(N1)C=CC=C2","Organic compounds","Organoheterocyclic compounds","Indoles and derivatives","Indolecarboxylic acids and derivatives","Indolecarboxylic acids and derivatives"
"s__Collinsella_bouchesdurhonensis","HMDB0002285",0.291100918059586,0.213970932958275,138,80,0.562376736444622,0.69783136597252,"2-Indolecarboxylic acid","OC(=O)C1=CC2=C(N1)C=CC=C2","Organic compounds","Organoheterocyclic compounds","Indoles and derivatives","Indolecarboxylic acids and derivatives","Indolecarboxylic acids and derivatives"
"s__Ruminococcus_flavefaciens","HMDB0002285",0.346024526063665,0.302946202152785,147,82,0.727186980662981,0.81730196480485,"2-Indolecarboxylic acid","OC(=O)C1=CC2=C(N1)C=CC=C2","Organic compounds","Organoheterocyclic compounds","Indoles and derivatives","Indolecarboxylic acids and derivatives","Indolecarboxylic acids and derivatives"
"s__Oscillibacter_valericigenes","HMDB0002285",0.318051877380736,0.298701581393324,149,82,0.873969176715168,0.925422366261057,"2-Indolecarboxylic acid","OC(=O)C1=CC2=C(N1)C=CC=C2","Organic compounds","Organoheterocyclic compounds","Indoles and derivatives","Indolecarboxylic acids and derivatives","Indolecarboxylic acids and derivatives"
"s__Olsenella_uli","HMDB0002285",0.384592662357121,0.197538677918425,141,80,0.149244602327932,0.290865254382145,"2-Indolecarboxylic acid","OC(=O)C1=CC2=C(N1)C=CC=C2","Organic compounds","Organoheterocyclic compounds","Indoles and derivatives","Indolecarboxylic acids and derivatives","Indolecarboxylic acids and derivatives"
"s__Vescimonas_fastidiosa","HMDB0002285",0.391073868660076,0.291344238743592,144,82,0.419457790573449,0.570909602657219,"2-Indolecarboxylic acid","OC(=O)C1=CC2=C(N1)C=CC=C2","Organic compounds","Organoheterocyclic compounds","Indoles and derivatives","Indolecarboxylic acids and derivatives","Indolecarboxylic acids and derivatives"
"s__Faecalicatena_fissicatena","HMDB0002285",-0.31244331579902,-0.131920636475441,149,82,0.173004085289239,0.321256848641817,"2-Indolecarboxylic acid","OC(=O)C1=CC2=C(N1)C=CC=C2","Organic compounds","Organoheterocyclic compounds","Indoles and derivatives","Indolecarboxylic acids and derivatives","Indolecarboxylic acids and derivatives"
"s__Alistipes_putredinis","HMDB0002285",-0.368981904012589,0.024537281861449,124,61,0.0102364504487205,0.0616635938513836,"2-Indolecarboxylic acid","OC(=O)C1=CC2=C(N1)C=CC=C2","Organic compounds","Organoheterocyclic compounds","Indoles and derivatives","Indolecarboxylic acids and derivatives","Indolecarboxylic acids and derivatives"
"s__Oscillibacter_sp._MSJ_31","HMDB0002285",0.307505156820225,0.29873532068654,147,81,0.940626991649881,0.965158420934964,"2-Indolecarboxylic acid","OC(=O)C1=CC2=C(N1)C=CC=C2","Organic compounds","Organoheterocyclic compounds","Indoles and derivatives","Indolecarboxylic acids and derivatives","Indolecarboxylic acids and derivatives"
"s__Pseudoflavonifractor_sp._MSJ_30","HMDB0002285",0.274601405953276,0.272254328968992,148,82,0.981268020255865,0.99310003014641,"2-Indolecarboxylic acid","OC(=O)C1=CC2=C(N1)C=CC=C2","Organic compounds","Organoheterocyclic compounds","Indoles and derivatives","Indolecarboxylic acids and derivatives","Indolecarboxylic acids and derivatives"
"s__Ruminococcus_sp._M6_2020","HMDB0002285",0.306129852630332,0.263482112732774,148,82,0.736750638601239,0.823042638863318,"2-Indolecarboxylic acid","OC(=O)C1=CC2=C(N1)C=CC=C2","Organic compounds","Organoheterocyclic compounds","Indoles and derivatives","Indolecarboxylic acids and derivatives","Indolecarboxylic acids and derivatives"
"s__Pseudoflavonifractor_phocaeensis","HMDB0002285",0.344752403410122,0.198789738901405,149,82,0.257753502209122,0.413218620136493,"2-Indolecarboxylic acid","OC(=O)C1=CC2=C(N1)C=CC=C2","Organic compounds","Organoheterocyclic compounds","Indoles and derivatives","Indolecarboxylic acids and derivatives","Indolecarboxylic acids and derivatives"
"s__Brotomerdimonas_butyrica","HMDB0002285",0.368068515818027,0.133694670280036,147,81,0.0739010271933374,0.191199535697945,"2-Indolecarboxylic acid","OC(=O)C1=CC2=C(N1)C=CC=C2","Organic compounds","Organoheterocyclic compounds","Indoles and derivatives","Indolecarboxylic acids and derivatives","Indolecarboxylic acids and derivatives"
"s__Yeguia_hominis","HMDB0002285",0.307954074402553,0.282963833654401,146,82,0.841308694748718,0.901519806291953,"2-Indolecarboxylic acid","OC(=O)C1=CC2=C(N1)C=CC=C2","Organic compounds","Organoheterocyclic compounds","Indoles and derivatives","Indolecarboxylic acids and derivatives","Indolecarboxylic acids and derivatives"
"s__Clostridium_spiroforme","HMDB0002285",-0.29026277238601,-0.240555352575813,128,69,0.722096003297052,0.815353244978465,"2-Indolecarboxylic acid","OC(=O)C1=CC2=C(N1)C=CC=C2","Organic compounds","Organoheterocyclic compounds","Indoles and derivatives","Indolecarboxylic acids and derivatives","Indolecarboxylic acids and derivatives"
"s__Oribacterium_sp._oral_taxon_102","HMDB0002285",0.350446501854953,0.44521800281294,143,80,0.433247674907632,0.583378420009314,"2-Indolecarboxylic acid","OC(=O)C1=CC2=C(N1)C=CC=C2","Organic compounds","Organoheterocyclic compounds","Indoles and derivatives","Indolecarboxylic acids and derivatives","Indolecarboxylic acids and derivatives"
"s__Dorea_ammoniilytica","HMDB0001514",0.318331069050149,-0.0863572433192686,148,80,0.00326969602150548,0.0377664889089486,"Glucosamine","N[C@H]1C(O)O[C@H](CO)[C@@H](O)[C@@H]1O","Organic compounds","Organic oxygen compounds","Organooxygen compounds","Carbohydrates and carbohydrate conjugates","Hexoses"
"s__Bacteriophage_sp.","HMDB0001514",0.023550246544899,0.42854020979021,120,65,0.00603910720787255,0.0481793769548777,"Glucosamine","N[C@H]1C(O)O[C@H](CO)[C@@H](O)[C@@H]1O","Organic compounds","Organic oxygen compounds","Organooxygen compounds","Carbohydrates and carbohydrate conjugates","Hexoses"
"s__Kineothrix_sp._MSJ_39","HMDB0000707",0.320666920858675,0.261697195285206,148,82,0.642133096150529,0.768484380279007,"4-Hydroxyphenylpyruvic acid","OC(=O)C(=O)CC1=CC=C(O)C=C1","Organic compounds","Benzenoids","Benzene and substituted derivatives","Phenylpyruvic acid derivatives","Phenylpyruvic acid derivatives"
"s__Intestinimonas_sp._MSJ_38","HMDB0000707",0.277671157318907,0.124824501257061,147,82,0.254623662106746,0.410988705887683,"4-Hydroxyphenylpyruvic acid","OC(=O)C(=O)CC1=CC=C(O)C=C1","Organic compounds","Benzenoids","Benzene and substituted derivatives","Phenylpyruvic acid derivatives","Phenylpyruvic acid derivatives"
"s__Dorea_ammoniilytica","HMDB0000707",-0.271110584629281,-0.196718237224566,148,80,0.574978578494933,0.706931670239375,"4-Hydroxyphenylpyruvic acid","OC(=O)C(=O)CC1=CC=C(O)C=C1","Organic compounds","Benzenoids","Benzene and substituted derivatives","Phenylpyruvic acid derivatives","Phenylpyruvic acid derivatives"
"s__Ruminococcus_bromii","HMDB0033830",0.175496137145226,0.366659048116586,148,82,0.141567550825617,0.281891592437109,"Cassiastearoptene","COC1=CC=CC=C1\C=C\C=O","Organic compounds","Phenylpropanoids and polyketides","Cinnamaldehydes",NA,"Cinnamaldehydes"
"s__Slackia_isoflavoniconvertens","HMDB0033830",0.175074991121958,0.376127817503075,147,82,0.121300482351007,0.254105336572243,"Cassiastearoptene","COC1=CC=CC=C1\C=C\C=O","Organic compounds","Phenylpropanoids and polyketides","Cinnamaldehydes",NA,"Cinnamaldehydes"
"s__Senegalimassilia_faecalis","HMDB0033830",0.0782898052905707,0.431571815718157,137,81,0.00747359402323389,0.0547049702049504,"Cassiastearoptene","COC1=CC=CC=C1\C=C\C=O","Organic compounds","Phenylpropanoids and polyketides","Cinnamaldehydes",NA,"Cinnamaldehydes"
"s__Anaerotardibacter_sp._CLA_AA_M13","HMDB0033830",0.40613577053305,0.392451945616503,138,80,0.903682197844338,0.941834343614256,"Cassiastearoptene","COC1=CC=CC=C1\C=C\C=O","Organic compounds","Phenylpropanoids and polyketides","Cinnamaldehydes",NA,"Cinnamaldehydes"
"s__Blautia_schinkii","HMDB0000849",-0.289874841284237,-0.111633525973814,149,82,0.182862525777004,0.33256991917511,"Rhamnose","C[C@@H]1OC(O)[C@H](O)[C@H](O)[C@H]1O","Organic compounds","Organic oxygen compounds","Organooxygen compounds","Carbohydrates and carbohydrate conjugates","Hexoses"
"s__Ellagibacter_isourolithinifaciens","HMDB0001886",0.0195272353545735,0.37018534843983,140,82,0.00940177335880691,0.0594815711494367,"3-Methylxanthine","CN1C2=C(NC=N2)C(=O)NC1=O","Organic compounds","Organoheterocyclic compounds","Imidazopyrimidines","Purines and purine derivatives","Xanthines"
"s__Anaerotardibacter_sp._CLA_AA_M13","HMDB0001886",0.294297345367121,0.198992030004688,138,80,0.47608693956191,0.62307012152645,"3-Methylxanthine","CN1C2=C(NC=N2)C(=O)NC1=O","Organic compounds","Organoheterocyclic compounds","Imidazopyrimidines","Purines and purine derivatives","Xanthines"
"s__Blautia_glucerasea","HMDB0032462",-0.295860692907673,-0.145133379044634,149,82,0.255826170240548,0.411347571306322,"Pentyl 2-furyl ketone","CCCCCC(=O)C1=CC=CO1","Organic compounds","Organic oxygen compounds","Organooxygen compounds","Carbonyl compounds","Aryl alkyl ketones"
"s__Ellagibacter_isourolithinifaciens","HMDB0059713",-0.0706435459535107,0.417964541091194,140,82,0.000280815702849112,0.0172019004932654,"3-Methoxysalicylic acid","COC1=CC=CC(C(O)=O)=C1O","Organic compounds","Benzenoids","Benzene and substituted derivatives","Benzoic acids and derivatives","M-methoxybenzoic acids and derivatives"
"s__Gallintestinimicrobium_propionicum","HMDB0000439",0.312904193057597,-0.16655238841545,148,82,0.000460867463250277,0.0182354130397927,"2-Furoylglycine","OC(=O)CNC(=O)C1=CC=CO1","Organic compounds","Organic acids and derivatives","Carboxylic acids and derivatives","Amino acids, peptides, and analogues","N-acyl-alpha amino acids"
"s__Blautia_sp._MCC270","HMDB0000439",-0.294362914081224,-0.0877548132911048,143,82,0.126784574975313,0.262535822193946,"2-Furoylglycine","OC(=O)CNC(=O)C1=CC=CO1","Organic compounds","Organic acids and derivatives","Carboxylic acids and derivatives","Amino acids, peptides, and analogues","N-acyl-alpha amino acids"
"s__Terrisporobacter_glycolicus","HMDB0000439",-0.0876892460387435,0.430357142857143,106,64,0.000752459464874149,0.0206660911342108,"2-Furoylglycine","OC(=O)CNC(=O)C1=CC=CO1","Organic compounds","Organic acids and derivatives","Carboxylic acids and derivatives","Amino acids, peptides, and analogues","N-acyl-alpha amino acids"
"s__Prevotella_sp._P5_64","HMDB0000126",-0.376193426826338,-0.18368005160458,78,53,0.251970034665619,0.40983633537838,"Glycerol 3-phosphate","OC[C@@H](O)COP(O)(O)=O","Organic compounds","Lipids and lipid-like molecules","Glycerophospholipids","Glycerophosphates","Glycerophosphates"
"s__Dorea_ammoniilytica","HMDB0000893",-0.286147399282586,0.0437177684013127,148,80,0.0168975803893757,0.0805835367811514,"Suberic acid","OC(=O)CCCCCCC(O)=O","Organic compounds","Lipids and lipid-like molecules","Fatty Acyls","Fatty acids and conjugates","Medium-chain fatty acids"
"s__Blautia_wexlerae","HMDB0000517",0.283435516052966,-0.0284171918024401,149,82,0.0224977738300269,0.0930977296429291,"Arginine","N[C@@H](CCCNC(N)=N)C(O)=O","Organic compounds","Organic acids and derivatives","Carboxylic acids and derivatives","Amino acids, peptides, and analogues","L-alpha-amino acids"
"s__Ruminococcus_gnavus","HMDB0000517",0.282684563758389,0.133096069916522,149,82,0.262275322590949,0.416925039320713,"Arginine","N[C@@H](CCCNC(N)=N)C(O)=O","Organic compounds","Organic acids and derivatives","Carboxylic acids and derivatives","Amino acids, peptides, and analogues","L-alpha-amino acids"
"s__Vescimonas_coprocola","HMDB0000517",-0.29166682090939,-0.194545118141944,148,82,0.45904516957564,0.608996700206249,"Arginine","N[C@@H](CCCNC(N)=N)C(O)=O","Organic compounds","Organic acids and derivatives","Carboxylic acids and derivatives","Amino acids, peptides, and analogues","L-alpha-amino acids"
"s__Oscillibacter_valericigenes","HMDB0000517",-0.321962633774714,-0.00316714010513599,149,82,0.0182819662882292,0.0836145536303704,"Arginine","N[C@@H](CCCNC(N)=N)C(O)=O","Organic compounds","Organic acids and derivatives","Carboxylic acids and derivatives","Amino acids, peptides, and analogues","L-alpha-amino acids"
"s__Pseudoflavonifractor_sp._MSJ_30","HMDB0000517",-0.277444407837505,0.0244555457602769,148,82,0.0274875764642832,0.102387156119919,"Arginine","N[C@@H](CCCNC(N)=N)C(O)=O","Organic compounds","Organic acids and derivatives","Carboxylic acids and derivatives","Amino acids, peptides, and analogues","L-alpha-amino acids"
"s__Intestinimonas_sp._MSJ_38","HMDB0000517",-0.270904955836463,-0.0771759123213722,147,82,0.153033982233319,0.29425547046053,"Arginine","N[C@@H](CCCNC(N)=N)C(O)=O","Organic compounds","Organic acids and derivatives","Carboxylic acids and derivatives","Amino acids, peptides, and analogues","L-alpha-amino acids"
"s__Slackia_isoflavoniconvertens","HMDB0240652",0.0532758086574134,0.401203730912811,147,82,0.00831909904477778,0.0569148392593475,"3-Hydroxypyridine sulfate","OS(=O)(=O)OC1=CN=CC=C1","Organic compounds","Organic acids and derivatives","Organic sulfuric acids and derivatives","Arylsulfates","Arylsulfates"
"s__Ellagibacter_isourolithinifaciens","HMDB0240652",0.0632656185082329,0.422992784144709,140,82,0.00634325773979652,0.0491866399663981,"3-Hydroxypyridine sulfate","OS(=O)(=O)OC1=CN=CC=C1","Organic compounds","Organic acids and derivatives","Organic sulfuric acids and derivatives","Arylsulfates","Arylsulfates"
"s__Anaerotardibacter_sp._CLA_AA_M13","HMDB0240652",0.353417551582346,0.438654477262072,138,80,0.484946964601937,0.630731640944048,"3-Hydroxypyridine sulfate","OS(=O)(=O)OC1=CN=CC=C1","Organic compounds","Organic acids and derivatives","Organic sulfuric acids and derivatives","Arylsulfates","Arylsulfates"
"s__Dorea_sp._AF24_7LB","HMDB0003363",0.107885212581886,-0.381150495074546,147,78,0.000371618818768564,0.0172019004932654,"Pectic acid","O[C@H]1O[C@@H]([C@H](O)[C@H](O)[C@H]1O)C(O)=O","Organic compounds","Organic oxygen compounds","Organooxygen compounds","Carbohydrates and carbohydrate conjugates","Glucuronic acid derivatives"
"s__Collinsella_aerofaciens","HMDB0246328",-0.314478505350989,0.112286544552193,149,82,0.00177600330890089,0.0302454762710777,"4-Acetamidobenzoic acid","CC(=O)NC1=CC=C(C=C1)C(O)=O","Organic compounds","Benzenoids","Benzene and substituted derivatives","Benzoic acids and derivatives","Benzoic acids"
"s__Paraprevotella_clara","HMDB0031340",0.0652291105121294,-0.462013044244668,105,62,0.000602691018927998,0.0206660911342108,"Cyclamic acid","OS(=O)(=O)NC1CCCCC1","Organic compounds","Organic acids and derivatives","Sulfamic acid derivatives","Cyclamates","Cyclamates"
"s__Anaerotardibacter_sp._CLA_AA_M13","HMDB0000122",0.159348750767713,0.402578527894984,138,80,0.0644743202233375,0.17532001978657,"Glucose","OC[C@H]1O[C@@H](O)[C@H](O)[C@@H](O)[C@@H]1O","Organic compounds","Organic oxygen compounds","Organooxygen compounds","Carbohydrates and carbohydrate conjugates","Hexoses"
"s__Parabacteroides_merdae","HMDB0000122",-0.0245518848967125,0.406012658227848,144,79,0.00146658785900946,0.0293084780078239,"Glucose","OC[C@H]1O[C@@H](O)[C@H](O)[C@@H](O)[C@@H]1O","Organic compounds","Organic oxygen compounds","Organooxygen compounds","Carbohydrates and carbohydrate conjugates","Hexoses"
"s__Ellagibacter_isourolithinifaciens","HMDB0001889",0.007657825107695,0.361217226630098,140,82,0.00910915650333148,0.0590954055439842,"Theophylline","CN1C2=C(NC=N2)C(=O)N(C)C1=O","Organic compounds","Organoheterocyclic compounds","Imidazopyrimidines","Purines and purine derivatives","Xanthines"
"s__Coprococcus_eutactus","HMDB0001889",-0.0513658625068021,-0.373668114191182,149,82,0.0151768707963628,0.0761262164646244,"Theophylline","CN1C2=C(NC=N2)C(=O)N(C)C1=O","Organic compounds","Organoheterocyclic compounds","Imidazopyrimidines","Purines and purine derivatives","Xanthines"
"s__Anaerotardibacter_sp._CLA_AA_M13","HMDB0001889",0.287845128530625,0.164392873886545,138,80,0.361529345112487,0.519595257416233,"Theophylline","CN1C2=C(NC=N2)C(=O)N(C)C1=O","Organic compounds","Organoheterocyclic compounds","Imidazopyrimidines","Purines and purine derivatives","Xanthines"
"s__Butyricicoccus_faecihominis","HMDB0001889",0.275997551927102,0.0196449755662215,147,82,0.0604446756108822,0.168735801760756,"Theophylline","CN1C2=C(NC=N2)C(=O)N(C)C1=O","Organic compounds","Organoheterocyclic compounds","Imidazopyrimidines","Purines and purine derivatives","Xanthines"
"s__Bifidobacterium_catenulatum","HMDB0253675",0.354391095461192,0.063568010936432,93,56,0.0777050535730826,0.196322334590093,"Isopropyl 4-hydroxybenzoate","CC(C)OC(=O)C1=CC=C(O)C=C1","Organic compounds","Benzenoids","Benzene and substituted derivatives","Benzoic acids and derivatives","p-Hydroxybenzoic acid alkyl esters"
"s__Parolsenella_massiliensis","HMDB0253675",0.00734426756360954,-0.400607182524991,118,74,0.00448358951356494,0.0422566825128552,"Isopropyl 4-hydroxybenzoate","CC(C)OC(=O)C1=CC=C(O)C=C1","Organic compounds","Benzenoids","Benzene and substituted derivatives","Benzoic acids and derivatives","p-Hydroxybenzoic acid alkyl esters"
"s__Ruminococcus_bromii","HMDB0000158",-0.289926962985448,-0.231092391245198,148,82,0.64932935388148,0.769549693310133,"Tyrosine","N[C@@H](CC1=CC=C(O)C=C1)C(O)=O","Organic compounds","Organic acids and derivatives","Carboxylic acids and derivatives","Amino acids, peptides, and analogues","Tyrosine and derivatives"
"s__Vescimonas_coprocola","HMDB0000158",-0.280668697734853,-0.122647772662466,148,82,0.238192092466242,0.394562966150201,"Tyrosine","N[C@@H](CC1=CC=C(O)C=C1)C(O)=O","Organic compounds","Organic acids and derivatives","Carboxylic acids and derivatives","Amino acids, peptides, and analogues","Tyrosine and derivatives"
"s__Oscillibacter_valericigenes","HMDB0000158",-0.319539270814439,-0.00181756837648698,149,82,0.0187644126299068,0.08407258185428,"Tyrosine","N[C@@H](CC1=CC=C(O)C=C1)C(O)=O","Organic compounds","Organic acids and derivatives","Carboxylic acids and derivatives","Amino acids, peptides, and analogues","Tyrosine and derivatives"
"s__Dysosmobacter_welbionis","HMDB0000158",-0.303963942686191,0.0640412564463197,145,80,0.00779872876155235,0.055467529997384,"Tyrosine","N[C@@H](CC1=CC=C(O)C=C1)C(O)=O","Organic compounds","Organic acids and derivatives","Carboxylic acids and derivatives","Amino acids, peptides, and analogues","Tyrosine and derivatives"
"s__Dorea_ammoniilytica","HMDB0000158",0.284103991678297,0.0997421472105016,148,80,0.173923185712561,0.321756494678279,"Tyrosine","N[C@@H](CC1=CC=C(O)C=C1)C(O)=O","Organic compounds","Organic acids and derivatives","Carboxylic acids and derivatives","Amino acids, peptides, and analogues","Tyrosine and derivatives"
"s__Anaerotardibacter_sp._CLA_AA_M13","HMDB0003099",0.347965359860636,0.195663384903891,138,80,0.2482864669554,0.406492408188359,"1-Methyluric acid","CN1C(=O)NC2=C(NC(=O)N2)C1=O","Organic compounds","Organoheterocyclic compounds","Imidazopyrimidines","Purines and purine derivatives","Xanthines"
"s__Butyricicoccus_faecihominis","HMDB0003099",0.274743292355817,0.126631185990575,147,82,0.269770360077017,0.425082457242758,"1-Methyluric acid","CN1C(=O)NC2=C(NC(=O)N2)C1=O","Organic compounds","Organoheterocyclic compounds","Imidazopyrimidines","Purines and purine derivatives","Xanthines"
"s__Oscillibacter_sp._ER4","HMDB0000017",-0.310643993071957,0.0166193228197342,145,82,0.0164469987334309,0.0791433482753677,"4-Pyridoxic acid","CC1=NC=C(CO)C(C(O)=O)=C1O","Organic compounds","Organoheterocyclic compounds","Pyridines and derivatives","Pyridinecarboxylic acids and derivatives","Pyridinecarboxylic acids"
"s__Lentihominibacter_faecis","HMDB0000017",-0.271554803673692,-0.132723577235772,148,81,0.301987267034482,0.459736359366883,"4-Pyridoxic acid","CC1=NC=C(CO)C(C(O)=O)=C1O","Organic compounds","Organoheterocyclic compounds","Pyridines and derivatives","Pyridinecarboxylic acids and derivatives","Pyridinecarboxylic acids"
"s__Mediterraneibacter_glycyrrhizinilyticus","HMDB0000017",0.324502085978596,0.0861222668451584,149,82,0.0737284359362408,0.191199535697945,"4-Pyridoxic acid","CC1=NC=C(CO)C(C(O)=O)=C1O","Organic compounds","Organoheterocyclic compounds","Pyridines and derivatives","Pyridinecarboxylic acids and derivatives","Pyridinecarboxylic acids"
"s__Anaerotardibacter_sp._CLA_AA_M13","HMDB0061679",0.295648977485736,0.332653539615565,138,80,0.779203407594387,0.858282668557597,"3,4,5,6-Tetrahydrohippuric acid","OC(=O)CNC(=O)C1=CCCCC1","Organic compounds","Organic acids and derivatives","Carboxylic acids and derivatives","Amino acids, peptides, and analogues","N-acyl-alpha amino acids"
"s__Anaerotardibacter_sp._CLA_AA_M13","HMDB0094728",0.259734833523216,0.363103609939053,138,80,0.42763733063145,0.577677467022527,"2-Hepteneoylglycine","CCCCC=CC(=O)C(N)C(O)=O","Organic compounds","Organic acids and derivatives","Carboxylic acids and derivatives","Amino acids, peptides, and analogues","Alpha amino acids"
"s__Blautia_wexlerae","HMDB0011635",-0.365307455106113,-0.263808622021963,149,82,0.417686445725526,0.569120384381426,"p-Cresol sulfate","CC1=CC=C(OS(O)(=O)=O)C=C1","Organic compounds","Organic acids and derivatives","Organic sulfuric acids and derivatives","Arylsulfates","Phenylsulfates"
"s__Faecalibacterium_prausnitzii","HMDB0011635",-0.326482858697624,-0.106997094067326,149,82,0.0980948405517347,0.224957020500244,"p-Cresol sulfate","CC1=CC=C(OS(O)(=O)=O)C=C1","Organic compounds","Organic acids and derivatives","Organic sulfuric acids and derivatives","Arylsulfates","Phenylsulfates"
"s__Dorea_longicatena","HMDB0011635",-0.270709232722656,-0.285053493105212,149,82,0.916178958630556,0.950922760853973,"p-Cresol sulfate","CC1=CC=C(OS(O)(=O)=O)C=C1","Organic compounds","Organic acids and derivatives","Organic sulfuric acids and derivatives","Arylsulfates","Phenylsulfates"
"s__Fusicatenibacter_saccharivorans","HMDB0011635",-0.271881008525304,-0.145677561193283,149,82,0.344053948374861,0.502679250248803,"p-Cresol sulfate","CC1=CC=C(OS(O)(=O)=O)C=C1","Organic compounds","Organic acids and derivatives","Organic sulfuric acids and derivatives","Arylsulfates","Phenylsulfates"
"s__Coprococcus_comes","HMDB0011635",-0.326272446943588,-0.336141313220361,149,82,0.942282082489171,0.965604343013086,"p-Cresol sulfate","CC1=CC=C(OS(O)(=O)=O)C=C1","Organic compounds","Organic acids and derivatives","Organic sulfuric acids and derivatives","Arylsulfates","Phenylsulfates"
"s__Methanobrevibacter_smithii","HMDB0011635",0.507230799296463,0.375342686663441,85,53,0.357919581626192,0.515584385889446,"p-Cresol sulfate","CC1=CC=C(OS(O)(=O)=O)C=C1","Organic compounds","Organic acids and derivatives","Organic sulfuric acids and derivatives","Arylsulfates","Phenylsulfates"
"s__Oliverpabstia_intestinalis","HMDB0011635",-0.301783909645846,-0.188324299909666,148,81,0.388716857927462,0.54498276629251,"p-Cresol sulfate","CC1=CC=C(OS(O)(=O)=O)C=C1","Organic compounds","Organic acids and derivatives","Organic sulfuric acids and derivatives","Arylsulfates","Phenylsulfates"
"s__Ruminococcus_gnavus","HMDB0011635",-0.312657355341919,-0.204013887528434,149,82,0.403113766177684,0.558328087588233,"p-Cresol sulfate","CC1=CC=C(OS(O)(=O)=O)C=C1","Organic compounds","Organic acids and derivatives","Organic sulfuric acids and derivatives","Arylsulfates","Phenylsulfates"
"s__Oscillibacter_sp._ER4","HMDB0011635",0.321791843804125,0.269881694800884,145,82,0.68227592506645,0.787337662381907,"p-Cresol sulfate","CC1=CC=C(OS(O)(=O)=O)C=C1","Organic compounds","Organic acids and derivatives","Organic sulfuric acids and derivatives","Arylsulfates","Phenylsulfates"
"s__Roseburia_intestinalis","HMDB0011635",-0.351086522764375,-0.208955061438165,149,82,0.268003816194856,0.423358600488486,"p-Cresol sulfate","CC1=CC=C(OS(O)(=O)=O)C=C1","Organic compounds","Organic acids and derivatives","Organic sulfuric acids and derivatives","Arylsulfates","Phenylsulfates"
"s__Vescimonas_coprocola","HMDB0011635",0.452829490221628,0.387708013626321,148,82,0.567226873317413,0.700135915202571,"p-Cresol sulfate","CC1=CC=C(OS(O)(=O)=O)C=C1","Organic compounds","Organic acids and derivatives","Organic sulfuric acids and derivatives","Arylsulfates","Phenylsulfates"
"s__Eubacterium_ramulus","HMDB0011635",-0.325372755305641,-0.236969558450605,149,82,0.489856143646547,0.635802974073198,"p-Cresol sulfate","CC1=CC=C(OS(O)(=O)=O)C=C1","Organic compounds","Organic acids and derivatives","Organic sulfuric acids and derivatives","Arylsulfates","Phenylsulfates"
"s__Evtepia_gabavorous","HMDB0011635",0.336115119872458,0.193992773261066,147,81,0.275574745359254,0.431528114934454,"p-Cresol sulfate","CC1=CC=C(OS(O)(=O)=O)C=C1","Organic compounds","Organic acids and derivatives","Organic sulfuric acids and derivatives","Arylsulfates","Phenylsulfates"
"s__Ruminococcus_flavefaciens","HMDB0011635",0.303950162071493,0.263046767013855,147,82,0.74752293678261,0.830654348993209,"p-Cresol sulfate","CC1=CC=C(OS(O)(=O)=O)C=C1","Organic compounds","Organic acids and derivatives","Organic sulfuric acids and derivatives","Arylsulfates","Phenylsulfates"
"s__Oscillibacter_valericigenes","HMDB0011635",0.486497369853075,0.391734961526322,149,82,0.396643785228937,0.553630294460346,"p-Cresol sulfate","CC1=CC=C(OS(O)(=O)=O)C=C1","Organic compounds","Organic acids and derivatives","Organic sulfuric acids and derivatives","Arylsulfates","Phenylsulfates"
"s__Ruthenibacterium_lactatiformans","HMDB0011635",0.338574278976964,0.175847019514372,149,82,0.21092764063242,0.364268916296166,"p-Cresol sulfate","CC1=CC=C(OS(O)(=O)=O)C=C1","Organic compounds","Organic acids and derivatives","Organic sulfuric acids and derivatives","Arylsulfates","Phenylsulfates"
"s__Flavonifractor_plautii","HMDB0011635",0.487411572646472,0.258410335107367,149,82,0.0548229203390488,0.159404288006611,"p-Cresol sulfate","CC1=CC=C(OS(O)(=O)=O)C=C1","Organic compounds","Organic acids and derivatives","Organic sulfuric acids and derivatives","Arylsulfates","Phenylsulfates"
"s__Gallintestinimicrobium_propionicum","HMDB0011635",-0.293843494227003,-0.0961352183802962,148,82,0.140853702838812,0.281891592437109,"p-Cresol sulfate","CC1=CC=C(OS(O)(=O)=O)C=C1","Organic compounds","Organic acids and derivatives","Organic sulfuric acids and derivatives","Arylsulfates","Phenylsulfates"
"s__Vescimonas_fastidiosa","HMDB0011635",0.547359537014709,0.406166672108488,144,82,0.189997292355482,0.34076400043689,"p-Cresol sulfate","CC1=CC=C(OS(O)(=O)=O)C=C1","Organic compounds","Organic acids and derivatives","Organic sulfuric acids and derivatives","Arylsulfates","Phenylsulfates"
"s__Oscillibacter_sp._MSJ_31","HMDB0011635",0.446036615312545,0.391260162601626,147,81,0.631783275718026,0.759708829158543,"p-Cresol sulfate","CC1=CC=C(OS(O)(=O)=O)C=C1","Organic compounds","Organic acids and derivatives","Organic sulfuric acids and derivatives","Arylsulfates","Phenylsulfates"
"s__Pseudoflavonifractor_sp._MSJ_30","HMDB0011635",0.396665395706623,0.419988898684168,148,82,0.848297846430828,0.905090668352892,"p-Cresol sulfate","CC1=CC=C(OS(O)(=O)=O)C=C1","Organic compounds","Organic acids and derivatives","Organic sulfuric acids and derivatives","Arylsulfates","Phenylsulfates"
"s__Ruminococcus_sp._Marseille_P6503","HMDB0011635",0.323078890109112,0.313994374120956,138,80,0.939055975301198,0.965119569717722,"p-Cresol sulfate","CC1=CC=C(OS(O)(=O)=O)C=C1","Organic compounds","Organic acids and derivatives","Organic sulfuric acids and derivatives","Arylsulfates","Phenylsulfates"
"s__Ruminococcus_sp._M6_2020","HMDB0011635",0.364948155935692,0.288057378565754,148,82,0.535385022552336,0.67404974339339,"p-Cresol sulfate","CC1=CC=C(OS(O)(=O)=O)C=C1","Organic compounds","Organic acids and derivatives","Organic sulfuric acids and derivatives","Arylsulfates","Phenylsulfates"
"s__Pseudoflavonifractor_phocaeensis","HMDB0011635",0.483406493742064,0.369488795289559,149,82,0.31534862676791,0.47402737556249,"p-Cresol sulfate","CC1=CC=C(OS(O)(=O)=O)C=C1","Organic compounds","Organic acids and derivatives","Organic sulfuric acids and derivatives","Arylsulfates","Phenylsulfates"
"s__Faecalibacterium_sp._Marseille_Q4896","HMDB0011635",-0.304282616415689,-0.359207108680793,147,76,0.674252587173473,0.785276602452731,"p-Cresol sulfate","CC1=CC=C(OS(O)(=O)=O)C=C1","Organic compounds","Organic acids and derivatives","Organic sulfuric acids and derivatives","Arylsulfates","Phenylsulfates"
"s__Brotomerdimonas_butyrica","HMDB0011635",0.405518742113654,0.15377145438121,147,81,0.050618106941651,0.151014683979949,"p-Cresol sulfate","CC1=CC=C(OS(O)(=O)=O)C=C1","Organic compounds","Organic acids and derivatives","Organic sulfuric acids and derivatives","Arylsulfates","Phenylsulfates"
"s__Oscillibacter_sp._MCC667","HMDB0011635",0.394100030725151,0.353297199638663,148,81,0.730832728633986,0.819339630765973,"p-Cresol sulfate","CC1=CC=C(OS(O)(=O)=O)C=C1","Organic compounds","Organic acids and derivatives","Organic sulfuric acids and derivatives","Arylsulfates","Phenylsulfates"
"s__Faecalibacterium_sp._AF27_11BH","HMDB0011635",-0.277236752046118,-0.0658227848101266,146,80,0.122616956198153,0.256011190470107,"p-Cresol sulfate","CC1=CC=C(OS(O)(=O)=O)C=C1","Organic compounds","Organic acids and derivatives","Organic sulfuric acids and derivatives","Arylsulfates","Phenylsulfates"
"s__Yeguia_hominis","HMDB0011635",0.360905401366971,0.380546576550103,146,82,0.877163094912273,0.926466725247107,"p-Cresol sulfate","CC1=CC=C(OS(O)(=O)=O)C=C1","Organic compounds","Organic acids and derivatives","Organic sulfuric acids and derivatives","Arylsulfates","Phenylsulfates"
"s__Dysosmobacter_sp._BX15","HMDB0011635",0.478850510445085,0.395822041553749,146,81,0.461602433569278,0.611744698803917,"p-Cresol sulfate","CC1=CC=C(OS(O)(=O)=O)C=C1","Organic compounds","Organic acids and derivatives","Organic sulfuric acids and derivatives","Arylsulfates","Phenylsulfates"
"s__Intestinimonas_butyriciproducens","HMDB0011635",0.442129512062398,0.271927819679803,149,82,0.160277738430241,0.304818236682286,"p-Cresol sulfate","CC1=CC=C(OS(O)(=O)=O)C=C1","Organic compounds","Organic acids and derivatives","Organic sulfuric acids and derivatives","Arylsulfates","Phenylsulfates"
"s__Phocea_massiliensis","HMDB0011635",0.38114757194992,0.332179667178198,147,82,0.684602885755773,0.788577340500017,"p-Cresol sulfate","CC1=CC=C(OS(O)(=O)=O)C=C1","Organic compounds","Organic acids and derivatives","Organic sulfuric acids and derivatives","Arylsulfates","Phenylsulfates"
"s__Intestinimonas_sp._MSJ_38","HMDB0011635",0.275136192944412,0.359236403609016,147,82,0.50964312697387,0.651411874984875,"p-Cresol sulfate","CC1=CC=C(OS(O)(=O)=O)C=C1","Organic compounds","Organic acids and derivatives","Organic sulfuric acids and derivatives","Arylsulfates","Phenylsulfates"
"s__Dysosmobacter_welbionis","HMDB0011635",0.413671075421194,0.19760900140647,145,80,0.0904530106829008,0.215682462973053,"p-Cresol sulfate","CC1=CC=C(OS(O)(=O)=O)C=C1","Organic compounds","Organic acids and derivatives","Organic sulfuric acids and derivatives","Arylsulfates","Phenylsulfates"
"s__Ruminococcus_champanellensis","HMDB0011635",0.334647971147821,0.204571026722925,142,80,0.322096414185268,0.481043161873372,"p-Cresol sulfate","CC1=CC=C(OS(O)(=O)=O)C=C1","Organic compounds","Organic acids and derivatives","Organic sulfuric acids and derivatives","Arylsulfates","Phenylsulfates"
"s__Pseudoflavonifractor_capillosus","HMDB0011635",0.446744059495737,0.421730281559844,149,82,0.819202767214008,0.887587163444437,"p-Cresol sulfate","CC1=CC=C(OS(O)(=O)=O)C=C1","Organic compounds","Organic acids and derivatives","Organic sulfuric acids and derivatives","Arylsulfates","Phenylsulfates"
"s__Qingrenia_yutianensis","HMDB0011635",0.361736268426409,0.304366519556393,143,78,0.648347022766116,0.769549693310133,"p-Cresol sulfate","CC1=CC=C(OS(O)(=O)=O)C=C1","Organic compounds","Organic acids and derivatives","Organic sulfuric acids and derivatives","Arylsulfates","Phenylsulfates"
"s__Blautia_schinkii","HMDB0033201",-0.137424269907491,0.373167466614425,149,82,0.000158281552747367,0.0156020745146739,"9-Hydroxydecanoic acid","CC(O)CCCCCCCC(O)=O","Organic compounds","Organic acids and derivatives","Hydroxy acids and derivatives","Medium-chain hydroxy acids and derivatives","Medium-chain hydroxy acids and derivatives"
"s__Clostridium_sp._AF15_31","HMDB0033201",-0.0897922312556459,-0.469503546099291,81,46,0.028993536303052,0.104588632982473,"9-Hydroxydecanoic acid","CC(O)CCCCCCCC(O)=O","Organic compounds","Organic acids and derivatives","Hydroxy acids and derivatives","Medium-chain hydroxy acids and derivatives","Medium-chain hydroxy acids and derivatives"
"s__Clostridium_sp._AF36_4","HMDB0061116",0.283366292205183,-0.0259607552758238,132,74,0.0324563536755001,0.113507081326263,"2-aminophenol sulphate","NC1=CC=CC=C1OS(O)(=O)=O","Organic compounds","Organic acids and derivatives","Organic sulfuric acids and derivatives","Arylsulfates","Phenylsulfates"
"s__Subdoligranulum_sp._APC924_74","HMDB0245498",0.00230993903093615,0.377461607949413,148,81,0.00519361429396745,0.0441689875688138,"2,5-Dihydroxybenzenesulfonic Acid","OC1=CC(=C(O)C=C1)S(O)(=O)=O","Organic compounds","Benzenoids","Benzene and substituted derivatives","Benzenesulfonic acids and derivatives","Benzenesulfonic acids and derivatives"
"s__Anaerotardibacter_sp._CLA_AA_M13","HMDB0245498",0.427396578452884,0.520581340834505,138,80,0.405892407627993,0.561292431019373,"2,5-Dihydroxybenzenesulfonic Acid","OC1=CC(=C(O)C=C1)S(O)(=O)=O","Organic compounds","Benzenoids","Benzene and substituted derivatives","Benzenesulfonic acids and derivatives","Benzenesulfonic acids and derivatives"
"s__Holdemanella_sp._MSK_7_32","HMDB0013292",0.295322407569993,0.117592592592593,135,81,0.193071271387739,0.342844472041133,"p-Methylhippuric acid","CC1=CC=C(C=C1)C(=O)NCC(O)=O","Organic compounds","Benzenoids","Benzene and substituted derivatives","Benzoic acids and derivatives","Hippuric acids"
"s__Subdoligranulum_sp._APC924_74","HMDB0000955",-0.0478053728293421,0.361585365853659,148,81,0.00252376135062139,0.0327568612415705,"Isoferulic acid","COC1=C(O)C=C(\C=C\C(O)=O)C=C1","Organic compounds","Phenylpropanoids and polyketides","Cinnamic acids and derivatives","Hydroxycinnamic acids and derivatives","Hydroxycinnamic acids"
"s__Anaerotardibacter_sp._CLA_AA_M13","HMDB0000955",0.222907424615687,0.42022972339428,138,80,0.124441069896262,0.258588358050771,"Isoferulic acid","COC1=C(O)C=C(\C=C\C(O)=O)C=C1","Organic compounds","Phenylpropanoids and polyketides","Cinnamic acids and derivatives","Hydroxycinnamic acids and derivatives","Hydroxycinnamic acids"
"s__Faecalibacterium_prausnitzii","HMDB0029388",-0.308169780518774,-0.102338894874893,149,82,0.122997359526499,0.256380257688514,"Cucurbic acid","CC\C=C\CC1C(O)CCC1CC(O)=O","Organic compounds","Lipids and lipid-like molecules","Fatty Acyls","Lineolic acids and derivatives","Jasmonic acids"
"s__Ruthenibacterium_lactatiformans","HMDB0029388",0.267680029022311,0.0368193641775775,149,82,0.0899255628426719,0.214831657720918,"Cucurbic acid","CC\C=C\CC1C(O)CCC1CC(O)=O","Organic compounds","Lipids and lipid-like molecules","Fatty Acyls","Lineolic acids and derivatives","Jasmonic acids"
"s__Suilimivivens_aceti","HMDB0002404",-0.0452363060224997,0.448416974129581,148,82,0.000173494077208447,0.0156020745146739,"Alpha-Hydroxyhippuric acid","OC(NC(=O)C1=CC=CC=C1)C(O)=O","Organic compounds","Benzenoids","Benzene and substituted derivatives","Benzoic acids and derivatives","Hippuric acids"
"s__Ellagibacter_isourolithinifaciens","HMDB0001229",-0.0042378255450351,0.37808687323821,140,82,0.00466332220411967,0.0430787171707458,"Dopaquinone","N[C@@H](CC1=CC(=O)C(=O)C=C1)C(O)=O","Organic compounds","Organic acids and derivatives","Carboxylic acids and derivatives","Amino acids, peptides, and analogues","L-alpha-amino acids"
"s__Butyricicoccus_faecihominis","HMDB0001229",0.273084798525112,0.0150303109456797,147,82,0.0590429368031226,0.165926467489132,"Dopaquinone","N[C@@H](CC1=CC(=O)C(=O)C=C1)C(O)=O","Organic compounds","Organic acids and derivatives","Carboxylic acids and derivatives","Amino acids, peptides, and analogues","L-alpha-amino acids"
"s__Mediterraneibacter_faecis","HMDB0062551",0.0672846000362779,0.37362457961929,149,82,0.0206800106303602,0.0892274182646128,"4-Ethylphenylsulfate","CCC1=CC=C(OS(O)(=O)=O)C=C1",NA,NA,NA,NA,NA
"s__Slackia_isoflavoniconvertens","HMDB0062551",0.147662619286885,0.395805443998215,147,82,0.0556207017810982,0.160611154913767,"4-Ethylphenylsulfate","CCC1=CC=C(OS(O)(=O)=O)C=C1",NA,NA,NA,NA,NA
"s__Collinsella_tanakaei","HMDB0062551",0.284985554351752,0.0713729308666017,143,79,0.120780663561029,0.253438092372225,"4-Ethylphenylsulfate","CCC1=CC=C(OS(O)(=O)=O)C=C1",NA,NA,NA,NA,NA
"s__Suilimivivens_aceti","HMDB0062551",-0.166907902286618,-0.372144404174965,148,82,0.114514370891253,0.246958905861247,"4-Ethylphenylsulfate","CCC1=CC=C(OS(O)(=O)=O)C=C1",NA,NA,NA,NA,NA
"s__Blautia_wexlerae","HMDB0240662",-0.292853255940504,-0.14606937234031,149,82,0.268724864151533,0.423965669131303,"3-Methylcatechol 1-sulfate","CC1=CC=CC(OS(O)(=O)=O)=C1O","Organic compounds","Organic acids and derivatives","Organic sulfuric acids and derivatives","Arylsulfates","Phenylsulfates"
"s__Prevotella_copri","HMDB0240662",0.31359310067474,0.348054383497421,139,80,0.791861380058398,0.86767056352787,"3-Methylcatechol 1-sulfate","CC1=CC=CC(OS(O)(=O)=O)=C1O","Organic compounds","Organic acids and derivatives","Organic sulfuric acids and derivatives","Arylsulfates","Phenylsulfates"
"s__Catenibacterium_mitsuokai","HMDB0240662",0.322404652117908,0.0804284323271665,137,79,0.0780278429155171,0.196474108461272,"3-Methylcatechol 1-sulfate","CC1=CC=CC(OS(O)(=O)=O)=C1O","Organic compounds","Organic acids and derivatives","Organic sulfuric acids and derivatives","Arylsulfates","Phenylsulfates"
"s__Blautia_obeum","HMDB0240662",-0.314761472882278,-0.130941108607873,149,82,0.165119000896631,0.310832026983051,"3-Methylcatechol 1-sulfate","CC1=CC=CC(OS(O)(=O)=O)=C1O","Organic compounds","Organic acids and derivatives","Organic sulfuric acids and derivatives","Arylsulfates","Phenylsulfates"
"s__Anaerostipes_hadrus","HMDB0240662",-0.403297660076184,0.0440678703975795,149,82,0.000764339444534965,0.0206660911342108,"3-Methylcatechol 1-sulfate","CC1=CC=CC(OS(O)(=O)=O)=C1O","Organic compounds","Organic acids and derivatives","Organic sulfuric acids and derivatives","Arylsulfates","Phenylsulfates"
"s__Mogibacterium_kristiansenii","HMDB0240662",0.32124862226421,-0.0448663853727145,145,80,0.00780096574821194,0.055467529997384,"3-Methylcatechol 1-sulfate","CC1=CC=CC(OS(O)(=O)=O)=C1O","Organic compounds","Organic acids and derivatives","Organic sulfuric acids and derivatives","Arylsulfates","Phenylsulfates"
"s__Ruminococcus_torques","HMDB0240662",-0.322071467440595,-0.332288503607928,149,82,0.940193497817053,0.965158420934964,"3-Methylcatechol 1-sulfate","CC1=CC=CC(OS(O)(=O)=O)=C1O","Organic compounds","Organic acids and derivatives","Organic sulfuric acids and derivatives","Arylsulfates","Phenylsulfates"
"s__Paratractidigestivibacter_faecalis","HMDB0240662",0.310761404293381,0.196416142169567,129,74,0.409021439244585,0.562795619681893,"3-Methylcatechol 1-sulfate","CC1=CC=CC(OS(O)(=O)=O)=C1O","Organic compounds","Organic acids and derivatives","Organic sulfuric acids and derivatives","Arylsulfates","Phenylsulfates"
"s__Blautia_faecis","HMDB0240662",-0.392544893887176,-0.0163581153883828,149,82,0.00445506324269775,0.0422566825128552,"3-Methylcatechol 1-sulfate","CC1=CC=CC(OS(O)(=O)=O)=C1O","Organic compounds","Organic acids and derivatives","Organic sulfuric acids and derivatives","Arylsulfates","Phenylsulfates"
"s__Bacteroides_uniformis","HMDB0240662",-0.283648244370965,-0.102263875365141,145,79,0.184298633632613,0.333858963659654,"3-Methylcatechol 1-sulfate","CC1=CC=CC(OS(O)(=O)=O)=C1O","Organic compounds","Organic acids and derivatives","Organic sulfuric acids and derivatives","Arylsulfates","Phenylsulfates"
"s__Ruminococcus_gnavus","HMDB0240662",-0.336292399782333,-0.302619692863595,149,82,0.784261527476247,0.863099006199821,"3-Methylcatechol 1-sulfate","CC1=CC=CC(OS(O)(=O)=O)=C1O","Organic compounds","Organic acids and derivatives","Organic sulfuric acids and derivatives","Arylsulfates","Phenylsulfates"
"s__Ellagibacter_isourolithinifaciens","HMDB0240662",0.460204237825545,0.268575657644127,140,82,0.115677156253635,0.248258750468777,"3-Methylcatechol 1-sulfate","CC1=CC=CC(OS(O)(=O)=O)=C1O","Organic compounds","Organic acids and derivatives","Organic sulfuric acids and derivatives","Arylsulfates","Phenylsulfates"
"s__Vescimonas_coprocola","HMDB0240662",0.305030410495415,0.0322482341289276,148,82,0.0437665856674313,0.135719535357872,"3-Methylcatechol 1-sulfate","CC1=CC=CC(OS(O)(=O)=O)=C1O","Organic compounds","Organic acids and derivatives","Organic sulfuric acids and derivatives","Arylsulfates","Phenylsulfates"
"s__Lentihominibacter_faecis","HMDB0240662",0.281416466459611,-0.104923215898826,148,81,0.00513867092239516,0.0440730919646669,"3-Methylcatechol 1-sulfate","CC1=CC=CC(OS(O)(=O)=O)=C1O","Organic compounds","Organic acids and derivatives","Organic sulfuric acids and derivatives","Arylsulfates","Phenylsulfates"
"s__Senegalimassilia_anaerobia","HMDB0240662",0.284583232859095,0.102619692863595,144,81,0.17970299719803,0.32884603702372,"3-Methylcatechol 1-sulfate","CC1=CC=CC(OS(O)(=O)=O)=C1O","Organic compounds","Organic acids and derivatives","Organic sulfuric acids and derivatives","Arylsulfates","Phenylsulfates"
"s__Collinsella_bouchesdurhonensis","HMDB0240662",0.350038471285809,0.036544772620722,138,80,0.0216795722701396,0.0919009477714,"3-Methylcatechol 1-sulfate","CC1=CC=CC(OS(O)(=O)=O)=C1O","Organic compounds","Organic acids and derivatives","Organic sulfuric acids and derivatives","Arylsulfates","Phenylsulfates"
"s__Ruminococcus_flavefaciens","HMDB0240662",0.354736341037711,0.164092685103558,147,82,0.143026384287301,0.283575146169625,"3-Methylcatechol 1-sulfate","CC1=CC=CC(OS(O)(=O)=O)=C1O","Organic compounds","Organic acids and derivatives","Organic sulfuric acids and derivatives","Arylsulfates","Phenylsulfates"
"s__Oscillibacter_valericigenes","HMDB0240662",0.311198984219118,0.124019111677061,149,82,0.158556866077929,0.302001655661289,"3-Methylcatechol 1-sulfate","CC1=CC=CC(OS(O)(=O)=O)=C1O","Organic compounds","Organic acids and derivatives","Organic sulfuric acids and derivatives","Arylsulfates","Phenylsulfates"
"s__Ruminococcus_lactaris","HMDB0240662",-0.300979502992926,-0.138124312970037,149,82,0.219701883869719,0.372218856865409,"3-Methylcatechol 1-sulfate","CC1=CC=CC(OS(O)(=O)=O)=C1O","Organic compounds","Organic acids and derivatives","Organic sulfuric acids and derivatives","Arylsulfates","Phenylsulfates"
"s__Butyrivibrio_crossotus","HMDB0240662",0.303591262495372,0.335275519421861,147,81,0.807615487532163,0.878814087124454,"3-Methylcatechol 1-sulfate","CC1=CC=CC(OS(O)(=O)=O)=C1O","Organic compounds","Organic acids and derivatives","Organic sulfuric acids and derivatives","Arylsulfates","Phenylsulfates"
"s__Prevotellamassilia_timonensis","HMDB0240662",0.361110806773818,0.0457338973581291,118,67,0.0336912600044656,0.116224254158457,"3-Methylcatechol 1-sulfate","CC1=CC=CC(OS(O)(=O)=O)=C1O","Organic compounds","Organic acids and derivatives","Organic sulfuric acids and derivatives","Arylsulfates","Phenylsulfates"
"s__Olsenella_uli","HMDB0240662",0.404062673915835,0.189592123769339,141,80,0.0966143788736437,0.223920415317288,"3-Methylcatechol 1-sulfate","CC1=CC=CC(OS(O)(=O)=O)=C1O","Organic compounds","Organic acids and derivatives","Organic sulfuric acids and derivatives","Arylsulfates","Phenylsulfates"
"s__Vescimonas_fastidiosa","HMDB0240662",0.355120167189133,0.0209292454370327,144,82,0.0129516638299887,0.0690938337371007,"3-Methylcatechol 1-sulfate","CC1=CC=CC(OS(O)(=O)=O)=C1O","Organic compounds","Organic acids and derivatives","Organic sulfuric acids and derivatives","Arylsulfates","Phenylsulfates"
"s__Senegalimassilia_faecalis","HMDB0240662",0.300782197995034,0.0864724480578139,137,81,0.117189645978253,0.249084113364291,"3-Methylcatechol 1-sulfate","CC1=CC=CC(OS(O)(=O)=O)=C1O","Organic compounds","Organic acids and derivatives","Organic sulfuric acids and derivatives","Arylsulfates","Phenylsulfates"
"s__Eggerthella_lenta","HMDB0240662",-0.288028296753129,-0.267922639065748,149,82,0.872181431137335,0.925085443809524,"3-Methylcatechol 1-sulfate","CC1=CC=CC(OS(O)(=O)=O)=C1O","Organic compounds","Organic acids and derivatives","Organic sulfuric acids and derivatives","Arylsulfates","Phenylsulfates"
"s__Alistipes_putredinis","HMDB0240662",-0.335584579071597,-0.101322051824432,124,61,0.122084972115987,0.255323886867156,"3-Methylcatechol 1-sulfate","CC1=CC=CC(OS(O)(=O)=O)=C1O","Organic compounds","Organic acids and derivatives","Organic sulfuric acids and derivatives","Arylsulfates","Phenylsulfates"
"s__Oscillibacter_sp._MSJ_31","HMDB0240662",0.362507461333293,0.131165311653117,147,81,0.0784223339847983,0.196691991095538,"3-Methylcatechol 1-sulfate","CC1=CC=CC(OS(O)(=O)=O)=C1O","Organic compounds","Organic acids and derivatives","Organic sulfuric acids and derivatives","Arylsulfates","Phenylsulfates"
"s__Pseudoflavonifractor_sp._MSJ_30","HMDB0240662",0.37597589371319,0.0369064333213613,148,82,0.0105962416320644,0.0622673830905133,"3-Methylcatechol 1-sulfate","CC1=CC=CC(OS(O)(=O)=O)=C1O","Organic compounds","Organic acids and derivatives","Organic sulfuric acids and derivatives","Arylsulfates","Phenylsulfates"
"s__Ruminococcus_sp._M6_2020","HMDB0240662",0.303742175266624,0.042478858523525,148,82,0.0531886518046619,0.156825556491966,"3-Methylcatechol 1-sulfate","CC1=CC=CC(OS(O)(=O)=O)=C1O","Organic compounds","Organic acids and derivatives","Organic sulfuric acids and derivatives","Arylsulfates","Phenylsulfates"
"s__Brotomerdimonas_butyrica","HMDB0240662",0.347924804871967,0.0429087624209575,147,81,0.0231697127068802,0.0944507109518247,"3-Methylcatechol 1-sulfate","CC1=CC=CC(OS(O)(=O)=O)=C1O","Organic compounds","Organic acids and derivatives","Organic sulfuric acids and derivatives","Arylsulfates","Phenylsulfates"
"s__Adlercreutzia_equolifaciens","HMDB0240662",-0.357048409885983,-0.122821910950033,147,82,0.0746419365646633,0.192148334884812,"3-Methylcatechol 1-sulfate","CC1=CC=CC(OS(O)(=O)=O)=C1O","Organic compounds","Organic acids and derivatives","Organic sulfuric acids and derivatives","Arylsulfates","Phenylsulfates"
"s__Yeguia_hominis","HMDB0240662",0.361009514812066,0.126413513131115,146,82,0.0739588354923744,0.191199535697945,"3-Methylcatechol 1-sulfate","CC1=CC=CC(OS(O)(=O)=O)=C1O","Organic compounds","Organic acids and derivatives","Organic sulfuric acids and derivatives","Arylsulfates","Phenylsulfates"
"s__Dysosmobacter_sp._BX15","HMDB0240662",0.27375087966221,0.154787714543812,146,81,0.374922171715968,0.532161233585574,"3-Methylcatechol 1-sulfate","CC1=CC=CC(OS(O)(=O)=O)=C1O","Organic compounds","Organic acids and derivatives","Organic sulfuric acids and derivatives","Arylsulfates","Phenylsulfates"
"s__Intestinimonas_sp._MSJ_38","HMDB0240662",0.367841842401529,-0.0324441397024412,147,82,0.00290325089716639,0.0356833718624322,"3-Methylcatechol 1-sulfate","CC1=CC=CC(OS(O)(=O)=O)=C1O","Organic compounds","Organic acids and derivatives","Organic sulfuric acids and derivatives","Arylsulfates","Phenylsulfates"
"s__Parolsenella_massiliensis","HMDB0240662",0.30168468952118,0.267649018881896,118,74,0.803338318335981,0.875607891017777,"3-Methylcatechol 1-sulfate","CC1=CC=CC(OS(O)(=O)=O)=C1O","Organic compounds","Organic acids and derivatives","Organic sulfuric acids and derivatives","Arylsulfates","Phenylsulfates"
"s__Parabacteroides_merdae","HMDB0000512",-0.000454143557591833,0.373344693281402,144,79,0.00608460757412673,0.0481793769548777,"N-Acetylphenylalanine","CC(=O)N[C@@H](CC1=CC=CC=C1)C(O)=O","Organic compounds","Organic acids and derivatives","Carboxylic acids and derivatives","Amino acids, peptides, and analogues","Phenylalanine and derivatives"
"s__Kineothrix_sp._MSJ_39","HMDB0000512",0.0566157172101563,-0.417507428086329,148,82,0.000363340115442472,0.0172019004932654,"N-Acetylphenylalanine","CC(=O)N[C@@H](CC1=CC=CC=C1)C(O)=O","Organic compounds","Organic acids and derivatives","Carboxylic acids and derivatives","Amino acids, peptides, and analogues","Phenylalanine and derivatives"
"s__Clostridium_sp._D43t1_170807_D5","HMDB0000512",-0.0652834107251318,-0.452164894996111,107,57,0.0126334063871091,0.068558011385217,"N-Acetylphenylalanine","CC(=O)N[C@@H](CC1=CC=CC=C1)C(O)=O","Organic compounds","Organic acids and derivatives","Carboxylic acids and derivatives","Amino acids, peptides, and analogues","Phenylalanine and derivatives"
"s__Negativibacillus_massiliensis","HMDB0000512",0.289811593660769,0.12781954887218,134,76,0.245557931644869,0.404656329765562,"N-Acetylphenylalanine","CC(=O)N[C@@H](CC1=CC=CC=C1)C(O)=O","Organic compounds","Organic acids and derivatives","Carboxylic acids and derivatives","Amino acids, peptides, and analogues","Phenylalanine and derivatives"
"s__Mediterraneibacter_faecis","HMDB0303805",0.0150662071467441,0.384203480589023,149,82,0.0055188210984171,0.0454130442020074,"3-Oxo-alpha-ionol","CC(O)\C=C\C1C(C)=CC(=O)CC1(C)C","Organic compounds","Lipids and lipid-like molecules","Prenol lipids","Sesquiterpenoids","Sesquiterpenoids"
"s__Dorea_longicatena","HMDB0004186",0.0586323235987666,-0.365810123964693,149,82,0.00163822821035405,0.0296123978021645,"3-Methyldioxyindole","CC1(O)C(=O)NC2=CC=CC=C12","Organic compounds","Organoheterocyclic compounds","Indoles and derivatives","Indolines","Indolines"
"s__Ruminococcus_flavefaciens","HMDB0029952",-0.301483199721947,-0.110305721531111,147,82,0.153068528061254,0.29425547046053,"altromanno-Heptose","OCC(O)C1OC(O)C(O)C(O)C1O","Organic compounds","Organic oxygen compounds","Organooxygen compounds","Carbohydrates and carbohydrate conjugates","Monosaccharides"
"s__Roseburia_intestinalis","HMDB0002123",-0.0114892073281335,-0.38744680619497,149,82,0.00468767613375073,0.0430787171707458,"1,3,7-Trimethyluric acid","CN1C(=O)NC2=C1C(=O)N(C)C(=O)N2C","Organic compounds","Organoheterocyclic compounds","Imidazopyrimidines","Purines and purine derivatives","Xanthines"
"s__Ellagibacter_isourolithinifaciens","HMDB0002123",0.0407207364807242,0.376519628650102,140,82,0.012444256132974,0.0684162378664376,"1,3,7-Trimethyluric acid","CN1C(=O)NC2=C1C(=O)N(C)C(=O)N2C","Organic compounds","Organoheterocyclic compounds","Imidazopyrimidines","Purines and purine derivatives","Xanthines"
"s__Anaerotardibacter_sp._CLA_AA_M13","HMDB0002123",0.36158670651546,0.181551804969526,138,80,0.172212969761682,0.320260160900972,"1,3,7-Trimethyluric acid","CN1C(=O)NC2=C1C(=O)N(C)C(=O)N2C","Organic compounds","Organoheterocyclic compounds","Imidazopyrimidines","Purines and purine derivatives","Xanthines"
"s__Mediterraneibacter_faecis","HMDB0304934",0.0621258842735353,0.403315157649568,149,82,0.00932711524378392,0.059307263090525,"4-Allylpyrocatechol sulfate","OC1=C(OS(O)(=O)=O)C=CC(CC=C)=C1","Organic compounds","Organic acids and derivatives","Organic sulfuric acids and derivatives","Arylsulfates","Phenylsulfates"
"s__Paratractidigestivibacter_faecalis","HMDB0304934",0.2974843470483,0.118430211032951,129,74,0.206600515551016,0.360762897473965,"4-Allylpyrocatechol sulfate","OC1=C(OS(O)(=O)=O)C=CC(CC=C)=C1","Organic compounds","Organic acids and derivatives","Organic sulfuric acids and derivatives","Arylsulfates","Phenylsulfates"
"s__Slackia_isoflavoniconvertens","HMDB0304934",0.193004858366894,0.398395751025783,147,82,0.108854908423051,0.238760156279827,"4-Allylpyrocatechol sulfate","OC1=C(OS(O)(=O)=O)C=CC(CC=C)=C1","Organic compounds","Organic acids and derivatives","Organic sulfuric acids and derivatives","Arylsulfates","Phenylsulfates"
"s__Collinsella_bouchesdurhonensis","HMDB0304934",0.28923329124704,0.162798874824191,138,80,0.350086988327374,0.508960182799265,"4-Allylpyrocatechol sulfate","OC1=C(OS(O)(=O)=O)C=CC(CC=C)=C1","Organic compounds","Organic acids and derivatives","Organic sulfuric acids and derivatives","Arylsulfates","Phenylsulfates"
"s__Blautia_sp._MCC270","HMDB0304934",0.119299714370137,0.36195731435226,143,82,0.0673128800918088,0.181470912281772,"4-Allylpyrocatechol sulfate","OC1=C(OS(O)(=O)=O)C=CC(CC=C)=C1","Organic compounds","Organic acids and derivatives","Organic sulfuric acids and derivatives","Arylsulfates","Phenylsulfates"
"s__Clostridium_saudiense","HMDB0304934",0.354091571439528,-0.167451512491021,118,67,0.000583023086047799,0.0206660911342108,"4-Allylpyrocatechol sulfate","OC1=C(OS(O)(=O)=O)C=CC(CC=C)=C1","Organic compounds","Organic acids and derivatives","Organic sulfuric acids and derivatives","Arylsulfates","Phenylsulfates"
"s__Suilimivivens_aceti","HMDB0304934",-0.1744226077879,-0.384943568311185,148,82,0.103243107289402,0.2316988807083,"4-Allylpyrocatechol sulfate","OC1=C(OS(O)(=O)=O)C=CC(CC=C)=C1","Organic compounds","Organic acids and derivatives","Organic sulfuric acids and derivatives","Arylsulfates","Phenylsulfates"
"s__Coprococcus_eutactus","HMDB0041661",-0.301262470524216,0.0186436804127077,149,82,0.0187022502197683,0.08407258185428,"3,4-Dihydroxyphenyllactic acid methyl ester","COC(=O)C(O)CC1=CC=C(O)C(O)=C1","Organic compounds","Benzenoids","Phenols","Benzenediols","Catechols"
"s__Lachnospira_eligens","HMDB0041661",-0.30502085978596,-0.139343280983011,149,82,0.211212318424306,0.364268916296166,"3,4-Dihydroxyphenyllactic acid methyl ester","COC(=O)C(O)CC1=CC=C(O)C(O)=C1","Organic compounds","Benzenoids","Phenols","Benzenediols","Catechols"
"s__Dorea_sp._OM07_5","HMDB0041661",-0.0130864151436519,0.398955474904842,137,78,0.00268570886595422,0.0338130746223636,"3,4-Dihydroxyphenyllactic acid methyl ester","COC(=O)C(O)CC1=CC=C(O)C(O)=C1","Organic compounds","Benzenoids","Phenols","Benzenediols","Catechols"
"s__Desulfovibrio_piger","HMDB0000682",-0.30688369813365,0.0271367334441431,123,70,0.024596104025864,0.097412394329104,"Indoxyl sulfate","OS(=O)(=O)OC1=CNC2=CC=CC=C12","Organic compounds","Organic acids and derivatives","Organic sulfuric acids and derivatives","Arylsulfates","Arylsulfates"
"s__Lachnospira_eligens","HMDB0304933",0.269961908216942,0.130549297460846,149,82,0.297802183480406,0.455541820601001,"3- Allylphenol sulfate","OS(=O)(=O)OC1=CC=CC(CC=C)=C1","Organic compounds","Organic acids and derivatives","Organic sulfuric acids and derivatives","Arylsulfates","Phenylsulfates"
"s__Collinsella_sp._AM34_10","HMDB0304933",-0.125417002479061,-0.36779010463221,133,77,0.0766261081966711,0.19528799639597,"3- Allylphenol sulfate","OS(=O)(=O)OC1=CC=CC(CC=C)=C1","Organic compounds","Organic acids and derivatives","Organic sulfuric acids and derivatives","Arylsulfates","Phenylsulfates"
"s__Bifidobacterium_longum","HMDB0304930",-0.010862862505027,0.384469328140214,139,79,0.00387311479352343,0.0395528565144385,"3- Acetylphenol sulfate","CC(=O)C1=CC(OS(O)(=O)=O)=CC=C1","Organic compounds","Organic oxygen compounds","Organooxygen compounds","Carbonyl compounds","Alkyl-phenylketones"
"s__Slackia_isoflavoniconvertens","HMDB0304930",0.0699967510143635,0.46681033075391,147,82,0.00197280903330356,0.0307504443519598,"3- Acetylphenol sulfate","CC(=O)C1=CC(OS(O)(=O)=O)=CC=C1","Organic compounds","Organic oxygen compounds","Organooxygen compounds","Carbonyl compounds","Alkyl-phenylketones"
"s__Anaerotardibacter_sp._CLA_AA_M13","HMDB0304930",0.386902410791139,0.399367088607595,138,80,0.923974010783898,0.951957985065096,"3- Acetylphenol sulfate","CC(=O)C1=CC(OS(O)(=O)=O)=CC=C1","Organic compounds","Organic oxygen compounds","Organooxygen compounds","Carbonyl compounds","Alkyl-phenylketones"
"s__Blautia_sp._MSJ_19","HMDB0304930",0.00360927973583774,-0.38733796976524,148,82,0.00337841788637153,0.0383191722427185,"3- Acetylphenol sulfate","CC(=O)C1=CC(OS(O)(=O)=O)=CC=C1","Organic compounds","Organic oxygen compounds","Organooxygen compounds","Carbonyl compounds","Alkyl-phenylketones"
"s__Anaerotardibacter_sp._CLA_AA_M13","HMDB0041785",0.435579432360173,0.327215189873418,138,80,0.371825045523159,0.528957889619951,"Tyrosol 4-sulfate","OCCC1=CC=C(OS(O)(=O)=O)C=C1","Organic compounds","Organic acids and derivatives","Organic sulfuric acids and derivatives","Arylsulfates","Phenylsulfates"
"s__Paratractidigestivibacter_faecalis","HMDB0304925",0.309073121645796,0.182821177341725,129,74,0.364152962648181,0.52217378129164,"2-Methoxy-4-methylphenol sulfate","COC1=C(OS(O)(=O)=O)C=CC(C)=C1","Organic compounds","Organic acids and derivatives","Organic sulfuric acids and derivatives","Arylsulfates","Phenylsulfates"
"s__Collinsella_bouchesdurhonensis","HMDB0304925",0.328010520812167,0.273886544772621,138,80,0.674009380441159,0.785276602452731,"2-Methoxy-4-methylphenol sulfate","COC1=C(OS(O)(=O)=O)C=CC(C)=C1","Organic compounds","Organic acids and derivatives","Organic sulfuric acids and derivatives","Arylsulfates","Phenylsulfates"
"s__Olsenella_uli","HMDB0304925",0.345186009675072,0.245311767463666,141,80,0.439875924355839,0.59040915646482,"2-Methoxy-4-methylphenol sulfate","COC1=C(OS(O)(=O)=O)C=CC(C)=C1","Organic compounds","Organic acids and derivatives","Organic sulfuric acids and derivatives","Arylsulfates","Phenylsulfates"
"s__Gallintestinimicrobium_propionicum","HMDB0304925",-0.38008121804862,-0.111198180254895,148,82,0.0395209743084849,0.127062066346334,"2-Methoxy-4-methylphenol sulfate","COC1=C(OS(O)(=O)=O)C=CC(C)=C1","Organic compounds","Organic acids and derivatives","Organic sulfuric acids and derivatives","Arylsulfates","Phenylsulfates"
"s__Anthropogastromicrobium_aceti","HMDB0013067",-0.342940804110507,0.047898912724067,148,82,0.00387332961819068,0.0395528565144385,"Salsoline-1-carboxylate","COC1=C(O)C=C2CCN[C@@](C)(C(O)=O)C2=C1","Organic compounds","Organoheterocyclic compounds","Tetrahydroisoquinolines",NA,"Tetrahydroisoquinolines"
"s__Lachnoclostridium_sp._210928_DFI_6_3","HMDB0013067",-0.347693111486215,0.00352969814995131,144,79,0.0102963134366803,0.0617288505560977,"Salsoline-1-carboxylate","COC1=C(O)C=C2CCN[C@@](C)(C(O)=O)C2=C1","Organic compounds","Organoheterocyclic compounds","Tetrahydroisoquinolines",NA,"Tetrahydroisoquinolines"
"s__Streptococcus_salivarius","HMDB0013067",0.309389540940343,-0.0438455126424007,120,60,0.0249895997106736,0.097412394329104,"Salsoline-1-carboxylate","COC1=C(O)C=C2CCN[C@@](C)(C(O)=O)C2=C1","Organic compounds","Organoheterocyclic compounds","Tetrahydroisoquinolines",NA,"Tetrahydroisoquinolines"
"s__Bifidobacterium_catenulatum","HMDB0304924",-0.341261078451852,0.122077922077922,93,56,0.00605506209956936,0.0481793769548777,"5-Methylpyrogallol sulfate","CC1=CC(O)=C(O)C(OS(O)(=O)=O)=C1","Organic compounds","Organic acids and derivatives","Organic sulfuric acids and derivatives","Arylsulfates","Phenylsulfates"
"s__Faecalibacterium_sp._HTFF","HMDB0039539",-0.282568474514783,-0.106165311653117,149,81,0.190468935613881,0.341110085260137,"13-Tetradecene-1,3-diyne-6,7-diol","OC(CCCCCC=C)C(O)CC#CC#C","Organic compounds","Lipids and lipid-like molecules","Fatty Acyls","Fatty alcohols","Fatty alcohols"
"s__Roseburia_sp._CLA_AA_H204","HMDB0039539",-0.329522643283549,-0.115896761466382,140,78,0.116537666026249,0.248258750468777,"13-Tetradecene-1,3-diyne-6,7-diol","OC(CCCCCC=C)C(O)CC#CC#C","Organic compounds","Lipids and lipid-like molecules","Fatty Acyls","Fatty alcohols","Fatty alcohols"
"s__Fusicatenibacter_sp._CLA_AA_H277","HMDB0010325",0.0289482743941037,-0.361108390200368,148,82,0.00379533869255695,0.0395528565144385,"Ethyl glucuronide","CCO[C@@H]1O[C@@H]([C@@H](O)[C@H](O)[C@H]1O)C(O)=O","Organic compounds","Organic oxygen compounds","Organooxygen compounds","Carbohydrates and carbohydrate conjugates","O-glucuronides"
"s__Blautia_wexlerae","HMDB0304937",-0.401385815345547,-0.291866653606295,149,82,0.370267673503314,0.527727160160368,"6-Hydroxyindoxyl sulfate","CC1=CC2=C(C=C1)C(OS(O)(=O)=O)=CN2",NA,NA,NA,NA,NA
"s__Prevotella_copri","HMDB0304937",0.323566736672774,0.426511954992968,139,80,0.40614567486787,0.561292431019373,"6-Hydroxyindoxyl sulfate","CC1=CC2=C(C=C1)C(OS(O)(=O)=O)=CN2",NA,NA,NA,NA,NA
"s__Catenibacterium_mitsuokai","HMDB0304937",0.370274609367708,0.214289191820837,137,79,0.233476102649185,0.390367082649832,"6-Hydroxyindoxyl sulfate","CC1=CC2=C(C=C1)C(OS(O)(=O)=O)=CN2",NA,NA,NA,NA,NA
"s__Fusicatenibacter_saccharivorans","HMDB0304937",-0.3455323780156,-0.121646477508952,149,82,0.0887878560447445,0.213709881061301,"6-Hydroxyindoxyl sulfate","CC1=CC2=C(C=C1)C(OS(O)(=O)=O)=CN2",NA,NA,NA,NA,NA
"s__Blautia_obeum","HMDB0304937",-0.347143116270633,-0.22188482929006,149,82,0.327528329297898,0.485422361019807,"6-Hydroxyindoxyl sulfate","CC1=CC2=C(C=C1)C(OS(O)(=O)=O)=CN2",NA,NA,NA,NA,NA
"s__Blautia_massiliensis","HMDB0304937",-0.27270607136379,-0.166508853843559,148,82,0.423956430118115,0.57455451616653,"6-Hydroxyindoxyl sulfate","CC1=CC2=C(C=C1)C(OS(O)(=O)=O)=CN2",NA,NA,NA,NA,NA
"s__Coprococcus_comes","HMDB0304937",-0.389279883910756,-0.292019024607917,149,82,0.428159435464766,0.577762839496399,"6-Hydroxyindoxyl sulfate","CC1=CC2=C(C=C1)C(OS(O)(=O)=O)=CN2",NA,NA,NA,NA,NA
"s__Anaerostipes_hadrus","HMDB0304937",-0.400522401596227,-0.401922051349028,149,82,0.996913391990188,0.999092388001957,"6-Hydroxyindoxyl sulfate","CC1=CC2=C(C=C1)C(OS(O)(=O)=O)=CN2",NA,NA,NA,NA,NA
"s__Mogibacterium_kristiansenii","HMDB0304937",0.695362934970871,0.51615096108767,145,80,0.0418250846348093,0.132305983807098,"6-Hydroxyindoxyl sulfate","CC1=CC2=C(C=C1)C(OS(O)(=O)=O)=CN2",NA,NA,NA,NA,NA
"s__Ruminococcus_torques","HMDB0304937",-0.315835298385634,-0.303533918873325,149,82,0.917808065098683,0.951828957132819,"6-Hydroxyindoxyl sulfate","CC1=CC2=C(C=C1)C(OS(O)(=O)=O)=CN2",NA,NA,NA,NA,NA
"s__Paratractidigestivibacter_faecalis","HMDB0304937",0.399049642218247,0.0964531654942614,129,74,0.0285822696796072,0.103982489135696,"6-Hydroxyindoxyl sulfate","CC1=CC2=C(C=C1)C(OS(O)(=O)=O)=CN2",NA,NA,NA,NA,NA
"s__Blautia_faecis","HMDB0304937",-0.400130600399057,-0.359628214756043,149,82,0.729944834336211,0.819073570792593,"6-Hydroxyindoxyl sulfate","CC1=CC2=C(C=C1)C(OS(O)(=O)=O)=CN2",NA,NA,NA,NA,NA
"s__Bacteroides_uniformis","HMDB0304937",-0.319087545268462,-0.00669425511197663,145,79,0.0231041747790975,0.0944507109518247,"6-Hydroxyindoxyl sulfate","CC1=CC2=C(C=C1)C(OS(O)(=O)=O)=CN2",NA,NA,NA,NA,NA
"s__Ruminococcus_gnavus","HMDB0304937",-0.443624161073826,-0.228850360792765,149,82,0.0810486406461948,0.201262797975462,"6-Hydroxyindoxyl sulfate","CC1=CC2=C(C=C1)C(OS(O)(=O)=O)=CN2",NA,NA,NA,NA,NA
"s__Oscillibacter_sp._ER4","HMDB0304937",0.39733112895607,0.329306385433332,145,82,0.573158365872581,0.706072781441859,"6-Hydroxyindoxyl sulfate","CC1=CC2=C(C=C1)C(OS(O)(=O)=O)=CN2",NA,NA,NA,NA,NA
"s__Prevotella_stercorea","HMDB0304937",0.318319245107812,0.40784277428113,130,73,0.494715950031921,0.639458042511875,"6-Hydroxyindoxyl sulfate","CC1=CC2=C(C=C1)C(OS(O)(=O)=O)=CN2",NA,NA,NA,NA,NA
"s__Roseburia_intestinalis","HMDB0304937",-0.308819154725195,-0.185272254328969,149,82,0.344968127255731,0.502679250248803,"6-Hydroxyindoxyl sulfate","CC1=CC2=C(C=C1)C(OS(O)(=O)=O)=CN2",NA,NA,NA,NA,NA
"s__Vescimonas_coprocola","HMDB0304937",0.347930864709388,0.291496609745214,148,82,0.649746881643106,0.769549693310133,"6-Hydroxyindoxyl sulfate","CC1=CC2=C(C=C1)C(OS(O)(=O)=O)=CN2",NA,NA,NA,NA,NA
"s__Eubacterium_ramulus","HMDB0304937",-0.300678396517323,-0.056475223386772,149,82,0.0700064159721634,0.184775844253572,"6-Hydroxyindoxyl sulfate","CC1=CC2=C(C=C1)C(OS(O)(=O)=O)=CN2",NA,NA,NA,NA,NA
"s__Lentihominibacter_faecis","HMDB0304937",0.285973413490192,-0.021996386630533,148,81,0.0248468461153948,0.097412394329104,"6-Hydroxyindoxyl sulfate","CC1=CC2=C(C=C1)C(OS(O)(=O)=O)=CN2",NA,NA,NA,NA,NA
"s__Parolsenella_catena","HMDB0304937",0.403002624671916,0.266796494644596,126,79,0.291467646147337,0.45122366289929,"6-Hydroxyindoxyl sulfate","CC1=CC2=C(C=C1)C(OS(O)(=O)=O)=CN2",NA,NA,NA,NA,NA
"s__Collinsella_bouchesdurhonensis","HMDB0304937",0.334996997641493,0.315377402719175,138,80,0.873626916137949,0.925422366261057,"6-Hydroxyindoxyl sulfate","CC1=CC2=C(C=C1)C(OS(O)(=O)=O)=CN2",NA,NA,NA,NA,NA
"s__Ruminococcus_flavefaciens","HMDB0304937",0.453819069278952,0.40551365353011,147,82,0.667122003723557,0.78223952791517,"6-Hydroxyindoxyl sulfate","CC1=CC2=C(C=C1)C(OS(O)(=O)=O)=CN2",NA,NA,NA,NA,NA
"s__Oscillibacter_valericigenes","HMDB0304937",0.411899147469617,0.387316202479294,149,82,0.828495152029907,0.893493798356991,"6-Hydroxyindoxyl sulfate","CC1=CC2=C(C=C1)C(OS(O)(=O)=O)=CN2",NA,NA,NA,NA,NA
"s__Ruminococcus_lactaris","HMDB0304937",-0.315875204063124,-0.242541983652768,149,82,0.566718853296773,0.700135915202571,"6-Hydroxyindoxyl sulfate","CC1=CC2=C(C=C1)C(OS(O)(=O)=O)=CN2",NA,NA,NA,NA,NA
"s__Prevotellamassilia_timonensis","HMDB0304937",0.375879686946487,0.307446723601245,118,67,0.615825011563292,0.746221067909706,"6-Hydroxyindoxyl sulfate","CC1=CC2=C(C=C1)C(OS(O)(=O)=O)=CN2",NA,NA,NA,NA,NA
"s__Roseburia_sp._BX1005","HMDB0304937",-0.085851623435516,-0.433649503161698,149,81,0.00735732409348562,0.0547049702049504,"6-Hydroxyindoxyl sulfate","CC1=CC2=C(C=C1)C(OS(O)(=O)=O)=CN2",NA,NA,NA,NA,NA
"s__Olsenella_uli","HMDB0304937",0.513669249539792,0.272480075011721,141,80,0.0428627957428414,0.134366811137683,"6-Hydroxyindoxyl sulfate","CC1=CC2=C(C=C1)C(OS(O)(=O)=O)=CN2",NA,NA,NA,NA,NA
"s__Vescimonas_fastidiosa","HMDB0304937",0.461188811188811,0.391952634385782,144,82,0.542828416255133,0.680698183331884,"6-Hydroxyindoxyl sulfate","CC1=CC2=C(C=C1)C(OS(O)(=O)=O)=CN2",NA,NA,NA,NA,NA
"s__Faecalicatena_fissicatena","HMDB0304937",-0.330408126247052,-0.111045809253273,149,82,0.0976386836968792,0.224729621159727,"6-Hydroxyindoxyl sulfate","CC1=CC2=C(C=C1)C(OS(O)(=O)=O)=CN2",NA,NA,NA,NA,NA
"s__Senegalimassilia_faecalis","HMDB0304937",0.280844549816118,0.170980126467931,137,81,0.41552615984998,0.567405027387338,"6-Hydroxyindoxyl sulfate","CC1=CC2=C(C=C1)C(OS(O)(=O)=O)=CN2",NA,NA,NA,NA,NA
"s__Alistipes_putredinis","HMDB0304937",-0.292015735641227,-0.110470650449498,124,61,0.235207211770863,0.391183460527763,"6-Hydroxyindoxyl sulfate","CC1=CC2=C(C=C1)C(OS(O)(=O)=O)=CN2",NA,NA,NA,NA,NA
"s__Oscillibacter_sp._MSJ_31","HMDB0304937",0.404136034273021,0.353432700993677,147,81,0.669299628391475,0.78223952791517,"6-Hydroxyindoxyl sulfate","CC1=CC2=C(C=C1)C(OS(O)(=O)=O)=CN2",NA,NA,NA,NA,NA
"s__Faecalibacillus_intestinalis","HMDB0304937",-0.332671377478719,-0.0401309846431798,146,81,0.0303693511734946,0.107704262330788,"6-Hydroxyindoxyl sulfate","CC1=CC2=C(C=C1)C(OS(O)(=O)=O)=CN2",NA,NA,NA,NA,NA
"s__Pseudoflavonifractor_sp._MSJ_30","HMDB0304937",0.395443793334493,0.356101914432799,148,82,0.738546475558665,0.824317387170532,"6-Hydroxyindoxyl sulfate","CC1=CC2=C(C=C1)C(OS(O)(=O)=O)=CN2",NA,NA,NA,NA,NA
"s__Ruminococcus_sp._Marseille_P6503","HMDB0304937",0.227934948137967,0.377332395686826,138,80,0.252607622123609,0.40983633537838,"6-Hydroxyindoxyl sulfate","CC1=CC2=C(C=C1)C(OS(O)(=O)=O)=CN2",NA,NA,NA,NA,NA
"s__Ruminococcus_sp._M6_2020","HMDB0304937",0.451763364515042,0.363328653366855,148,82,0.444578597057313,0.59545154648421,"6-Hydroxyindoxyl sulfate","CC1=CC2=C(C=C1)C(OS(O)(=O)=O)=CN2",NA,NA,NA,NA,NA
"s__Blautia_sp._MSK20_18","HMDB0304937",-0.292614693491946,-0.117510693179221,146,82,0.191540801677639,0.342167634728663,"6-Hydroxyindoxyl sulfate","CC1=CC2=C(C=C1)C(OS(O)(=O)=O)=CN2",NA,NA,NA,NA,NA
"s__Pseudoflavonifractor_phocaeensis","HMDB0304937",0.382383457282786,0.212916707480328,149,82,0.181437246829301,0.331057237330566,"6-Hydroxyindoxyl sulfate","CC1=CC2=C(C=C1)C(OS(O)(=O)=O)=CN2",NA,NA,NA,NA,NA
"s__Brotomerdimonas_butyrica","HMDB0304937",0.36191055466985,0.0855916892502258,147,81,0.0374253412084099,0.124982770772913,"6-Hydroxyindoxyl sulfate","CC1=CC2=C(C=C1)C(OS(O)(=O)=O)=CN2",NA,NA,NA,NA,NA
"s__Megasphaera_elsdenii","HMDB0304937",0.300697737433952,0.290543259557344,121,71,0.937442392526015,0.96424834329269,"6-Hydroxyindoxyl sulfate","CC1=CC2=C(C=C1)C(OS(O)(=O)=O)=CN2",NA,NA,NA,NA,NA
"s__Oscillibacter_sp._MCC667","HMDB0304937",0.304034619470861,0.351151761517615,148,81,0.713066925562941,0.808056939049274,"6-Hydroxyindoxyl sulfate","CC1=CC2=C(C=C1)C(OS(O)(=O)=O)=CN2",NA,NA,NA,NA,NA
"s__Yeguia_hominis","HMDB0304937",0.397221713437382,0.338100368955497,146,82,0.621978306588928,0.750786853303414,"6-Hydroxyindoxyl sulfate","CC1=CC2=C(C=C1)C(OS(O)(=O)=O)=CN2",NA,NA,NA,NA,NA
"s__Faecalibacillus_sp._MSK20_93","HMDB0304937",-0.372323783332958,-0.412191582002903,110,52,0.795092344385693,0.868942067345127,"6-Hydroxyindoxyl sulfate","CC1=CC2=C(C=C1)C(OS(O)(=O)=O)=CN2",NA,NA,NA,NA,NA
"s__Clostridium_spiroforme","HMDB0304937",-0.369941402673503,-0.367519181585678,128,69,0.978768785804917,0.991367579507957,"6-Hydroxyindoxyl sulfate","CC1=CC2=C(C=C1)C(OS(O)(=O)=O)=CN2",NA,NA,NA,NA,NA
"s__Dysosmobacter_sp._BX15","HMDB0304937",0.378458156999219,0.336065943992773,146,81,0.725607924502971,0.81730196480485,"6-Hydroxyindoxyl sulfate","CC1=CC2=C(C=C1)C(OS(O)(=O)=O)=CN2",NA,NA,NA,NA,NA
"s__Negativibacillus_massiliensis","HMDB0304937",0.294524869387399,0.27311004784689,134,76,0.869447313057847,0.922963041433246,"6-Hydroxyindoxyl sulfate","CC1=CC2=C(C=C1)C(OS(O)(=O)=O)=CN2",NA,NA,NA,NA,NA
"s__Intestinimonas_butyriciproducens","HMDB0304937",0.300163250498821,0.173953265637074,149,82,0.337287036398113,0.496079881805168,"6-Hydroxyindoxyl sulfate","CC1=CC2=C(C=C1)C(OS(O)(=O)=O)=CN2",NA,NA,NA,NA,NA
"s__Collinsella_tanakaei","HMDB0304937",0.369919399848977,0.219766309639727,143,79,0.246770279236734,0.405592404124084,"6-Hydroxyindoxyl sulfate","CC1=CC2=C(C=C1)C(OS(O)(=O)=O)=CN2",NA,NA,NA,NA,NA
"s__Intestinimonas_sp._MSJ_38","HMDB0304937",0.324233654957725,0.356667863867394,147,82,0.799284399478638,0.872765879396015,"6-Hydroxyindoxyl sulfate","CC1=CC2=C(C=C1)C(OS(O)(=O)=O)=CN2",NA,NA,NA,NA,NA
"s__Ruminococcus_champanellensis","HMDB0304937",0.344643968557663,0.312119081106423,142,80,0.793349472708038,0.868545205338626,"6-Hydroxyindoxyl sulfate","CC1=CC2=C(C=C1)C(OS(O)(=O)=O)=CN2",NA,NA,NA,NA,NA
"s__Pseudoflavonifractor_capillosus","HMDB0304937",0.280616724106657,0.168837953439775,149,82,0.398292185266128,0.554088244475199,"6-Hydroxyindoxyl sulfate","CC1=CC2=C(C=C1)C(OS(O)(=O)=O)=CN2",NA,NA,NA,NA,NA
"s__Oribacterium_sp._oral_taxon_102","HMDB0304937",0.346601168784267,0.471870604781997,143,80,0.293204758630403,0.451383683531801,"6-Hydroxyindoxyl sulfate","CC1=CC2=C(C=C1)C(OS(O)(=O)=O)=CN2",NA,NA,NA,NA,NA
"s__Dorea_formicigenerans","HMDB0000933",-0.030400870669327,0.380503041978211,149,82,0.00214977075687709,0.0309964907299102,"Traumatic acid","OC(=O)CCCCCCCC\C=C\C(O)=O","Organic compounds","Lipids and lipid-like molecules","Fatty Acyls","Fatty acids and conjugates","Medium-chain fatty acids"
"s__Bacteroides_uniformis","HMDB0000933",0.0216265155093686,-0.418500486854917,145,79,0.00107577437281911,0.0260079886338492,"Traumatic acid","OC(=O)CCCCCCCC\C=C\C(O)=O","Organic compounds","Lipids and lipid-like molecules","Fatty Acyls","Fatty acids and conjugates","Medium-chain fatty acids"
"s__Agathobaculum_butyriciproducens","HMDB0000933",-0.0602757119535643,0.36469999238145,149,82,0.00162345989865027,0.0296123978021645,"Traumatic acid","OC(=O)CCCCCCCC\C=C\C(O)=O","Organic compounds","Lipids and lipid-like molecules","Fatty Acyls","Fatty acids and conjugates","Medium-chain fatty acids"
"s__Bacteroides_thetaiotaomicron","HMDB0000933",-0.0448813364664637,-0.390293916609706,147,77,0.0107525776035001,0.062384770519846,"Traumatic acid","OC(=O)CCCCCCCC\C=C\C(O)=O","Organic compounds","Lipids and lipid-like molecules","Fatty Acyls","Fatty acids and conjugates","Medium-chain fatty acids"
"s__Bacteroides_xylanisolvens","HMDB0000933",0.0608150470219436,-0.435277382645804,144,75,0.000296382183724502,0.0172019004932654,"Traumatic acid","OC(=O)CCCCCCCC\C=C\C(O)=O","Organic compounds","Lipids and lipid-like molecules","Fatty Acyls","Fatty acids and conjugates","Medium-chain fatty acids"
"s__Jingyaoa_shaoxingensis","HMDB0000933",-0.0287574823145293,0.438295186164713,149,82,0.000382568080866902,0.0172019004932654,"Traumatic acid","OC(=O)CCCCCCCC\C=C\C(O)=O","Organic compounds","Lipids and lipid-like molecules","Fatty Acyls","Fatty acids and conjugates","Medium-chain fatty acids"
"s__Dorea_sp._AM10_31","HMDB0000933",-0.0339604093123017,0.372380307136405,139,81,0.00291929094664854,0.0356833718624322,"Traumatic acid","OC(=O)CCCCCCCC\C=C\C(O)=O","Organic compounds","Lipids and lipid-like molecules","Fatty Acyls","Fatty acids and conjugates","Medium-chain fatty acids"
"s__Collinsella_aerofaciens","HMDB0304928",-0.276832940322873,-0.211197091890598,149,82,0.615268272397207,0.746221067909706,"3- Hydroxyindolin-2-one-sulfate","OC1=NC2=CC=CC=C2C1OS(O)(=O)=O","Organic compounds","Organoheterocyclic compounds","Indoles and derivatives","Indolines","Indolines"
"s__Blautia_wexlerae","HMDB0304928",-0.379078541628877,-0.434964791414982,149,82,0.638499588973462,0.765574910218992,"3- Hydroxyindolin-2-one-sulfate","OC1=NC2=CC=CC=C2C1OS(O)(=O)=O","Organic compounds","Organoheterocyclic compounds","Indoles and derivatives","Indolines","Indolines"
"s__Faecalibacterium_prausnitzii","HMDB0304928",-0.312040631235262,-0.120427509495978,149,82,0.149149578084767,0.290865254382145,"3- Hydroxyindolin-2-one-sulfate","OC1=NC2=CC=CC=C2C1OS(O)(=O)=O","Organic compounds","Organoheterocyclic compounds","Indoles and derivatives","Indolines","Indolines"
"s__Dorea_longicatena","HMDB0304928",-0.332972972972973,0.0509681000424462,149,82,0.00460539392074978,0.0429495625646221,"3- Hydroxyindolin-2-one-sulfate","OC1=NC2=CC=CC=C2C1OS(O)(=O)=O","Organic compounds","Organoheterocyclic compounds","Indoles and derivatives","Indolines","Indolines"
"s__Blautia_massiliensis","HMDB0304928",-0.319156576107679,-0.289972899728997,148,82,0.81413415582623,0.884378690410029,"3- Hydroxyindolin-2-one-sulfate","OC1=NC2=CC=CC=C2C1OS(O)(=O)=O","Organic compounds","Organoheterocyclic compounds","Indoles and derivatives","Indolines","Indolines"
"s__Coprococcus_comes","HMDB0304928",-0.275661164520225,-0.160522850208422,149,82,0.385851050735917,0.541567974221315,"3- Hydroxyindolin-2-one-sulfate","OC1=NC2=CC=CC=C2C1OS(O)(=O)=O","Organic compounds","Organoheterocyclic compounds","Indoles and derivatives","Indolines","Indolines"
"s__Dorea_formicigenerans","HMDB0304928",-0.35334663522583,-0.0495749937419053,149,82,0.0224750868176563,0.0930977296429291,"3- Hydroxyindolin-2-one-sulfate","OC1=NC2=CC=CC=C2C1OS(O)(=O)=O","Organic compounds","Organoheterocyclic compounds","Indoles and derivatives","Indolines","Indolines"
"s__Slackia_isoflavoniconvertens","HMDB0304928",-0.328733122275197,-0.0815293695105626,147,82,0.0642556178531462,0.17532001978657,"3- Hydroxyindolin-2-one-sulfate","OC1=NC2=CC=CC=C2C1OS(O)(=O)=O","Organic compounds","Organoheterocyclic compounds","Indoles and derivatives","Indolines","Indolines"
"s__Ruminococcus_gnavus","HMDB0304928",-0.302122256484673,-0.257648480099259,149,82,0.726603121252622,0.81730196480485,"3- Hydroxyindolin-2-one-sulfate","OC1=NC2=CC=CC=C2C1OS(O)(=O)=O","Organic compounds","Organoheterocyclic compounds","Indoles and derivatives","Indolines","Indolines"
"s__Vescimonas_coprocola","HMDB0304928",0.329751200316876,0.237470206027361,148,82,0.471004426121118,0.621760411984687,"3- Hydroxyindolin-2-one-sulfate","OC1=NC2=CC=CC=C2C1OS(O)(=O)=O","Organic compounds","Organoheterocyclic compounds","Indoles and derivatives","Indolines","Indolines"
"s__Ruminococcus_flavefaciens","HMDB0304928",0.323666971416482,0.214179210065193,147,82,0.397728284554551,0.55391582992719,"3- Hydroxyindolin-2-one-sulfate","OC1=NC2=CC=CC=C2C1OS(O)(=O)=O","Organic compounds","Organoheterocyclic compounds","Indoles and derivatives","Indolines","Indolines"
"s__Oscillibacter_valericigenes","HMDB0304928",0.392740794485761,0.314678769277653,149,82,0.519690879183733,0.658903138864371,"3- Hydroxyindolin-2-one-sulfate","OC1=NC2=CC=CC=C2C1OS(O)(=O)=O","Organic compounds","Organoheterocyclic compounds","Indoles and derivatives","Indolines","Indolines"
"s__Butyrivibrio_crossotus","HMDB0304928",0.379130178543094,0.270392953929539,147,81,0.384939041451582,0.541495254958147,"3- Hydroxyindolin-2-one-sulfate","OC1=NC2=CC=CC=C2C1OS(O)(=O)=O","Organic compounds","Organoheterocyclic compounds","Indoles and derivatives","Indolines","Indolines"
"s__Flavonifractor_plautii","HMDB0304928",0.289816796662434,0.189320969514916,149,82,0.443948061850423,0.595240266101898,"3- Hydroxyindolin-2-one-sulfate","OC1=NC2=CC=CC=C2C1OS(O)(=O)=O","Organic compounds","Organoheterocyclic compounds","Indoles and derivatives","Indolines","Indolines"
"s__Vescimonas_fastidiosa","HMDB0304928",0.407623985210192,0.250682948596554,144,82,0.208534312835459,0.361631817988765,"3- Hydroxyindolin-2-one-sulfate","OC1=NC2=CC=CC=C2C1OS(O)(=O)=O","Organic compounds","Organoheterocyclic compounds","Indoles and derivatives","Indolines","Indolines"
"s__Oscillibacter_sp._MSJ_31","HMDB0304928",0.432035753953562,0.335365853658537,147,81,0.416815764688397,0.568549347500208,"3- Hydroxyindolin-2-one-sulfate","OC1=NC2=CC=CC=C2C1OS(O)(=O)=O","Organic compounds","Organoheterocyclic compounds","Indoles and derivatives","Indolines","Indolines"
"s__Holdemanella_sp._MSK_7_32","HMDB0304928",-0.32328553311872,-0.00194218608852755,135,81,0.0200235748513058,0.0884550201326107,"3- Hydroxyindolin-2-one-sulfate","OC1=NC2=CC=CC=C2C1OS(O)(=O)=O","Organic compounds","Organoheterocyclic compounds","Indoles and derivatives","Indolines","Indolines"
"s__Pseudoflavonifractor_sp._MSJ_30","HMDB0304928",0.438166559930702,0.235924728725199,148,82,0.100802779250298,0.229080684252933,"3- Hydroxyindolin-2-one-sulfate","OC1=NC2=CC=CC=C2C1OS(O)(=O)=O","Organic compounds","Organoheterocyclic compounds","Indoles and derivatives","Indolines","Indolines"
"s__Blautia_sp._MCC270","HMDB0304928",-0.338147181457041,-0.125999934698142,143,82,0.109966620496271,0.240361068063899,"3- Hydroxyindolin-2-one-sulfate","OC1=NC2=CC=CC=C2C1OS(O)(=O)=O","Organic compounds","Organoheterocyclic compounds","Indoles and derivatives","Indolines","Indolines"
"s__Klebsiella_pneumoniae","HMDB0304928",0.281549065844368,0.159439927732611,149,81,0.359185293082828,0.516816324561464,"3- Hydroxyindolin-2-one-sulfate","OC1=NC2=CC=CC=C2C1OS(O)(=O)=O","Organic compounds","Organoheterocyclic compounds","Indoles and derivatives","Indolines","Indolines"
"s__Ruminococcus_sp._Marseille_P6503","HMDB0304928",0.277694188666839,0.222808251289264,138,80,0.67966151006996,0.787095666252674,"3- Hydroxyindolin-2-one-sulfate","OC1=NC2=CC=CC=C2C1OS(O)(=O)=O","Organic compounds","Organoheterocyclic compounds","Indoles and derivatives","Indolines","Indolines"
"s__Pseudoflavonifractor_phocaeensis","HMDB0304928",0.279789588245964,0.345348875175499,149,82,0.608640821948115,0.741082006608004,"3- Hydroxyindolin-2-one-sulfate","OC1=NC2=CC=CC=C2C1OS(O)(=O)=O","Organic compounds","Organoheterocyclic compounds","Indoles and derivatives","Indolines","Indolines"
"s__Faecalibacterium_sp._Marseille_Q4896","HMDB0304928",-0.289284392024118,-0.369624060150376,147,76,0.536866058452281,0.675239128462959,"3- Hydroxyindolin-2-one-sulfate","OC1=NC2=CC=CC=C2C1OS(O)(=O)=O","Organic compounds","Organoheterocyclic compounds","Indoles and derivatives","Indolines","Indolines"
"s__Brotomerdimonas_butyrica","HMDB0304928",0.283390883195188,0.18340108401084,147,81,0.45068781469102,0.600440167932269,"3- Hydroxyindolin-2-one-sulfate","OC1=NC2=CC=CC=C2C1OS(O)(=O)=O","Organic compounds","Organoheterocyclic compounds","Indoles and derivatives","Indolines","Indolines"
"s__Oscillibacter_sp._MCC667","HMDB0304928",0.388639838304268,0.31596657633243,148,81,0.551170497032407,0.689099956071301,"3- Hydroxyindolin-2-one-sulfate","OC1=NC2=CC=CC=C2C1OS(O)(=O)=O","Organic compounds","Organoheterocyclic compounds","Indoles and derivatives","Indolines","Indolines"
"s__Porcipelethomonas_ammoniilytica","HMDB0304928",0.303377847604085,0.22027972027972,134,77,0.537825034992175,0.675770178697753,"3- Hydroxyindolin-2-one-sulfate","OC1=NC2=CC=CC=C2C1OS(O)(=O)=O","Organic compounds","Organoheterocyclic compounds","Indoles and derivatives","Indolines","Indolines"
"s__Streptococcus_salivarius","HMDB0304928",-0.127536634488506,-0.438955265351487,120,60,0.0355598561156154,0.120086449405621,"3- Hydroxyindolin-2-one-sulfate","OC1=NC2=CC=CC=C2C1OS(O)(=O)=O","Organic compounds","Organoheterocyclic compounds","Indoles and derivatives","Indolines","Indolines"
"s__Yeguia_hominis","HMDB0304928",0.284335746580163,0.326237198114953,146,82,0.747202305701554,0.830654348993209,"3- Hydroxyindolin-2-one-sulfate","OC1=NC2=CC=CC=C2C1OS(O)(=O)=O","Organic compounds","Organoheterocyclic compounds","Indoles and derivatives","Indolines","Indolines"
"s__Clostridium_sp._AF36_4","HMDB0304928",0.299525705311161,0.202487967419474,132,74,0.481915792858101,0.62743741800243,"3- Hydroxyindolin-2-one-sulfate","OC1=NC2=CC=CC=C2C1OS(O)(=O)=O","Organic compounds","Organoheterocyclic compounds","Indoles and derivatives","Indolines","Indolines"
"s__Dysosmobacter_sp._BX15","HMDB0304928",0.462647373545545,0.375654923215899,146,81,0.449559852571818,0.599571879648219,"3- Hydroxyindolin-2-one-sulfate","OC1=NC2=CC=CC=C2C1OS(O)(=O)=O","Organic compounds","Organoheterocyclic compounds","Indoles and derivatives","Indolines","Indolines"
"s__Clostridium_sp._AF37_5","HMDB0304928",0.35113394068618,-0.0217639168343394,133,71,0.00971025372744435,0.0607282561587886,"3- Hydroxyindolin-2-one-sulfate","OC1=NC2=CC=CC=C2C1OS(O)(=O)=O","Organic compounds","Organoheterocyclic compounds","Indoles and derivatives","Indolines","Indolines"
"s__Intestinimonas_butyriciproducens","HMDB0304928",0.334732450571377,0.308366256353327,149,82,0.828912435648106,0.893493798356991,"3- Hydroxyindolin-2-one-sulfate","OC1=NC2=CC=CC=C2C1OS(O)(=O)=O","Organic compounds","Organoheterocyclic compounds","Indoles and derivatives","Indolines","Indolines"
"s__Intestinimonas_sp._MSJ_38","HMDB0304928",0.252143952731037,0.386184303610104,147,82,0.290197878183055,0.44994966580353,"3- Hydroxyindolin-2-one-sulfate","OC1=NC2=CC=CC=C2C1OS(O)(=O)=O","Organic compounds","Organoheterocyclic compounds","Indoles and derivatives","Indolines","Indolines"
"s__Ruminococcus_champanellensis","HMDB0304928",0.381673166509846,0.204477262072199,142,80,0.170833349078373,0.318358147848126,"3- Hydroxyindolin-2-one-sulfate","OC1=NC2=CC=CC=C2C1OS(O)(=O)=O","Organic compounds","Organoheterocyclic compounds","Indoles and derivatives","Indolines","Indolines"
"s__Pseudoflavonifractor_capillosus","HMDB0304928",0.320979502992926,0.365527149247396,149,82,0.723891592139518,0.816648310487144,"3- Hydroxyindolin-2-one-sulfate","OC1=NC2=CC=CC=C2C1OS(O)(=O)=O","Organic compounds","Organoheterocyclic compounds","Indoles and derivatives","Indolines","Indolines"
"s__Agathobaculum_sp._M2","HMDB0304928",0.377529003810095,0.201703992210321,141,79,0.1775273897626,0.32628756746148,"3- Hydroxyindolin-2-one-sulfate","OC1=NC2=CC=CC=C2C1OS(O)(=O)=O","Organic compounds","Organoheterocyclic compounds","Indoles and derivatives","Indolines","Indolines"
"s__Qingrenia_yutianensis","HMDB0304928",0.293332840868052,0.250294009787681,143,78,0.742173107478843,0.826167941923841,"3- Hydroxyindolin-2-one-sulfate","OC1=NC2=CC=CC=C2C1OS(O)(=O)=O","Organic compounds","Organoheterocyclic compounds","Indoles and derivatives","Indolines","Indolines"
"s__Bacteriophage_sp.","HMDB0304928",0.298861032016112,0.301923076923077,120,65,0.988507487128669,0.998820968134025,"3- Hydroxyindolin-2-one-sulfate","OC1=NC2=CC=CC=C2C1OS(O)(=O)=O","Organic compounds","Organoheterocyclic compounds","Indoles and derivatives","Indolines","Indolines"
"s__Roseburia_hominis","HMDB0062720",0.267767095955015,-0.130331624601387,149,82,0.00383662158849934,0.0395528565144385,"Thymol Sulfate","CC(C)C1=C(OS(O)(=O)=O)C=C(C)C=C1","Organic compounds","Organic acids and derivatives","Organic sulfuric acids and derivatives","Arylsulfates","Phenylsulfates"
"s__Blautia_wexlerae","HMDB0240381",-0.405256666062035,-0.29780912266954,149,82,0.377429703381972,0.534515181729924,"HPAA sulfate","CC(=O)NC1=CC=CC=C1OS(O)(=O)=O","Organic compounds","Organic acids and derivatives","Organic sulfuric acids and derivatives","Arylsulfates","Phenylsulfates"
"s__Prevotella_copri","HMDB0240381",0.31377630814603,0.403352086263479,139,80,0.476651031090896,0.623160589972418,"HPAA sulfate","CC(=O)NC1=CC=CC=C1OS(O)(=O)=O","Organic compounds","Organic acids and derivatives","Organic sulfuric acids and derivatives","Arylsulfates","Phenylsulfates"
"s__Catenibacterium_mitsuokai","HMDB0240381",0.369611887916068,0.140116845180136,137,79,0.0860948635462758,0.210882165768018,"HPAA sulfate","CC(=O)NC1=CC=CC=C1OS(O)(=O)=O","Organic compounds","Organic acids and derivatives","Organic sulfuric acids and derivatives","Arylsulfates","Phenylsulfates"
"s__Fusicatenibacter_saccharivorans","HMDB0240381",-0.303613277707237,-0.15601702201761,149,82,0.263627473138764,0.417493067524156,"HPAA sulfate","CC(=O)NC1=CC=CC=C1OS(O)(=O)=O","Organic compounds","Organic acids and derivatives","Organic sulfuric acids and derivatives","Arylsulfates","Phenylsulfates"
"s__Blautia_obeum","HMDB0240381",-0.368532559405043,-0.280787105059806,149,82,0.479879901853683,0.62608165433553,"HPAA sulfate","CC(=O)NC1=CC=CC=C1OS(O)(=O)=O","Organic compounds","Organic acids and derivatives","Organic sulfuric acids and derivatives","Arylsulfates","Phenylsulfates"
"s__Coprococcus_comes","HMDB0240381",-0.363424632686378,-0.312959153687922,149,82,0.679479988095459,0.787095666252674,"HPAA sulfate","CC(=O)NC1=CC=CC=C1OS(O)(=O)=O","Organic compounds","Organic acids and derivatives","Organic sulfuric acids and derivatives","Arylsulfates","Phenylsulfates"
"s__Anaerostipes_hadrus","HMDB0240381",-0.355624886631598,-0.348701037211175,149,82,0.949447057185777,0.968682208263285,"HPAA sulfate","CC(=O)NC1=CC=CC=C1OS(O)(=O)=O","Organic compounds","Organic acids and derivatives","Organic sulfuric acids and derivatives","Arylsulfates","Phenylsulfates"
"s__Methanobrevibacter_smithii","HMDB0240381",0.359390267735001,0.135542654410579,85,53,0.182920823018048,0.33256991917511,"HPAA sulfate","CC(=O)NC1=CC=CC=C1OS(O)(=O)=O","Organic compounds","Organic acids and derivatives","Organic sulfuric acids and derivatives","Arylsulfates","Phenylsulfates"
"s__Mogibacterium_kristiansenii","HMDB0240381",0.695437726342308,0.450750117205813,145,80,0.00836318130498753,0.0569148392593475,"HPAA sulfate","CC(=O)NC1=CC=CC=C1OS(O)(=O)=O","Organic compounds","Organic acids and derivatives","Organic sulfuric acids and derivatives","Arylsulfates","Phenylsulfates"
"s__Ruminococcus_torques","HMDB0240381",-0.313023762017051,-0.2805476649144,149,82,0.794985688340231,0.868942067345127,"HPAA sulfate","CC(=O)NC1=CC=CC=C1OS(O)(=O)=O","Organic compounds","Organic acids and derivatives","Organic sulfuric acids and derivatives","Arylsulfates","Phenylsulfates"
"s__Paratractidigestivibacter_faecalis","HMDB0240381",0.360135286225403,0.129655683080341,129,74,0.0971891141925806,0.224104569173002,"HPAA sulfate","CC(=O)NC1=CC=CC=C1OS(O)(=O)=O","Organic compounds","Organic acids and derivatives","Organic sulfuric acids and derivatives","Arylsulfates","Phenylsulfates"
"s__Blautia_faecis","HMDB0240381",-0.411325956829313,-0.356842002154961,149,82,0.642902904166449,0.768674982284481,"HPAA sulfate","CC(=O)NC1=CC=CC=C1OS(O)(=O)=O","Organic compounds","Organic acids and derivatives","Organic sulfuric acids and derivatives","Arylsulfates","Phenylsulfates"
"s__Bacteroides_uniformis","HMDB0240381",-0.314867737364195,0.0299659201557936,145,79,0.0125902657836057,0.068558011385217,"HPAA sulfate","CC(=O)NC1=CC=CC=C1OS(O)(=O)=O","Organic compounds","Organic acids and derivatives","Organic sulfuric acids and derivatives","Arylsulfates","Phenylsulfates"
"s__Ruminococcus_gnavus","HMDB0240381",-0.441792127698168,-0.249181005866284,149,82,0.115285774342561,0.24811075196117,"HPAA sulfate","CC(=O)NC1=CC=CC=C1OS(O)(=O)=O","Organic compounds","Organic acids and derivatives","Organic sulfuric acids and derivatives","Arylsulfates","Phenylsulfates"
"s__Anaerobutyricum_soehngenii","HMDB0240381",0.0105967712679122,0.411652028166868,149,82,0.0023713401054425,0.0321023354059367,"HPAA sulfate","CC(=O)NC1=CC=CC=C1OS(O)(=O)=O","Organic compounds","Organic acids and derivatives","Organic sulfuric acids and derivatives","Arylsulfates","Phenylsulfates"
"s__Oscillibacter_sp._ER4","HMDB0240381",0.423681310029917,0.325518877678737,145,82,0.413001164558882,0.565183115412643,"HPAA sulfate","CC(=O)NC1=CC=CC=C1OS(O)(=O)=O","Organic compounds","Organic acids and derivatives","Organic sulfuric acids and derivatives","Arylsulfates","Phenylsulfates"
"s__Prevotella_stercorea","HMDB0240381",0.320657116716055,0.349685301740096,130,73,0.832307936386024,0.896030000709529,"HPAA sulfate","CC(=O)NC1=CC=CC=C1OS(O)(=O)=O","Organic compounds","Organic acids and derivatives","Organic sulfuric acids and derivatives","Arylsulfates","Phenylsulfates"
"s__Prevotella_hominis","HMDB0240381",0.321975262240749,0.147131896236756,112,69,0.234874023387575,0.391146025720843,"HPAA sulfate","CC(=O)NC1=CC=CC=C1OS(O)(=O)=O","Organic compounds","Organic acids and derivatives","Organic sulfuric acids and derivatives","Arylsulfates","Phenylsulfates"
"s__Roseburia_intestinalis","HMDB0240381",-0.271946308724832,-0.139234444553281,149,82,0.320470721776175,0.479753434858745,"HPAA sulfate","CC(=O)NC1=CC=CC=C1OS(O)(=O)=O","Organic compounds","Organic acids and derivatives","Organic sulfuric acids and derivatives","Arylsulfates","Phenylsulfates"
"s__Vescimonas_coprocola","HMDB0240381",0.345365499727916,0.259825208693854,148,82,0.498362566944321,0.641552629634867,"HPAA sulfate","CC(=O)NC1=CC=CC=C1OS(O)(=O)=O","Organic compounds","Organic acids and derivatives","Organic sulfuric acids and derivatives","Arylsulfates","Phenylsulfates"
"s__Eubacterium_ramulus","HMDB0240381",-0.299038635951388,-0.0552780226597447,149,82,0.0706759114298064,0.186152662113235,"HPAA sulfate","CC(=O)NC1=CC=CC=C1OS(O)(=O)=O","Organic compounds","Organic acids and derivatives","Organic sulfuric acids and derivatives","Arylsulfates","Phenylsulfates"
"s__Coprococcus_catus","HMDB0240381",-0.123961545438056,-0.389405861930105,149,82,0.041646050579087,0.132071480299926,"HPAA sulfate","CC(=O)NC1=CC=CC=C1OS(O)(=O)=O","Organic compounds","Organic acids and derivatives","Organic sulfuric acids and derivatives","Arylsulfates","Phenylsulfates"
"s__Parolsenella_catena","HMDB0240381",0.375244094488189,0.287049659201558,126,79,0.495250666212073,0.639458042511875,"HPAA sulfate","CC(=O)NC1=CC=CC=C1OS(O)(=O)=O","Organic compounds","Organic acids and derivatives","Organic sulfuric acids and derivatives","Arylsulfates","Phenylsulfates"
"s__Collinsella_bouchesdurhonensis","HMDB0240381",0.306430070161579,0.242545710267229,138,80,0.626296498690187,0.75455243239325,"HPAA sulfate","CC(=O)NC1=CC=CC=C1OS(O)(=O)=O","Organic compounds","Organic acids and derivatives","Organic sulfuric acids and derivatives","Arylsulfates","Phenylsulfates"
"s__Ruminococcus_flavefaciens","HMDB0240381",0.41211116064345,0.424734167020385,147,82,0.919827905018234,0.951957985065096,"HPAA sulfate","CC(=O)NC1=CC=CC=C1OS(O)(=O)=O","Organic compounds","Organic acids and derivatives","Organic sulfuric acids and derivatives","Arylsulfates","Phenylsulfates"
"s__Oscillibacter_valericigenes","HMDB0240381",0.415193179756938,0.375736006356047,149,82,0.732705361131482,0.820708229238911,"HPAA sulfate","CC(=O)NC1=CC=CC=C1OS(O)(=O)=O","Organic compounds","Organic acids and derivatives","Organic sulfuric acids and derivatives","Arylsulfates","Phenylsulfates"
"s__Ruminococcus_lactaris","HMDB0240381",-0.321850172319971,-0.258628007966827,149,82,0.618352923489732,0.748563779493819,"HPAA sulfate","CC(=O)NC1=CC=CC=C1OS(O)(=O)=O","Organic compounds","Organic acids and derivatives","Organic sulfuric acids and derivatives","Arylsulfates","Phenylsulfates"
"s__Ruminococcus_sp._NSJ_71","HMDB0240381",0.26673822813797,0.371920710868079,136,76,0.426579401069344,0.577487597791725,"HPAA sulfate","CC(=O)NC1=CC=CC=C1OS(O)(=O)=O","Organic compounds","Organic acids and derivatives","Organic sulfuric acids and derivatives","Arylsulfates","Phenylsulfates"
"s__Prevotellamassilia_timonensis","HMDB0240381",0.385345794119473,0.260834863117567,118,67,0.370540754234921,0.527727160160368,"HPAA sulfate","CC(=O)NC1=CC=CC=C1OS(O)(=O)=O","Organic compounds","Organic acids and derivatives","Organic sulfuric acids and derivatives","Arylsulfates","Phenylsulfates"
"s__Roseburia_sp._BX1005","HMDB0240381",-0.0922329040449846,-0.384981933152665,149,81,0.0264420591158819,0.10092501035724,"HPAA sulfate","CC(=O)NC1=CC=CC=C1OS(O)(=O)=O","Organic compounds","Organic acids and derivatives","Organic sulfuric acids and derivatives","Arylsulfates","Phenylsulfates"
"s__Olsenella_uli","HMDB0240381",0.464681707264866,0.289006094702297,141,80,0.14764750122605,0.289545489164481,"HPAA sulfate","CC(=O)NC1=CC=CC=C1OS(O)(=O)=O","Organic compounds","Organic acids and derivatives","Organic sulfuric acids and derivatives","Arylsulfates","Phenylsulfates"
"s__Vescimonas_fastidiosa","HMDB0240381",0.476115264046299,0.379741186970103,144,82,0.39764318052228,0.55391582992719,"HPAA sulfate","CC(=O)NC1=CC=CC=C1OS(O)(=O)=O","Organic compounds","Organic acids and derivatives","Organic sulfuric acids and derivatives","Arylsulfates","Phenylsulfates"
"s__Faecalicatena_fissicatena","HMDB0240381",-0.352563032831489,-0.156582971452204,149,82,0.132215956534424,0.271107311525798,"HPAA sulfate","CC(=O)NC1=CC=CC=C1OS(O)(=O)=O","Organic compounds","Organic acids and derivatives","Organic sulfuric acids and derivatives","Arylsulfates","Phenylsulfates"
"s__Eggerthella_lenta","HMDB0240381",-0.239321603482677,-0.421599677844168,149,82,0.14454555327158,0.285603276988668,"HPAA sulfate","CC(=O)NC1=CC=CC=C1OS(O)(=O)=O","Organic compounds","Organic acids and derivatives","Organic sulfuric acids and derivatives","Arylsulfates","Phenylsulfates"
"s__Oscillibacter_sp._MSJ_31","HMDB0240381",0.403788468367725,0.354765130984643,147,81,0.679323456230697,0.787095666252674,"HPAA sulfate","CC(=O)NC1=CC=CC=C1OS(O)(=O)=O","Organic compounds","Organic acids and derivatives","Organic sulfuric acids and derivatives","Arylsulfates","Phenylsulfates"
"s__Faecalibacillus_intestinalis","HMDB0240381",-0.315542787733894,0.00688798554652213,146,81,0.0181871297819744,0.0836145536303704,"HPAA sulfate","CC(=O)NC1=CC=CC=C1OS(O)(=O)=O","Organic compounds","Organic acids and derivatives","Organic sulfuric acids and derivatives","Arylsulfates","Phenylsulfates"
"s__Pseudoflavonifractor_sp._MSJ_30","HMDB0240381",0.376568185772404,0.369488795289559,148,82,0.947409676640484,0.967641744430666,"HPAA sulfate","CC(=O)NC1=CC=CC=C1OS(O)(=O)=O","Organic compounds","Organic acids and derivatives","Organic sulfuric acids and derivatives","Arylsulfates","Phenylsulfates"
"s__Ruminococcus_sp._Marseille_P6503","HMDB0240381",0.195463813018135,0.372198781059541,138,80,0.180348177284394,0.329547685342601,"HPAA sulfate","CC(=O)NC1=CC=CC=C1OS(O)(=O)=O","Organic compounds","Organic acids and derivatives","Organic sulfuric acids and derivatives","Arylsulfates","Phenylsulfates"
"s__Ruminococcus_sp._M6_2020","HMDB0240381",0.424443893283778,0.385465983173888,148,82,0.733711469924708,0.821104658342407,"HPAA sulfate","CC(=O)NC1=CC=CC=C1OS(O)(=O)=O","Organic compounds","Organic acids and derivatives","Organic sulfuric acids and derivatives","Arylsulfates","Phenylsulfates"
"s__Pseudoflavonifractor_phocaeensis","HMDB0240381",0.371104661708689,0.208062602714381,149,82,0.201019135781452,0.35387573096665,"HPAA sulfate","CC(=O)NC1=CC=CC=C1OS(O)(=O)=O","Organic compounds","Organic acids and derivatives","Organic sulfuric acids and derivatives","Arylsulfates","Phenylsulfates"
"s__Brotomerdimonas_butyrica","HMDB0240381",0.330217833153254,0.0745709123757904,147,81,0.056892628076044,0.161668168709325,"HPAA sulfate","CC(=O)NC1=CC=CC=C1OS(O)(=O)=O","Organic compounds","Organic acids and derivatives","Organic sulfuric acids and derivatives","Arylsulfates","Phenylsulfates"
"s__Megasphaera_elsdenii","HMDB0240381",0.327550467416339,0.349396378269618,121,71,0.877109570593963,0.926466725247107,"HPAA sulfate","CC(=O)NC1=CC=CC=C1OS(O)(=O)=O","Organic compounds","Organic acids and derivatives","Organic sulfuric acids and derivatives","Arylsulfates","Phenylsulfates"
"s__Oscillibacter_sp._MCC667","HMDB0240381",0.325768036218659,0.357542908762421,148,81,0.803973567924186,0.875607891017777,"HPAA sulfate","CC(=O)NC1=CC=CC=C1OS(O)(=O)=O","Organic compounds","Organic acids and derivatives","Organic sulfuric acids and derivatives","Arylsulfates","Phenylsulfates"
"s__Yeguia_hominis","HMDB0240381",0.371490268284924,0.368552801993883,146,82,0.97497481915834,0.989116275036543,"HPAA sulfate","CC(=O)NC1=CC=CC=C1OS(O)(=O)=O","Organic compounds","Organic acids and derivatives","Organic sulfuric acids and derivatives","Arylsulfates","Phenylsulfates"
"s__Faecalibacillus_sp._MSK20_93","HMDB0240381",-0.373081171246309,-0.306497054554768,110,52,0.656918960641544,0.77367724176586,"HPAA sulfate","CC(=O)NC1=CC=CC=C1OS(O)(=O)=O","Organic compounds","Organic acids and derivatives","Organic sulfuric acids and derivatives","Arylsulfates","Phenylsulfates"
"s__Clostridium_spiroforme","HMDB0240381",-0.348505310382714,-0.329704055535258,128,69,0.883492562451644,0.931588891228325,"HPAA sulfate","CC(=O)NC1=CC=CC=C1OS(O)(=O)=O","Organic compounds","Organic acids and derivatives","Organic sulfuric acids and derivatives","Arylsulfates","Phenylsulfates"
"s__Dysosmobacter_sp._BX15","HMDB0240381",0.39283352452932,0.366282746160795,146,81,0.820395045671512,0.888114671109573,"HPAA sulfate","CC(=O)NC1=CC=CC=C1OS(O)(=O)=O","Organic compounds","Organic acids and derivatives","Organic sulfuric acids and derivatives","Arylsulfates","Phenylsulfates"
"s__Negativibacillus_massiliensis","HMDB0240381",0.289587151959501,0.241777170198223,134,76,0.721931780407645,0.815353244978465,"HPAA sulfate","CC(=O)NC1=CC=CC=C1OS(O)(=O)=O","Organic compounds","Organic acids and derivatives","Organic sulfuric acids and derivatives","Arylsulfates","Phenylsulfates"
"s__Intestinimonas_butyriciproducens","HMDB0240381",0.324063123526211,0.169556273875992,149,82,0.237679928180493,0.394254320921266,"HPAA sulfate","CC(=O)NC1=CC=CC=C1OS(O)(=O)=O","Organic compounds","Organic acids and derivatives","Organic sulfuric acids and derivatives","Arylsulfates","Phenylsulfates"
"s__Collinsella_tanakaei","HMDB0240381",0.348542302767655,0.228748782862707,143,79,0.357310261976039,0.515296242643565,"HPAA sulfate","CC(=O)NC1=CC=CC=C1OS(O)(=O)=O","Organic compounds","Organic acids and derivatives","Organic sulfuric acids and derivatives","Arylsulfates","Phenylsulfates"
"s__Intestinimonas_sp._MSJ_38","HMDB0240381",0.29877823028508,0.305775949325758,147,82,0.961051942407804,0.978144216242058,"HPAA sulfate","CC(=O)NC1=CC=CC=C1OS(O)(=O)=O","Organic compounds","Organic acids and derivatives","Organic sulfuric acids and derivatives","Arylsulfates","Phenylsulfates"
"s__Ruminococcus_champanellensis","HMDB0240381",0.331680605878988,0.33187998124707,142,80,0.996066796685945,0.999092388001957,"HPAA sulfate","CC(=O)NC1=CC=CC=C1OS(O)(=O)=O","Organic compounds","Organic acids and derivatives","Organic sulfuric acids and derivatives","Arylsulfates","Phenylsulfates"
"s__Pseudoflavonifractor_capillosus","HMDB0240381",0.277932160348268,0.169447437446262,149,82,0.412542240005243,0.56516940170468,"HPAA sulfate","CC(=O)NC1=CC=CC=C1OS(O)(=O)=O","Organic compounds","Organic acids and derivatives","Organic sulfuric acids and derivatives","Arylsulfates","Phenylsulfates"
"s__Oribacterium_sp._oral_taxon_102","HMDB0240381",0.361797826586559,0.42906704172527,143,80,0.580753384008428,0.711253414850789,"HPAA sulfate","CC(=O)NC1=CC=CC=C1OS(O)(=O)=O","Organic compounds","Organic acids and derivatives","Organic sulfuric acids and derivatives","Arylsulfates","Phenylsulfates"
"s__Roseburia_faecis","HMDB0004148",0.348082713586069,0.157562499319772,149,82,0.143791623112925,0.284644109275429,"Dopamine 4-sulfate","NCCC1=CC=C(OS(O)(=O)=O)C(O)=C1","Organic compounds","Organic acids and derivatives","Organic sulfuric acids and derivatives","Arylsulfates","Phenylsulfates"
"s__Lachnospira_eligens","HMDB0004148",0.343827317250136,0.0250432624808176,149,82,0.0173268239744842,0.0821516010486883,"Dopamine 4-sulfate","NCCC1=CC=C(OS(O)(=O)=O)C(O)=C1","Organic compounds","Organic acids and derivatives","Organic sulfuric acids and derivatives","Arylsulfates","Phenylsulfates"
"s__Ruminococcus_sp._M6_2020","HMDB0004148",-0.282079093200857,-0.0118305199116248,148,82,0.047429442299344,0.144936087026394,"Dopamine 4-sulfate","NCCC1=CC=C(OS(O)(=O)=O)C(O)=C1","Organic compounds","Organic acids and derivatives","Organic sulfuric acids and derivatives","Arylsulfates","Phenylsulfates"
"s__Coprococcus_comes","HMDB0062175",0.31619444948304,0.0859698958435367,149,82,0.084833429762223,0.208197442632824,"N-Lactoylphenylalanine","C[C@H](O)C(=O)N[C@@H](CC1=CC=CC=C1)C(O)=O","Organic compounds","Organic acids and derivatives","Carboxylic acids and derivatives","Amino acids, peptides, and analogues","Phenylalanine and derivatives"
"s__Eubacterium_ramulus","HMDB0062175",0.303667694540178,0.10525571119165,149,82,0.137311304557783,0.278381533716987,"N-Lactoylphenylalanine","C[C@H](O)C(=O)N[C@@H](CC1=CC=CC=C1)C(O)=O","Organic compounds","Organic acids and derivatives","Carboxylic acids and derivatives","Amino acids, peptides, and analogues","Phenylalanine and derivatives"
"s__Ruminococcus_sp._M6_2020","HMDB0062175",-0.297674883485046,-0.0867099835656991,148,82,0.116390738453976,0.248258750468777,"N-Lactoylphenylalanine","C[C@H](O)C(=O)N[C@@H](CC1=CC=CC=C1)C(O)=O","Organic compounds","Organic acids and derivatives","Carboxylic acids and derivatives","Amino acids, peptides, and analogues","Phenylalanine and derivatives"
"s__Bacteroides_uniformis","HMDB0247339",0.288749803180602,-0.0201801363193768,145,79,0.026071959987515,0.100653183536227,"3-(Cyclohexylamino)-2-hydroxy-1-propanesulfonic acid","OC(CNC1CCCCC1)CS(O)(=O)=O","Organic compounds","Organic nitrogen compounds","Organonitrogen compounds","Cyclohexylamines","Cyclohexylamines"
"s__Collinsella_tanakaei","HMDB0034450",-0.089760005252963,0.36516553067186,143,79,0.000967032429465895,0.0243498765739512,"Neocnidilide","CCCCC1OC(=O)C2=CCCCC12","Organic compounds","Organoheterocyclic compounds","Isobenzofurans",NA,"Isobenzofurans"
"s__Gallintestinimicrobium_propionicum","HMDB0030987",-0.0392393489229539,0.38185261370686,148,82,0.00169348104984579,0.0296123978021645,"2-Carboxy-4-dodecanolide","CCCCCCCCC1CC(C(O)=O)C(=O)O1","Organic compounds","Organoheterocyclic compounds","Lactones","Gamma butyrolactones","Gamma butyrolactones"
"s__Clostridium_sp._OM08_29","HMDB0125166",-0.0157059921210865,-0.399672759198659,105,67,0.0111730019943651,0.0638737434848378,"p-Coumaric acid sulfate","OC(=O)\C=C\C1=CC=C(OS(O)(=O)=O)C=C1","Organic compounds","Phenylpropanoids and polyketides","Cinnamic acids and derivatives","Cinnamic acids","Cinnamic acids"
"s__Anaerostipes_hadrus","HMDB0125171",0.286805731906403,0.152838998269501,149,82,0.312685512701532,0.471462347893687,"3-[4-(sulfooxy)phenyl]propanoic acid","OC(=O)CCC1=CC=C(OS(O)(=O)=O)C=C1","Organic compounds","Organic acids and derivatives","Organic sulfuric acids and derivatives","Arylsulfates","Phenylsulfates"
"s__Collinsella_tanakaei","HMDB0125171",-0.292815752322795,-0.000462512171372931,143,79,0.0351505183587536,0.119284373621754,"3-[4-(sulfooxy)phenyl]propanoic acid","OC(=O)CCC1=CC=C(OS(O)(=O)=O)C=C1","Organic compounds","Organic acids and derivatives","Organic sulfuric acids and derivatives","Arylsulfates","Phenylsulfates"
"s__Collinsella_bouchesdurhonensis","HMDB0094710",0.0167378632796714,0.366502578527895,138,80,0.0105120395266312,0.0622673830905133,"3-[3-ulfooxy)phenyl]propanoic acid","OC(=O)CCC1=CC(OS(O)(=O)=O)=CC=C1","Organic compounds","Organic acids and derivatives","Organic sulfuric acids and derivatives","Arylsulfates","Phenylsulfates"
"s__Anaerotardibacter_sp._CLA_AA_M13","HMDB0094710",0.290749311055757,0.240295358649789,138,80,0.701403637849332,0.8027883455021,"3-[3-ulfooxy)phenyl]propanoic acid","OC(=O)CCC1=CC(OS(O)(=O)=O)=CC=C1","Organic compounds","Organic acids and derivatives","Organic sulfuric acids and derivatives","Arylsulfates","Phenylsulfates"
"s__Pseudoflavonifractor_sp._MSJ_30","HMDB0094710",0.282675087085442,0.0346861701548742,148,82,0.0680716904744434,0.182284212217245,"3-[3-ulfooxy)phenyl]propanoic acid","OC(=O)CCC1=CC(OS(O)(=O)=O)=CC=C1","Organic compounds","Organic acids and derivatives","Organic sulfuric acids and derivatives","Arylsulfates","Phenylsulfates"
"s__Eggerthella_lenta","HMDB0013713",0.170818066388536,0.460889628976611,149,82,0.0204845690696443,0.0890455646440126,"N-Acetyltryptophan","CC(=O)N[C@@H](CC1=CNC2=C1C=CC=C2)C(O)=O","Organic compounds","Organic acids and derivatives","Carboxylic acids and derivatives","Amino acids, peptides, and analogues","N-acyl-L-alpha-amino acids"
"s__Clostridium_saudiense","HMDB0036563",-0.114188569821671,0.392848591268258,118,67,0.0007372154986352,0.0206660911342108,"Valerenolic acid","CC1CCC(\C=C(/C)C(O)=O)C2=C(C)CC(O)C12","Organic compounds","Lipids and lipid-like molecules","Prenol lipids","Sesquiterpenoids","Sesquiterpenoids"
"s__Faecalibacillus_sp._H12","HMDB0036563",0.105553494124923,0.519649947330038,99,42,0.0145200268683306,0.0740109871547704,"Valerenolic acid","CC1CCC(\C=C(/C)C(O)=O)C2=C(C)CC(O)C12","Organic compounds","Lipids and lipid-like molecules","Prenol lipids","Sesquiterpenoids","Sesquiterpenoids"
"s__Anaerotardibacter_sp._CLA_AA_M13","HMDB0059747",0.3310425604296,0.380801687763713,138,80,0.696014581111731,0.799527698558093,"4-Hydroxy-3-methoxy-cinnamoylglycine","COC1=CC(\C=C\C(=O)NCC(O)=O)=CC=C1O","Organic compounds","Organic acids and derivatives","Carboxylic acids and derivatives","Amino acids, peptides, and analogues","N-acyl-alpha amino acids"
"s__Blautia_schinkii","HMDB0030197",0.0263558860874297,0.369205820572262,149,82,0.010169663852275,0.0616635938513836,"3-Oxo-2-(2-pentenyl)-1-cyclopenteneacetic acid","CC\C=C\CC1=C(CC(O)=O)CCC1=O","Organic compounds","Organic oxygen compounds","Organooxygen compounds","Carbonyl compounds","Cyclic ketones"
"s__Collinsella_aerofaciens","HMDB0000394",-0.268601487393434,0.0428924369564981,149,82,0.0231845830611414,0.0944507109518247,"3-Hydroxytetradecanedioic acid","OC(CCCCCCCCCCC(O)=O)CC(O)=O","Organic compounds","Lipids and lipid-like molecules","Fatty Acyls","Fatty acids and conjugates","Long-chain fatty acids"
"s__Romboutsia_timonensis","HMDB0000394",-0.339409250433571,-0.144699494014563,130,73,0.163563405227414,0.308735123210367,"3-Hydroxytetradecanedioic acid","OC(CCCCCCCCCCC(O)=O)CC(O)=O","Organic compounds","Lipids and lipid-like molecules","Fatty Acyls","Fatty acids and conjugates","Long-chain fatty acids"
"s__Jingyaoa_shaoxingensis","HMDB0000394",0.0424342463268638,0.376715534223615,149,82,0.0118270461859099,0.0658860670268164,"3-Hydroxytetradecanedioic acid","OC(CCCCCCCCCCC(O)=O)CC(O)=O","Organic compounds","Lipids and lipid-like molecules","Fatty Acyls","Fatty acids and conjugates","Long-chain fatty acids"
"s__Alistipes_indistinctus","HMDB0000394",0.364559225752157,0.18322762508809,97,44,0.292422401687673,0.451383683531801,"3-Hydroxytetradecanedioic acid","OC(CCCCCCCCCCC(O)=O)CC(O)=O","Organic compounds","Lipids and lipid-like molecules","Fatty Acyls","Fatty acids and conjugates","Long-chain fatty acids"
"s__Prevotella_sp._P5_64","HMDB0000394",0.0932358780460046,-0.486776326398968,78,53,0.000683421999932836,0.0206660911342108,"3-Hydroxytetradecanedioic acid","OC(CCCCCCCCCCC(O)=O)CC(O)=O","Organic compounds","Lipids and lipid-like molecules","Fatty Acyls","Fatty acids and conjugates","Long-chain fatty acids"
"s__Blautia_wexlerae","HMDB0304910",-0.351358606929077,-0.307299659341975,149,82,0.719591308607877,0.814717138073127,"Hippuric acid sulfate","OS(=O)(=O)OC(=O)CNC(=O)C1=CC=CC=C1",NA,NA,NA,NA,NA
"s__Prevotella_copri","HMDB0304910",0.319705974350954,0.398382559774965,139,80,0.532404302810716,0.67231395911604,"Hippuric acid sulfate","OS(=O)(=O)OC(=O)CNC(=O)C1=CC=CC=C1",NA,NA,NA,NA,NA
"s__Catenibacterium_mitsuokai","HMDB0304910",0.39968637407359,0.109956183057449,137,79,0.0297444140055371,0.106085601226547,"Hippuric acid sulfate","OS(=O)(=O)OC(=O)CNC(=O)C1=CC=CC=C1",NA,NA,NA,NA,NA
"s__Dorea_longicatena","HMDB0304910",-0.199346998004716,-0.374517038343074,149,82,0.173771895438001,0.321756494678279,"Hippuric acid sulfate","OS(=O)(=O)OC(=O)CNC(=O)C1=CC=CC=C1",NA,NA,NA,NA,NA
"s__Fusicatenibacter_saccharivorans","HMDB0304910",-0.291743152548522,-0.218685038256005,149,82,0.573794458839209,0.70616541904063,"Hippuric acid sulfate","OS(=O)(=O)OC(=O)CNC(=O)C1=CC=CC=C1",NA,NA,NA,NA,NA
"s__Blautia_obeum","HMDB0304910",-0.308256847451478,-0.234292182279252,149,82,0.56535490792939,0.699196295759432,"Hippuric acid sulfate","OS(=O)(=O)OC(=O)CNC(=O)C1=CC=CC=C1",NA,NA,NA,NA,NA
"s__Coprococcus_comes","HMDB0304910",-0.355077090513332,-0.317552051022518,149,82,0.757746812084504,0.839052978376773,"Hippuric acid sulfate","OS(=O)(=O)OC(=O)CNC(=O)C1=CC=CC=C1",NA,NA,NA,NA,NA
"s__Anaerostipes_hadrus","HMDB0304910",-0.389428623254127,-0.390907804660376,149,82,0.996301518268687,0.999092388001957,"Hippuric acid sulfate","OS(=O)(=O)OC(=O)CNC(=O)C1=CC=CC=C1",NA,NA,NA,NA,NA
"s__Mogibacterium_kristiansenii","HMDB0304910",0.702487797197292,0.522222222222222,145,80,0.0379819655193755,0.125133671792164,"Hippuric acid sulfate","OS(=O)(=O)OC(=O)CNC(=O)C1=CC=CC=C1",NA,NA,NA,NA,NA
"s__Paratractidigestivibacter_faecalis","HMDB0304910",0.396450134168157,0.11863754165124,129,74,0.043567144381362,0.135434653768234,"Hippuric acid sulfate","OS(=O)(=O)OC(=O)CNC(=O)C1=CC=CC=C1",NA,NA,NA,NA,NA
"s__Blautia_faecis","HMDB0304910",-0.404407763468166,-0.388883447067402,149,82,0.88920283313726,0.933723106058062,"Hippuric acid sulfate","OS(=O)(=O)OC(=O)CNC(=O)C1=CC=CC=C1",NA,NA,NA,NA,NA
"s__Bacteroides_uniformis","HMDB0304910",-0.373165643205794,0.0458373904576436,145,79,0.0021383060871607,0.0309964907299102,"Hippuric acid sulfate","OS(=O)(=O)OC(=O)CNC(=O)C1=CC=CC=C1",NA,NA,NA,NA,NA
"s__Ruminococcus_gnavus","HMDB0304910",-0.409047705423544,-0.16838084043491,149,82,0.0586149093004773,0.165092104718794,"Hippuric acid sulfate","OS(=O)(=O)OC(=O)CNC(=O)C1=CC=CC=C1",NA,NA,NA,NA,NA
"s__Oscillibacter_sp._ER4","HMDB0304910",0.336966619430011,0.384029342301455,145,82,0.706198908772319,0.803891886206464,"Hippuric acid sulfate","OS(=O)(=O)OC(=O)CNC(=O)C1=CC=CC=C1",NA,NA,NA,NA,NA
"s__Prevotella_stercorea","HMDB0304910",0.359570661896243,0.390349253362952,130,73,0.816713580910688,0.886415860660825,"Hippuric acid sulfate","OS(=O)(=O)OC(=O)CNC(=O)C1=CC=CC=C1",NA,NA,NA,NA,NA
"s__Roseburia_intestinalis","HMDB0304910",-0.287251949936514,-0.204079189386271,149,82,0.524577215183147,0.663095094292753,"Hippuric acid sulfate","OS(=O)(=O)OC(=O)CNC(=O)C1=CC=CC=C1",NA,NA,NA,NA,NA
"s__Vescimonas_coprocola","HMDB0304910",0.284529701595857,0.342344989714957,148,82,0.652350724051128,0.771182686929925,"Hippuric acid sulfate","OS(=O)(=O)OC(=O)CNC(=O)C1=CC=CC=C1",NA,NA,NA,NA,NA
"s__Eubacterium_ramulus","HMDB0304910",-0.275149646290586,-0.135120427509496,149,82,0.294619141623671,0.451797197690867,"Hippuric acid sulfate","OS(=O)(=O)OC(=O)CNC(=O)C1=CC=CC=C1",NA,NA,NA,NA,NA
"s__Coprococcus_catus","HMDB0304910",-0.134083076364956,-0.396654368150107,149,82,0.0429034615387996,0.134366811137683,"Hippuric acid sulfate","OS(=O)(=O)OC(=O)CNC(=O)C1=CC=CC=C1",NA,NA,NA,NA,NA
"s__Lentihominibacter_faecis","HMDB0304910",0.26778634544694,0.033446251129178,148,81,0.0869985514842181,0.211042728937631,"Hippuric acid sulfate","OS(=O)(=O)OC(=O)CNC(=O)C1=CC=CC=C1",NA,NA,NA,NA,NA
"s__Parolsenella_catena","HMDB0304910",0.426171728533933,0.208739045764362,126,79,0.0958306435409578,0.223274013662712,"Hippuric acid sulfate","OS(=O)(=O)OC(=O)CNC(=O)C1=CC=CC=C1",NA,NA,NA,NA,NA
"s__Collinsella_bouchesdurhonensis","HMDB0304910",0.339006230750087,0.323558368495077,138,80,0.898792674216303,0.938291854758147,"Hippuric acid sulfate","OS(=O)(=O)OC(=O)CNC(=O)C1=CC=CC=C1",NA,NA,NA,NA,NA
"s__Ruminococcus_flavefaciens","HMDB0304910",0.393546607832322,0.395740142140377,147,82,0.991434269582074,0.999092388001957,"Hippuric acid sulfate","OS(=O)(=O)OC(=O)CNC(=O)C1=CC=CC=C1",NA,NA,NA,NA,NA
"s__Oscillibacter_valericigenes","HMDB0304910",0.33426446580809,0.415678976066869,149,82,0.503677990785115,0.646830061053707,"Hippuric acid sulfate","OS(=O)(=O)OC(=O)CNC(=O)C1=CC=CC=C1",NA,NA,NA,NA,NA
"s__Ruminococcus_lactaris","HMDB0304910",-0.297551242517685,-0.286054788258726,149,82,0.923981459689871,0.951957985065096,"Hippuric acid sulfate","OS(=O)(=O)OC(=O)CNC(=O)C1=CC=CC=C1",NA,NA,NA,NA,NA
"s__Prevotellamassilia_timonensis","HMDB0304910",0.372461370467353,0.334863117567244,118,67,0.778192743136618,0.857920020673382,"Hippuric acid sulfate","OS(=O)(=O)OC(=O)CNC(=O)C1=CC=CC=C1",NA,NA,NA,NA,NA
"s__Roseburia_sp._BX1005","HMDB0304910",-0.00814438599673499,-0.428545618789521,149,81,0.00142541709460742,0.0293084780078239,"Hippuric acid sulfate","OS(=O)(=O)OC(=O)CNC(=O)C1=CC=CC=C1",NA,NA,NA,NA,NA
"s__Olsenella_uli","HMDB0304910",0.490166531101503,0.323159868729489,141,80,0.156806157552366,0.300028802976335,"Hippuric acid sulfate","OS(=O)(=O)OC(=O)CNC(=O)C1=CC=CC=C1",NA,NA,NA,NA,NA
"s__Vescimonas_fastidiosa","HMDB0304910",0.387645687645688,0.412936298037679,144,82,0.836926835973422,0.899821423134533,"Hippuric acid sulfate","OS(=O)(=O)OC(=O)CNC(=O)C1=CC=CC=C1",NA,NA,NA,NA,NA
"s__Faecalicatena_fissicatena","HMDB0304910",-0.324785053509886,-0.103623164745704,149,82,0.0959362037241647,0.223274013662712,"Hippuric acid sulfate","OS(=O)(=O)OC(=O)CNC(=O)C1=CC=CC=C1",NA,NA,NA,NA,NA
"s__Senegalimassilia_faecalis","HMDB0304910",0.311003042918215,0.0887308039747064,137,81,0.103162732527562,0.2316988807083,"Hippuric acid sulfate","OS(=O)(=O)OC(=O)CNC(=O)C1=CC=CC=C1",NA,NA,NA,NA,NA
"s__Oscillibacter_sp._MSJ_31","HMDB0304910",0.328517782529524,0.350767841011743,147,81,0.863969416024273,0.917921936518616,"Hippuric acid sulfate","OS(=O)(=O)OC(=O)CNC(=O)C1=CC=CC=C1",NA,NA,NA,NA,NA
"s__Faecalibacillus_intestinalis","HMDB0304910",-0.33048113907821,0.00803974706413731,146,81,0.0128447736490055,0.0690938337371007,"Hippuric acid sulfate","OS(=O)(=O)OC(=O)CNC(=O)C1=CC=CC=C1",NA,NA,NA,NA,NA
"s__Pseudoflavonifractor_sp._MSJ_30","HMDB0304910",0.318860430078072,0.360564208051719,148,82,0.742111153795043,0.826167941923841,"Hippuric acid sulfate","OS(=O)(=O)OC(=O)CNC(=O)C1=CC=CC=C1",NA,NA,NA,NA,NA
"s__Ruminococcus_sp._Marseille_P6503","HMDB0304910",0.162819157558751,0.412564463197375,138,80,0.0564637046807461,0.161563191347862,"Hippuric acid sulfate","OS(=O)(=O)OC(=O)CNC(=O)C1=CC=CC=C1",NA,NA,NA,NA,NA
"s__Ruminococcus_sp._M6_2020","HMDB0304910",0.387436745058989,0.441777951916065,148,82,0.645914847173475,0.769549693310133,"Hippuric acid sulfate","OS(=O)(=O)OC(=O)CNC(=O)C1=CC=CC=C1",NA,NA,NA,NA,NA
"s__Pseudoflavonifractor_phocaeensis","HMDB0304910",0.344995465263922,0.266616601908991,149,82,0.533283859518579,0.672749878891675,"Hippuric acid sulfate","OS(=O)(=O)OC(=O)CNC(=O)C1=CC=CC=C1",NA,NA,NA,NA,NA
"s__Brotomerdimonas_butyrica","HMDB0304910",0.347826579724818,0.0983965672990063,147,81,0.0607197948459631,0.169128809095282,"Hippuric acid sulfate","OS(=O)(=O)OC(=O)CNC(=O)C1=CC=CC=C1",NA,NA,NA,NA,NA
"s__Megasphaera_elsdenii","HMDB0304910",0.343510364449262,0.318879946344735,121,71,0.851440378457718,0.90767437466407,"Hippuric acid sulfate","OS(=O)(=O)OC(=O)CNC(=O)C1=CC=CC=C1",NA,NA,NA,NA,NA
"s__Oscillibacter_sp._MCC667","HMDB0304910",0.253304804599148,0.386833785004517,148,81,0.2932739103487,0.451383683531801,"Hippuric acid sulfate","OS(=O)(=O)OC(=O)CNC(=O)C1=CC=CC=C1",NA,NA,NA,NA,NA
"s__Yeguia_hominis","HMDB0304910",0.336512006786654,0.37018534843983,146,82,0.789851182374796,0.866735232056029,"Hippuric acid sulfate","OS(=O)(=O)OC(=O)CNC(=O)C1=CC=CC=C1",NA,NA,NA,NA,NA
"s__Faecalibacillus_sp._MSK20_93","HMDB0304910",-0.36616549827559,-0.389481772389653,110,52,0.884477390674677,0.931846891095748,"Hippuric acid sulfate","OS(=O)(=O)OC(=O)CNC(=O)C1=CC=CC=C1",NA,NA,NA,NA,NA
"s__Clostridium_spiroforme","HMDB0304910",-0.353191952023439,-0.380453050785532,128,69,0.84320216406731,0.901946919762738,"Hippuric acid sulfate","OS(=O)(=O)OC(=O)CNC(=O)C1=CC=CC=C1",NA,NA,NA,NA,NA
"s__Dysosmobacter_sp._BX15","HMDB0304910",0.297739388622714,0.371454381210479,146,81,0.561263422819148,0.69783136597252,"Hippuric acid sulfate","OS(=O)(=O)OC(=O)CNC(=O)C1=CC=CC=C1",NA,NA,NA,NA,NA
"s__Collinsella_tanakaei","HMDB0304910",0.350015594733905,0.22682570593963,143,79,0.343948526867348,0.502679250248803,"Hippuric acid sulfate","OS(=O)(=O)OC(=O)CNC(=O)C1=CC=CC=C1",NA,NA,NA,NA,NA
"s__Intestinimonas_sp._MSJ_38","HMDB0304910",0.28325487914529,0.373450441331723,147,82,0.475636212087938,0.62307012152645,"Hippuric acid sulfate","OS(=O)(=O)OC(=O)CNC(=O)C1=CC=CC=C1",NA,NA,NA,NA,NA
"s__Ruminococcus_champanellensis","HMDB0304910",0.278796121469181,0.389357712142522,142,80,0.3858487848241,0.541567974221315,"Hippuric acid sulfate","OS(=O)(=O)OC(=O)CNC(=O)C1=CC=CC=C1",NA,NA,NA,NA,NA
"s__Oribacterium_sp._oral_taxon_102","HMDB0304910",0.378098427394202,0.498476324425692,143,80,0.298146513244817,0.455541820601001,"Hippuric acid sulfate","OS(=O)(=O)OC(=O)CNC(=O)C1=CC=CC=C1",NA,NA,NA,NA,NA
"s__Parolsenella_massiliensis","HMDB0304910",0.298777659694908,0.14843391336542,118,74,0.294021167763628,0.451666062987928,"Hippuric acid sulfate","OS(=O)(=O)OC(=O)CNC(=O)C1=CC=CC=C1",NA,NA,NA,NA,NA
"s__Ellagibacter_isourolithinifaciens","HMDB0041706",-0.00218670048763421,0.393694017261458,140,82,0.00323919074469141,0.0377605661811711,"Caffeic acid 3-O-sulfate","OC(=O)\C=C\C1=CC(OS(O)(=O)=O)=C(O)C=C1","Organic compounds","Phenylpropanoids and polyketides","Cinnamic acids and derivatives","Hydroxycinnamic acids and derivatives","Hydroxycinnamic acids"
"s__Anaerotardibacter_sp._CLA_AA_M13","HMDB0041706",0.283013956971522,0.467088607594937,138,80,0.134984440937695,0.274992574661097,"Caffeic acid 3-O-sulfate","OC(=O)\C=C\C1=CC(OS(O)(=O)=O)=C(O)C=C1","Organic compounds","Phenylpropanoids and polyketides","Cinnamic acids and derivatives","Hydroxycinnamic acids and derivatives","Hydroxycinnamic acids"
"s__Butyricicoccus_faecihominis","HMDB0041706",0.328532894090624,0.162568975087341,147,82,0.206063952575013,0.360376704890657,"Caffeic acid 3-O-sulfate","OC(=O)\C=C\C1=CC(OS(O)(=O)=O)=C(O)C=C1","Organic compounds","Phenylpropanoids and polyketides","Cinnamic acids and derivatives","Hydroxycinnamic acids and derivatives","Hydroxycinnamic acids"
"s__Senegalimassilia_anaerobia","HMDB0006797",-0.0924604131500683,-0.370483288166215,144,81,0.0370395230095875,0.124023296460294,"Sorbose 1-phosphate","OC[C@H](O)[C@@H](O)[C@H](O)C(=O)COP(O)(O)=O","Organic compounds","Organic oxygen compounds","Organooxygen compounds","Carbohydrates and carbohydrate conjugates","Monosaccharide phosphates"
"s__Blautia_sp._Marseille_P3087","HMDB0006797",-0.294783757871006,-0.101272297863541,148,82,0.148995819963997,0.290865254382145,"Sorbose 1-phosphate","OC[C@H](O)[C@@H](O)[C@H](O)C(=O)COP(O)(O)=O","Organic compounds","Organic oxygen compounds","Organooxygen compounds","Carbohydrates and carbohydrate conjugates","Monosaccharide phosphates"
"s__Anaerostipes_hadrus","HMDB0029135",0.0995610375476147,-0.364068741089017,149,82,0.000606604834435835,0.0206660911342108,"Valylproline","CC(C)[C@H](N)C(=O)N1CCC[C@H]1C(O)=O","Organic compounds","Organic acids and derivatives","Carboxylic acids and derivatives","Amino acids, peptides, and analogues","Dipeptides"
"s__Slackia_isoflavoniconvertens","HMDB0061117",0.119426667371873,0.404425289232812,147,82,0.0284101707594731,0.103676536191816,"3-(3,5-dihydroxyphenyl)-1-propanoic acid sulphate","OC1=CC(CCC(=O)OS(O)(=O)=O)=CC(O)=C1","Organic compounds","Benzenoids","Phenols","Benzenediols","Resorcinols"
"s__Ellagibacter_isourolithinifaciens","HMDB0061117",0.0534998141304586,0.361870245208476,140,82,0.0220486557937843,0.0929125757723468,"3-(3,5-dihydroxyphenyl)-1-propanoic acid sulphate","OC1=CC(CCC(=O)OS(O)(=O)=O)=CC(O)=C1","Organic compounds","Benzenoids","Phenols","Benzenediols","Resorcinols"
"s__Anaerotardibacter_sp._CLA_AA_M13","HMDB0061117",0.325019578117259,0.267323019221753,138,80,0.655173866596783,0.77367724176586,"3-(3,5-dihydroxyphenyl)-1-propanoic acid sulphate","OC1=CC(CCC(=O)OS(O)(=O)=O)=CC(O)=C1","Organic compounds","Benzenoids","Phenols","Benzenediols","Resorcinols"
"s__Butyricicoccus_faecihominis","HMDB0061117",0.291551126189091,0.087645976861375,147,82,0.13010317111027,0.26808493032378,"3-(3,5-dihydroxyphenyl)-1-propanoic acid sulphate","OC1=CC(CCC(=O)OS(O)(=O)=O)=CC(O)=C1","Organic compounds","Benzenoids","Phenols","Benzenediols","Resorcinols"
"s__Mogibacterium_kristiansenii","HMDB0000559",-0.271803652968037,-0.194702297233943,145,80,0.56289501298139,0.69783136597252,"3-Methoxy-4-hydroxyphenylethyleneglycol sulfate","COC1=C(OS(O)(=O)=O)C=CC(=C1)C(O)CO","Organic compounds","Organic acids and derivatives","Organic sulfuric acids and derivatives","Arylsulfates","Phenylsulfates"
"s__Blautia_wexlerae","HMDB0006344",-0.408492653727553,-0.255537053362501,149,82,0.216355346139526,0.369468052085592,"Phenylacetylglutamine","NC(=O)CC[C@H](NC(=O)CC1=CC=CC=C1)C(O)=O","Organic compounds","Organic acids and derivatives","Carboxylic acids and derivatives","Amino acids, peptides, and analogues","N-acyl-alpha amino acids"
"s__Faecalibacterium_prausnitzii","HMDB0006344",-0.332370760021767,-0.0750862528705608,149,82,0.0535696682515838,0.157579935347533,"Phenylacetylglutamine","NC(=O)CC[C@H](NC(=O)CC1=CC=CC=C1)C(O)=O","Organic compounds","Organic acids and derivatives","Carboxylic acids and derivatives","Amino acids, peptides, and analogues","N-acyl-alpha amino acids"
"s__Extibacter_muris","HMDB0006344",-0.281269726101941,-0.298832185109,149,82,0.89585834816809,0.937374373240295,"Phenylacetylglutamine","NC(=O)CC[C@H](NC(=O)CC1=CC=CC=C1)C(O)=O","Organic compounds","Organic acids and derivatives","Carboxylic acids and derivatives","Amino acids, peptides, and analogues","N-acyl-alpha amino acids"
"s__Coprococcus_comes","HMDB0006344",-0.29816433883548,-0.209586312730597,149,82,0.49615892640172,0.639458042511875,"Phenylacetylglutamine","NC(=O)CC[C@H](NC(=O)CC1=CC=CC=C1)C(O)=O","Organic compounds","Organic acids and derivatives","Carboxylic acids and derivatives","Amino acids, peptides, and analogues","N-acyl-alpha amino acids"
"s__Methanobrevibacter_smithii","HMDB0006344",0.44641391440297,0.25084663763909,85,53,0.212597554223776,0.366156389559143,"Phenylacetylglutamine","NC(=O)CC[C@H](NC(=O)CC1=CC=CC=C1)C(O)=O","Organic compounds","Organic acids and derivatives","Carboxylic acids and derivatives","Amino acids, peptides, and analogues","N-acyl-alpha amino acids"
"s__Oliverpabstia_intestinalis","HMDB0006344",-0.308206576662952,-0.0585365853658537,148,81,0.0648241525572782,0.175891396701753,"Phenylacetylglutamine","NC(=O)CC[C@H](NC(=O)CC1=CC=CC=C1)C(O)=O","Organic compounds","Organic acids and derivatives","Carboxylic acids and derivatives","Amino acids, peptides, and analogues","N-acyl-alpha amino acids"
"s__Mogibacterium_kristiansenii","HMDB0006344",0.330341678475831,0.452766057196437,145,80,0.311468089478486,0.470754291300616,"Phenylacetylglutamine","NC(=O)CC[C@H](NC(=O)CC1=CC=CC=C1)C(O)=O","Organic compounds","Organic acids and derivatives","Carboxylic acids and derivatives","Amino acids, peptides, and analogues","N-acyl-alpha amino acids"
"s__Roseburia_inulinivorans","HMDB0006344",-0.278232896641334,-0.208737388578705,148,82,0.595405115512315,0.72778159265049,"Phenylacetylglutamine","NC(=O)CC[C@H](NC(=O)CC1=CC=CC=C1)C(O)=O","Organic compounds","Organic acids and derivatives","Carboxylic acids and derivatives","Amino acids, peptides, and analogues","N-acyl-alpha amino acids"
"s__Blautia_faecis","HMDB0006344",-0.34543805550517,-0.166029973552748,149,82,0.168056417569671,0.314387859911168,"Phenylacetylglutamine","NC(=O)CC[C@H](NC(=O)CC1=CC=CC=C1)C(O)=O","Organic compounds","Organic acids and derivatives","Carboxylic acids and derivatives","Amino acids, peptides, and analogues","N-acyl-alpha amino acids"
"s__Ruminococcus_gnavus","HMDB0006344",-0.374152004353347,-0.0679901176521805,149,82,0.0202366304234131,0.0885458119297724,"Phenylacetylglutamine","NC(=O)CC[C@H](NC(=O)CC1=CC=CC=C1)C(O)=O","Organic compounds","Organic acids and derivatives","Carboxylic acids and derivatives","Amino acids, peptides, and analogues","N-acyl-alpha amino acids"
"s__Oscillibacter_sp._ER4","HMDB0006344",0.402141395055897,0.251531872748446,145,82,0.227714638165169,0.38225697259993,"Phenylacetylglutamine","NC(=O)CC[C@H](NC(=O)CC1=CC=CC=C1)C(O)=O","Organic compounds","Organic acids and derivatives","Carboxylic acids and derivatives","Amino acids, peptides, and analogues","N-acyl-alpha amino acids"
"s__Roseburia_intestinalis","HMDB0006344",-0.339981861055687,-0.182551343585725,149,82,0.225100857953649,0.378879652625192,"Phenylacetylglutamine","NC(=O)CC[C@H](NC(=O)CC1=CC=CC=C1)C(O)=O","Organic compounds","Organic acids and derivatives","Carboxylic acids and derivatives","Amino acids, peptides, and analogues","N-acyl-alpha amino acids"
"s__Vescimonas_coprocola","HMDB0006344",0.460470057785494,0.222276640437087,148,82,0.0520527236814331,0.154562214893689,"Phenylacetylglutamine","NC(=O)CC[C@H](NC(=O)CC1=CC=CC=C1)C(O)=O","Organic compounds","Organic acids and derivatives","Carboxylic acids and derivatives","Amino acids, peptides, and analogues","N-acyl-alpha amino acids"
"s__Eubacterium_ramulus","HMDB0006344",-0.278922546707782,0.00414666797270382,149,82,0.0380674868210071,0.125133671792164,"Phenylacetylglutamine","NC(=O)CC[C@H](NC(=O)CC1=CC=CC=C1)C(O)=O","Organic compounds","Organic acids and derivatives","Carboxylic acids and derivatives","Amino acids, peptides, and analogues","N-acyl-alpha amino acids"
"s__Lentihominibacter_faecis","HMDB0006344",0.340008958417396,0.210998193315266,148,81,0.318581781529746,0.477493408268989,"Phenylacetylglutamine","NC(=O)CC[C@H](NC(=O)CC1=CC=CC=C1)C(O)=O","Organic compounds","Organic acids and derivatives","Carboxylic acids and derivatives","Amino acids, peptides, and analogues","N-acyl-alpha amino acids"
"s__Ruminococcus_flavefaciens","HMDB0006344",0.350777112029558,0.18015694213167,147,82,0.188550773289924,0.339366264613079,"Phenylacetylglutamine","NC(=O)CC[C@H](NC(=O)CC1=CC=CC=C1)C(O)=O","Organic compounds","Organic acids and derivatives","Carboxylic acids and derivatives","Amino acids, peptides, and analogues","N-acyl-alpha amino acids"
"s__Oscillibacter_valericigenes","HMDB0006344",0.526134590966806,0.316050108292248,149,82,0.0650212278991135,0.17604672241932,"Phenylacetylglutamine","NC(=O)CC[C@H](NC(=O)CC1=CC=CC=C1)C(O)=O","Organic compounds","Organic acids and derivatives","Carboxylic acids and derivatives","Amino acids, peptides, and analogues","N-acyl-alpha amino acids"
"s__Ruminococcus_lactaris","HMDB0006344",-0.281110103391983,-0.268706261359802,149,82,0.919433867691798,0.951957985065096,"Phenylacetylglutamine","NC(=O)CC[C@H](NC(=O)CC1=CC=CC=C1)C(O)=O","Organic compounds","Organic acids and derivatives","Carboxylic acids and derivatives","Amino acids, peptides, and analogues","N-acyl-alpha amino acids"
"s__Ruthenibacterium_lactatiformans","HMDB0006344",0.340667513150735,-0.053754312643528,149,82,0.00355406099154016,0.0389211062239975,"Phenylacetylglutamine","NC(=O)CC[C@H](NC(=O)CC1=CC=CC=C1)C(O)=O","Organic compounds","Organic acids and derivatives","Carboxylic acids and derivatives","Amino acids, peptides, and analogues","N-acyl-alpha amino acids"
"s__Flavonifractor_plautii","HMDB0006344",0.341773988753855,0.179438621695454,149,82,0.211133667342924,0.364268916296166,"Phenylacetylglutamine","NC(=O)CC[C@H](NC(=O)CC1=CC=CC=C1)C(O)=O","Organic compounds","Organic acids and derivatives","Carboxylic acids and derivatives","Amino acids, peptides, and analogues","N-acyl-alpha amino acids"
"s__Roseburia_sp._BX1005","HMDB0006344",-0.107433339379648,-0.382249322493225,149,81,0.0368137172942513,0.1235959201959,"Phenylacetylglutamine","NC(=O)CC[C@H](NC(=O)CC1=CC=CC=C1)C(O)=O","Organic compounds","Organic acids and derivatives","Carboxylic acids and derivatives","Amino acids, peptides, and analogues","N-acyl-alpha amino acids"
"s__Vescimonas_fastidiosa","HMDB0006344",0.554300297403746,0.306080691329002,144,82,0.0282521441947642,0.103676536191816,"Phenylacetylglutamine","NC(=O)CC[C@H](NC(=O)CC1=CC=CC=C1)C(O)=O","Organic compounds","Organic acids and derivatives","Carboxylic acids and derivatives","Amino acids, peptides, and analogues","N-acyl-alpha amino acids"
"s__Oscillibacter_sp._MSJ_31","HMDB0006344",0.494775177749737,0.185185185185185,147,81,0.0116884867780812,0.0655905557546275,"Phenylacetylglutamine","NC(=O)CC[C@H](NC(=O)CC1=CC=CC=C1)C(O)=O","Organic compounds","Organic acids and derivatives","Carboxylic acids and derivatives","Amino acids, peptides, and analogues","N-acyl-alpha amino acids"
"s__Intestinibacter_bartlettii","HMDB0006344",-0.00567261730562872,-0.404078736270517,135,73,0.00449753411971612,0.0422566825128552,"Phenylacetylglutamine","NC(=O)CC[C@H](NC(=O)CC1=CC=CC=C1)C(O)=O","Organic compounds","Organic acids and derivatives","Carboxylic acids and derivatives","Amino acids, peptides, and analogues","N-acyl-alpha amino acids"
"s__Pseudoflavonifractor_sp._MSJ_30","HMDB0006344",0.46976163946442,0.256690719517637,148,82,0.0771154804276699,0.196138161330175,"Phenylacetylglutamine","NC(=O)CC[C@H](NC(=O)CC1=CC=CC=C1)C(O)=O","Organic compounds","Organic acids and derivatives","Carboxylic acids and derivatives","Amino acids, peptides, and analogues","N-acyl-alpha amino acids"
"s__Ruminococcus_sp._Marseille_P6503","HMDB0006344",0.330403274968093,0.328973277074543,138,80,0.986141156859824,0.997230294366682,"Phenylacetylglutamine","NC(=O)CC[C@H](NC(=O)CC1=CC=CC=C1)C(O)=O","Organic compounds","Organic acids and derivatives","Carboxylic acids and derivatives","Amino acids, peptides, and analogues","N-acyl-alpha amino acids"
"s__Ruminococcus_sp._M6_2020","HMDB0006344",0.354309109822053,0.297047267661432,148,82,0.64352718202268,0.768691387254795,"Phenylacetylglutamine","NC(=O)CC[C@H](NC(=O)CC1=CC=CC=C1)C(O)=O","Organic compounds","Organic acids and derivatives","Carboxylic acids and derivatives","Amino acids, peptides, and analogues","N-acyl-alpha amino acids"
"s__Pseudoflavonifractor_phocaeensis","HMDB0006344",0.34631598040994,0.259128655543584,149,82,0.489585901953021,0.635802974073198,"Phenylacetylglutamine","NC(=O)CC[C@H](NC(=O)CC1=CC=CC=C1)C(O)=O","Organic compounds","Organic acids and derivatives","Carboxylic acids and derivatives","Amino acids, peptides, and analogues","N-acyl-alpha amino acids"
"s__Faecalibacterium_sp._Marseille_Q4896","HMDB0006344",-0.353550083491375,-0.435105946684894,147,76,0.508512850273063,0.650627722046531,"Phenylacetylglutamine","NC(=O)CC[C@H](NC(=O)CC1=CC=CC=C1)C(O)=O","Organic compounds","Organic acids and derivatives","Carboxylic acids and derivatives","Amino acids, peptides, and analogues","N-acyl-alpha amino acids"
"s__Brotomerdimonas_butyrica","HMDB0006344",0.461998201724229,0.224819331526649,147,81,0.0539507773967695,0.157596354391027,"Phenylacetylglutamine","NC(=O)CC[C@H](NC(=O)CC1=CC=CC=C1)C(O)=O","Organic compounds","Organic acids and derivatives","Carboxylic acids and derivatives","Amino acids, peptides, and analogues","N-acyl-alpha amino acids"
"s__Oscillibacter_sp._MCC667","HMDB0006344",0.461251142938583,0.29096657633243,148,81,0.15532936341449,0.297861246613736,"Phenylacetylglutamine","NC(=O)CC[C@H](NC(=O)CC1=CC=CC=C1)C(O)=O","Organic compounds","Organic acids and derivatives","Carboxylic acids and derivatives","Amino acids, peptides, and analogues","N-acyl-alpha amino acids"
"s__Faecalibacterium_sp._AF27_11BH","HMDB0006344",-0.346429776445297,-0.125832161275199,146,80,0.0971454129978067,0.224104569173002,"Phenylacetylglutamine","NC(=O)CC[C@H](NC(=O)CC1=CC=CC=C1)C(O)=O","Organic compounds","Organic acids and derivatives","Carboxylic acids and derivatives","Amino acids, peptides, and analogues","N-acyl-alpha amino acids"
"s__Yeguia_hominis","HMDB0006344",0.41439271977095,0.230330536237089,146,82,0.141004963007415,0.281891592437109,"Phenylacetylglutamine","NC(=O)CC[C@H](NC(=O)CC1=CC=CC=C1)C(O)=O","Organic compounds","Organic acids and derivatives","Carboxylic acids and derivatives","Amino acids, peptides, and analogues","N-acyl-alpha amino acids"
"s__Clostridium_spiroforme","HMDB0006344",-0.297993728254898,-0.421994884910486,128,69,0.354535047295828,0.51305703970741,"Phenylacetylglutamine","NC(=O)CC[C@H](NC(=O)CC1=CC=CC=C1)C(O)=O","Organic compounds","Organic acids and derivatives","Carboxylic acids and derivatives","Amino acids, peptides, and analogues","N-acyl-alpha amino acids"
"s__Dysosmobacter_sp._BX15","HMDB0006344",0.481133294130123,0.283920505871725,146,81,0.0983959280212137,0.2251449239754,"Phenylacetylglutamine","NC(=O)CC[C@H](NC(=O)CC1=CC=CC=C1)C(O)=O","Organic compounds","Organic acids and derivatives","Carboxylic acids and derivatives","Amino acids, peptides, and analogues","N-acyl-alpha amino acids"
"s__Intestinimonas_butyriciproducens","HMDB0006344",0.37220025394522,0.191432396251673,149,82,0.158240725569782,0.301856171958114,"Phenylacetylglutamine","NC(=O)CC[C@H](NC(=O)CC1=CC=CC=C1)C(O)=O","Organic compounds","Organic acids and derivatives","Carboxylic acids and derivatives","Amino acids, peptides, and analogues","N-acyl-alpha amino acids"
"s__Phocea_massiliensis","HMDB0006344",0.348846610099056,0.1611758687868,147,82,0.150428439179213,0.291385947900328,"Phenylacetylglutamine","NC(=O)CC[C@H](NC(=O)CC1=CC=CC=C1)C(O)=O","Organic compounds","Organic acids and derivatives","Carboxylic acids and derivatives","Amino acids, peptides, and analogues","N-acyl-alpha amino acids"
"s__Intestinimonas_sp._MSJ_38","HMDB0006344",0.344124247255363,0.36356809351226,147,82,0.879858088264605,0.928534227263317,"Phenylacetylglutamine","NC(=O)CC[C@H](NC(=O)CC1=CC=CC=C1)C(O)=O","Organic compounds","Organic acids and derivatives","Carboxylic acids and derivatives","Amino acids, peptides, and analogues","N-acyl-alpha amino acids"
"s__Dysosmobacter_welbionis","HMDB0006344",0.360218863171154,0.121026722925457,145,80,0.0715431257530817,0.186671221982142,"Phenylacetylglutamine","NC(=O)CC[C@H](NC(=O)CC1=CC=CC=C1)C(O)=O","Organic compounds","Organic acids and derivatives","Carboxylic acids and derivatives","Amino acids, peptides, and analogues","N-acyl-alpha amino acids"
"s__Ruminococcus_champanellensis","HMDB0006344",0.384720164462448,0.274449132676981,142,80,0.381617472673096,0.539232770028538,"Phenylacetylglutamine","NC(=O)CC[C@H](NC(=O)CC1=CC=CC=C1)C(O)=O","Organic compounds","Organic acids and derivatives","Carboxylic acids and derivatives","Amino acids, peptides, and analogues","N-acyl-alpha amino acids"
"s__Pseudoflavonifractor_capillosus","HMDB0006344",0.322894975512425,0.266747205624667,149,82,0.656733877548129,0.77367724176586,"Phenylacetylglutamine","NC(=O)CC[C@H](NC(=O)CC1=CC=CC=C1)C(O)=O","Organic compounds","Organic acids and derivatives","Carboxylic acids and derivatives","Amino acids, peptides, and analogues","N-acyl-alpha amino acids"
"s__Turicibacter_sanguinis","HMDB0006344",-0.0646034783202925,-0.507520994186225,112,58,0.00301918034709973,0.036201410066653,"Phenylacetylglutamine","NC(=O)CC[C@H](NC(=O)CC1=CC=CC=C1)C(O)=O","Organic compounds","Organic acids and derivatives","Carboxylic acids and derivatives","Amino acids, peptides, and analogues","N-acyl-alpha amino acids"
"s__Qingrenia_yutianensis","HMDB0006344",0.351185199776749,0.170702715006512,143,78,0.174566829544152,0.321970434808447,"Phenylacetylglutamine","NC(=O)CC[C@H](NC(=O)CC1=CC=CC=C1)C(O)=O","Organic compounds","Organic acids and derivatives","Carboxylic acids and derivatives","Amino acids, peptides, and analogues","N-acyl-alpha amino acids"
"s__Roseburia_sp._CLA_AA_H204","HMDB0036093",-0.308840830071505,-0.107955335803437,140,78,0.1428401755648,0.283575146169625,"Abscisic acid","C\C(\C=C\C1(O)C(C)=CC(=O)CC1(C)C)=C/C(O)=O","Organic compounds","Lipids and lipid-like molecules","Prenol lipids","Sesquiterpenoids","Abscisic acids and derivatives"
"s__Blautia_wexlerae","HMDB0059772",-0.394286232541266,-0.163439666525179,149,82,0.0716141383775811,0.186671221982142,"N-Phenylacetylglutamic acid","OC(=O)CC[C@H](NC(=O)CC1=CC=CC=C1)C(O)=O","Organic compounds","Organic acids and derivatives","Carboxylic acids and derivatives","Amino acids, peptides, and analogues","Glutamic acid and derivatives"
"s__Faecalibacterium_prausnitzii","HMDB0059772",-0.292301832033376,-0.085839292127861,149,82,0.124467470197591,0.258588358050771,"N-Phenylacetylglutamic acid","OC(=O)CC[C@H](NC(=O)CC1=CC=CC=C1)C(O)=O","Organic compounds","Organic acids and derivatives","Carboxylic acids and derivatives","Amino acids, peptides, and analogues","Glutamic acid and derivatives"
"s__Coprococcus_comes","HMDB0059772",-0.313488118991475,-0.147201271209499,149,82,0.207678078160095,0.361631817988765,"N-Phenylacetylglutamic acid","OC(=O)CC[C@H](NC(=O)CC1=CC=CC=C1)C(O)=O","Organic compounds","Organic acids and derivatives","Carboxylic acids and derivatives","Amino acids, peptides, and analogues","Glutamic acid and derivatives"
"s__Roseburia_faecis","HMDB0059772",-0.271935425358244,-0.0901492147451595,149,82,0.177839431921258,0.326384613394846,"N-Phenylacetylglutamic acid","OC(=O)CC[C@H](NC(=O)CC1=CC=CC=C1)C(O)=O","Organic compounds","Organic acids and derivatives","Carboxylic acids and derivatives","Amino acids, peptides, and analogues","Glutamic acid and derivatives"
"s__Methanobrevibacter_smithii","HMDB0059772",0.413973031072894,0.179245283018868,85,53,0.149750955794684,0.291385947900328,"N-Phenylacetylglutamic acid","OC(=O)CC[C@H](NC(=O)CC1=CC=CC=C1)C(O)=O","Organic compounds","Organic acids and derivatives","Carboxylic acids and derivatives","Amino acids, peptides, and analogues","Glutamic acid and derivatives"
"s__Mogibacterium_kristiansenii","HMDB0059772",0.247657849157613,0.360829817158931,145,80,0.382861150180459,0.539778486088688,"N-Phenylacetylglutamic acid","OC(=O)CC[C@H](NC(=O)CC1=CC=CC=C1)C(O)=O","Organic compounds","Organic acids and derivatives","Carboxylic acids and derivatives","Amino acids, peptides, and analogues","Glutamic acid and derivatives"
"s__Blautia_faecis","HMDB0059772",-0.375468891710502,-0.0805063070711028,149,82,0.0248767391622389,0.097412394329104,"N-Phenylacetylglutamic acid","OC(=O)CC[C@H](NC(=O)CC1=CC=CC=C1)C(O)=O","Organic compounds","Organic acids and derivatives","Carboxylic acids and derivatives","Amino acids, peptides, and analogues","Glutamic acid and derivatives"
"s__Ruminococcus_gnavus","HMDB0059772",-0.411877380736441,-0.0716905562629924,149,82,0.00894674159327857,0.0590954055439842,"N-Phenylacetylglutamic acid","OC(=O)CC[C@H](NC(=O)CC1=CC=CC=C1)C(O)=O","Organic compounds","Organic acids and derivatives","Carboxylic acids and derivatives","Amino acids, peptides, and analogues","Glutamic acid and derivatives"
"s__Oscillibacter_sp._ER4","HMDB0059772",0.36660368445914,0.14434975675058,145,82,0.0889467654298028,0.213709881061301,"N-Phenylacetylglutamic acid","OC(=O)CC[C@H](NC(=O)CC1=CC=CC=C1)C(O)=O","Organic compounds","Organic acids and derivatives","Carboxylic acids and derivatives","Amino acids, peptides, and analogues","Glutamic acid and derivatives"
"s__Roseburia_intestinalis","HMDB0059772",-0.325594050426265,-0.050598056181365,149,82,0.0402662671443887,0.128668097296409,"N-Phenylacetylglutamic acid","OC(=O)CC[C@H](NC(=O)CC1=CC=CC=C1)C(O)=O","Organic compounds","Organic acids and derivatives","Carboxylic acids and derivatives","Amino acids, peptides, and analogues","Glutamic acid and derivatives"
"s__Vescimonas_coprocola","HMDB0059772",0.448853729774152,0.12719713542517,148,82,0.0112121503654878,0.0638737434848378,"N-Phenylacetylglutamic acid","OC(=O)CC[C@H](NC(=O)CC1=CC=CC=C1)C(O)=O","Organic compounds","Organic acids and derivatives","Carboxylic acids and derivatives","Amino acids, peptides, and analogues","Glutamic acid and derivatives"
"s__Eubacterium_ramulus","HMDB0059772",-0.304962815164157,0.0428489023846062,149,82,0.0106828870115575,0.0622673830905133,"N-Phenylacetylglutamic acid","OC(=O)CC[C@H](NC(=O)CC1=CC=CC=C1)C(O)=O","Organic compounds","Organic acids and derivatives","Carboxylic acids and derivatives","Amino acids, peptides, and analogues","Glutamic acid and derivatives"
"s__Oscillibacter_valericigenes","HMDB0059772",0.498937057863232,0.18838497621924,149,82,0.0106516669499476,0.0622673830905133,"N-Phenylacetylglutamic acid","OC(=O)CC[C@H](NC(=O)CC1=CC=CC=C1)C(O)=O","Organic compounds","Organic acids and derivatives","Carboxylic acids and derivatives","Amino acids, peptides, and analogues","Glutamic acid and derivatives"
"s__Ruthenibacterium_lactatiformans","HMDB0059772",0.285818973335752,-0.0957434072332691,149,82,0.00541109036242289,0.0451163097105326,"N-Phenylacetylglutamic acid","OC(=O)CC[C@H](NC(=O)CC1=CC=CC=C1)C(O)=O","Organic compounds","Organic acids and derivatives","Carboxylic acids and derivatives","Amino acids, peptides, and analogues","Glutamic acid and derivatives"
"s__Flavonifractor_plautii","HMDB0059772",0.362651913658625,0.0492920190246079,149,82,0.0182526094341654,0.0836145536303704,"N-Phenylacetylglutamic acid","OC(=O)CC[C@H](NC(=O)CC1=CC=CC=C1)C(O)=O","Organic compounds","Organic acids and derivatives","Carboxylic acids and derivatives","Amino acids, peptides, and analogues","Glutamic acid and derivatives"
"s__Vescimonas_fastidiosa","HMDB0059772",0.486106422313319,0.218184390679248,144,82,0.0279750162917398,0.10328605721789,"N-Phenylacetylglutamic acid","OC(=O)CC[C@H](NC(=O)CC1=CC=CC=C1)C(O)=O","Organic compounds","Organic acids and derivatives","Carboxylic acids and derivatives","Amino acids, peptides, and analogues","Glutamic acid and derivatives"
"s__Oscillibacter_sp._MSJ_31","HMDB0059772",0.472274063272106,0.0788166214995483,147,81,0.00207608242249133,0.0307504443519598,"N-Phenylacetylglutamic acid","OC(=O)CC[C@H](NC(=O)CC1=CC=CC=C1)C(O)=O","Organic compounds","Organic acids and derivatives","Carboxylic acids and derivatives","Amino acids, peptides, and analogues","Glutamic acid and derivatives"
"s__Intestinibacter_bartlettii","HMDB0059772",-0.050136572041752,-0.40784277428113,135,73,0.0101289331909103,0.0616635938513836,"N-Phenylacetylglutamic acid","OC(=O)CC[C@H](NC(=O)CC1=CC=CC=C1)C(O)=O","Organic compounds","Organic acids and derivatives","Carboxylic acids and derivatives","Amino acids, peptides, and analogues","Glutamic acid and derivatives"
"s__Pseudoflavonifractor_sp._MSJ_30","HMDB0059772",0.461399215953387,0.18666536062951,148,82,0.0267363186780325,0.101388630167599,"N-Phenylacetylglutamic acid","OC(=O)CC[C@H](NC(=O)CC1=CC=CC=C1)C(O)=O","Organic compounds","Organic acids and derivatives","Carboxylic acids and derivatives","Amino acids, peptides, and analogues","Glutamic acid and derivatives"
"s__Ruminococcus_sp._M6_2020","HMDB0059772",0.287498565542669,0.211850110468976,148,82,0.562140080668207,0.69783136597252,"N-Phenylacetylglutamic acid","OC(=O)CC[C@H](NC(=O)CC1=CC=CC=C1)C(O)=O","Organic compounds","Organic acids and derivatives","Carboxylic acids and derivatives","Amino acids, peptides, and analogues","Glutamic acid and derivatives"
"s__Pseudoflavonifractor_phocaeensis","HMDB0059772",0.309029566479231,0.101337599721379,149,82,0.119637549745654,0.252300963366462,"N-Phenylacetylglutamic acid","OC(=O)CC[C@H](NC(=O)CC1=CC=CC=C1)C(O)=O","Organic compounds","Organic acids and derivatives","Carboxylic acids and derivatives","Amino acids, peptides, and analogues","Glutamic acid and derivatives"
"s__Faecalibacterium_sp._Marseille_Q4896","HMDB0059772",-0.345117832397676,-0.410471633629528,147,76,0.602962157003543,0.735475927588198,"N-Phenylacetylglutamic acid","OC(=O)CC[C@H](NC(=O)CC1=CC=CC=C1)C(O)=O","Organic compounds","Organic acids and derivatives","Carboxylic acids and derivatives","Amino acids, peptides, and analogues","Glutamic acid and derivatives"
"s__Brotomerdimonas_butyrica","HMDB0059772",0.390165396036238,0.142570009033424,147,81,0.0566118933245643,0.161619895001421,"N-Phenylacetylglutamic acid","OC(=O)CC[C@H](NC(=O)CC1=CC=CC=C1)C(O)=O","Organic compounds","Organic acids and derivatives","Carboxylic acids and derivatives","Amino acids, peptides, and analogues","Glutamic acid and derivatives"
"s__Oscillibacter_sp._MCC667","HMDB0059772",0.434590596623195,0.142931345980126,148,81,0.0222349482303723,0.0930026572160757,"N-Phenylacetylglutamic acid","OC(=O)CC[C@H](NC(=O)CC1=CC=CC=C1)C(O)=O","Organic compounds","Organic acids and derivatives","Carboxylic acids and derivatives","Amino acids, peptides, and analogues","Glutamic acid and derivatives"
"s__Eubacterium_sp._AF22_8LB","HMDB0059772",0.0588973929681894,0.380291250154264,112,73,0.0268522032153268,0.101504142085297,"N-Phenylacetylglutamic acid","OC(=O)CC[C@H](NC(=O)CC1=CC=CC=C1)C(O)=O","Organic compounds","Organic acids and derivatives","Carboxylic acids and derivatives","Amino acids, peptides, and analogues","Glutamic acid and derivatives"
"s__Faecalibacterium_sp._AF27_11BH","HMDB0059772",-0.309369246045135,-0.139287388654477,146,80,0.204214839474342,0.358087023535092,"N-Phenylacetylglutamic acid","OC(=O)CC[C@H](NC(=O)CC1=CC=CC=C1)C(O)=O","Organic compounds","Organic acids and derivatives","Carboxylic acids and derivatives","Amino acids, peptides, and analogues","Glutamic acid and derivatives"
"s__Yeguia_hominis","HMDB0059772",0.40693896831288,0.0930007292040792,146,82,0.0159534341627672,0.0781532047117662,"N-Phenylacetylglutamic acid","OC(=O)CC[C@H](NC(=O)CC1=CC=CC=C1)C(O)=O","Organic compounds","Organic acids and derivatives","Carboxylic acids and derivatives","Amino acids, peptides, and analogues","Glutamic acid and derivatives"
"s__Dysosmobacter_sp._BX15","HMDB0059772",0.484557469657679,0.15,146,81,0.00739178189547849,0.0547049702049504,"N-Phenylacetylglutamic acid","OC(=O)CC[C@H](NC(=O)CC1=CC=CC=C1)C(O)=O","Organic compounds","Organic acids and derivatives","Carboxylic acids and derivatives","Amino acids, peptides, and analogues","Glutamic acid and derivatives"
"s__Intestinimonas_butyriciproducens","HMDB0059772",0.370172319970978,0.0441549395413633,149,82,0.0139285699683336,0.0721648954326422,"N-Phenylacetylglutamic acid","OC(=O)CC[C@H](NC(=O)CC1=CC=CC=C1)C(O)=O","Organic compounds","Organic acids and derivatives","Carboxylic acids and derivatives","Amino acids, peptides, and analogues","Glutamic acid and derivatives"
"s__Phocea_massiliensis","HMDB0059772",0.390970086664803,0.0751733220143446,147,82,0.016162547844976,0.0788707276621117,"N-Phenylacetylglutamic acid","OC(=O)CC[C@H](NC(=O)CC1=CC=CC=C1)C(O)=O","Organic compounds","Organic acids and derivatives","Carboxylic acids and derivatives","Amino acids, peptides, and analogues","Glutamic acid and derivatives"
"s__Intestinimonas_sp._MSJ_38","HMDB0059772",0.347097446901752,0.170013386880857,147,82,0.174039851370856,0.321756494678279,"N-Phenylacetylglutamic acid","OC(=O)CC[C@H](NC(=O)CC1=CC=CC=C1)C(O)=O","Organic compounds","Organic acids and derivatives","Carboxylic acids and derivatives","Amino acids, peptides, and analogues","Glutamic acid and derivatives"
"s__Dysosmobacter_welbionis","HMDB0059772",0.320886474570934,0.0376933895921238,145,80,0.0377356391383039,0.125133671792164,"N-Phenylacetylglutamic acid","OC(=O)CC[C@H](NC(=O)CC1=CC=CC=C1)C(O)=O","Organic compounds","Organic acids and derivatives","Carboxylic acids and derivatives","Amino acids, peptides, and analogues","Glutamic acid and derivatives"
"s__Ruminococcus_champanellensis","HMDB0059772",0.329920304448324,0.0826535396155649,142,80,0.0680131322618905,0.182284212217245,"N-Phenylacetylglutamic acid","OC(=O)CC[C@H](NC(=O)CC1=CC=CC=C1)C(O)=O","Organic compounds","Organic acids and derivatives","Carboxylic acids and derivatives","Amino acids, peptides, and analogues","Glutamic acid and derivatives"
"s__Pseudoflavonifractor_capillosus","HMDB0059772",0.330009069472157,0.146374114343553,149,82,0.162250464658223,0.308104577684317,"N-Phenylacetylglutamic acid","OC(=O)CC[C@H](NC(=O)CC1=CC=CC=C1)C(O)=O","Organic compounds","Organic acids and derivatives","Carboxylic acids and derivatives","Amino acids, peptides, and analogues","Glutamic acid and derivatives"
"s__Turicibacter_sanguinis","HMDB0059772",-0.0744268288516076,-0.469623796487127,112,58,0.00912604769728907,0.0590954055439842,"N-Phenylacetylglutamic acid","OC(=O)CC[C@H](NC(=O)CC1=CC=CC=C1)C(O)=O","Organic compounds","Organic acids and derivatives","Carboxylic acids and derivatives","Amino acids, peptides, and analogues","Glutamic acid and derivatives"
"s__Jingyaoa_shaoxingensis","HMDB0059772",-0.0133756575367314,0.363023911363612,149,82,0.0050673000353412,0.0439981430654798,"N-Phenylacetylglutamic acid","OC(=O)CC[C@H](NC(=O)CC1=CC=CC=C1)C(O)=O","Organic compounds","Organic acids and derivatives","Carboxylic acids and derivatives","Amino acids, peptides, and analogues","Glutamic acid and derivatives"
"s__Qingrenia_yutianensis","HMDB0059772",0.321805541875964,0.134207564587311,143,78,0.165647892472172,0.311216571569684,"N-Phenylacetylglutamic acid","OC(=O)CC[C@H](NC(=O)CC1=CC=CC=C1)C(O)=O","Organic compounds","Organic acids and derivatives","Carboxylic acids and derivatives","Amino acids, peptides, and analogues","Glutamic acid and derivatives"
"s__Anaerotardibacter_sp._CLA_AA_M13","HMDB0240474",0.264721260122971,0.391092358180966,138,80,0.325538868888821,0.483317731050737,"5-(3',5'-Dihydroxyphenyl)-valerolactone sulfate","OC1=CC(OS(O)(=O)=O)=CC(CC2CCC(=O)O2)=C1","Organic compounds","Organic acids and derivatives","Organic sulfuric acids and derivatives","Arylsulfates","Phenylsulfates"
"s__Ruthenibacterium_lactatiformans","HMDB0303264",0.281432976600762,-0.208715621292759,149,82,0.0003549689078086,0.0172019004932654,"Monomenthyl glutarate","[H][C@@]1(C)CC[C@@]([H])(C(C)C)[C@@]([H])(C1)OC(=O)CCCC(O)=O","Organic compounds","Lipids and lipid-like molecules","Prenol lipids","Monoterpenoids","Menthane monoterpenoids"
"s__Clostridium_sp._L2_50","HMDB0303264",0.299701937406855,0.0744505494505494,121,64,0.137935425309626,0.279197267628326,"Monomenthyl glutarate","[H][C@@]1(C)CC[C@@]([H])(C(C)C)[C@@]([H])(C1)OC(=O)CCCC(O)=O","Organic compounds","Lipids and lipid-like molecules","Prenol lipids","Monoterpenoids","Menthane monoterpenoids"
"s__Anaerotardibacter_sp._CLA_AA_M13","HMDB0029200",0.197491261196057,0.409681200187529,138,80,0.102427591589303,0.230691123096479,"Ferulic acid 4-O-sulfate","COC1=C(OS(O)(=O)=O)C=CC(\C=C\C(O)=O)=C1","Organic compounds","Phenylpropanoids and polyketides","Cinnamic acids and derivatives","Hydroxycinnamic acids and derivatives","Coumaric acids and derivatives"
"s__Fusicatenibacter_saccharivorans","HMDB0240372",0.13358969707963,0.417790402803626,149,82,0.0271936581917431,0.102199449741506,"3-Phenylpropionic acid sulfate","OS(=O)(=O)OC(=O)CCC1=CC=CC=C1","Organic compounds","Benzenoids","Benzene and substituted derivatives",NA,"Benzene and substituted derivatives"
"s__Subdoligranulum_sp._APC924_74","HMDB0240372",-0.0585924919577844,0.382204155374887,148,81,0.00108786452871026,0.0260079886338492,"3-Phenylpropionic acid sulfate","OS(=O)(=O)OC(=O)CCC1=CC=CC=C1","Organic compounds","Benzenoids","Benzene and substituted derivatives",NA,"Benzene and substituted derivatives"
"s__Anaerotardibacter_sp._CLA_AA_M13","HMDB0240372",0.147111000504579,0.458907641819034,138,80,0.0155878960058884,0.0772644136669824,"3-Phenylpropionic acid sulfate","OS(=O)(=O)OC(=O)CCC1=CC=CC=C1","Organic compounds","Benzenoids","Benzene and substituted derivatives",NA,"Benzene and substituted derivatives"
"s__Anaeromassilibacillus_sp._An200","HMDB0240372",-0.278339583353417,-0.0342006563525551,146,80,0.0758669491258864,0.194139205181892,"3-Phenylpropionic acid sulfate","OS(=O)(=O)OC(=O)CCC1=CC=CC=C1","Organic compounds","Benzenoids","Benzene and substituted derivatives",NA,"Benzene and substituted derivatives"
"s__Faecalibacterium_prausnitzii","HMDB0029156",-0.26809722474152,-0.139190909981389,149,82,0.33495864258542,0.493231498263209,"Glutamylphenylalanine","N[C@@H](CCC(O)=O)C(=O)N[C@@H](CC1=CC=CC=C1)C(O)=O","Organic compounds","Organic acids and derivatives","Carboxylic acids and derivatives","Amino acids, peptides, and analogues","Dipeptides"
"s__Faecalibacterium_sp._HTFF","HMDB0029156",-0.332962089606385,-0.162511291779584,149,81,0.194193331434321,0.343383994769396,"Glutamylphenylalanine","N[C@@H](CCC(O)=O)C(=O)N[C@@H](CC1=CC=CC=C1)C(O)=O","Organic compounds","Organic acids and derivatives","Carboxylic acids and derivatives","Amino acids, peptides, and analogues","Dipeptides"
"s__Faecalibacterium_sp._CLA_AA_H233","HMDB0029156",-0.29599129330673,-0.0665085817524842,149,81,0.0897962056314499,0.214831657720918,"Glutamylphenylalanine","N[C@@H](CCC(O)=O)C(=O)N[C@@H](CC1=CC=CC=C1)C(O)=O","Organic compounds","Organic acids and derivatives","Carboxylic acids and derivatives","Amino acids, peptides, and analogues","Dipeptides"
"s__Clostridium_sp._OM08_29","HMDB0029156",-0.371283433547584,0.103559741399952,105,67,0.00206464669967806,0.0307504443519598,"Glutamylphenylalanine","N[C@@H](CCC(O)=O)C(=O)N[C@@H](CC1=CC=CC=C1)C(O)=O","Organic compounds","Organic acids and derivatives","Carboxylic acids and derivatives","Amino acids, peptides, and analogues","Dipeptides"
"s__Dorea_formicigenerans","HMDB0240516",0.312298204244513,-0.0369064333213613,149,82,0.0102162040422932,0.0616635938513836,"Ethyl gallate 3-sulfate","CCOC(=O)C1=CC(O)=C(O)C(OS(O)(=O)=O)=C1","Organic compounds","Benzenoids","Benzene and substituted derivatives","Benzoic acids and derivatives","Gallic acid and derivatives"
"s__Dorea_sp._AF36_15AT","HMDB0240516",0.306529649770302,-0.0366619784341303,148,80,0.0125212140842883,0.0685400370961695,"Ethyl gallate 3-sulfate","CCOC(=O)C1=CC(O)=C(O)C(OS(O)(=O)=O)=C1","Organic compounds","Benzenoids","Benzene and substituted derivatives","Benzoic acids and derivatives","Gallic acid and derivatives"
"s__Dorea_sp._AM58_8","HMDB0240516",0.268873571558135,-0.145895234052742,149,82,0.00258922164330924,0.0332635719278197,"Ethyl gallate 3-sulfate","CCOC(=O)C1=CC(O)=C(O)C(OS(O)(=O)=O)=C1","Organic compounds","Benzenoids","Benzene and substituted derivatives","Benzoic acids and derivatives","Gallic acid and derivatives"
"s__Alistipes_onderdonkii","HMDB0240516",-0.300595238095238,-0.181219570596217,127,67,0.408886877344737,0.562795619681893,"Ethyl gallate 3-sulfate","CCOC(=O)C1=CC(O)=C(O)C(OS(O)(=O)=O)=C1","Organic compounds","Benzenoids","Benzene and substituted derivatives","Benzoic acids and derivatives","Gallic acid and derivatives"
"s__Oscillibacter_sp._ER4","HMDB0001518",-0.286840655014958,0.101294065149487,145,82,0.00487418215038495,0.0434682401921546,"alpha-CEHC","CC1=C(O)C(C)=C2CCC(C)(CCC(O)=O)OC2=C1C","Organic compounds","Organoheterocyclic compounds","Benzopyrans","1-benzopyrans","1-benzopyrans"
"s__Blautia_sp._Marseille_P3087","HMDB0012535",0.045373273561193,0.447742188265256,148,82,0.00191846495002701,0.030574017368152,"12-HHT","CCCCC[C@H](O)\C=C\C=C\C\C=C/CCCC(O)=O","Organic compounds","Lipids and lipid-like molecules","Fatty Acyls","Fatty acids and conjugates","Long-chain fatty acids"
"s__Allisonella_histaminiformans","HMDB0030916",0.0619114405930675,0.431911163062537,92,58,0.0206945243314273,0.0892274182646128,"2-Hydroxyacorenone","CC(C)C1C(O)CC(C)C11CC=C(C)C(=O)C1","Organic compounds","Organic oxygen compounds","Organooxygen compounds","Carbonyl compounds","Cyclohexenones"
"s__Blautia_wexlerae","HMDB0011686",-0.333005623072737,-0.112765424843003,149,82,0.0959422092069317,0.223274013662712,"p-Cresol glucuronide","CC1=CC=C(O[C@@H]2O[C@@H]([C@@H](O)[C@H](O)[C@H]2O)C(O)=O)C=C1","Organic compounds","Organic oxygen compounds","Organooxygen compounds","Carbohydrates and carbohydrate conjugates","Phenolic glycosides"
"s__Fusicatenibacter_saccharivorans","HMDB0011686",-0.274395066207147,-0.228240876786278,149,82,0.721640626180039,0.815353244978465,"p-Cresol glucuronide","CC1=CC=C(O[C@@H]2O[C@@H]([C@@H](O)[C@H](O)[C@H]2O)C(O)=O)C=C1","Organic compounds","Organic oxygen compounds","Organooxygen compounds","Carbohydrates and carbohydrate conjugates","Phenolic glycosides"
"s__Anaerobutyricum_hallii","HMDB0011686",-0.288427353528025,-0.231005322101414,149,82,0.656850075427111,0.77367724176586,"p-Cresol glucuronide","CC1=CC=C(O[C@@H]2O[C@@H]([C@@H](O)[C@H](O)[C@H]2O)C(O)=O)C=C1","Organic compounds","Organic oxygen compounds","Organooxygen compounds","Carbohydrates and carbohydrate conjugates","Phenolic glycosides"
"s__Methanobrevibacter_smithii","HMDB0011686",0.437932382255228,0.298500241896468,85,53,0.366420844911562,0.524231640617791,"p-Cresol glucuronide","CC1=CC=C(O[C@@H]2O[C@@H]([C@@H](O)[C@H](O)[C@H]2O)C(O)=O)C=C1","Organic compounds","Organic oxygen compounds","Organooxygen compounds","Carbohydrates and carbohydrate conjugates","Phenolic glycosides"
"s__Mogibacterium_kristiansenii","HMDB0011686",0.307231144701622,0.383942803563057,145,80,0.544216104202102,0.681759278796464,"p-Cresol glucuronide","CC1=CC=C(O[C@@H]2O[C@@H]([C@@H](O)[C@H](O)[C@H]2O)C(O)=O)C=C1","Organic compounds","Organic oxygen compounds","Organooxygen compounds","Carbohydrates and carbohydrate conjugates","Phenolic glycosides"
"s__Blautia_faecis","HMDB0011686",-0.296695084346091,-0.0764575918851558,149,82,0.101457858049846,0.229327546292202,"p-Cresol glucuronide","CC1=CC=C(O[C@@H]2O[C@@H]([C@@H](O)[C@H](O)[C@H]2O)C(O)=O)C=C1","Organic compounds","Organic oxygen compounds","Organooxygen compounds","Carbohydrates and carbohydrate conjugates","Phenolic glycosides"
"s__Oscillibacter_sp._ER4","HMDB0011686",0.284955125177137,0.152512488980312,145,82,0.32094873230501,0.479898401391934,"p-Cresol glucuronide","CC1=CC=C(O[C@@H]2O[C@@H]([C@@H](O)[C@H](O)[C@H]2O)C(O)=O)C=C1","Organic compounds","Organic oxygen compounds","Organooxygen compounds","Carbohydrates and carbohydrate conjugates","Phenolic glycosides"
"s__Roseburia_intestinalis","HMDB0011686",-0.268935243968801,-0.178459093827886,149,82,0.494046519108485,0.639458042511875,"p-Cresol glucuronide","CC1=CC=C(O[C@@H]2O[C@@H]([C@@H](O)[C@H](O)[C@H]2O)C(O)=O)C=C1","Organic compounds","Organic oxygen compounds","Organooxygen compounds","Carbohydrates and carbohydrate conjugates","Phenolic glycosides"
"s__Vescimonas_coprocola","HMDB0011686",0.342833451174774,0.258301498677637,148,82,0.5040034073818,0.646830061053707,"p-Cresol glucuronide","CC1=CC=C(O[C@@H]2O[C@@H]([C@@H](O)[C@H](O)[C@H]2O)C(O)=O)C=C1","Organic compounds","Organic oxygen compounds","Organooxygen compounds","Carbohydrates and carbohydrate conjugates","Phenolic glycosides"
"s__Eubacterium_ramulus","HMDB0011686",-0.278051877380736,-0.22898096450844,149,82,0.704713991886762,0.803654815023037,"p-Cresol glucuronide","CC1=CC=C(O[C@@H]2O[C@@H]([C@@H](O)[C@H](O)[C@H]2O)C(O)=O)C=C1","Organic compounds","Organic oxygen compounds","Organooxygen compounds","Carbohydrates and carbohydrate conjugates","Phenolic glycosides"
"s__Blautia_stercoris","HMDB0011686",-0.288068202430619,-0.0956345708035394,149,82,0.151854753938239,0.293228734981968,"p-Cresol glucuronide","CC1=CC=C(O[C@@H]2O[C@@H]([C@@H](O)[C@H](O)[C@H]2O)C(O)=O)C=C1","Organic compounds","Organic oxygen compounds","Organooxygen compounds","Carbohydrates and carbohydrate conjugates","Phenolic glycosides"
"s__Oscillibacter_valericigenes","HMDB0011686",0.372519499365137,0.256277141084664,149,82,0.353645782962303,0.512949355702234,"p-Cresol glucuronide","CC1=CC=C(O[C@@H]2O[C@@H]([C@@H](O)[C@H](O)[C@H]2O)C(O)=O)C=C1","Organic compounds","Organic oxygen compounds","Organooxygen compounds","Carbohydrates and carbohydrate conjugates","Phenolic glycosides"
"s__Flavonifractor_plautii","HMDB0011686",0.394104843098132,0.191388861679781,149,82,0.110793511985382,0.241697836102499,"p-Cresol glucuronide","CC1=CC=C(O[C@@H]2O[C@@H]([C@@H](O)[C@H](O)[C@H]2O)C(O)=O)C=C1","Organic compounds","Organic oxygen compounds","Organooxygen compounds","Carbohydrates and carbohydrate conjugates","Phenolic glycosides"
"s__Gallintestinimicrobium_propionicum","HMDB0011686",-0.273657440483903,-0.0704062863921812,148,82,0.133547164449379,0.272947857210663,"p-Cresol glucuronide","CC1=CC=C(O[C@@H]2O[C@@H]([C@@H](O)[C@H](O)[C@H]2O)C(O)=O)C=C1","Organic compounds","Organic oxygen compounds","Organooxygen compounds","Carbohydrates and carbohydrate conjugates","Phenolic glycosides"
"s__Vescimonas_fastidiosa","HMDB0011686",0.442476489028213,0.275715327434399,144,82,0.170937337526079,0.318358147848126,"p-Cresol glucuronide","CC1=CC=C(O[C@@H]2O[C@@H]([C@@H](O)[C@H](O)[C@H]2O)C(O)=O)C=C1","Organic compounds","Organic oxygen compounds","Organooxygen compounds","Carbohydrates and carbohydrate conjugates","Phenolic glycosides"
"s__Faecalicatena_fissicatena","HMDB0011686",-0.279405042626519,-0.0868623545673208,149,82,0.153087635545391,0.29425547046053,"p-Cresol glucuronide","CC1=CC=C(O[C@@H]2O[C@@H]([C@@H](O)[C@H](O)[C@H]2O)C(O)=O)C=C1","Organic compounds","Organic oxygen compounds","Organooxygen compounds","Carbohydrates and carbohydrate conjugates","Phenolic glycosides"
"s__Oscillibacter_sp._MSJ_31","HMDB0011686",0.305521764425874,0.195144534778681,147,81,0.40091523373939,0.556336512763838,"p-Cresol glucuronide","CC1=CC=C(O[C@@H]2O[C@@H]([C@@H](O)[C@H](O)[C@H]2O)C(O)=O)C=C1","Organic compounds","Organic oxygen compounds","Organooxygen compounds","Carbohydrates and carbohydrate conjugates","Phenolic glycosides"
"s__Pseudoflavonifractor_sp._MSJ_30","HMDB0011686",0.272994813742656,0.274343988419804,148,82,0.996043217552848,0.999092388001957,"p-Cresol glucuronide","CC1=CC=C(O[C@@H]2O[C@@H]([C@@H](O)[C@H](O)[C@H]2O)C(O)=O)C=C1","Organic compounds","Organic oxygen compounds","Organooxygen compounds","Carbohydrates and carbohydrate conjugates","Phenolic glycosides"
"s__Ruminococcus_sp._M6_2020","HMDB0011686",0.288712764264059,0.149007955943013,148,82,0.293247706917856,0.451383683531801,"p-Cresol glucuronide","CC1=CC=C(O[C@@H]2O[C@@H]([C@@H](O)[C@H](O)[C@H]2O)C(O)=O)C=C1","Organic compounds","Organic oxygen compounds","Organooxygen compounds","Carbohydrates and carbohydrate conjugates","Phenolic glycosides"
"s__Pseudoflavonifractor_phocaeensis","HMDB0011686",0.400134228187919,0.290212339874403,149,82,0.369082031163965,0.526841584167156,"p-Cresol glucuronide","CC1=CC=C(O[C@@H]2O[C@@H]([C@@H](O)[C@H](O)[C@H]2O)C(O)=O)C=C1","Organic compounds","Organic oxygen compounds","Organooxygen compounds","Carbohydrates and carbohydrate conjugates","Phenolic glycosides"
"s__Brotomerdimonas_butyrica","HMDB0011686",0.339205434117371,0.177642276422764,147,81,0.216910339702789,0.369468052085592,"p-Cresol glucuronide","CC1=CC=C(O[C@@H]2O[C@@H]([C@@H](O)[C@H](O)[C@H]2O)C(O)=O)C=C1","Organic compounds","Organic oxygen compounds","Organooxygen compounds","Carbohydrates and carbohydrate conjugates","Phenolic glycosides"
"s__Fusicatenibacter_sp._CLA_AA_H277","HMDB0011686",-0.294032287320878,-0.129286794875981,148,82,0.216677417984047,0.369468052085592,"p-Cresol glucuronide","CC1=CC=C(O[C@@H]2O[C@@H]([C@@H](O)[C@H](O)[C@H]2O)C(O)=O)C=C1","Organic compounds","Organic oxygen compounds","Organooxygen compounds","Carbohydrates and carbohydrate conjugates","Phenolic glycosides"
"s__Oscillibacter_sp._MCC667","HMDB0011686",0.274234925241637,0.210004516711834,148,81,0.624957833401696,0.753660835491125,"p-Cresol glucuronide","CC1=CC=C(O[C@@H]2O[C@@H]([C@@H](O)[C@H](O)[C@H]2O)C(O)=O)C=C1","Organic compounds","Organic oxygen compounds","Organooxygen compounds","Carbohydrates and carbohydrate conjugates","Phenolic glycosides"
"s__Butyricicoccus_sp._BIOML_A1","HMDB0011686",-0.165344040308613,-0.363972736124635,145,79,0.134286747709232,0.274014611614138,"p-Cresol glucuronide","CC1=CC=C(O[C@@H]2O[C@@H]([C@@H](O)[C@H](O)[C@H]2O)C(O)=O)C=C1","Organic compounds","Organic oxygen compounds","Organooxygen compounds","Carbohydrates and carbohydrate conjugates","Phenolic glycosides"
"s__Yeguia_hominis","HMDB0011686",0.309361533938091,0.201967762649514,146,82,0.411053732884935,0.563743627126507,"p-Cresol glucuronide","CC1=CC=C(O[C@@H]2O[C@@H]([C@@H](O)[C@H](O)[C@H]2O)C(O)=O)C=C1","Organic compounds","Organic oxygen compounds","Organooxygen compounds","Carbohydrates and carbohydrate conjugates","Phenolic glycosides"
"s__Dysosmobacter_sp._BX15","HMDB0011686",0.316529937435532,0.217660343270099,146,81,0.447772556843087,0.598456103041875,"p-Cresol glucuronide","CC1=CC=C(O[C@@H]2O[C@@H]([C@@H](O)[C@H](O)[C@H]2O)C(O)=O)C=C1","Organic compounds","Organic oxygen compounds","Organooxygen compounds","Carbohydrates and carbohydrate conjugates","Phenolic glycosides"
"s__Negativibacillus_massiliensis","HMDB0011686",0.311876706692103,0.22457963089542,134,76,0.517738400214704,0.658485990771419,"p-Cresol glucuronide","CC1=CC=C(O[C@@H]2O[C@@H]([C@@H](O)[C@H](O)[C@H]2O)C(O)=O)C=C1","Organic compounds","Organic oxygen compounds","Organooxygen compounds","Carbohydrates and carbohydrate conjugates","Phenolic glycosides"
"s__Intestinimonas_butyriciproducens","HMDB0011686",0.380250317431525,0.120906389786789,149,82,0.0462990419794818,0.142171936224799,"p-Cresol glucuronide","CC1=CC=C(O[C@@H]2O[C@@H]([C@@H](O)[C@H](O)[C@H]2O)C(O)=O)C=C1","Organic compounds","Organic oxygen compounds","Organooxygen compounds","Carbohydrates and carbohydrate conjugates","Phenolic glycosides"
"s__Phocea_massiliensis","HMDB0011686",0.354683450573862,0.210152262165192,147,82,0.26049143456735,0.415419725897428,"p-Cresol glucuronide","CC1=CC=C(O[C@@H]2O[C@@H]([C@@H](O)[C@H](O)[C@H]2O)C(O)=O)C=C1","Organic compounds","Organic oxygen compounds","Organooxygen compounds","Carbohydrates and carbohydrate conjugates","Phenolic glycosides"
"s__Dysosmobacter_welbionis","HMDB0011686",0.310033852936545,0.0924988279418659,145,80,0.10821340943273,0.238183011321341,"p-Cresol glucuronide","CC1=CC=C(O[C@@H]2O[C@@H]([C@@H](O)[C@H](O)[C@H]2O)C(O)=O)C=C1","Organic compounds","Organic oxygen compounds","Organooxygen compounds","Carbohydrates and carbohydrate conjugates","Phenolic glycosides"
"s__Pseudoflavonifractor_capillosus","HMDB0011686",0.30684200979503,0.316507221297113,149,82,0.944129425138292,0.965604343013086,"p-Cresol glucuronide","CC1=CC=C(O[C@@H]2O[C@@H]([C@@H](O)[C@H](O)[C@H]2O)C(O)=O)C=C1","Organic compounds","Organic oxygen compounds","Organooxygen compounds","Carbohydrates and carbohydrate conjugates","Phenolic glycosides"
"s__Roseburia_faecis","HMDB0038736",-0.271881008525304,-0.0390831619159565,149,82,0.0868973432921692,0.211042728937631,"3,5,6-Trihydroxy-7-megastigmen-9-one","CC(=O)\C=C\C1(O)C(C)(C)CC(O)CC1(C)O","Organic compounds","Lipids and lipid-like molecules","Prenol lipids","Sesquiterpenoids","Sesquiterpenoids"
"s__Eubacterium_coprostanoligenes","HMDB0112102",-0.0936279547790339,-0.401533592989289,139,79,0.0214714222653317,0.0913260832163938,"5-pentyl-2-furannonanoic acid","CCCCCC1=CC=C(CCCCCCCCC(O)=O)O1","Organic compounds","Lipids and lipid-like molecules","Fatty Acyls","Fatty acids and conjugates","Furanoid fatty acids"
"s__Butyricicoccus_faecihominis","HMDB0302991",-0.284135127579355,0.0989214309813781,147,82,0.00536334864546601,0.045016372964278,"Hexadecatrienoic acid","CCCCCCCCCC=CC=CC=CC(O)=O","Organic compounds","Lipids and lipid-like molecules","Fatty Acyls","Fatty acids and conjugates","Long-chain fatty acids"
"s__Coprococcus_catus","HMDB0037830",0.327505895156902,0.0892567560213755,149,82,0.0734846578987828,0.191151207220181,"xi-7-Hydroxyhexadecanedioic acid","OC(CCCCCCCCC(O)=O)CCCCCC(O)=O","Organic compounds","Lipids and lipid-like molecules","Fatty Acyls","Fatty acids and conjugates","Long-chain fatty acids"
"s__Blautia_sp._MCC270","HMDB0037830",-0.135809612922289,0.395304796421458,143,82,8.80297657137408e-05,0.0123143861148444,"xi-7-Hydroxyhexadecanedioic acid","OC(CCCCCCCCC(O)=O)CCCCCC(O)=O","Organic compounds","Lipids and lipid-like molecules","Fatty Acyls","Fatty acids and conjugates","Long-chain fatty acids"
"s__Bilophila_wadsworthia","HMDB0037830",-0.128948293282959,-0.450937950937951,103,55,0.0391391593809203,0.126674040258557,"xi-7-Hydroxyhexadecanedioic acid","OC(CCCCCCCCC(O)=O)CCCCCC(O)=O","Organic compounds","Lipids and lipid-like molecules","Fatty Acyls","Fatty acids and conjugates","Long-chain fatty acids"
"s__Mogibacterium_kristiansenii","HMDB0013240",0.345095260588884,0.396577590248476,145,80,0.679841657871721,0.787095666252674,"Indoleacetyl glutamine","NC(=O)CCC(NC(=O)CC1=CNC2=CC=CC=C12)C(O)=O","Organic compounds","Organic acids and derivatives","Carboxylic acids and derivatives","Amino acids, peptides, and analogues","Glutamine and derivatives"
"s__Bacteroides_uniformis","HMDB0013240",-0.271008502598016,0.0326436222005842,145,79,0.0294564564120447,0.10565720405346,"Indoleacetyl glutamine","NC(=O)CCC(NC(=O)CC1=CNC2=CC=CC=C12)C(O)=O","Organic compounds","Organic acids and derivatives","Carboxylic acids and derivatives","Amino acids, peptides, and analogues","Glutamine and derivatives"
"s__Phocaeicola_massiliensis","HMDB0013240",-0.301332170975563,-0.016986301369863,142,74,0.0445470120256215,0.137800216560829,"Indoleacetyl glutamine","NC(=O)CCC(NC(=O)CC1=CNC2=CC=CC=C12)C(O)=O","Organic compounds","Organic acids and derivatives","Carboxylic acids and derivatives","Amino acids, peptides, and analogues","Glutamine and derivatives"
"s__Alistipes_shahii","HMDB0013240",-0.300736162233488,-0.0431305536568694,120,56,0.107761049314914,0.237602733953549,"Indoleacetyl glutamine","NC(=O)CCC(NC(=O)CC1=CNC2=CC=CC=C12)C(O)=O","Organic compounds","Organic acids and derivatives","Carboxylic acids and derivatives","Amino acids, peptides, and analogues","Glutamine and derivatives"
"s__Phocaeicola_massiliensis","HMDB0033243",-0.310976108099273,-0.0261977045538689,142,74,0.0434998310436328,0.135434653768234,"Corchorifatty acid D","CCC(O)\C=C\C=C\C=C\C(=O)CCCCCCCC(O)=O","Organic compounds","Lipids and lipid-like molecules","Fatty Acyls","Lineolic acids and derivatives","Lineolic acids and derivatives"
"s__Dorea_formicigenerans","HMDB0240502",-0.0431779430437149,-0.380045928973346,149,82,0.0110970201250321,0.0637951978877416,"Dihydroresveratrol 4'-sulfate","OC1=CC(CCC2=CC=C(OS(O)(=O)=O)C=C2)=CC(O)=C1","Organic compounds","Phenylpropanoids and polyketides","Stilbenes",NA,"Stilbenes"
"s__Ruminococcus_gnavus","HMDB0240502",-0.0216325049882097,-0.394347035839836,149,82,0.00490269269840028,0.0434682401921546,"Dihydroresveratrol 4'-sulfate","OC1=CC(CCC2=CC=C(OS(O)(=O)=O)C=C2)=CC(O)=C1","Organic compounds","Phenylpropanoids and polyketides","Stilbenes",NA,"Stilbenes"
"s__Butyrivibrio_crossotus","HMDB0240502",0.197833002138286,0.35883017163505,147,81,0.217161523862858,0.369468052085592,"Dihydroresveratrol 4'-sulfate","OC1=CC(CCC2=CC=C(OS(O)(=O)=O)C=C2)=CC(O)=C1","Organic compounds","Phenylpropanoids and polyketides","Stilbenes",NA,"Stilbenes"
"s__Ellagibacter_isourolithinifaciens","HMDB0028831",-0.17442435109663,-0.399984762899838,140,82,0.0821685212557734,0.203642063505942,"Glutamyltyrosine","N[C@@H](CCC(O)=O)C(=O)N[C@@H](CC1=CC=C(O)C=C1)C(O)=O","Organic compounds","Organic acids and derivatives","Carboxylic acids and derivatives","Amino acids, peptides, and analogues","Dipeptides"
"s__Prevotellamassilia_timonensis","HMDB0010314",-0.0925246239304066,0.392609146779472,118,67,0.00122189167529305,0.0269888003367359,"BetaGlucopyranuronic acid","O[C@@H]1[C@@H](O)[C@H](OC(=O)C2=CC=CC=C2O)O[C@@H]([C@H]1O)C(O)=O","Organic compounds","Organic oxygen compounds","Organooxygen compounds","Carbohydrates and carbohydrate conjugates","O-glucuronides"
"s__Prevotella_sp._Marseille_P4119","HMDB0010314",0.0983853983853984,0.422596153846154,111,65,0.0283692659805758,0.103676536191816,"BetaGlucopyranuronic acid","O[C@@H]1[C@@H](O)[C@H](OC(=O)C2=CC=CC=C2O)O[C@@H]([C@H]1O)C(O)=O","Organic compounds","Organic oxygen compounds","Organooxygen compounds","Carbohydrates and carbohydrate conjugates","O-glucuronides"
"s__Suilimivivens_aceti","HMDB0010314",-0.120002073022207,0.40277097550092,148,82,9.82850605054738e-05,0.0123740891176391,"BetaGlucopyranuronic acid","O[C@@H]1[C@@H](O)[C@H](OC(=O)C2=CC=CC=C2O)O[C@@H]([C@H]1O)C(O)=O","Organic compounds","Organic oxygen compounds","Organooxygen compounds","Carbohydrates and carbohydrate conjugates","O-glucuronides"
"s__Streptococcus_thermophilus","HMDB0000782",0.00291959283516137,0.407577497129736,115,66,0.00674433817759357,0.0507983267064763,"Octadecanedioic acid","OC(=O)CCCCCCCCCCCCCCCCC(O)=O","Organic compounds","Lipids and lipid-like molecules","Fatty Acyls","Fatty acids and conjugates","Long-chain fatty acids"
"s__Senegalimassilia_faecalis","HMDB0302281",-0.102731159109153,-0.429674796747967,137,81,0.0129082841053531,0.0690938337371007,"9,10-Dihydroxystearic acid","CCCCCCCCC(O)C(O)CCCCCCCC(O)=O","Organic compounds","Lipids and lipid-like molecules","Fatty Acyls","Fatty acids and conjugates","Long-chain fatty acids"
"s__Gallintestinimicrobium_propionicum","HMDB0253873",0.303061039398527,-0.0490308115932565,148,82,0.00991273532891556,0.0613157200612955,"Ascorbic acid 2-glucoside","OCC(O)C1OC(=O)C(OC2OC(CO)C(O)C(O)C2O)=C1O","Organic compounds","Lipids and lipid-like molecules","Fatty Acyls","Fatty acyl glycosides","Fatty acyl glycosides of mono- and disaccharides"
"s__Clostridium_sp._AF37_5","HMDB0253873",0.284796115118189,-0.0679409792085848,133,71,0.0163380053735378,0.0791433482753677,"Ascorbic acid 2-glucoside","OCC(O)C1OC(=O)C(OC2OC(CO)C(O)C(O)C2O)=C1O","Organic compounds","Lipids and lipid-like molecules","Fatty Acyls","Fatty acyl glycosides","Fatty acyl glycosides of mono- and disaccharides"
"s__Faecalibacterium_prausnitzii","HMDB0011134",-0.27773263196082,-0.181005866283562,149,82,0.46354778316703,0.613676823351515,"5-HETE","CCCCC\C=C/C\C=C/C\C=C/C=C/[C@@H](O)CCCC(O)=O","Organic compounds","Lipids and lipid-like molecules","Fatty Acyls","Eicosanoids","Hydroxyeicosatetraenoic acids"
"s__Mogibacterium_kristiansenii","HMDB0011134",0.275877814517399,-0.000773558368495077,145,80,0.045518615964708,0.140460631126391,"5-HETE","CCCCC\C=C/C\C=C/C\C=C/C=C/[C@@H](O)CCCC(O)=O","Organic compounds","Lipids and lipid-like molecules","Fatty Acyls","Eicosanoids","Hydroxyeicosatetraenoic acids"
"s__Romboutsia_timonensis","HMDB0011134",0.304570593617283,0.133499938294459,130,73,0.226607807232823,0.380906848205773,"5-HETE","CCCCC\C=C/C\C=C/C\C=C/C=C/[C@@H](O)CCCC(O)=O","Organic compounds","Lipids and lipid-like molecules","Fatty Acyls","Eicosanoids","Hydroxyeicosatetraenoic acids"
"s__Faecalibacterium_sp._HTFF","HMDB0011134",-0.281135497914021,-0.142660343270099,149,81,0.300474453562977,0.458542226710046,"5-HETE","CCCCC\C=C/C\C=C/C\C=C/C=C/[C@@H](O)CCCC(O)=O","Organic compounds","Lipids and lipid-like molecules","Fatty Acyls","Eicosanoids","Hydroxyeicosatetraenoic acids"
"s__Lentihominibacter_faecis","HMDB0011134",0.305378382080204,0.11849593495935,148,81,0.162576577265255,0.308258901772524,"5-HETE","CCCCC\C=C/C\C=C/C\C=C/C=C/[C@@H](O)CCCC(O)=O","Organic compounds","Lipids and lipid-like molecules","Fatty Acyls","Eicosanoids","Hydroxyeicosatetraenoic acids"
"s__Faecalibacterium_sp._Marseille_Q4896","HMDB0011134",-0.329515145562112,-0.152672590567327,147,76,0.190005026454883,0.34076400043689,"5-HETE","CCCCC\C=C/C\C=C/C\C=C/C=C/[C@@H](O)CCCC(O)=O","Organic compounds","Lipids and lipid-like molecules","Fatty Acyls","Eicosanoids","Hydroxyeicosatetraenoic acids"
"s__Clostridium_sp._1001271B_151109_B4","HMDB0011134",0.318266628685372,-0.216004445679355,119,60,0.000736873316683541,0.0206660911342108,"5-HETE","CCCCC\C=C/C\C=C/C\C=C/C=C/[C@@H](O)CCCC(O)=O","Organic compounds","Lipids and lipid-like molecules","Fatty Acyls","Eicosanoids","Hydroxyeicosatetraenoic acids"
"s__Clostridium_sp._AF15_31","HMDB0060101",-0.359101174345077,-0.0267036694418748,81,46,0.0675575868411806,0.181741456908219,"12 Hydroxy arachidonic acid","CCCCC\C=C/C\C(O)=C/C\C=C/C\C=C\CCCC(O)=O","Organic compounds","Lipids and lipid-like molecules","Fatty Acyls","Fatty acids and conjugates","Long-chain fatty acids"
"s__Prevotella_sp._P5_64","HMDB0060101",-0.399284260043754,0.139735526527979,78,53,0.00217962257316059,0.0309964907299102,"12 Hydroxy arachidonic acid","CCCCC\C=C/C\C(O)=C/C\C=C/C\C=C\CCCC(O)=O","Organic compounds","Lipids and lipid-like molecules","Fatty Acyls","Fatty acids and conjugates","Long-chain fatty acids"
"s__Slackia_isoflavoniconvertens","HMDB0005886",0.127934476271071,0.474733622838236,147,82,0.00595879746723016,0.0481793769548777,"19-Noretiocholanolone","[H][C@@]12CCC(=O)[C@@]1(C)CC[C@@]1([H])[C@@]2([H])CC[C@]2([H])C[C@H](O)CC[C@]12[H]","Organic compounds","Lipids and lipid-like molecules","Steroids and steroid derivatives","Estrane steroids","Estrogens and derivatives"
"s__Anaerotardibacter_sp._CLA_AA_M13","HMDB0005886",0.341243729865362,0.311626816690108,138,80,0.812469516474104,0.883332574474004,"19-Noretiocholanolone","[H][C@@]12CCC(=O)[C@@]1(C)CC[C@@]1([H])[C@@]2([H])CC[C@]2([H])C[C@H](O)CC[C@]12[H]","Organic compounds","Lipids and lipid-like molecules","Steroids and steroid derivatives","Estrane steroids","Estrogens and derivatives"
"s__Phascolarctobacterium_faecium","HMDB0062747",0.312325416239249,-0.0481226864093072,115,61,0.022362994568814,0.0930977296429291,"12-HETrE","[H]\C(CCCCC)=C(/[H])C[C@]([H])(O)C(\[H])=C(/[H])\C(\[H])=C(\[H])CCCCCCC(O)=O","Organic compounds","Lipids and lipid-like molecules","Fatty Acyls","Eicosanoids","Hydroxyeicosatrienoic acids"
"s__Prevotella_sp._P5_64","HMDB0062747",-0.418556127416887,0.0763586518303499,78,53,0.00447392930727288,0.0422566825128552,"12-HETrE","[H]\C(CCCCC)=C(/[H])C[C@]([H])(O)C(\[H])=C(/[H])\C(\[H])=C(\[H])CCCCCCC(O)=O","Organic compounds","Lipids and lipid-like molecules","Fatty Acyls","Eicosanoids","Hydroxyeicosatrienoic acids"
"s__Butyricicoccus_faecihominis","HMDB0039056",-0.00182094311252824,-0.356559027437664,147,82,0.00841419965458592,0.0569541793823854,"p-Mentha-1,8-diene-6,7-diol 7-glucoside","CC(=C)C1CC=C(COC2OC(CO)C(O)C(O)C2O)C(O)C1","Organic compounds","Lipids and lipid-like molecules","Prenol lipids","Terpene glycosides","Terpene glycosides"
"s__Terrisporobacter_glycolicus","HMDB0001976",0.124487996574048,-0.427106227106227,106,64,0.000350863056825032,0.0172019004932654,"Docosapentaenoic acid (22n-6)","CCCCC\C=C/C\C=C/C\C=C/C\C=C/C\C=C/CCC(O)=O","Organic compounds","Lipids and lipid-like molecules","Fatty Acyls","Fatty acids and conjugates","Very long-chain fatty acids"
"s__Gallintestinimicrobium_propionicum","HMDB0240698",0.0538245408811085,0.359258170894962,148,82,0.0220658142620585,0.0929125757723468,"Daidzein 4'-sulfate","OC1=CC2=C(C=C1)C(=O)C(=CO2)C1=CC=C(OS(O)(=O)=O)C=C1","Organic compounds","Phenylpropanoids and polyketides","Isoflavonoids","Isoflav-2-enes","Isoflavones"
"s__Faecalibacterium_prausnitzii","HMDB0000153",-0.364650825321966,-0.106931792209488,149,82,0.0495177858163206,0.149862721977759,"Estriol","[H][C@@]12C[C@@H](O)[C@H](O)[C@@]1(C)CC[C@]1([H])C3=C(CC[C@@]21[H])C=C(O)C=C3","Organic compounds","Lipids and lipid-like molecules","Steroids and steroid derivatives","Estrane steroids","Estrogens and derivatives"
"s__Blautia_obeum","HMDB0000153",-0.141084708869944,-0.37749915651767,149,82,0.0697947323046245,0.184604134393954,"Estriol","[H][C@@]12C[C@@H](O)[C@H](O)[C@@]1(C)CC[C@]1([H])C3=C(CC[C@@]21[H])C=C(O)C=C3","Organic compounds","Lipids and lipid-like molecules","Steroids and steroid derivatives","Estrane steroids","Estrogens and derivatives"
"s__Extibacter_muris","HMDB0000153",-0.266972610194087,-0.121407037363546,149,82,0.278243441363422,0.435165829411861,"Estriol","[H][C@@]12C[C@@H](O)[C@H](O)[C@@]1(C)CC[C@]1([H])C3=C(CC[C@@]21[H])C=C(O)C=C3","Organic compounds","Lipids and lipid-like molecules","Steroids and steroid derivatives","Estrane steroids","Estrogens and derivatives"
"s__Roseburia_faecis","HMDB0000153",-0.317079629965536,-0.0731707317073171,149,82,0.0684571462957681,0.182284212217245,"Estriol","[H][C@@]12C[C@@H](O)[C@H](O)[C@@]1(C)CC[C@]1([H])C3=C(CC[C@@]21[H])C=C(O)C=C3","Organic compounds","Lipids and lipid-like molecules","Steroids and steroid derivatives","Estrane steroids","Estrogens and derivatives"
"s__Methanobrevibacter_smithii","HMDB0000153",0.382294313074067,0.0506369940332204,85,53,0.0509199677387744,0.15155612147309,"Estriol","[H][C@@]12C[C@@H](O)[C@H](O)[C@@]1(C)CC[C@]1([H])C3=C(CC[C@@]21[H])C=C(O)C=C3","Organic compounds","Lipids and lipid-like molecules","Steroids and steroid derivatives","Estrane steroids","Estrogens and derivatives"
"s__Ellagibacter_isourolithinifaciens","HMDB0000153",0.290979860488509,0.0603062657132595,140,82,0.091252353901255,0.217177152290511,"Estriol","[H][C@@]12C[C@@H](O)[C@H](O)[C@@]1(C)CC[C@]1([H])C3=C(CC[C@@]21[H])C=C(O)C=C3","Organic compounds","Lipids and lipid-like molecules","Steroids and steroid derivatives","Estrane steroids","Estrogens and derivatives"
"s__Ruminococcus_flavefaciens","HMDB0000153",0.320637103415968,0.285162329534942,147,82,0.776606791768096,0.857295028664329,"Estriol","[H][C@@]12C[C@@H](O)[C@H](O)[C@@]1(C)CC[C@]1([H])C3=C(CC[C@@]21[H])C=C(O)C=C3","Organic compounds","Lipids and lipid-like molecules","Steroids and steroid derivatives","Estrane steroids","Estrogens and derivatives"
"s__Butyrivibrio_crossotus","HMDB0000153",0.073468632177047,0.443563685636856,147,81,0.00438550597049654,0.0422566825128552,"Estriol","[H][C@@]12C[C@@H](O)[C@H](O)[C@@]1(C)CC[C@]1([H])C3=C(CC[C@@]21[H])C=C(O)C=C3","Organic compounds","Lipids and lipid-like molecules","Steroids and steroid derivatives","Estrane steroids","Estrogens and derivatives"
"s__Oscillibacter_sp._MSJ_31","HMDB0000153",0.281660609449259,0.329652213188799,147,81,0.712231192583412,0.807837001317582,"Estriol","[H][C@@]12C[C@@H](O)[C@H](O)[C@@]1(C)CC[C@]1([H])C3=C(CC[C@@]21[H])C=C(O)C=C3","Organic compounds","Lipids and lipid-like molecules","Steroids and steroid derivatives","Estrane steroids","Estrogens and derivatives"
"s__Ruminococcus_sp._M6_2020","HMDB0000153",0.274097957702943,0.248702125575473,148,82,0.842064268398409,0.901519806291953,"Estriol","[H][C@@]12C[C@@H](O)[C@H](O)[C@@]1(C)CC[C@]1([H])C3=C(CC[C@@]21[H])C=C(O)C=C3","Organic compounds","Lipids and lipid-like molecules","Steroids and steroid derivatives","Estrane steroids","Estrogens and derivatives"
"s__Ruminococcus_sp._210702_SL_1_03","HMDB0000153",0.33535457348407,0.278621659634318,139,80,0.657610449292357,0.773747134453649,"Estriol","[H][C@@]12C[C@@H](O)[C@H](O)[C@@]1(C)CC[C@]1([H])C3=C(CC[C@@]21[H])C=C(O)C=C3","Organic compounds","Lipids and lipid-like molecules","Steroids and steroid derivatives","Estrane steroids","Estrogens and derivatives"
"s__Coprococcus_comes","HMDB0060054",-0.305706511881009,-0.166965966848423,149,82,0.29173634757746,0.45122366289929,"bicyclo-PGE2","CCCCC1[C@H]2CC(=O)[C@H](C\C=C/CCCC(O)=O)[C@H]2CCC1=O","Organic compounds","Lipids and lipid-like molecules","Fatty Acyls","Eicosanoids","Prostaglandins and related compounds"
"s__Roseburia_inulinivorans","HMDB0060054",-0.201505162195479,-0.364308181234423,148,82,0.208227910583209,0.361631817988765,"bicyclo-PGE2","CCCCC1[C@H]2CC(=O)[C@H](C\C=C/CCCC(O)=O)[C@H]2CCC1=O","Organic compounds","Lipids and lipid-like molecules","Fatty Acyls","Eicosanoids","Prostaglandins and related compounds"
"s__Ruminococcus_champanellensis","HMDB0060054",0.301105846505906,0.101218940459447,142,80,0.141729450367506,0.281891592437109,"bicyclo-PGE2","CCCCC1[C@H]2CC(=O)[C@H](C\C=C/CCCC(O)=O)[C@H]2CCC1=O","Organic compounds","Lipids and lipid-like molecules","Fatty Acyls","Eicosanoids","Prostaglandins and related compounds"
"s__Bifidobacterium_adolescentis","HMDB0001193",-0.0106053354157745,0.406043956043956,106,64,0.00668257126708158,0.050682874850938,"5)-Hydroperoxyeicosatetraenoic acid","CCCCC\C=C/C\C=C/C\C=C/C=C/[C@H](CCCC(O)=O)OO","Organic compounds","Lipids and lipid-like molecules","Fatty Acyls","Eicosanoids","Hydroperoxyeicosatetraenoic acids"
"s__Agathobaculum_sp._M2","HMDB0013189",0.275097392867845,0.0579844206426485,141,79,0.117320793665627,0.249084113364291,"3-Indole carboxylic acid glucuronide","O[C@@H]1[C@@H](O)[C@H](OC(=O)C2=CNC3=CC=CC=C23)OC([C@H]1O)C(O)=O","Organic compounds","Organic oxygen compounds","Organooxygen compounds","Carbohydrates and carbohydrate conjugates","O-glucuronides"
"s__Clostridium_sp._AF15_41","HMDB0002689",-0.0451626854747488,0.430787439248571,113,62,0.00185269218828783,0.0302927203253816,"13,14-Dihydro PGE1","CCCCC[C@H](O)CC[C@H]1[C@H](O)CC(=O)[C@@H]1CCCCCCC(O)=O","Organic compounds","Lipids and lipid-like molecules","Fatty Acyls","Eicosanoids","Prostaglandins and related compounds"
"s__Blautia_wexlerae","HMDB0010363",-0.426624342463269,-0.305057628889542,149,82,0.312318623084629,0.471462347893687,"5-Hydroxy-6-methoxyindole glucuronide","COC1=C(O[C@@H]2O[C@@H]([C@@H](O)[C@H](O)[C@H]2O)C(O)=O)C=C2C=CNC2=C1","Organic compounds","Organic oxygen compounds","Organooxygen compounds","Carbohydrates and carbohydrate conjugates","Phenolic glycosides"
"s__Faecalibacterium_prausnitzii","HMDB0010363",-0.277239252675494,0.047441799719202,149,82,0.0178155056804154,0.0827665005595681,"5-Hydroxy-6-methoxyindole glucuronide","COC1=C(O[C@@H]2O[C@@H]([C@@H](O)[C@H](O)[C@H]2O)C(O)=O)C=C2C=CNC2=C1","Organic compounds","Organic oxygen compounds","Organooxygen compounds","Carbohydrates and carbohydrate conjugates","Phenolic glycosides"
"s__Prevotella_copri","HMDB0010363",0.280226998525403,0.411064228785748,139,80,0.301433950293689,0.459449568304788,"5-Hydroxy-6-methoxyindole glucuronide","COC1=C(O[C@@H]2O[C@@H]([C@@H](O)[C@H](O)[C@H]2O)C(O)=O)C=C2C=CNC2=C1","Organic compounds","Organic oxygen compounds","Organooxygen compounds","Carbohydrates and carbohydrate conjugates","Phenolic glycosides"
"s__Catenibacterium_mitsuokai","HMDB0010363",0.393003154927474,0.0994401168451801,137,79,0.0283788811566302,0.103676536191816,"5-Hydroxy-6-methoxyindole glucuronide","COC1=C(O[C@@H]2O[C@@H]([C@@H](O)[C@H](O)[C@H]2O)C(O)=O)C=C2C=CNC2=C1","Organic compounds","Organic oxygen compounds","Organooxygen compounds","Carbohydrates and carbohydrate conjugates","Phenolic glycosides"
"s__Dorea_longicatena","HMDB0010363",-0.276637039724288,-0.335510061927929,149,82,0.647556307850326,0.769549693310133,"5-Hydroxy-6-methoxyindole glucuronide","COC1=C(O[C@@H]2O[C@@H]([C@@H](O)[C@H](O)[C@H]2O)C(O)=O)C=C2C=CNC2=C1","Organic compounds","Organic oxygen compounds","Organooxygen compounds","Carbohydrates and carbohydrate conjugates","Phenolic glycosides"
"s__Fusicatenibacter_saccharivorans","HMDB0010363",-0.311536368583348,-0.220339351987897,149,82,0.480480715827421,0.626216585120832,"5-Hydroxy-6-methoxyindole glucuronide","COC1=C(O[C@@H]2O[C@@H]([C@@H](O)[C@H](O)[C@H]2O)C(O)=O)C=C2C=CNC2=C1","Organic compounds","Organic oxygen compounds","Organooxygen compounds","Carbohydrates and carbohydrate conjugates","Phenolic glycosides"
"s__Blautia_obeum","HMDB0010363",-0.334217304552875,-0.282615557079266,149,82,0.679722267936283,0.787095666252674,"5-Hydroxy-6-methoxyindole glucuronide","COC1=C(O[C@@H]2O[C@@H]([C@@H](O)[C@H](O)[C@H]2O)C(O)=O)C=C2C=CNC2=C1","Organic compounds","Organic oxygen compounds","Organooxygen compounds","Carbohydrates and carbohydrate conjugates","Phenolic glycosides"
"s__Gemmiger_formicilis","HMDB0010363",-0.270810810810811,-0.0640937734678552,149,82,0.12718458362218,0.262931676158168,"5-Hydroxy-6-methoxyindole glucuronide","COC1=C(O[C@@H]2O[C@@H]([C@@H](O)[C@H](O)[C@H]2O)C(O)=O)C=C2C=CNC2=C1","Organic compounds","Organic oxygen compounds","Organooxygen compounds","Carbohydrates and carbohydrate conjugates","Phenolic glycosides"
"s__Blautia_massiliensis","HMDB0010363",-0.276722551890337,-0.219816937125195,148,82,0.662257233808516,0.7777815833628,"5-Hydroxy-6-methoxyindole glucuronide","COC1=C(O[C@@H]2O[C@@H]([C@@H](O)[C@H](O)[C@H]2O)C(O)=O)C=C2C=CNC2=C1","Organic compounds","Organic oxygen compounds","Organooxygen compounds","Carbohydrates and carbohydrate conjugates","Phenolic glycosides"
"s__Coprococcus_comes","HMDB0010363",-0.401157264647198,-0.346894352477661,149,82,0.647281979963911,0.769549693310133,"5-Hydroxy-6-methoxyindole glucuronide","COC1=C(O[C@@H]2O[C@@H]([C@@H](O)[C@H](O)[C@H]2O)C(O)=O)C=C2C=CNC2=C1","Organic compounds","Organic oxygen compounds","Organooxygen compounds","Carbohydrates and carbohydrate conjugates","Phenolic glycosides"
"s__Anaerobutyricum_hallii","HMDB0010363",-0.295458008343914,-0.229503379371143,149,82,0.609761683718525,0.741729429760022,"5-Hydroxy-6-methoxyindole glucuronide","COC1=C(O[C@@H]2O[C@@H]([C@@H](O)[C@H](O)[C@H]2O)C(O)=O)C=C2C=CNC2=C1","Organic compounds","Organic oxygen compounds","Organooxygen compounds","Carbohydrates and carbohydrate conjugates","Phenolic glycosides"
"s__Anaerostipes_hadrus","HMDB0010363",-0.398762923997823,-0.388099824773348,149,82,0.922062828832849,0.951957985065096,"5-Hydroxy-6-methoxyindole glucuronide","COC1=C(O[C@@H]2O[C@@H]([C@@H](O)[C@H](O)[C@H]2O)C(O)=O)C=C2C=CNC2=C1","Organic compounds","Organic oxygen compounds","Organooxygen compounds","Carbohydrates and carbohydrate conjugates","Phenolic glycosides"
"s__Methanobrevibacter_smithii","HMDB0010363",0.366816494039476,0.211659409772617,85,53,0.344311520371198,0.502679250248803,"5-Hydroxy-6-methoxyindole glucuronide","COC1=C(O[C@@H]2O[C@@H]([C@@H](O)[C@H](O)[C@H]2O)C(O)=O)C=C2C=CNC2=C1","Organic compounds","Organic oxygen compounds","Organooxygen compounds","Carbohydrates and carbohydrate conjugates","Phenolic glycosides"
"s__Mogibacterium_kristiansenii","HMDB0010363",0.69663832467328,0.476910454758556,145,80,0.0155593831336034,0.0772644136669824,"5-Hydroxy-6-methoxyindole glucuronide","COC1=C(O[C@@H]2O[C@@H]([C@@H](O)[C@H](O)[C@H]2O)C(O)=O)C=C2C=CNC2=C1","Organic compounds","Organic oxygen compounds","Organooxygen compounds","Carbohydrates and carbohydrate conjugates","Phenolic glycosides"
"s__Ruminococcus_torques","HMDB0010363",-0.292508615998549,-0.309193413219273,149,82,0.90071155468822,0.939516029289535,"5-Hydroxy-6-methoxyindole glucuronide","COC1=C(O[C@@H]2O[C@@H]([C@@H](O)[C@H](O)[C@H]2O)C(O)=O)C=C2C=CNC2=C1","Organic compounds","Organic oxygen compounds","Organooxygen compounds","Carbohydrates and carbohydrate conjugates","Phenolic glycosides"
"s__Paratractidigestivibacter_faecalis","HMDB0010363",0.367039355992844,0.0765790447982229,129,74,0.0383379761219935,0.125133671792164,"5-Hydroxy-6-methoxyindole glucuronide","COC1=C(O[C@@H]2O[C@@H]([C@@H](O)[C@H](O)[C@H]2O)C(O)=O)C=C2C=CNC2=C1","Organic compounds","Organic oxygen compounds","Organooxygen compounds","Carbohydrates and carbohydrate conjugates","Phenolic glycosides"
"s__Blautia_faecis","HMDB0010363",-0.418552512243787,-0.363807533657666,149,82,0.639093908371851,0.765574910218992,"5-Hydroxy-6-methoxyindole glucuronide","COC1=C(O[C@@H]2O[C@@H]([C@@H](O)[C@H](O)[C@H]2O)C(O)=O)C=C2C=CNC2=C1","Organic compounds","Organic oxygen compounds","Organooxygen compounds","Carbohydrates and carbohydrate conjugates","Phenolic glycosides"
"s__Bacteroides_uniformis","HMDB0010363",-0.324566997323256,0.0979795520934761,145,79,0.00229941275093258,0.0314669636241752,"5-Hydroxy-6-methoxyindole glucuronide","COC1=C(O[C@@H]2O[C@@H]([C@@H](O)[C@H](O)[C@H]2O)C(O)=O)C=C2C=CNC2=C1","Organic compounds","Organic oxygen compounds","Organooxygen compounds","Carbohydrates and carbohydrate conjugates","Phenolic glycosides"
"s__Ruminococcus_gnavus","HMDB0010363",-0.442220206783965,-0.248375616286283,149,82,0.113015654815979,0.244899671967845,"5-Hydroxy-6-methoxyindole glucuronide","COC1=C(O[C@@H]2O[C@@H]([C@@H](O)[C@H](O)[C@H]2O)C(O)=O)C=C2C=CNC2=C1","Organic compounds","Organic oxygen compounds","Organooxygen compounds","Carbohydrates and carbohydrate conjugates","Phenolic glycosides"
"s__Oscillibacter_sp._ER4","HMDB0010363",0.385624311132105,0.373145699328479,145,82,0.911832969422604,0.947974986377423,"5-Hydroxy-6-methoxyindole glucuronide","COC1=C(O[C@@H]2O[C@@H]([C@@H](O)[C@H](O)[C@H]2O)C(O)=O)C=C2C=CNC2=C1","Organic compounds","Organic oxygen compounds","Organooxygen compounds","Carbohydrates and carbohydrate conjugates","Phenolic glycosides"
"s__Prevotella_stercorea","HMDB0010363",0.31814991328572,0.403060594841417,130,73,0.518365816900777,0.658549509059615,"5-Hydroxy-6-methoxyindole glucuronide","COC1=C(O[C@@H]2O[C@@H]([C@@H](O)[C@H](O)[C@H]2O)C(O)=O)C=C2C=CNC2=C1","Organic compounds","Organic oxygen compounds","Organooxygen compounds","Carbohydrates and carbohydrate conjugates","Phenolic glycosides"
"s__Roseburia_intestinalis","HMDB0010363",-0.326711409395973,-0.176783012810048,149,82,0.250586578404794,0.408772851007732,"5-Hydroxy-6-methoxyindole glucuronide","COC1=C(O[C@@H]2O[C@@H]([C@@H](O)[C@H](O)[C@H]2O)C(O)=O)C=C2C=CNC2=C1","Organic compounds","Organic oxygen compounds","Organooxygen compounds","Carbohydrates and carbohydrate conjugates","Phenolic glycosides"
"s__Ellagibacter_isourolithinifaciens","HMDB0010363",0.276342087424286,-0.0106333191845975,140,82,0.0378855716211582,0.125133671792164,"5-Hydroxy-6-methoxyindole glucuronide","COC1=C(O[C@@H]2O[C@@H]([C@@H](O)[C@H](O)[C@H]2O)C(O)=O)C=C2C=CNC2=C1","Organic compounds","Organic oxygen compounds","Organooxygen compounds","Carbohydrates and carbohydrate conjugates","Phenolic glycosides"
"s__Vescimonas_coprocola","HMDB0010363",0.363363774677293,0.317377912734951,148,82,0.706006527932686,0.803891886206464,"5-Hydroxy-6-methoxyindole glucuronide","COC1=C(O[C@@H]2O[C@@H]([C@@H](O)[C@H](O)[C@H]2O)C(O)=O)C=C2C=CNC2=C1","Organic compounds","Organic oxygen compounds","Organooxygen compounds","Carbohydrates and carbohydrate conjugates","Phenolic glycosides"
"s__Eubacterium_ramulus","HMDB0010363",-0.324110284781426,-0.0653127414808285,149,82,0.0531001246201615,0.156825556491966,"5-Hydroxy-6-methoxyindole glucuronide","COC1=C(O[C@@H]2O[C@@H]([C@@H](O)[C@H](O)[C@H]2O)C(O)=O)C=C2C=CNC2=C1","Organic compounds","Organic oxygen compounds","Organooxygen compounds","Carbohydrates and carbohydrate conjugates","Phenolic glycosides"
"s__Coprococcus_catus","HMDB0010363",-0.18472338109922,-0.414351171624166,149,82,0.0711336174611071,0.186671221982142,"5-Hydroxy-6-methoxyindole glucuronide","COC1=C(O[C@@H]2O[C@@H]([C@@H](O)[C@H](O)[C@H]2O)C(O)=O)C=C2C=CNC2=C1","Organic compounds","Organic oxygen compounds","Organooxygen compounds","Carbohydrates and carbohydrate conjugates","Phenolic glycosides"
"s__Lentihominibacter_faecis","HMDB0010363",0.30152848369531,-0.001806684733514,148,81,0.0263014626106873,0.10092501035724,"5-Hydroxy-6-methoxyindole glucuronide","COC1=C(O[C@@H]2O[C@@H]([C@@H](O)[C@H](O)[C@H]2O)C(O)=O)C=C2C=CNC2=C1","Organic compounds","Organic oxygen compounds","Organooxygen compounds","Carbohydrates and carbohydrate conjugates","Phenolic glycosides"
"s__Parolsenella_catena","HMDB0010363",0.385646794150731,0.221105160662123,126,79,0.212923605422238,0.366216966156554,"5-Hydroxy-6-methoxyindole glucuronide","COC1=C(O[C@@H]2O[C@@H]([C@@H](O)[C@H](O)[C@H]2O)C(O)=O)C=C2C=CNC2=C1","Organic compounds","Organic oxygen compounds","Organooxygen compounds","Carbohydrates and carbohydrate conjugates","Phenolic glycosides"
"s__Collinsella_bouchesdurhonensis","HMDB0010363",0.356865126749759,0.23413033286451,138,80,0.344805930628518,0.502679250248803,"5-Hydroxy-6-methoxyindole glucuronide","COC1=C(O[C@@H]2O[C@@H]([C@@H](O)[C@H](O)[C@H]2O)C(O)=O)C=C2C=CNC2=C1","Organic compounds","Organic oxygen compounds","Organooxygen compounds","Carbohydrates and carbohydrate conjugates","Phenolic glycosides"
"s__Ruminococcus_flavefaciens","HMDB0010363",0.448650915382814,0.426344946180385,147,82,0.83767175856066,0.899853877156886,"5-Hydroxy-6-methoxyindole glucuronide","COC1=C(O[C@@H]2O[C@@H]([C@@H](O)[C@H](O)[C@H]2O)C(O)=O)C=C2C=CNC2=C1","Organic compounds","Organic oxygen compounds","Organooxygen compounds","Carbohydrates and carbohydrate conjugates","Phenolic glycosides"
"s__Oscillibacter_valericigenes","HMDB0010363",0.422231090150553,0.39717678301281,149,82,0.823587988617358,0.890805221365338,"5-Hydroxy-6-methoxyindole glucuronide","COC1=C(O[C@@H]2O[C@@H]([C@@H](O)[C@H](O)[C@H]2O)C(O)=O)C=C2C=CNC2=C1","Organic compounds","Organic oxygen compounds","Organooxygen compounds","Carbohydrates and carbohydrate conjugates","Phenolic glycosides"
"s__Ruminococcus_lactaris","HMDB0010363",-0.30130963177943,-0.292998552475485,149,82,0.943453160468684,0.965604343013086,"5-Hydroxy-6-methoxyindole glucuronide","COC1=C(O[C@@H]2O[C@@H]([C@@H](O)[C@H](O)[C@H]2O)C(O)=O)C=C2C=CNC2=C1","Organic compounds","Organic oxygen compounds","Organooxygen compounds","Carbohydrates and carbohydrate conjugates","Phenolic glycosides"
"s__Prevotellamassilia_timonensis","HMDB0010363",0.363155953385265,0.300822092744832,118,67,0.649742906591996,0.769549693310133,"5-Hydroxy-6-methoxyindole glucuronide","COC1=C(O[C@@H]2O[C@@H]([C@@H](O)[C@H](O)[C@H]2O)C(O)=O)C=C2C=CNC2=C1","Organic compounds","Organic oxygen compounds","Organooxygen compounds","Carbohydrates and carbohydrate conjugates","Phenolic glycosides"
"s__Roseburia_sp._BX1005","HMDB0010363",-0.0915907854162888,-0.404697380307136,149,81,0.0168516384558112,0.0805835367811514,"5-Hydroxy-6-methoxyindole glucuronide","COC1=C(O[C@@H]2O[C@@H]([C@@H](O)[C@H](O)[C@H]2O)C(O)=O)C=C2C=CNC2=C1","Organic compounds","Organic oxygen compounds","Organooxygen compounds","Carbohydrates and carbohydrate conjugates","Phenolic glycosides"
"s__Olsenella_uli","HMDB0010363",0.486609015796909,0.261697140178153,141,80,0.0638639753927512,0.175173736425869,"5-Hydroxy-6-methoxyindole glucuronide","COC1=C(O[C@@H]2O[C@@H]([C@@H](O)[C@H](O)[C@H]2O)C(O)=O)C=C2C=CNC2=C1","Organic compounds","Organic oxygen compounds","Organooxygen compounds","Carbohydrates and carbohydrate conjugates","Phenolic glycosides"
"s__Vescimonas_fastidiosa","HMDB0010363",0.494349328832087,0.40975827428957,144,82,0.44524652191165,0.595712402855226,"5-Hydroxy-6-methoxyindole glucuronide","COC1=C(O[C@@H]2O[C@@H]([C@@H](O)[C@H](O)[C@H]2O)C(O)=O)C=C2C=CNC2=C1","Organic compounds","Organic oxygen compounds","Organooxygen compounds","Carbohydrates and carbohydrate conjugates","Phenolic glycosides"
"s__Faecalicatena_fissicatena","HMDB0010363",-0.346762198440051,-0.156561204166259,149,82,0.144729857600294,0.285603276988668,"5-Hydroxy-6-methoxyindole glucuronide","COC1=C(O[C@@H]2O[C@@H]([C@@H](O)[C@H](O)[C@H]2O)C(O)=O)C=C2C=CNC2=C1","Organic compounds","Organic oxygen compounds","Organooxygen compounds","Carbohydrates and carbohydrate conjugates","Phenolic glycosides"
"s__Senegalimassilia_faecalis","HMDB0010363",0.279757126589131,0.0627597109304426,137,81,0.115857501227432,0.248258750468777,"5-Hydroxy-6-methoxyindole glucuronide","COC1=C(O[C@@H]2O[C@@H]([C@@H](O)[C@H](O)[C@H]2O)C(O)=O)C=C2C=CNC2=C1","Organic compounds","Organic oxygen compounds","Organooxygen compounds","Carbohydrates and carbohydrate conjugates","Phenolic glycosides"
"s__Eggerthella_lenta","HMDB0010363",-0.202731725013604,-0.423036318716601,149,82,0.0807917225713227,0.201021301812837,"5-Hydroxy-6-methoxyindole glucuronide","COC1=C(O[C@@H]2O[C@@H]([C@@H](O)[C@H](O)[C@H]2O)C(O)=O)C=C2C=CNC2=C1","Organic compounds","Organic oxygen compounds","Organooxygen compounds","Carbohydrates and carbohydrate conjugates","Phenolic glycosides"
"s__Alistipes_putredinis","HMDB0010363",-0.29963808025177,-0.0485457429931253,124,61,0.103891868942578,0.231849285673559,"5-Hydroxy-6-methoxyindole glucuronide","COC1=C(O[C@@H]2O[C@@H]([C@@H](O)[C@H](O)[C@H]2O)C(O)=O)C=C2C=CNC2=C1","Organic compounds","Organic oxygen compounds","Organooxygen compounds","Carbohydrates and carbohydrate conjugates","Phenolic glycosides"
"s__Oscillibacter_sp._MSJ_31","HMDB0010363",0.414967245691316,0.37836495031617,147,81,0.752192771559265,0.834370660258251,"5-Hydroxy-6-methoxyindole glucuronide","COC1=C(O[C@@H]2O[C@@H]([C@@H](O)[C@H](O)[C@H]2O)C(O)=O)C=C2C=CNC2=C1","Organic compounds","Organic oxygen compounds","Organooxygen compounds","Carbohydrates and carbohydrate conjugates","Phenolic glycosides"
"s__Faecalibacillus_intestinalis","HMDB0010363",-0.322410419056616,-0.0363143631436314,146,81,0.03478802724305,0.118585198320198,"5-Hydroxy-6-methoxyindole glucuronide","COC1=C(O[C@@H]2O[C@@H]([C@@H](O)[C@H](O)[C@H]2O)C(O)=O)C=C2C=CNC2=C1","Organic compounds","Organic oxygen compounds","Organooxygen compounds","Carbohydrates and carbohydrate conjugates","Phenolic glycosides"
"s__Pseudoflavonifractor_sp._MSJ_30","HMDB0010363",0.406090243098872,0.410541896583624,148,82,0.97609981238078,0.989460276801451,"5-Hydroxy-6-methoxyindole glucuronide","COC1=C(O[C@@H]2O[C@@H]([C@@H](O)[C@H](O)[C@H]2O)C(O)=O)C=C2C=CNC2=C1","Organic compounds","Organic oxygen compounds","Organooxygen compounds","Carbohydrates and carbohydrate conjugates","Phenolic glycosides"
"s__Ruminococcus_sp._Marseille_P6503","HMDB0010363",0.238994586622038,0.377965307079231,138,80,0.285722108092887,0.444652823348511,"5-Hydroxy-6-methoxyindole glucuronide","COC1=C(O[C@@H]2O[C@@H]([C@@H](O)[C@H](O)[C@H]2O)C(O)=O)C=C2C=CNC2=C1","Organic compounds","Organic oxygen compounds","Organooxygen compounds","Carbohydrates and carbohydrate conjugates","Phenolic glycosides"
"s__Ruminococcus_sp._M6_2020","HMDB0010363",0.437041205018194,0.385226543028482,148,82,0.650911285676259,0.77020423746843,"5-Hydroxy-6-methoxyindole glucuronide","COC1=C(O[C@@H]2O[C@@H]([C@@H](O)[C@H](O)[C@H]2O)C(O)=O)C=C2C=CNC2=C1","Organic compounds","Organic oxygen compounds","Organooxygen compounds","Carbohydrates and carbohydrate conjugates","Phenolic glycosides"
"s__Blautia_sp._MSK20_18","HMDB0010363",-0.285909016417148,-0.152164212405176,146,82,0.315516235680196,0.47402737556249,"5-Hydroxy-6-methoxyindole glucuronide","COC1=C(O[C@@H]2O[C@@H]([C@@H](O)[C@H](O)[C@H]2O)C(O)=O)C=C2C=CNC2=C1","Organic compounds","Organic oxygen compounds","Organooxygen compounds","Carbohydrates and carbohydrate conjugates","Phenolic glycosides"
"s__Pseudoflavonifractor_phocaeensis","HMDB0010363",0.390393615091602,0.256277141084664,149,82,0.281532419028653,0.439218482722521,"5-Hydroxy-6-methoxyindole glucuronide","COC1=C(O[C@@H]2O[C@@H]([C@@H](O)[C@H](O)[C@H]2O)C(O)=O)C=C2C=CNC2=C1","Organic compounds","Organic oxygen compounds","Organooxygen compounds","Carbohydrates and carbohydrate conjugates","Phenolic glycosides"
"s__Brotomerdimonas_butyrica","HMDB0010363",0.367063597004889,0.0730352303523035,147,81,0.0269280249852971,0.101504142085297,"5-Hydroxy-6-methoxyindole glucuronide","COC1=C(O[C@@H]2O[C@@H]([C@@H](O)[C@H](O)[C@H]2O)C(O)=O)C=C2C=CNC2=C1","Organic compounds","Organic oxygen compounds","Organooxygen compounds","Carbohydrates and carbohydrate conjugates","Phenolic glycosides"
"s__Megasphaera_elsdenii","HMDB0010363",0.304437068147947,0.36317907444668,121,71,0.670319552669607,0.78223952791517,"5-Hydroxy-6-methoxyindole glucuronide","COC1=C(O[C@@H]2O[C@@H]([C@@H](O)[C@H](O)[C@H]2O)C(O)=O)C=C2C=CNC2=C1","Organic compounds","Organic oxygen compounds","Organooxygen compounds","Carbohydrates and carbohydrate conjugates","Phenolic glycosides"
"s__Oscillibacter_sp._MCC667","HMDB0010363",0.317401910882256,0.3806684733514,148,81,0.614181821749489,0.745665297572427,"5-Hydroxy-6-methoxyindole glucuronide","COC1=C(O[C@@H]2O[C@@H]([C@@H](O)[C@H](O)[C@H]2O)C(O)=O)C=C2C=CNC2=C1","Organic compounds","Organic oxygen compounds","Organooxygen compounds","Carbohydrates and carbohydrate conjugates","Phenolic glycosides"
"s__Yeguia_hominis","HMDB0010363",0.392821956368754,0.389950044078754,146,82,0.974710334612745,0.989116275036543,"5-Hydroxy-6-methoxyindole glucuronide","COC1=C(O[C@@H]2O[C@@H]([C@@H](O)[C@H](O)[C@H]2O)C(O)=O)C=C2C=CNC2=C1","Organic compounds","Organic oxygen compounds","Organooxygen compounds","Carbohydrates and carbohydrate conjugates","Phenolic glycosides"
"s__Faecalibacillus_sp._MSK20_93","HMDB0010363",-0.36410071455943,-0.385213011184154,110,52,0.896424738190084,0.937374373240295,"5-Hydroxy-6-methoxyindole glucuronide","COC1=C(O[C@@H]2O[C@@H]([C@@H](O)[C@H](O)[C@H]2O)C(O)=O)C=C2C=CNC2=C1","Organic compounds","Organic oxygen compounds","Organooxygen compounds","Carbohydrates and carbohydrate conjugates","Phenolic glycosides"
"s__Clostridium_spiroforme","HMDB0010363",-0.360968687053653,-0.33109243697479,128,69,0.818285777240375,0.887357272649123,"5-Hydroxy-6-methoxyindole glucuronide","COC1=C(O[C@@H]2O[C@@H]([C@@H](O)[C@H](O)[C@H]2O)C(O)=O)C=C2C=CNC2=C1","Organic compounds","Organic oxygen compounds","Organooxygen compounds","Carbohydrates and carbohydrate conjugates","Phenolic glycosides"
"s__Dysosmobacter_sp._BX15","HMDB0010363",0.366141922049878,0.380781391147245,146,81,0.91008944015659,0.946944301782766,"5-Hydroxy-6-methoxyindole glucuronide","COC1=C(O[C@@H]2O[C@@H]([C@@H](O)[C@H](O)[C@H]2O)C(O)=O)C=C2C=CNC2=C1","Organic compounds","Organic oxygen compounds","Organooxygen compounds","Carbohydrates and carbohydrate conjugates","Phenolic glycosides"
"s__Intestinimonas_butyriciproducens","HMDB0010363",0.322187556684201,0.230635278240333,149,82,0.475948912740344,0.62307012152645,"5-Hydroxy-6-methoxyindole glucuronide","COC1=C(O[C@@H]2O[C@@H]([C@@H](O)[C@H](O)[C@H]2O)C(O)=O)C=C2C=CNC2=C1","Organic compounds","Organic oxygen compounds","Organooxygen compounds","Carbohydrates and carbohydrate conjugates","Phenolic glycosides"
"s__Collinsella_tanakaei","HMDB0010363",0.357776026790111,0.189337877312561,143,79,0.19990062769462,0.352980210753895,"5-Hydroxy-6-methoxyindole glucuronide","COC1=C(O[C@@H]2O[C@@H]([C@@H](O)[C@H](O)[C@H]2O)C(O)=O)C=C2C=CNC2=C1","Organic compounds","Organic oxygen compounds","Organooxygen compounds","Carbohydrates and carbohydrate conjugates","Phenolic glycosides"
"s__Phocea_massiliensis","HMDB0010363",0.274274833961722,0.345914824610093,147,82,0.576873930985352,0.708570028400544,"5-Hydroxy-6-methoxyindole glucuronide","COC1=C(O[C@@H]2O[C@@H]([C@@H](O)[C@H](O)[C@H]2O)C(O)=O)C=C2C=CNC2=C1","Organic compounds","Organic oxygen compounds","Organooxygen compounds","Carbohydrates and carbohydrate conjugates","Phenolic glycosides"
"s__Intestinimonas_sp._MSJ_38","HMDB0010363",0.317255891619884,0.399244675177675,147,82,0.507546379610185,0.650051772054144,"5-Hydroxy-6-methoxyindole glucuronide","COC1=C(O[C@@H]2O[C@@H]([C@@H](O)[C@H](O)[C@H]2O)C(O)=O)C=C2C=CNC2=C1","Organic compounds","Organic oxygen compounds","Organooxygen compounds","Carbohydrates and carbohydrate conjugates","Phenolic glycosides"
"s__Ruminococcus_champanellensis","HMDB0010363",0.333197818064465,0.332536333802157,142,80,0.990637406092158,0.999092388001957,"5-Hydroxy-6-methoxyindole glucuronide","COC1=C(O[C@@H]2O[C@@H]([C@@H](O)[C@H](O)[C@H]2O)C(O)=O)C=C2C=CNC2=C1","Organic compounds","Organic oxygen compounds","Organooxygen compounds","Carbohydrates and carbohydrate conjugates","Phenolic glycosides"
"s__Oribacterium_sp._oral_taxon_102","HMDB0010363",0.38349502610066,0.519831223628692,143,80,0.230791250693164,0.386905705223293,"5-Hydroxy-6-methoxyindole glucuronide","COC1=C(O[C@@H]2O[C@@H]([C@@H](O)[C@H](O)[C@H]2O)C(O)=O)C=C2C=CNC2=C1","Organic compounds","Organic oxygen compounds","Organooxygen compounds","Carbohydrates and carbohydrate conjugates","Phenolic glycosides"
"s__Ruminococcus_callidus","HMDB0240371",-0.134859687852467,-0.384290549732807,146,82,0.0563712992851381,0.161563191347862,"3-Hydroxyphenylpropionic acid glucuronide","O[C@@H]1[C@@H](O)[C@H](OC2=CC=CC(CCC(O)=O)=C2)O[C@@H]([C@H]1O)C(O)=O","Organic compounds","Organic oxygen compounds","Organooxygen compounds","Carbohydrates and carbohydrate conjugates","Phenolic glycosides"
"s__Anaerotardibacter_sp._CLA_AA_M13","HMDB0240371",0.222071787191003,0.376300984528833,138,80,0.238492785734951,0.394562966150201,"3-Hydroxyphenylpropionic acid glucuronide","O[C@@H]1[C@@H](O)[C@H](OC2=CC=CC(CCC(O)=O)=C2)O[C@@H]([C@H]1O)C(O)=O","Organic compounds","Organic oxygen compounds","Organooxygen compounds","Carbohydrates and carbohydrate conjugates","Phenolic glycosides"
"s__Eggerthella_lenta","HMDB0240371",0.120888808271359,0.377346785516048,149,82,0.0501579883321773,0.150633710251006,"3-Hydroxyphenylpropionic acid glucuronide","O[C@@H]1[C@@H](O)[C@H](OC2=CC=CC(CCC(O)=O)=C2)O[C@@H]([C@H]1O)C(O)=O","Organic compounds","Organic oxygen compounds","Organooxygen compounds","Carbohydrates and carbohydrate conjugates","Phenolic glycosides"
"s__Anaeromassilibacillus_sp._An200","HMDB0240371",-0.294388478112076,0.100586029067042,146,80,0.0043923393314218,0.0422566825128552,"3-Hydroxyphenylpropionic acid glucuronide","O[C@@H]1[C@@H](O)[C@H](OC2=CC=CC(CCC(O)=O)=C2)O[C@@H]([C@H]1O)C(O)=O","Organic compounds","Organic oxygen compounds","Organooxygen compounds","Carbohydrates and carbohydrate conjugates","Phenolic glycosides"
"s__Clostridium_sp._AF43_10","HMDB0240371",0.016068798653482,-0.446237344744807,97,66,0.00248599596766757,0.032602801284307,"3-Hydroxyphenylpropionic acid glucuronide","O[C@@H]1[C@@H](O)[C@H](OC2=CC=CC(CCC(O)=O)=C2)O[C@@H]([C@H]1O)C(O)=O","Organic compounds","Organic oxygen compounds","Organooxygen compounds","Carbohydrates and carbohydrate conjugates","Phenolic glycosides"
"s__Clostridium_sp._OM08_29","HMDB0240371",-0.0261351855691478,-0.42517359725437,105,67,0.00773032179221321,0.055467529997384,"3-Hydroxyphenylpropionic acid glucuronide","O[C@@H]1[C@@H](O)[C@H](OC2=CC=CC(CCC(O)=O)=C2)O[C@@H]([C@H]1O)C(O)=O","Organic compounds","Organic oxygen compounds","Organooxygen compounds","Carbohydrates and carbohydrate conjugates","Phenolic glycosides"
"s__Phascolarctobacterium_succinatutens","HMDB0041273",0.340848123560493,-0.15988308366825,121,69,0.000831162248058359,0.0213557810266423,"Myzodendrone","CC(=O)CCC1=CC(OC2OC(CO)C(O)C(O)C2O)=C(O)C=C1","Organic compounds","Organic oxygen compounds","Organooxygen compounds","Carbohydrates and carbohydrate conjugates","Phenolic glycosides"
"s__Roseburia_hominis","HMDB0041273",-0.290313803736623,-0.159848064344097,149,82,0.324238401812017,0.481955310367567,"Myzodendrone","CC(=O)CCC1=CC(OC2OC(CO)C(O)C(O)C2O)=C(O)C=C1","Organic compounds","Organic oxygen compounds","Organooxygen compounds","Carbohydrates and carbohydrate conjugates","Phenolic glycosides"
"s__Phascolarctobacterium_sp._Marseille_Q4147","HMDB0041273",0.309704585876071,0.0226361797152346,118,68,0.0561052967142397,0.161270704482255,"Myzodendrone","CC(=O)CCC1=CC(OC2OC(CO)C(O)C(O)C2O)=C(O)C=C1","Organic compounds","Organic oxygen compounds","Organooxygen compounds","Carbohydrates and carbohydrate conjugates","Phenolic glycosides"
"s__Dysosmobacter_sp._BX15","HMDB0041273",-0.057954556409243,-0.392750677506775,146,81,0.0117219023389922,0.0655905557546275,"Myzodendrone","CC(=O)CCC1=CC(OC2OC(CO)C(O)C(O)C2O)=C(O)C=C1","Organic compounds","Organic oxygen compounds","Organooxygen compounds","Carbohydrates and carbohydrate conjugates","Phenolic glycosides"
"s__Roseburia_sp._BX1005","HMDB0013622",0.0221694177398875,0.384304426377597,149,81,0.0066527795142361,0.050682874850938,"-Nonadecenoic acid","CCCCCCCC\C=C/CCCCCCCCC(O)=O","Organic compounds","Lipids and lipid-like molecules","Fatty Acyls","Fatty acids and conjugates","Long-chain fatty acids"
"s__Fusicatenibacter_sp._CLA_AA_H277","HMDB0013622",0.151456483191862,0.362936842219828,148,82,0.106203648696696,0.234636878570762,"-Nonadecenoic acid","CCCCCCCC\C=C/CCCCCCCCC(O)=O","Organic compounds","Lipids and lipid-like molecules","Fatty Acyls","Fatty acids and conjugates","Long-chain fatty acids"
"s__Holdemanella_sp._MSK_7_32","HMDB0245603",0.30273631840796,-0.0948283649503162,135,81,0.00447926623628521,0.0422566825128552,"21-Deoxycortisone","CC(=O)C1(O)CCC2C3CCC4=CC(=O)CCC4(C)C3C(=O)CC12C","Organic compounds","Lipids and lipid-like molecules","Steroids and steroid derivatives","Pregnane steroids","Gluco/mineralocorticoids, progestogins and derivatives"
"s__Faecalibacterium_prausnitzii","HMDB0060049",-0.316379466715037,-0.255820028079799,149,82,0.633993823247064,0.761639526209975,"4-HDoHE","CC\C=C/C\C=C/C\C=C/C\C=C/C\C=C/C=C\C(O)CCC(O)=O","Organic compounds","Lipids and lipid-like molecules","Fatty Acyls","Fatty acids and conjugates","Very long-chain fatty acids"
"s__Romboutsia_timonensis","HMDB0060049",0.314834286962815,0.083086511168703,130,73,0.104046740592185,0.231849285673559,"4-HDoHE","CC\C=C/C\C=C/C\C=C/C\C=C/C\C=C/C=C\C(O)CCC(O)=O","Organic compounds","Lipids and lipid-like molecules","Fatty Acyls","Fatty acids and conjugates","Very long-chain fatty acids"
"s__Faecalibacterium_sp._HTFF","HMDB0060049",-0.298849990930528,-0.168157181571816,149,81,0.323285695968865,0.481508413009945,"4-HDoHE","CC\C=C/C\C=C/C\C=C/C\C=C/C\C=C/C=C\C(O)CCC(O)=O","Organic compounds","Lipids and lipid-like molecules","Fatty Acyls","Fatty acids and conjugates","Very long-chain fatty acids"
"s__Lentihominibacter_faecis","HMDB0060049",0.324746332416515,0.115650406504065,148,81,0.116520278612254,0.248258750468777,"4-HDoHE","CC\C=C/C\C=C/C\C=C/C\C=C/C\C=C/C=C\C(O)CCC(O)=O","Organic compounds","Lipids and lipid-like molecules","Fatty Acyls","Fatty acids and conjugates","Very long-chain fatty acids"
"s__Faecalibacterium_sp._Marseille_Q4896","HMDB0060049",-0.332068999387982,-0.110622009569378,147,76,0.103865600949276,0.231849285673559,"4-HDoHE","CC\C=C/C\C=C/C\C=C/C\C=C/C\C=C/C=C\C(O)CCC(O)=O","Organic compounds","Lipids and lipid-like molecules","Fatty Acyls","Fatty acids and conjugates","Very long-chain fatty acids"
"s__Anthropogastromicrobium_aceti","HMDB0038149",-0.292940248836701,-0.149943949238689,148,82,0.281417583355021,0.439218482722521,"Nepetaside","CC1C(CC2C1C(=O)OCC2C)OC1OC(CO)C(O)C(O)C1O","Organic compounds","Lipids and lipid-like molecules","Prenol lipids","Terpene glycosides","Terpene glycosides"
"s__Anthropogastromicrobium_aceti","HMDB0035822",-0.325527417569604,-0.0754345294456961,148,82,0.0613847476917737,0.170038471980916,"Glucosyl 6-hydroxy-2,6-dimethyl-7-octadienoate","C\C(=C\CCC(C)(O)C=C)C(=O)OC1OC(CO)C(O)C(O)C1O","Organic compounds","Organic oxygen compounds","Organooxygen compounds","Carbohydrates and carbohydrate conjugates","Hexoses"
"s__Lachnoclostridium_sp._210928_DFI_6_3","HMDB0035822",-0.301434772124427,-0.109347614410906,144,79,0.15789652250911,0.30165663405003,"Glucosyl 6-hydroxy-2,6-dimethyl-7-octadienoate","C\C(=C\CCC(C)(O)C=C)C(=O)OC1OC(CO)C(O)C(O)C1O","Organic compounds","Organic oxygen compounds","Organooxygen compounds","Carbohydrates and carbohydrate conjugates","Hexoses"
"s__Collinsella_sp._AM34_10","HMDB0011562",-0.296553799695983,0.115962984384037,133,77,0.00389559508164446,0.0395528565144385,"MG(14:1/0:0/0:0)","[H][C@](O)(CO)COC(=O)CCCCCCC\C=C/CCCC","Organic compounds","Lipids and lipid-like molecules","Glycerolipids","Monoradylglycerols","1-monoacylglycerols"
"s__Bacteroides_fragilis","HMDB0011562",-0.289519317975694,0.148757618377872,149,80,0.00154221312155797,0.0296123978021645,"MG(14:1/0:0/0:0)","[H][C@](O)(CO)COC(=O)CCCCCCC\C=C/CCCC","Organic compounds","Lipids and lipid-like molecules","Glycerolipids","Monoradylglycerols","1-monoacylglycerols"
"s__Roseburia_sp._CLA_AA_H209","HMDB0033236",0.0659665280950036,-0.407046070460705,148,81,0.000419086525811739,0.0181941357240338,"10-Hydroxylinalyl oxide 7-glucoside","CC(C)(OC1OC(CO)C(O)C(O)C1O)C1CCC(CO)(O1)C=C","Organic compounds","Organic oxygen compounds","Organooxygen compounds","Carbohydrates and carbohydrate conjugates","O-glycosyl compounds"
"s__Blautia_sp._MCC270","HMDB0001425",0.273790176959191,0.0391049292019025,143,82,0.0866315663321785,0.211042728937631,"Estrone sulfate","C[C@]12CC[C@H]3[C@@H](CCC4=C3C=CC(OS(O)(=O)=O)=C4)[C@@H]1CCC2=O","Organic compounds","Lipids and lipid-like molecules","Steroids and steroid derivatives","Sulfated steroids","Sulfated steroids"
"s__Slackia_isoflavoniconvertens","HMDB0010410",0.132120378695721,0.523818852646358,147,82,0.00144826925542126,0.0293084780078239,"Resolvin E1","CCC(O)\C=C\C=C/CC(O)\C=C\C=C\C=C/C(O)CCCC(O)=O","Organic compounds","Lipids and lipid-like molecules","Fatty Acyls","Eicosanoids","Hydroxyeicosapentaenoic acids"
"s__Ellagibacter_isourolithinifaciens","HMDB0010410",0.116831033653321,0.432700993676603,140,82,0.0150079926373425,0.0755802509216567,"Resolvin E1","CCC(O)\C=C\C=C/CC(O)\C=C\C=C\C=C/C(O)CCCC(O)=O","Organic compounds","Lipids and lipid-like molecules","Fatty Acyls","Eicosanoids","Hydroxyeicosapentaenoic acids"
"s__Senegalimassilia_faecalis","HMDB0010410",0.067000205350309,0.38613369467028,137,81,0.0176375647146629,0.0826925030942094,"Resolvin E1","CCC(O)\C=C\C=C/CC(O)\C=C\C=C\C=C/C(O)CCCC(O)=O","Organic compounds","Lipids and lipid-like molecules","Fatty Acyls","Eicosanoids","Hydroxyeicosapentaenoic acids"
"s__Anaerotardibacter_sp._CLA_AA_M13","HMDB0010410",0.449086620896872,0.539404594467886,138,80,0.408705938033016,0.562795619681893,"Resolvin E1","CCC(O)\C=C\C=C/CC(O)\C=C\C=C\C=C/C(O)CCCC(O)=O","Organic compounds","Lipids and lipid-like molecules","Fatty Acyls","Eicosanoids","Hydroxyeicosapentaenoic acids"
"s__Clostridium_sp._AM42_36","HMDB0010410",-0.0133398656215006,-0.422735242548217,95,59,0.0104298626144622,0.0622331612872413,"Resolvin E1","CCC(O)\C=C\C=C/CC(O)\C=C\C=C\C=C/C(O)CCCC(O)=O","Organic compounds","Lipids and lipid-like molecules","Fatty Acyls","Eicosanoids","Hydroxyeicosapentaenoic acids"
"s__Collinsella_aerofaciens","HMDB0002759",0.281316887357156,0.123235489383006,149,82,0.237297915494265,0.394139941434406,"Androsterone sulfate","[H][C@@]12CCC(=O)[C@@]1(C)CC[C@@]1([H])[C@@]2([H])CC[C@@]2([H])C[C@@H](CC[C@]12C)OS(O)(=O)=O","Organic compounds","Lipids and lipid-like molecules","Steroids and steroid derivatives","Sulfated steroids","Sulfated steroids"
"s__Dorea_formicigenerans","HMDB0002759",0.372907672773445,0.0490743461651484,149,82,0.0144181209865553,0.0737903021222485,"Androsterone sulfate","[H][C@@]12CCC(=O)[C@@]1(C)CC[C@@]1([H])[C@@]2([H])CC[C@@]2([H])C[C@@H](CC[C@]12C)OS(O)(=O)=O","Organic compounds","Lipids and lipid-like molecules","Steroids and steroid derivatives","Sulfated steroids","Sulfated steroids"
"s__Butyrivibrio_crossotus","HMDB0002759",-0.106759401279949,-0.393631436314363,147,81,0.0290754738235629,0.104588632982473,"Androsterone sulfate","[H][C@@]12CCC(=O)[C@@]1(C)CC[C@@]1([H])[C@@]2([H])CC[C@@]2([H])C[C@@H](CC[C@]12C)OS(O)(=O)=O","Organic compounds","Lipids and lipid-like molecules","Steroids and steroid derivatives","Sulfated steroids","Sulfated steroids"
"s__Blautia_ammoniilytica","HMDB0002759",-0.035048882604012,-0.406884992544705,148,82,0.00479460868187022,0.0434274268379468,"Androsterone sulfate","[H][C@@]12CCC(=O)[C@@]1(C)CC[C@@]1([H])[C@@]2([H])CC[C@@]2([H])C[C@@H](CC[C@]12C)OS(O)(=O)=O","Organic compounds","Lipids and lipid-like molecules","Steroids and steroid derivatives","Sulfated steroids","Sulfated steroids"
"s__Ruminococcus_champanellensis","HMDB0002759",-0.298402526451672,-0.281059540553211,142,80,0.889966423566064,0.933723106058062,"Androsterone sulfate","[H][C@@]12CCC(=O)[C@@]1(C)CC[C@@]1([H])[C@@]2([H])CC[C@@]2([H])C[C@@H](CC[C@]12C)OS(O)(=O)=O","Organic compounds","Lipids and lipid-like molecules","Steroids and steroid derivatives","Sulfated steroids","Sulfated steroids"
"s__Butyricicoccus_sp._BIOML_A1","HMDB0002925",-0.312541332073689,0.0896056475170399,145,79,0.00378410552722534,0.0395528565144385,"Dihomo-gamma-linolenic acid","CCCCC\C=C/C\C=C/C\C=C/CCCCCCC(O)=O","Organic compounds","Lipids and lipid-like molecules","Fatty Acyls","Fatty acids and conjugates","Long-chain fatty acids"
"s__Collinsella_tanakaei","HMDB0002925",0.29664877376145,0.168670886075949,143,79,0.341318690677535,0.500782574209725,"Dihomo-gamma-linolenic acid","CCCCC\C=C/C\C=C/C\C=C/CCCCCCC(O)=O","Organic compounds","Lipids and lipid-like molecules","Fatty Acyls","Fatty acids and conjugates","Long-chain fatty acids"
"s__Anaerotardibacter_sp._CLA_AA_M13","HMDB0304919",-0.292863519403455,-0.0650257852789498,138,80,0.0985344345595276,0.2251449239754,"Hydroxydesmethylpiperine sulfate","[H]\C(CCC(=O)N1CCC(O)CC1)=C(\[H])C1=CC(OS(O)(=O)=O)=C(O)C=C1",NA,NA,NA,NA,NA
"s__Blautia_faecicola","HMDB0252122",0.0964447669145656,-0.407864520412272,149,82,0.000161406412663209,0.0156020745146739,"Etretinate","CCOC(=O)C=C(C)C=CC=C(C)C=CC1=C(C)C(C)=C(OC)C=C1C","Organic compounds","Lipids and lipid-like molecules","Prenol lipids","Retinoids","Retinoid esters"
"s__Faecalibacterium_prausnitzii","HMDB0001442",-0.320159622709958,-0.245611170971147,149,82,0.559433803660782,0.697353622583094,"Prostaglandin E1","CCCCC[C@H](O)\C=C\[C@H]1[C@H](O)CC(=O)[C@@H]1CCCCCCC(O)=O","Organic compounds","Lipids and lipid-like molecules","Fatty Acyls","Eicosanoids","Prostaglandins and related compounds"
"s__Paratractidigestivibacter_faecalis","HMDB0001442",0.294376118067979,0.0161569788967049,129,74,0.0538148368011142,0.157596354391027,"Prostaglandin E1","CCCCC[C@H](O)\C=C\[C@H]1[C@H](O)CC(=O)[C@@H]1CCCCCCC(O)=O","Organic compounds","Lipids and lipid-like molecules","Fatty Acyls","Eicosanoids","Prostaglandins and related compounds"
"s__Slackia_isoflavoniconvertens","HMDB0001442",0.293115172762922,0.0821823880889411,147,82,0.117597590811089,0.249251459311718,"Prostaglandin E1","CCCCC[C@H](O)\C=C\[C@H]1[C@H](O)CC(=O)[C@@H]1CCCCCCC(O)=O","Organic compounds","Lipids and lipid-like molecules","Fatty Acyls","Eicosanoids","Prostaglandins and related compounds"
"s__Faecalibacterium_sp._HTFF","HMDB0001442",-0.285111554507528,-0.220528455284553,149,81,0.62051259861556,0.750456639439952,"Prostaglandin E1","CCCCC[C@H](O)\C=C\[C@H]1[C@H](O)CC(=O)[C@@H]1CCCCCCC(O)=O","Organic compounds","Lipids and lipid-like molecules","Fatty Acyls","Eicosanoids","Prostaglandins and related compounds"
"s__Lachnospira_eligens","HMDB0005076",-0.278849990930528,-0.130222788171657,149,82,0.26608398161812,0.420853935750268,"13,14-Dihydro PGF-1a","CCCCC[C@H](O)CC[C@H]1[C@H](O)C[C@H](O)[C@@H]1CCCCCCC(O)=O","Organic compounds","Lipids and lipid-like molecules","Fatty Acyls","Eicosanoids","Prostaglandins and related compounds"
"s__Anthropogastromicrobium_aceti","HMDB0035136",-0.304589893276375,-0.0544726330797445,148,82,0.0636529117763508,0.174976017306606,"Glucosyl )-2,6-Dimethyl-2,5-heptadienoate","CC(C)=CC\C=C(/C)C(=O)OC1OC(CO)C(O)C(O)C1O","Organic compounds","Organic oxygen compounds","Organooxygen compounds","Carbohydrates and carbohydrate conjugates","Hexoses"
"s__Lachnoclostridium_sp._210928_DFI_6_3","HMDB0035136",-0.296636122498191,-0.0267526777020448,144,79,0.0505827924903081,0.151014683979949,"Glucosyl )-2,6-Dimethyl-2,5-heptadienoate","CC(C)=CC\C=C(/C)C(=O)OC1OC(CO)C(O)C(O)C1O","Organic compounds","Organic oxygen compounds","Organooxygen compounds","Carbohydrates and carbohydrate conjugates","Hexoses"
"s__Butyrivibrio_crossotus","HMDB0035136",-0.269646918374903,-0.0170731707317073,147,81,0.0658625793572389,0.177942033070309,"Glucosyl )-2,6-Dimethyl-2,5-heptadienoate","CC(C)=CC\C=C(/C)C(=O)OC1OC(CO)C(O)C(O)C1O","Organic compounds","Organic oxygen compounds","Organooxygen compounds","Carbohydrates and carbohydrate conjugates","Hexoses"
"s__Prevotella_copri","HMDB0062544",0.282474641404889,0.0425925925925926,139,80,0.0832957206322533,0.205626102501974,"16alpha-Hydroxy DHEA 3-sulfate","[H][C@@]12C[C@@H](O)C(=O)[C@@]1(C)CC[C@@]1([H])[C@@]2([H])CC=C2C[C@H](CC[C@]12C)OS(O)(=O)=O",NA,NA,NA,NA,NA
"s__Ruminococcus_sp._AF37_3AC","HMDB0004025",0.0477990918357891,0.403409090909091,109,65,0.0183919997654051,0.0836145536303704,"Pregnanediol","[H][C@@]1(CC[C@@]2([H])[C@]3([H])CC[C@]4([H])C[C@H](O)CC[C@]4(C)[C@@]3([H])CC[C@]12C)[C@H](C)O","Organic compounds","Lipids and lipid-like molecules","Steroids and steroid derivatives","Pregnane steroids","Gluco/mineralocorticoids, progestogins and derivatives"
"s__Clostridium_spiroforme","HMDB0004025",-0.296105337850211,0.156850566313482,128,69,0.00244293274102788,0.0323752875889905,"Pregnanediol","[H][C@@]1(CC[C@@]2([H])[C@]3([H])CC[C@]4([H])C[C@H](O)CC[C@]4(C)[C@@]3([H])CC[C@]12C)[C@H](C)O","Organic compounds","Lipids and lipid-like molecules","Steroids and steroid derivatives","Pregnane steroids","Gluco/mineralocorticoids, progestogins and derivatives"
"s__Collinsella_sp._AM34_10","HMDB0005099",-0.285658175288969,0.0449024659550975,133,77,0.0205108925709004,0.0890455646440126,"Thromboxane B3","CC\C=C\CC(O)\C=C\C1OC(O)CC(O)C1C\C=C\CCCC(O)=O","Organic compounds","Lipids and lipid-like molecules","Fatty Acyls","Eicosanoids","Thromboxanes"
"s__Bacteroides_fragilis","HMDB0005099",-0.28144385996735,0.247444913267698,149,80,0.00012814766020761,0.0146670822001255,"Thromboxane B3","CC\C=C\CC(O)\C=C\C1OC(O)CC(O)C1C\C=C\CCCC(O)=O","Organic compounds","Lipids and lipid-like molecules","Fatty Acyls","Eicosanoids","Thromboxanes"
"s__Slackia_isoflavoniconvertens","HMDB0041734",0.116884147216828,0.483679977362023,147,82,0.00358605903255259,0.0389211062239975,"Feruloyl C1-glucuronide","COC1=CC(\C=C\C(=O)O[C@@H]2O[C@@H]([C@@H](O)[C@H](O)[C@H]2O)C(O)=O)=CC=C1O","Organic compounds","Phenylpropanoids and polyketides","Isoflavonoids","Isoflavonoid O-glycosides","Isoflavonoid O-glycosides"
"s__Ellagibacter_isourolithinifaciens","HMDB0041734",0.124383897137609,0.458146950947421,140,82,0.00927502820897057,0.0593071154670074,"Feruloyl C1-glucuronide","COC1=CC(\C=C\C(=O)O[C@@H]2O[C@@H]([C@@H](O)[C@H](O)[C@H]2O)C(O)=O)=CC=C1O","Organic compounds","Phenylpropanoids and polyketides","Isoflavonoids","Isoflavonoid O-glycosides","Isoflavonoid O-glycosides"
"s__Anaerotardibacter_sp._CLA_AA_M13","HMDB0041734",0.416743342869341,0.55309423347398,138,80,0.214920630852397,0.369097277364044,"Feruloyl C1-glucuronide","COC1=CC(\C=C\C(=O)O[C@@H]2O[C@@H]([C@@H](O)[C@H](O)[C@H]2O)C(O)=O)=CC=C1O","Organic compounds","Phenylpropanoids and polyketides","Isoflavonoids","Isoflavonoid O-glycosides","Isoflavonoid O-glycosides"
"s__Clostridium_sp._AM42_36","HMDB0041734",0.0052491601343785,-0.518819403857393,95,59,0.00068547818666979,0.0206660911342108,"Feruloyl C1-glucuronide","COC1=CC(\C=C\C(=O)O[C@@H]2O[C@@H]([C@@H](O)[C@H](O)[C@H]2O)C(O)=O)=CC=C1O","Organic compounds","Phenylpropanoids and polyketides","Isoflavonoids","Isoflavonoid O-glycosides","Isoflavonoid O-glycosides"
"s__Collinsella_aerofaciens","HMDB0059980",-0.201628877199347,-0.366942022833883,149,82,0.200308305329892,0.35320470085481,"4-Hydroxy-5-(phenyl)-valeric acid-O-glucuronide","OC(CCC(=O)OC1O[C@H]([C@H](O)[C@@H](O)[C@@H]1O)C(O)=O)CC1=CC=CC=C1","Organic compounds","Organic oxygen compounds","Organooxygen compounds","Carbohydrates and carbohydrate conjugates","O-glucuronides"
"s__Blautia_wexlerae","HMDB0059980",-0.28751677852349,-0.40734210554957,149,82,0.333687792998969,0.491935516845085,"4-Hydroxy-5-(phenyl)-valeric acid-O-glucuronide","OC(CCC(=O)OC1O[C@H]([C@H](O)[C@@H](O)[C@@H]1O)C(O)=O)CC1=CC=CC=C1","Organic compounds","Organic oxygen compounds","Organooxygen compounds","Carbohydrates and carbohydrate conjugates","O-glucuronides"
"s__Blautia_obeum","HMDB0059980",-0.192729911119173,-0.383920505871725,149,82,0.136879049463693,0.277952779475468,"4-Hydroxy-5-(phenyl)-valeric acid-O-glucuronide","OC(CCC(=O)OC1O[C@H]([C@H](O)[C@@H](O)[C@@H]1O)C(O)=O)CC1=CC=CC=C1","Organic compounds","Organic oxygen compounds","Organooxygen compounds","Carbohydrates and carbohydrate conjugates","O-glucuronides"
"s__Dorea_formicigenerans","HMDB0059980",-0.17503355704698,-0.413763454903625,149,82,0.0613403907844683,0.170038471980916,"4-Hydroxy-5-(phenyl)-valeric acid-O-glucuronide","OC(CCC(=O)OC1O[C@H]([C@H](O)[C@@H](O)[C@@H]1O)C(O)=O)CC1=CC=CC=C1","Organic compounds","Organic oxygen compounds","Organooxygen compounds","Carbohydrates and carbohydrate conjugates","O-glucuronides"
"s__Ruminococcus_gnavus","HMDB0059980",-0.28033738436423,-0.372645051751722,149,82,0.464816503162637,0.61471006038,"4-Hydroxy-5-(phenyl)-valeric acid-O-glucuronide","OC(CCC(=O)OC1O[C@H]([C@H](O)[C@@H](O)[C@@H]1O)C(O)=O)CC1=CC=CC=C1","Organic compounds","Organic oxygen compounds","Organooxygen compounds","Carbohydrates and carbohydrate conjugates","O-glucuronides"
"s__Ruminococcus_flavefaciens","HMDB0059980",0.206518371880407,0.35910579989334,147,82,0.23912027313164,0.395081921092828,"4-Hydroxy-5-(phenyl)-valeric acid-O-glucuronide","OC(CCC(=O)OC1O[C@H]([C@H](O)[C@@H](O)[C@@H]1O)C(O)=O)CC1=CC=CC=C1","Organic compounds","Organic oxygen compounds","Organooxygen compounds","Carbohydrates and carbohydrate conjugates","O-glucuronides"
"s__Oscillibacter_valericigenes","HMDB0059980",0.287077816071105,0.26420043316899,149,82,0.855576068292422,0.910541225680608,"4-Hydroxy-5-(phenyl)-valeric acid-O-glucuronide","OC(CCC(=O)OC1O[C@H]([C@H](O)[C@@H](O)[C@@H]1O)C(O)=O)CC1=CC=CC=C1","Organic compounds","Organic oxygen compounds","Organooxygen compounds","Carbohydrates and carbohydrate conjugates","O-glucuronides"
"s__Vescimonas_fastidiosa","HMDB0059980",0.296483401655815,0.380481274692265,144,82,0.505167836177478,0.64766426247194,"4-Hydroxy-5-(phenyl)-valeric acid-O-glucuronide","OC(CCC(=O)OC1O[C@H]([C@H](O)[C@@H](O)[C@@H]1O)C(O)=O)CC1=CC=CC=C1","Organic compounds","Organic oxygen compounds","Organooxygen compounds","Carbohydrates and carbohydrate conjugates","O-glucuronides"
"s__Oscillibacter_sp._MSJ_31","HMDB0059980",0.328736900165472,0.311585365853659,147,81,0.887252561743628,0.933208834782981,"4-Hydroxy-5-(phenyl)-valeric acid-O-glucuronide","OC(CCC(=O)OC1O[C@H]([C@H](O)[C@@H](O)[C@@H]1O)C(O)=O)CC1=CC=CC=C1","Organic compounds","Organic oxygen compounds","Organooxygen compounds","Carbohydrates and carbohydrate conjugates","O-glucuronides"
"s__Pseudoflavonifractor_sp._MSJ_30","HMDB0059980",0.233829501327104,0.418639326955519,148,82,0.140686281454699,0.281891592437109,"4-Hydroxy-5-(phenyl)-valeric acid-O-glucuronide","OC(CCC(=O)OC1O[C@H]([C@H](O)[C@@H](O)[C@@H]1O)C(O)=O)CC1=CC=CC=C1","Organic compounds","Organic oxygen compounds","Organooxygen compounds","Carbohydrates and carbohydrate conjugates","O-glucuronides"
"s__Ruminococcus_sp._Marseille_P6503","HMDB0059980",0.206441257657156,0.372409751523676,138,80,0.20710489346642,0.361142743593106,"4-Hydroxy-5-(phenyl)-valeric acid-O-glucuronide","OC(CCC(=O)OC1O[C@H]([C@H](O)[C@@H](O)[C@@H]1O)C(O)=O)CC1=CC=CC=C1","Organic compounds","Organic oxygen compounds","Organooxygen compounds","Carbohydrates and carbohydrate conjugates","O-glucuronides"
"s__Ruminococcus_sp._M6_2020","HMDB0059980",0.174600295405665,0.370794832446316,148,82,0.130887245246148,0.269259872164869,"4-Hydroxy-5-(phenyl)-valeric acid-O-glucuronide","OC(CCC(=O)OC1O[C@H]([C@H](O)[C@@H](O)[C@@H]1O)C(O)=O)CC1=CC=CC=C1","Organic compounds","Organic oxygen compounds","Organooxygen compounds","Carbohydrates and carbohydrate conjugates","O-glucuronides"
"s__Oscillibacter_sp._MCC667","HMDB0059980",0.2846481600077,0.425767841011743,148,81,0.253650697329241,0.41083522516112,"4-Hydroxy-5-(phenyl)-valeric acid-O-glucuronide","OC(CCC(=O)OC1O[C@H]([C@H](O)[C@@H](O)[C@@H]1O)C(O)=O)CC1=CC=CC=C1","Organic compounds","Organic oxygen compounds","Organooxygen compounds","Carbohydrates and carbohydrate conjugates","O-glucuronides"
"s__Clostridium_sp._AF36_4","HMDB0059980",0.0911804146034761,0.388730099962977,132,74,0.0321784784128677,0.112848758556547,"4-Hydroxy-5-(phenyl)-valeric acid-O-glucuronide","OC(CCC(=O)OC1O[C@H]([C@H](O)[C@@H](O)[C@@H]1O)C(O)=O)CC1=CC=CC=C1","Organic compounds","Organic oxygen compounds","Organooxygen compounds","Carbohydrates and carbohydrate conjugates","O-glucuronides"
"s__Dysosmobacter_sp._BX15","HMDB0059980",0.273997667087619,0.35672990063234,146,81,0.519489960213711,0.658903138864371,"4-Hydroxy-5-(phenyl)-valeric acid-O-glucuronide","OC(CCC(=O)OC1O[C@H]([C@H](O)[C@@H](O)[C@@H]1O)C(O)=O)CC1=CC=CC=C1","Organic compounds","Organic oxygen compounds","Organooxygen compounds","Carbohydrates and carbohydrate conjugates","O-glucuronides"
"s__Ruminococcus_champanellensis","HMDB0059980",0.162201298850984,0.364228785747773,142,80,0.127727622206904,0.263621436653266,"4-Hydroxy-5-(phenyl)-valeric acid-O-glucuronide","OC(CCC(=O)OC1O[C@H]([C@H](O)[C@@H](O)[C@@H]1O)C(O)=O)CC1=CC=CC=C1","Organic compounds","Organic oxygen compounds","Organooxygen compounds","Carbohydrates and carbohydrate conjugates","O-glucuronides"
"s__Faecalicatena_fissicatena","HMDB0242127",-0.288869943769273,-0.0575200531121777,149,82,0.0868776757432842,0.211042728937631,"Docosanedioic acid","OC(=O)CCCCCCCCCCCCCCCCCCCCC(O)=O","Organic compounds","Lipids and lipid-like molecules","Fatty Acyls","Fatty acids and conjugates","Very long-chain fatty acids"
"s__Bacteroides_xylanisolvens","HMDB0240252",-0.0751547303271441,0.377638691322902,144,75,0.00118159774102569,0.026576252453009,"Salicyluric betaglucuronide","O[C@@H]1[C@@H](O)[C@H](OC(=O)CNC(=O)C2=C(O)C=CC=C2)O[C@@H]([C@H]1O)C(O)=O","Organic compounds","Organic oxygen compounds","Organooxygen compounds","Carbohydrates and carbohydrate conjugates","O-glucuronides"
"s__Prevotella_sp._Marseille_P4119","HMDB0240252",0.0518603018603019,0.421547202797203,111,65,0.0132655600697457,0.0704697895688177,"Salicyluric betaglucuronide","O[C@@H]1[C@@H](O)[C@H](OC(=O)CNC(=O)C2=C(O)C=CC=C2)O[C@@H]([C@H]1O)C(O)=O","Organic compounds","Organic oxygen compounds","Organooxygen compounds","Carbohydrates and carbohydrate conjugates","O-glucuronides"
"s__Suilimivivens_aceti","HMDB0240252",-0.0731887893920492,0.406645552399299,148,82,0.000329532207438447,0.0172019004932654,"Salicyluric betaglucuronide","O[C@@H]1[C@@H](O)[C@H](OC(=O)CNC(=O)C2=C(O)C=CC=C2)O[C@@H]([C@H]1O)C(O)=O","Organic compounds","Organic oxygen compounds","Organooxygen compounds","Carbohydrates and carbohydrate conjugates","O-glucuronides"
"s__Ruminococcus_callidus","HMDB0240497",-0.256425631187761,-0.39534833099335,146,82,0.271060636116801,0.425517881385352,"Dihydroisoferulic acid 3-glucuronide","[H][C@@]1(OC2=C(OC)C=CC(CCC(O)=O)=C2)O[C@]([H])(C(O)=O)[C@@]([H])(O)[C@]([H])(O)[C@@]1([H])O","Organic compounds","Organic oxygen compounds","Organooxygen compounds","Carbohydrates and carbohydrate conjugates","Phenolic glycosides"
"s__Anaerostipes_hadrus","HMDB0033581",0.283918011971703,0.182115997866806,149,82,0.439655381521105,0.59040915646482,"Melilotoside","OC[C@H]1O[C@@H](OC2=C(\C=C\C(O)=O)C=CC=C2)[C@H](O)[C@@H](O)[C@@H]1O","Organic compounds","Organic oxygen compounds","Organooxygen compounds","Carbohydrates and carbohydrate conjugates","Phenolic glycosides"
"s__Blautia_schinkii","HMDB0033581",0.294699800471613,-0.0620258813029897,149,82,0.00907408652306719,0.0590954055439842,"Melilotoside","OC[C@H]1O[C@@H](OC2=C(\C=C\C(O)=O)C=CC=C2)[C@H](O)[C@@H](O)[C@@H]1O","Organic compounds","Organic oxygen compounds","Organooxygen compounds","Carbohydrates and carbohydrate conjugates","Phenolic glycosides"
"s__Blautia_ammoniilytica","HMDB0034942",-0.0472612044999389,0.372514448036047,148,82,0.00181378968094963,0.0302454762710777,"Geniposidic acid","OCC1OC(OC2OC=C(C3CC=C(CO)C23)C(O)=O)C(O)C(O)C1O","Organic compounds","Lipids and lipid-like molecules","Prenol lipids","Terpene glycosides","Iridoid O-glycosides"
"s__Anthropogastromicrobium_aceti","HMDB0038304",-0.336451504236739,-0.129439165877603,148,82,0.116374265976365,0.248258750468777,"3-(3,4-Dihydroxyphenyl)-1-propanol 3'-glucoside","OCCCC1=CC(OC2OC(CO)C(O)C(O)C2O)=C(O)C=C1","Organic compounds","Organic oxygen compounds","Organooxygen compounds","Carbohydrates and carbohydrate conjugates","Phenolic glycosides"
"s__Lachnoclostridium_sp._210928_DFI_6_3","HMDB0038304",-0.315440880958122,-0.0584225900681597,144,79,0.0602719033698924,0.168627391872654,"3-(3,4-Dihydroxyphenyl)-1-propanol 3'-glucoside","OCCCC1=CC(OC2OC(CO)C(O)C(O)C2O)=C(O)C=C1","Organic compounds","Organic oxygen compounds","Organooxygen compounds","Carbohydrates and carbohydrate conjugates","Phenolic glycosides"
"s__Alistipes_indistinctus","HMDB0038304",0.362573637702504,-0.0494714587737844,97,44,0.0225534611128621,0.0930977296429291,"3-(3,4-Dihydroxyphenyl)-1-propanol 3'-glucoside","OCCCC1=CC(OC2OC(CO)C(O)C(O)C2O)=C(O)C=C1","Organic compounds","Organic oxygen compounds","Organooxygen compounds","Carbohydrates and carbohydrate conjugates","Phenolic glycosides"
"s__Slackia_isoflavoniconvertens","HMDB0059990",0.0193805771105184,0.368574569279829,147,82,0.0091004740152896,0.0590954055439842,"5-(3',4'-Dihydroxyphenyl)-gamma-valerolactone-4'-O-methyl-3'-O-glucuronide","COC1=C(O[C@H]2O[C@H]([C@H](O)[C@@H](O)[C@@H]2O)C(O)=O)C=C(CC2CCC(=O)O2)C=C1","Organic compounds","Organic oxygen compounds","Organooxygen compounds","Carbohydrates and carbohydrate conjugates","Phenolic glycosides"
"s__Ruminococcus_sp._FMBCY1","HMDB0059990",0.323210912445635,0.102164502164502,103,55,0.174667042870667,0.321970434808447,"5-(3',4'-Dihydroxyphenyl)-gamma-valerolactone-4'-O-methyl-3'-O-glucuronide","COC1=C(O[C@H]2O[C@H]([C@H](O)[C@@H](O)[C@@H]2O)C(O)=O)C=C(CC2CCC(=O)O2)C=C1","Organic compounds","Organic oxygen compounds","Organooxygen compounds","Carbohydrates and carbohydrate conjugates","Phenolic glycosides"
"s__Butyricicoccus_faecihominis","HMDB0059990",0.281879727085207,0.0270676200737911,147,82,0.0614515526221739,0.170038471980916,"5-(3',4'-Dihydroxyphenyl)-gamma-valerolactone-4'-O-methyl-3'-O-glucuronide","COC1=C(O[C@H]2O[C@H]([C@H](O)[C@@H](O)[C@@H]2O)C(O)=O)C=C(CC2CCC(=O)O2)C=C1","Organic compounds","Organic oxygen compounds","Organooxygen compounds","Carbohydrates and carbohydrate conjugates","Phenolic glycosides"
"s__Bacteroides_fragilis","HMDB0041360",-0.280322873208779,0.0782231598687295,149,80,0.00955923173853004,0.0601753637940466,"Prenyl arabinosyl-(1->6)-glucoside","CC(C)=CCOC1OC(COC2OCC(O)C(O)C2O)C(O)C(O)C1O","Organic compounds","Lipids and lipid-like molecules","Fatty Acyls","Fatty acyl glycosides","Fatty acyl glycosides of mono- and disaccharides"
"s__Clostridium_sp._1001270J_160509_D11","HMDB0241919",0.0891378985595844,-0.408828787993251,122,62,0.00109485575662749,0.0260079886338492,"N-Palmitoyl Alanine","CCCCCCCCCCCCCCCC(=O)NC(C)C(O)=O",NA,NA,NA,NA,NA
"s__Subdoligranulum_sp._APC924_74","HMDB0000626",-0.273261345169303,-0.337082204155375,148,81,0.62196757743414,0.750786853303414,"Deoxycholic acid","[H][C@@]1(CC[C@@]2([H])[C@]3([H])CC[C@]4([H])C[C@H](O)CC[C@]4(C)[C@@]3([H])C[C@H](O)[C@]12C)[C@H](C)CCC(O)=O","Organic compounds","Lipids and lipid-like molecules","Steroids and steroid derivatives","Bile acids, alcohols and derivatives","Dihydroxy bile acids, alcohols and derivatives"
"s__Blautia_faecis","HMDB0000626",0.059767821512788,-0.365070036242531,149,82,0.00162678331525058,0.0296123978021645,"Deoxycholic acid","[H][C@@]1(CC[C@@]2([H])[C@]3([H])CC[C@]4([H])C[C@H](O)CC[C@]4(C)[C@@]3([H])C[C@H](O)[C@]12C)[C@H](C)CCC(O)=O","Organic compounds","Lipids and lipid-like molecules","Steroids and steroid derivatives","Bile acids, alcohols and derivatives","Dihydroxy bile acids, alcohols and derivatives"
"s__Faecalibacterium_prausnitzii","HMDB0000518",-0.354551061128242,-0.237666111600875,149,82,0.357146391969415,0.515296242643565,"Chenodeoxycholic acid","[H][C@@]1(CC[C@@]2([H])[C@]3([H])[C@H](O)C[C@]4([H])C[C@H](O)CC[C@]4(C)[C@@]3([H])CC[C@]12C)[C@H](C)CCC(O)=O","Organic compounds","Lipids and lipid-like molecules","Steroids and steroid derivatives","Bile acids, alcohols and derivatives","Dihydroxy bile acids, alcohols and derivatives"
"s__Dorea_longicatena","HMDB0000518",-0.268144385996735,0.0161839771008152,149,82,0.0378348662687987,0.125133671792164,"Chenodeoxycholic acid","[H][C@@]1(CC[C@@]2([H])[C@]3([H])[C@H](O)C[C@]4([H])C[C@H](O)CC[C@]4(C)[C@@]3([H])CC[C@]12C)[C@H](C)CCC(O)=O","Organic compounds","Lipids and lipid-like molecules","Steroids and steroid derivatives","Bile acids, alcohols and derivatives","Dihydroxy bile acids, alcohols and derivatives"
"s__Holdemanella_biformis","HMDB0000518",-0.273527876595949,0.0368729488982654,148,80,0.0248440107793809,0.097412394329104,"Chenodeoxycholic acid","[H][C@@]1(CC[C@@]2([H])[C@]3([H])[C@H](O)C[C@]4([H])C[C@H](O)CC[C@]4(C)[C@@]3([H])CC[C@]12C)[C@H](C)CCC(O)=O","Organic compounds","Lipids and lipid-like molecules","Steroids and steroid derivatives","Bile acids, alcohols and derivatives","Dihydroxy bile acids, alcohols and derivatives"
"s__Methanobrevibacter_smithii","HMDB0000518",0.449677545436779,0.431865828092243,85,53,0.895428892509267,0.937374373240295,"Chenodeoxycholic acid","[H][C@@]1(CC[C@@]2([H])[C@]3([H])[C@H](O)C[C@]4([H])C[C@H](O)CC[C@]4(C)[C@@]3([H])CC[C@]12C)[C@H](C)CCC(O)=O","Organic compounds","Lipids and lipid-like molecules","Steroids and steroid derivatives","Bile acids, alcohols and derivatives","Dihydroxy bile acids, alcohols and derivatives"
"s__Cyclospora_cayetanensis","HMDB0000518",0.298679484853981,0.0206462707197353,149,82,0.0402137372026321,0.128668097296409,"Chenodeoxycholic acid","[H][C@@]1(CC[C@@]2([H])[C@]3([H])[C@H](O)C[C@]4([H])C[C@H](O)CC[C@]4(C)[C@@]3([H])CC[C@]12C)[C@H](C)CCC(O)=O","Organic compounds","Lipids and lipid-like molecules","Steroids and steroid derivatives","Bile acids, alcohols and derivatives","Dihydroxy bile acids, alcohols and derivatives"
"s__Oscillibacter_sp._ER4","HMDB0000518",0.309640214139506,0.157170688172745,145,82,0.249715946292178,0.408301787508899,"Chenodeoxycholic acid","[H][C@@]1(CC[C@@]2([H])[C@]3([H])[C@H](O)C[C@]4([H])C[C@H](O)CC[C@]4(C)[C@@]3([H])CC[C@]12C)[C@H](C)CCC(O)=O","Organic compounds","Lipids and lipid-like molecules","Steroids and steroid derivatives","Bile acids, alcohols and derivatives","Dihydroxy bile acids, alcohols and derivatives"
"s__Vescimonas_coprocola","HMDB0000518",0.325619963203856,0.169186230014911,148,82,0.23230508854638,0.388925673510495,"Chenodeoxycholic acid","[H][C@@]1(CC[C@@]2([H])[C@]3([H])[C@H](O)C[C@]4([H])C[C@H](O)CC[C@]4(C)[C@@]3([H])CC[C@]12C)[C@H](C)CCC(O)=O","Organic compounds","Lipids and lipid-like molecules","Steroids and steroid derivatives","Bile acids, alcohols and derivatives","Dihydroxy bile acids, alcohols and derivatives"
"s__Ruminococcus_flavefaciens","HMDB0000518",0.285464944956139,0.209847520161949,147,82,0.563253361922626,0.69783136597252,"Chenodeoxycholic acid","[H][C@@]1(CC[C@@]2([H])[C@]3([H])[C@H](O)C[C@]4([H])C[C@H](O)CC[C@]4(C)[C@@]3([H])CC[C@]12C)[C@H](C)CCC(O)=O","Organic compounds","Lipids and lipid-like molecules","Steroids and steroid derivatives","Bile acids, alcohols and derivatives","Dihydroxy bile acids, alcohols and derivatives"
"s__Oscillibacter_valericigenes","HMDB0000518",0.42400870669327,0.203186730662487,149,82,0.0777802165606934,0.196322334590093,"Chenodeoxycholic acid","[H][C@@]1(CC[C@@]2([H])[C@]3([H])[C@H](O)C[C@]4([H])C[C@H](O)CC[C@]4(C)[C@@]3([H])CC[C@]12C)[C@H](C)CCC(O)=O","Organic compounds","Lipids and lipid-like molecules","Steroids and steroid derivatives","Bile acids, alcohols and derivatives","Dihydroxy bile acids, alcohols and derivatives"
"s__Ruthenibacterium_lactatiformans","HMDB0000518",0.422524941048431,0.055560997377042,149,82,0.00478191263314287,0.0434274268379468,"Chenodeoxycholic acid","[H][C@@]1(CC[C@@]2([H])[C@]3([H])[C@H](O)C[C@]4([H])C[C@H](O)CC[C@]4(C)[C@@]3([H])CC[C@]12C)[C@H](C)CCC(O)=O","Organic compounds","Lipids and lipid-like molecules","Steroids and steroid derivatives","Bile acids, alcohols and derivatives","Dihydroxy bile acids, alcohols and derivatives"
"s__Flavonifractor_plautii","HMDB0000518",0.290774532922184,-0.0672717972159641,149,82,0.0088942482819331,0.0590954055439842,"Chenodeoxycholic acid","[H][C@@]1(CC[C@@]2([H])[C@]3([H])[C@H](O)C[C@]4([H])C[C@H](O)CC[C@]4(C)[C@@]3([H])CC[C@]12C)[C@H](C)CCC(O)=O","Organic compounds","Lipids and lipid-like molecules","Steroids and steroid derivatives","Bile acids, alcohols and derivatives","Dihydroxy bile acids, alcohols and derivatives"
"s__Vescimonas_fastidiosa","HMDB0000518",0.36181577043646,0.217509604814924,144,82,0.260868403792994,0.415419725897428,"Chenodeoxycholic acid","[H][C@@]1(CC[C@@]2([H])[C@]3([H])[C@H](O)C[C@]4([H])C[C@H](O)CC[C@]4(C)[C@@]3([H])CC[C@]12C)[C@H](C)CCC(O)=O","Organic compounds","Lipids and lipid-like molecules","Steroids and steroid derivatives","Bile acids, alcohols and derivatives","Dihydroxy bile acids, alcohols and derivatives"
"s__Oscillibacter_sp._MSJ_31","HMDB0000518",0.460751497933494,0.19683830171635,147,81,0.03374917931245,0.116224254158457,"Chenodeoxycholic acid","[H][C@@]1(CC[C@@]2([H])[C@]3([H])[C@H](O)C[C@]4([H])C[C@H](O)CC[C@]4(C)[C@@]3([H])CC[C@]12C)[C@H](C)CCC(O)=O","Organic compounds","Lipids and lipid-like molecules","Steroids and steroid derivatives","Bile acids, alcohols and derivatives","Dihydroxy bile acids, alcohols and derivatives"
"s__Pseudoflavonifractor_sp._MSJ_30","HMDB0000518",0.438292421993285,0.198920342617081,148,82,0.055080072433643,0.159782975101282,"Chenodeoxycholic acid","[H][C@@]1(CC[C@@]2([H])[C@]3([H])[C@H](O)C[C@]4([H])C[C@H](O)CC[C@]4(C)[C@@]3([H])CC[C@]12C)[C@H](C)CCC(O)=O","Organic compounds","Lipids and lipid-like molecules","Steroids and steroid derivatives","Bile acids, alcohols and derivatives","Dihydroxy bile acids, alcohols and derivatives"
"s__Ruminococcus_sp._Marseille_P6503","HMDB0000518",0.294790508437426,0.23834974214721,138,80,0.668185653679287,0.78223952791517,"Chenodeoxycholic acid","[H][C@@]1(CC[C@@]2([H])[C@]3([H])[C@H](O)C[C@]4([H])C[C@H](O)CC[C@]4(C)[C@@]3([H])CC[C@]12C)[C@H](C)CCC(O)=O","Organic compounds","Lipids and lipid-like molecules","Steroids and steroid derivatives","Bile acids, alcohols and derivatives","Dihydroxy bile acids, alcohols and derivatives"
"s__Ruminococcus_sp._M6_2020","HMDB0000518",0.430625941651828,0.346698446904148,148,82,0.47607034557196,0.62307012152645,"Chenodeoxycholic acid","[H][C@@]1(CC[C@@]2([H])[C@]3([H])[C@H](O)C[C@]4([H])C[C@H](O)CC[C@]4(C)[C@@]3([H])CC[C@]12C)[C@H](C)CCC(O)=O","Organic compounds","Lipids and lipid-like molecules","Steroids and steroid derivatives","Bile acids, alcohols and derivatives","Dihydroxy bile acids, alcohols and derivatives"
"s__Pseudoflavonifractor_phocaeensis","HMDB0000518",0.407016143660439,0.180897029853833,149,82,0.0747837046017141,0.192148334884812,"Chenodeoxycholic acid","[H][C@@]1(CC[C@@]2([H])[C@]3([H])[C@H](O)C[C@]4([H])C[C@H](O)CC[C@]4(C)[C@@]3([H])CC[C@]12C)[C@H](C)CCC(O)=O","Organic compounds","Lipids and lipid-like molecules","Steroids and steroid derivatives","Bile acids, alcohols and derivatives","Dihydroxy bile acids, alcohols and derivatives"
"s__Faecalibacterium_sp._Marseille_Q4896","HMDB0000518",-0.286443418537352,-0.348844839371155,147,76,0.635534998499682,0.762763167884747,"Chenodeoxycholic acid","[H][C@@]1(CC[C@@]2([H])[C@]3([H])[C@H](O)C[C@]4([H])C[C@H](O)CC[C@]4(C)[C@@]3([H])CC[C@]12C)[C@H](C)CCC(O)=O","Organic compounds","Lipids and lipid-like molecules","Steroids and steroid derivatives","Bile acids, alcohols and derivatives","Dihydroxy bile acids, alcohols and derivatives"
"s__Oscillibacter_sp._MCC667","HMDB0000518",0.324439080910797,0.231481481481481,148,81,0.471135371750112,0.621760411984687,"Chenodeoxycholic acid","[H][C@@]1(CC[C@@]2([H])[C@]3([H])[C@H](O)C[C@]4([H])C[C@H](O)CC[C@]4(C)[C@@]3([H])CC[C@]12C)[C@H](C)CCC(O)=O","Organic compounds","Lipids and lipid-like molecules","Steroids and steroid derivatives","Bile acids, alcohols and derivatives","Dihydroxy bile acids, alcohols and derivatives"
"s__Faecalibacterium_sp._AF27_11BH","HMDB0000518",-0.323401424811776,-0.0778012189404595,146,80,0.0691895588247654,0.183388746442905,"Chenodeoxycholic acid","[H][C@@]1(CC[C@@]2([H])[C@]3([H])[C@H](O)C[C@]4([H])C[C@H](O)CC[C@]4(C)[C@@]3([H])CC[C@]12C)[C@H](C)CCC(O)=O","Organic compounds","Lipids and lipid-like molecules","Steroids and steroid derivatives","Bile acids, alcohols and derivatives","Dihydroxy bile acids, alcohols and derivatives"
"s__Yeguia_hominis","HMDB0000518",0.329058255328584,0.412457417746868,146,82,0.496227567540987,0.639458042511875,"Chenodeoxycholic acid","[H][C@@]1(CC[C@@]2([H])[C@]3([H])[C@H](O)C[C@]4([H])C[C@H](O)CC[C@]4(C)[C@@]3([H])CC[C@]12C)[C@H](C)CCC(O)=O","Organic compounds","Lipids and lipid-like molecules","Steroids and steroid derivatives","Bile acids, alcohols and derivatives","Dihydroxy bile acids, alcohols and derivatives"
"s__Clostridium_spiroforme","HMDB0000518",-0.33290606116096,-0.347314578005115,128,69,0.921205441721354,0.951957985065096,"Chenodeoxycholic acid","[H][C@@]1(CC[C@@]2([H])[C@]3([H])[C@H](O)C[C@]4([H])C[C@H](O)CC[C@]4(C)[C@@]3([H])CC[C@]12C)[C@H](C)CCC(O)=O","Organic compounds","Lipids and lipid-like molecules","Steroids and steroid derivatives","Bile acids, alcohols and derivatives","Dihydroxy bile acids, alcohols and derivatives"
"s__Dysosmobacter_sp._BX15","HMDB0000518",0.440131877030453,0.180284552845528,146,81,0.0395618189100579,0.127062066346334,"Chenodeoxycholic acid","[H][C@@]1(CC[C@@]2([H])[C@]3([H])[C@H](O)C[C@]4([H])C[C@H](O)CC[C@]4(C)[C@@]3([H])CC[C@]12C)[C@H](C)CCC(O)=O","Organic compounds","Lipids and lipid-like molecules","Steroids and steroid derivatives","Bile acids, alcohols and derivatives","Dihydroxy bile acids, alcohols and derivatives"
"s__Intestinimonas_butyriciproducens","HMDB0000518",0.351198984219118,0.178829137688967,149,82,0.183058740260803,0.33256991917511,"Chenodeoxycholic acid","[H][C@@]1(CC[C@@]2([H])[C@]3([H])[C@H](O)C[C@]4([H])C[C@H](O)CC[C@]4(C)[C@@]3([H])CC[C@]12C)[C@H](C)CCC(O)=O","Organic compounds","Lipids and lipid-like molecules","Steroids and steroid derivatives","Bile acids, alcohols and derivatives","Dihydroxy bile acids, alcohols and derivatives"
"s__Phocea_massiliensis","HMDB0000518",0.361000083113586,0.220382886559789,147,82,0.27105073619233,0.425517881385352,"Chenodeoxycholic acid","[H][C@@]1(CC[C@@]2([H])[C@]3([H])[C@H](O)C[C@]4([H])C[C@H](O)CC[C@]4(C)[C@@]3([H])CC[C@]12C)[C@H](C)CCC(O)=O","Organic compounds","Lipids and lipid-like molecules","Steroids and steroid derivatives","Bile acids, alcohols and derivatives","Dihydroxy bile acids, alcohols and derivatives"
"s__Dysosmobacter_welbionis","HMDB0000518",0.298271925680995,0.056868260665729,145,80,0.0772969228138212,0.196203277868147,"Chenodeoxycholic acid","[H][C@@]1(CC[C@@]2([H])[C@]3([H])[C@H](O)C[C@]4([H])C[C@H](O)CC[C@]4(C)[C@@]3([H])CC[C@]12C)[C@H](C)CCC(O)=O","Organic compounds","Lipids and lipid-like molecules","Steroids and steroid derivatives","Bile acids, alcohols and derivatives","Dihydroxy bile acids, alcohols and derivatives"
"s__Ruminococcus_champanellensis","HMDB0000518",0.327757648404936,0.283403656821378,142,80,0.727157669934068,0.81730196480485,"Chenodeoxycholic acid","[H][C@@]1(CC[C@@]2([H])[C@]3([H])[C@H](O)C[C@]4([H])C[C@H](O)CC[C@]4(C)[C@@]3([H])CC[C@]12C)[C@H](C)CCC(O)=O","Organic compounds","Lipids and lipid-like molecules","Steroids and steroid derivatives","Bile acids, alcohols and derivatives","Dihydroxy bile acids, alcohols and derivatives"
"s__Pseudoflavonifractor_capillosus","HMDB0000518",0.409073099945583,0.12504217411652,149,82,0.0273456078829287,0.102387156119919,"Chenodeoxycholic acid","[H][C@@]1(CC[C@@]2([H])[C@]3([H])[C@H](O)C[C@]4([H])C[C@H](O)CC[C@]4(C)[C@@]3([H])CC[C@]12C)[C@H](C)CCC(O)=O","Organic compounds","Lipids and lipid-like molecules","Steroids and steroid derivatives","Bile acids, alcohols and derivatives","Dihydroxy bile acids, alcohols and derivatives"
"s__Streptococcus_parasanguinis","HMDB0000518",-0.203512195121951,-0.411460181609435,124,66,0.141120537069766,0.281891592437109,"Chenodeoxycholic acid","[H][C@@]1(CC[C@@]2([H])[C@]3([H])[C@H](O)C[C@]4([H])C[C@H](O)CC[C@]4(C)[C@@]3([H])CC[C@]12C)[C@H](C)CCC(O)=O","Organic compounds","Lipids and lipid-like molecules","Steroids and steroid derivatives","Bile acids, alcohols and derivatives","Dihydroxy bile acids, alcohols and derivatives"
"s__Anthropogastromicrobium_aceti","HMDB0030055",-0.331309668797684,-0.0747379762954256,148,82,0.0546182516289101,0.159176802779624,"Taraxacoside","OCC1OC(OC2COC(=O)C2)C(O)C(O)C1OC(=O)CC1=CC=C(O)C=C1","Organic compounds","Organic oxygen compounds","Organooxygen compounds","Carbohydrates and carbohydrate conjugates","O-glycosyl compounds"
"s__Lachnoclostridium_sp._210928_DFI_6_3","HMDB0030055",-0.316160276505104,-0.0458617332035054,144,79,0.048570632270177,0.147566043753418,"Taraxacoside","OCC1OC(OC2COC(=O)C2)C(O)C(O)C1OC(=O)CC1=CC=C(O)C=C1","Organic compounds","Organic oxygen compounds","Organooxygen compounds","Carbohydrates and carbohydrate conjugates","O-glycosyl compounds"
"s__Alistipes_indistinctus","HMDB0030055",0.352856090889964,0.0539816772374912,97,44,0.0939694297795087,0.221135536621311,"Taraxacoside","OCC1OC(OC2COC(=O)C2)C(O)C(O)C1OC(=O)CC1=CC=C(O)C=C1","Organic compounds","Organic oxygen compounds","Organooxygen compounds","Carbohydrates and carbohydrate conjugates","O-glycosyl compounds"
"s__Blautia_wexlerae","HMDB0040121",-0.341266098313078,-0.00897900545270513,149,82,0.0133861709880802,0.0707026693740186,"Methyl 3,4-dihydroxy-5-prenylbenzoate 3-glucoside","COC(=O)C1=CC(OC2OC(CO)C(O)C(O)C2O)=C(O)C(CC=C(C)C)=C1","Organic compounds","Lipids and lipid-like molecules","Prenol lipids","Terpene glycosides","Triterpene saponins"
"s__Prevotella_copri","HMDB0040121",0.3284641851736,0.141092358180966,139,80,0.163404652943546,0.308735123210367,"Methyl 3,4-dihydroxy-5-prenylbenzoate 3-glucoside","COC(=O)C1=CC(OC2OC(CO)C(O)C(O)C2O)=C(O)C(CC=C(C)C)=C1","Organic compounds","Lipids and lipid-like molecules","Prenol lipids","Terpene glycosides","Triterpene saponins"
"s__Catenibacterium_mitsuokai","HMDB0040121",0.283822129296022,0.051095423563778,137,79,0.0946874203244619,0.222409444381525,"Methyl 3,4-dihydroxy-5-prenylbenzoate 3-glucoside","COC(=O)C1=CC(OC2OC(CO)C(O)C(O)C2O)=C(O)C(CC=C(C)C)=C1","Organic compounds","Lipids and lipid-like molecules","Prenol lipids","Terpene glycosides","Triterpene saponins"
"s__Dorea_longicatena","HMDB0040121",-0.197870487937602,-0.427738052480926,149,82,0.0682812394393527,0.182284212217245,"Methyl 3,4-dihydroxy-5-prenylbenzoate 3-glucoside","COC(=O)C1=CC(OC2OC(CO)C(O)C(O)C2O)=C(O)C(CC=C(C)C)=C1","Organic compounds","Lipids and lipid-like molecules","Prenol lipids","Terpene glycosides","Triterpene saponins"
"s__Blautia_obeum","HMDB0040121",-0.273528024668964,-0.0282865880867644,149,82,0.0716070240059013,0.186671221982142,"Methyl 3,4-dihydroxy-5-prenylbenzoate 3-glucoside","COC(=O)C1=CC(OC2OC(CO)C(O)C(O)C2O)=C(O)C(CC=C(C)C)=C1","Organic compounds","Lipids and lipid-like molecules","Prenol lipids","Terpene glycosides","Triterpene saponins"
"s__Blautia_massiliensis","HMDB0040121",-0.279025087270533,-0.173909731065182,148,82,0.427104815631859,0.577577833384007,"Methyl 3,4-dihydroxy-5-prenylbenzoate 3-glucoside","COC(=O)C1=CC(OC2OC(CO)C(O)C(O)C2O)=C(O)C(CC=C(C)C)=C1","Organic compounds","Lipids and lipid-like molecules","Prenol lipids","Terpene glycosides","Triterpene saponins"
"s__Coprococcus_comes","HMDB0040121",-0.32524941048431,-0.334878810635496,149,82,0.943842332388931,0.965604343013086,"Methyl 3,4-dihydroxy-5-prenylbenzoate 3-glucoside","COC(=O)C1=CC(OC2OC(CO)C(O)C(O)C2O)=C(O)C(CC=C(C)C)=C1","Organic compounds","Lipids and lipid-like molecules","Prenol lipids","Terpene glycosides","Triterpene saponins"
"s__Anaerostipes_hadrus","HMDB0040121",-0.330110647560312,-0.299071625254405,149,82,0.801113576200195,0.874005192752205,"Methyl 3,4-dihydroxy-5-prenylbenzoate 3-glucoside","COC(=O)C1=CC(OC2OC(CO)C(O)C(O)C2O)=C(O)C(CC=C(C)C)=C1","Organic compounds","Lipids and lipid-like molecules","Prenol lipids","Terpene glycosides","Triterpene saponins"
"s__Mogibacterium_kristiansenii","HMDB0040121",0.470646354904739,0.423136427566807,145,80,0.669344607586846,0.78223952791517,"Methyl 3,4-dihydroxy-5-prenylbenzoate 3-glucoside","COC(=O)C1=CC(OC2OC(CO)C(O)C(O)C2O)=C(O)C(CC=C(C)C)=C1","Organic compounds","Lipids and lipid-like molecules","Prenol lipids","Terpene glycosides","Triterpene saponins"
"s__Paratractidigestivibacter_faecalis","HMDB0040121",0.341983452593918,0.0936690114772307,129,74,0.0778116322164069,0.196322334590093,"Methyl 3,4-dihydroxy-5-prenylbenzoate 3-glucoside","COC(=O)C1=CC(OC2OC(CO)C(O)C(O)C2O)=C(O)C(CC=C(C)C)=C1","Organic compounds","Lipids and lipid-like molecules","Prenol lipids","Terpene glycosides","Triterpene saponins"
"s__Blautia_faecis","HMDB0040121",-0.328728460003628,-0.199225084620324,149,82,0.317565866207619,0.47653805191346,"Methyl 3,4-dihydroxy-5-prenylbenzoate 3-glucoside","COC(=O)C1=CC(OC2OC(CO)C(O)C(O)C2O)=C(O)C(CC=C(C)C)=C1","Organic compounds","Lipids and lipid-like molecules","Prenol lipids","Terpene glycosides","Triterpene saponins"
"s__Ruminococcus_gnavus","HMDB0040121",-0.32,0.0670105897846127,149,82,0.00445072644595176,0.0422566825128552,"Methyl 3,4-dihydroxy-5-prenylbenzoate 3-glucoside","COC(=O)C1=CC(OC2OC(CO)C(O)C(O)C2O)=C(O)C(CC=C(C)C)=C1","Organic compounds","Lipids and lipid-like molecules","Prenol lipids","Terpene glycosides","Triterpene saponins"
"s__Oscillibacter_sp._ER4","HMDB0040121",0.360706975279484,0.179961036558157,145,82,0.163414955004688,0.308735123210367,"Methyl 3,4-dihydroxy-5-prenylbenzoate 3-glucoside","COC(=O)C1=CC(OC2OC(CO)C(O)C(O)C2O)=C(O)C(CC=C(C)C)=C1","Organic compounds","Lipids and lipid-like molecules","Prenol lipids","Terpene glycosides","Triterpene saponins"
"s__Prevotella_stercorea","HMDB0040121",0.343145475153286,0.246266814759965,130,73,0.473932642700285,0.62307012152645,"Methyl 3,4-dihydroxy-5-prenylbenzoate 3-glucoside","COC(=O)C1=CC(OC2OC(CO)C(O)C(O)C2O)=C(O)C(CC=C(C)C)=C1","Organic compounds","Lipids and lipid-like molecules","Prenol lipids","Terpene glycosides","Triterpene saponins"
"s__Coprococcus_catus","HMDB0040121",-0.253658625068021,-0.362044383496044,149,82,0.396039513719516,0.553400385985429,"Methyl 3,4-dihydroxy-5-prenylbenzoate 3-glucoside","COC(=O)C1=CC(OC2OC(CO)C(O)C(O)C2O)=C(O)C(CC=C(C)C)=C1","Organic compounds","Lipids and lipid-like molecules","Prenol lipids","Terpene glycosides","Triterpene saponins"
"s__Parolsenella_catena","HMDB0040121",0.293078365204349,0.131840311587147,126,79,0.246768065624771,0.405592404124084,"Methyl 3,4-dihydroxy-5-prenylbenzoate 3-glucoside","COC(=O)C1=CC(OC2OC(CO)C(O)C(O)C2O)=C(O)C(CC=C(C)C)=C1","Organic compounds","Lipids and lipid-like molecules","Prenol lipids","Terpene glycosides","Triterpene saponins"
"s__Collinsella_bouchesdurhonensis","HMDB0040121",0.347842069093059,0.203492733239569,138,80,0.272732861872853,0.427609804605132,"Methyl 3,4-dihydroxy-5-prenylbenzoate 3-glucoside","COC(=O)C1=CC(OC2OC(CO)C(O)C(O)C2O)=C(O)C(CC=C(C)C)=C1","Organic compounds","Lipids and lipid-like molecules","Prenol lipids","Terpene glycosides","Triterpene saponins"
"s__Ruminococcus_flavefaciens","HMDB0040121",0.345333172143348,0.151837703115987,147,82,0.139532450732634,0.281524608128824,"Methyl 3,4-dihydroxy-5-prenylbenzoate 3-glucoside","COC(=O)C1=CC(OC2OC(CO)C(O)C(O)C2O)=C(O)C(CC=C(C)C)=C1","Organic compounds","Lipids and lipid-like molecules","Prenol lipids","Terpene glycosides","Triterpene saponins"
"s__Oscillibacter_valericigenes","HMDB0040121",0.299372392526755,0.223800350453304,149,82,0.55931694244911,0.697353622583094,"Methyl 3,4-dihydroxy-5-prenylbenzoate 3-glucoside","COC(=O)C1=CC(OC2OC(CO)C(O)C(O)C2O)=C(O)C(CC=C(C)C)=C1","Organic compounds","Lipids and lipid-like molecules","Prenol lipids","Terpene glycosides","Triterpene saponins"
"s__Olsenella_uli","HMDB0040121",0.353880731195685,0.121823722456634,141,80,0.082548050076627,0.204180736830007,"Methyl 3,4-dihydroxy-5-prenylbenzoate 3-glucoside","COC(=O)C1=CC(OC2OC(CO)C(O)C(O)C2O)=C(O)C(CC=C(C)C)=C1","Organic compounds","Lipids and lipid-like molecules","Prenol lipids","Terpene glycosides","Triterpene saponins"
"s__Vescimonas_fastidiosa","HMDB0040121",0.318507354714251,0.225258758611683,144,82,0.472021541169478,0.62227761291348,"Methyl 3,4-dihydroxy-5-prenylbenzoate 3-glucoside","COC(=O)C1=CC(OC2OC(CO)C(O)C(O)C2O)=C(O)C(CC=C(C)C)=C1","Organic compounds","Lipids and lipid-like molecules","Prenol lipids","Terpene glycosides","Triterpene saponins"
"s__Yeguia_hominis","HMDB0040121",0.285334464442366,0.132051240191117,146,82,0.252283871146535,0.40983633537838,"Methyl 3,4-dihydroxy-5-prenylbenzoate 3-glucoside","COC(=O)C1=CC(OC2OC(CO)C(O)C(O)C2O)=C(O)C(CC=C(C)C)=C1","Organic compounds","Lipids and lipid-like molecules","Prenol lipids","Terpene glycosides","Triterpene saponins"
"s__Clostridium_spiroforme","HMDB0040121",-0.340122001464933,-0.0949214468396054,128,69,0.0894829183899697,0.214588560481851,"Methyl 3,4-dihydroxy-5-prenylbenzoate 3-glucoside","COC(=O)C1=CC(OC2OC(CO)C(O)C(O)C2O)=C(O)C(CC=C(C)C)=C1","Organic compounds","Lipids and lipid-like molecules","Prenol lipids","Terpene glycosides","Triterpene saponins"
"s__Intestinimonas_butyriciproducens","HMDB0040121",0.281218937057863,0.231549504250063,149,82,0.700844399944586,0.8027883455021,"Methyl 3,4-dihydroxy-5-prenylbenzoate 3-glucoside","COC(=O)C1=CC(OC2OC(CO)C(O)C(O)C2O)=C(O)C(CC=C(C)C)=C1","Organic compounds","Lipids and lipid-like molecules","Prenol lipids","Terpene glycosides","Triterpene saponins"
"s__Oribacterium_sp._oral_taxon_102","HMDB0040121",0.263600249515742,0.365705578996718,143,80,0.429480009615373,0.578924338442991,"Methyl 3,4-dihydroxy-5-prenylbenzoate 3-glucoside","COC(=O)C1=CC(OC2OC(CO)C(O)C(O)C2O)=C(O)C(CC=C(C)C)=C1","Organic compounds","Lipids and lipid-like molecules","Prenol lipids","Terpene glycosides","Triterpene saponins"
"s__Flavonifractor_plautii","HMDB0001509",-0.284288046435697,-0.0460269261327151,149,82,0.0786666487485959,0.196901214263384,"20-Hydroxy-leukotriene B4","OCCCCC\C=C/C[C@@H](O)\C=C\C=C\C=C/[C@@H](O)CCCC(O)=O","Organic compounds","Lipids and lipid-like molecules","Fatty Acyls","Eicosanoids","Leukotrienes"
"s__Coprococcus_eutactus","HMDB0240579",0.0723526210774533,0.382940978004158,149,82,0.0185293569998994,0.0836145536303704,"5alpha-Pregnan-3beta,20beta-diol 3-sulfate","[H][C@@]1(CC[C@@]2([H])[C@]3([H])CC[C@@]4([H])C[C@H](CC[C@]4(C)[C@@]3([H])CC[C@]12C)OS(O)(=O)=O)[C@@H](C)O","Organic compounds","Lipids and lipid-like molecules","Steroids and steroid derivatives","Sulfated steroids","Sulfated steroids"
"s__Butyrivibrio_crossotus","HMDB0240579",0.0792828053102026,0.377439024390244,147,81,0.0248078930295342,0.097412394329104,"5alpha-Pregnan-3beta,20beta-diol 3-sulfate","[H][C@@]1(CC[C@@]2([H])[C@]3([H])CC[C@@]4([H])C[C@H](CC[C@]4(C)[C@@]3([H])CC[C@]12C)OS(O)(=O)=O)[C@@H](C)O","Organic compounds","Lipids and lipid-like molecules","Steroids and steroid derivatives","Sulfated steroids","Sulfated steroids"
"s__Kineothrix_sp._MSJ_39","HMDB0240579",0.0988646501589934,0.370598926872803,148,82,0.0394600719566115,0.127062066346334,"5alpha-Pregnan-3beta,20beta-diol 3-sulfate","[H][C@@]1(CC[C@@]2([H])[C@]3([H])CC[C@@]4([H])C[C@H](CC[C@]4(C)[C@@]3([H])CC[C@]12C)OS(O)(=O)=O)[C@@H](C)O","Organic compounds","Lipids and lipid-like molecules","Steroids and steroid derivatives","Sulfated steroids","Sulfated steroids"
"s__Ruminococcus_sp._210702_SL_1_03","HMDB0240579",0.0915098976719246,0.402742616033755,139,80,0.0195725102047178,0.087184946091559,"5alpha-Pregnan-3beta,20beta-diol 3-sulfate","[H][C@@]1(CC[C@@]2([H])[C@]3([H])CC[C@@]4([H])C[C@H](CC[C@]4(C)[C@@]3([H])CC[C@]12C)OS(O)(=O)=O)[C@@H](C)O","Organic compounds","Lipids and lipid-like molecules","Steroids and steroid derivatives","Sulfated steroids","Sulfated steroids"
"s__Oscillibacter_sp._MCC667","HMDB0240579",0.146699637591296,0.364340560072267,148,81,0.0980012144732277,0.224957020500244,"5alpha-Pregnan-3beta,20beta-diol 3-sulfate","[H][C@@]1(CC[C@@]2([H])[C@]3([H])CC[C@@]4([H])C[C@H](CC[C@]4(C)[C@@]3([H])CC[C@]12C)OS(O)(=O)=O)[C@@H](C)O","Organic compounds","Lipids and lipid-like molecules","Steroids and steroid derivatives","Sulfated steroids","Sulfated steroids"
"s__Dysosmobacter_sp._BX15","HMDB0240579",0.148810889495146,0.36280487804878,146,81,0.10462083608582,0.23189724054938,"5alpha-Pregnan-3beta,20beta-diol 3-sulfate","[H][C@@]1(CC[C@@]2([H])[C@]3([H])CC[C@@]4([H])C[C@H](CC[C@]4(C)[C@@]3([H])CC[C@]12C)OS(O)(=O)=O)[C@@H](C)O","Organic compounds","Lipids and lipid-like molecules","Steroids and steroid derivatives","Sulfated steroids","Sulfated steroids"
"s__Streptococcus_parasanguinis","HMDB0240579",-0.0627789142407553,-0.444149879970775,124,66,0.00810217660893096,0.0557412041018802,"5alpha-Pregnan-3beta,20beta-diol 3-sulfate","[H][C@@]1(CC[C@@]2([H])[C@]3([H])CC[C@@]4([H])C[C@H](CC[C@]4(C)[C@@]3([H])CC[C@]12C)OS(O)(=O)=O)[C@@H](C)O","Organic compounds","Lipids and lipid-like molecules","Steroids and steroid derivatives","Sulfated steroids","Sulfated steroids"
"s__Cyclospora_cayetanensis","HMDB0029222",0.267280972247415,0.0701450789608298,149,82,0.145701234360258,0.286621646968069,"Urolithin A-3-O-glucuronide","OC1C(O)C(OC2=CC=C3C(OC(=O)C4=CC(O)=CC=C34)=C2)OC(C1O)C(O)=O","Organic compounds","Organic oxygen compounds","Organooxygen compounds","Carbohydrates and carbohydrate conjugates","Phenolic glycosides"
"s__Oscillibacter_sp._ER4","HMDB0029222",0.302263423082979,0.139212677267335,145,82,0.221228462783376,0.373360100059344,"Urolithin A-3-O-glucuronide","OC1C(O)C(OC2=CC=C3C(OC(=O)C4=CC(O)=CC=C34)=C2)OC(C1O)C(O)=O","Organic compounds","Organic oxygen compounds","Organooxygen compounds","Carbohydrates and carbohydrate conjugates","Phenolic glycosides"
"s__Vescimonas_coprocola","HMDB0029222",0.307595775476888,0.173409083488425,148,82,0.30739805326005,0.466282107294462,"Urolithin A-3-O-glucuronide","OC1C(O)C(OC2=CC=C3C(OC(=O)C4=CC(O)=CC=C34)=C2)OC(C1O)C(O)=O","Organic compounds","Organic oxygen compounds","Organooxygen compounds","Carbohydrates and carbohydrate conjugates","Phenolic glycosides"
"s__Vescimonas_fastidiosa","HMDB0029222",0.299517723655655,0.125433985263547,144,82,0.193792366901017,0.343380948732672,"Urolithin A-3-O-glucuronide","OC1C(O)C(OC2=CC=C3C(OC(=O)C4=CC(O)=CC=C34)=C2)OC(C1O)C(O)=O","Organic compounds","Organic oxygen compounds","Organooxygen compounds","Carbohydrates and carbohydrate conjugates","Phenolic glycosides"
"s__Oscillibacter_sp._MSJ_31","HMDB0029222",0.353009845182057,0.144196025293586,147,81,0.112111870500043,0.243360077516472,"Urolithin A-3-O-glucuronide","OC1C(O)C(OC2=CC=C3C(OC(=O)C4=CC(O)=CC=C34)=C2)OC(C1O)C(O)=O","Organic compounds","Organic oxygen compounds","Organooxygen compounds","Carbohydrates and carbohydrate conjugates","Phenolic glycosides"
"s__Blautia_massiliensis","HMDB0004242",0.0785823489562703,0.356711398439286,148,82,0.0365080004984599,0.122897253014869,"11-Dehydro-thromboxane B2","CCCCC[C@H](O)\C=C\[C@H]1OC(=O)C[C@H](O)[C@@H]1C\C=C\CCCC(O)=O","Organic compounds","Lipids and lipid-like molecules","Fatty Acyls","Eicosanoids","Thromboxanes"
"s__Ellagibacter_isourolithinifaciens","HMDB0004242",0.0148345761081105,0.390537760799295,140,82,0.00514594481239558,0.0440730919646669,"11-Dehydro-thromboxane B2","CCCCC[C@H](O)\C=C\[C@H]1OC(=O)C[C@H](O)[C@@H]1C\C=C\CCCC(O)=O","Organic compounds","Lipids and lipid-like molecules","Fatty Acyls","Eicosanoids","Thromboxanes"
"s__Senegalimassilia_anaerobia","HMDB0004242",0.057527529941323,0.373396567299006,144,81,0.0184097061310023,0.0836145536303704,"11-Dehydro-thromboxane B2","CCCCC[C@H](O)\C=C\[C@H]1OC(=O)C[C@H](O)[C@@H]1C\C=C\CCCC(O)=O","Organic compounds","Lipids and lipid-like molecules","Fatty Acyls","Eicosanoids","Thromboxanes"
"s__Ruminococcus_gnavus","HMDB0000391",-0.312791583529839,-0.29151837703116,149,82,0.862697263435471,0.917344471845657,"7-Ketodeoxycholic acid","[H][C@@]12CC[C@H]([C@H](C)CCC(O)=O)[C@@]1(C)[C@@H](O)C[C@@]1([H])[C@@]2([H])C(=O)C[C@]2([H])C[C@H](O)CC[C@]12C","Organic compounds","Lipids and lipid-like molecules","Steroids and steroid derivatives","Bile acids, alcohols and derivatives","Dihydroxy bile acids, alcohols and derivatives"
"s__Oribacterium_sp._oral_taxon_102","HMDB0000391",0.303243704652155,0.151640881387717,143,80,0.258962766617154,0.414274616481572,"7-Ketodeoxycholic acid","[H][C@@]12CC[C@H]([C@H](C)CCC(O)=O)[C@@]1(C)[C@@H](O)C[C@@]1([H])[C@@]2([H])C(=O)C[C@]2([H])C[C@H](O)CC[C@]12C","Organic compounds","Lipids and lipid-like molecules","Steroids and steroid derivatives","Bile acids, alcohols and derivatives","Dihydroxy bile acids, alcohols and derivatives"
"s__Anthropogastromicrobium_aceti","HMDB0039891",-0.271232744866494,-0.105995798913812,148,82,0.219960944803705,0.372218856865409,"4-Hydroxy-3-prenylbenzoic acid glucoside","CC(C)=CCC1=CC(=CC=C1OC1OC(CO)C(O)C(O)C1O)C(O)=O","Organic compounds","Organic oxygen compounds","Organooxygen compounds","Carbohydrates and carbohydrate conjugates","Phenolic glycosides"
"s__Butyrivibrio_crossotus","HMDB0040668",0.0165131583918277,-0.396657633242999,147,81,0.00203836851737556,0.0307504443519598,"Blumenol C glucoside","CC(CCC1C(C)=CC(=O)CC1(C)C)OC1OC(CO)C(O)C(O)C1O","Organic compounds","Lipids and lipid-like molecules","Fatty Acyls","Fatty acyl glycosides","Fatty acyl glycosides of mono- and disaccharides"
"s__Blautia_stercoris","HMDB0040824",0.273179756938146,-0.0156833295240583,149,82,0.0346987830483228,0.118585198320198,"Tsangane 3-glucoside","CC(O)CCC1=C(C)CC(CC1(C)C)OC1OC(CO)C(O)C(O)C1O","Organic compounds","Lipids and lipid-like molecules","Prenol lipids","Terpene glycosides","Terpene glycosides"
"s__Mogibacterium_kristiansenii","HMDB0059630",-0.105754999212722,-0.398827941865917,145,80,0.0265338986721576,0.10092501035724,"N-palmitoyl-phosphoethanolamine","CCCCCCCCCCCCCCCC(O)=NC(O)CP(O)(O)=O","Organic compounds","Organic acids and derivatives","Organic phosphonic acids and derivatives","Organic phosphonic acids","Organic phosphonic acids"
"s__Veillonella_parvula","HMDB0059630",0.191372008273417,0.362262872628726,143,81,0.192493340778794,0.342322055697317,"N-palmitoyl-phosphoethanolamine","CCCCCCCCCCCCCCCC(O)=NC(O)CP(O)(O)=O","Organic compounds","Organic acids and derivatives","Organic phosphonic acids and derivatives","Organic phosphonic acids","Organic phosphonic acids"
"s__Anaerostipes_hadrus","HMDB0258916",0.299350625793579,0.124323853680304,149,82,0.18868656491593,0.339366264613079,"Tetramethylchromanol glucoside","CC1=C(O)C(C)=C2CCC(C)(CC3OC(CO)C(O)C(O)C3O)OC2=C1C","Organic compounds","Organic oxygen compounds","Organooxygen compounds","Carbohydrates and carbohydrate conjugates","C-glycosyl compounds"
"s__Intestinimonas_sp._MSJ_38","HMDB0258916",-0.279291872246862,-0.178959741404643,147,82,0.448335365555877,0.598572879358271,"Tetramethylchromanol glucoside","CC1=C(O)C(C)=C2CCC(C)(CC3OC(CO)C(O)C(O)C3O)OC2=C1C","Organic compounds","Organic oxygen compounds","Organooxygen compounds","Carbohydrates and carbohydrate conjugates","C-glycosyl compounds"
"s__Pseudoflavonifractor_phocaeensis","HMDB0032622",-0.299724288046436,-0.114876851579761,149,82,0.165866814553819,0.311216571569684,"Phenethyl rutinoside","CC1OC(OCC2OC(OCCC3=CC=CC=C3)C(O)C(O)C2O)C(O)C(O)C1O","Organic compounds","Organic oxygen compounds","Organooxygen compounds","Carbohydrates and carbohydrate conjugates","O-glycosyl compounds"
"s__Pseudoflavonifractor_capillosus","HMDB0032622",-0.268264103029204,-0.0197538119959513,149,82,0.0684832663850334,0.182284212217245,"Phenethyl rutinoside","CC1OC(OCC2OC(OCCC3=CC=CC=C3)C(O)C(O)C2O)C(O)C(O)C1O","Organic compounds","Organic oxygen compounds","Organooxygen compounds","Carbohydrates and carbohydrate conjugates","O-glycosyl compounds"
"s__Subdoligranulum_sp._APC924_74","HMDB0301778",0.291466922339406,0.0244128274616079,148,81,0.0502511185904865,0.150633710251006,"Neogitogenin","CC1C2C(CC3C4CCC5CC(O)C(O)CC5(C)C4CCC23C)OC11CCC(C)CO1","Organic compounds","Lipids and lipid-like molecules","Prenol lipids","Triterpenoids","Triterpenoids"
"s__Faecalibacterium_sp._HTFF","HMDB0301778",0.295022673680392,-0.0597560975609756,149,81,0.00974353275939261,0.0607282561587886,"Neogitogenin","CC1C2C(CC3C4CCC5CC(O)C(O)CC5(C)C4CCC23C)OC11CCC(C)CO1","Organic compounds","Lipids and lipid-like molecules","Prenol lipids","Triterpenoids","Triterpenoids"
"s__Faecalibacterium_sp._Marseille_Q4896","HMDB0301778",0.304120167133866,0.184415584415584,147,76,0.374142871366156,0.531654486512405,"Neogitogenin","CC1C2C(CC3C4CCC5CC(O)C(O)CC5(C)C4CCC23C)OC11CCC(C)CO1","Organic compounds","Lipids and lipid-like molecules","Prenol lipids","Triterpenoids","Triterpenoids"
"s__Faecalibacterium_sp._AF27_11BH","HMDB0301778",0.331664947509471,0.111603375527426,146,80,0.10045454943426,0.228702129724654,"Neogitogenin","CC1C2C(CC3C4CCC5CC(O)C(O)CC5(C)C4CCC23C)OC11CCC(C)CO1","Organic compounds","Lipids and lipid-like molecules","Prenol lipids","Triterpenoids","Triterpenoids"
"s__Bacteroides_fragilis","HMDB0036846",-0.290107019771449,0.0427097984060009,149,80,0.0157240843233472,0.0773453306948272,"Icariside B8","CC(=O)CCC1=C(C)C(O)C(CC1(C)C)OC1OC(CO)C(O)C(O)C1O","Organic compounds","Lipids and lipid-like molecules","Prenol lipids","Terpene glycosides","Terpene glycosides"
"s__Mediterraneibacter_faecis","HMDB0247937",0.140424451296935,0.372971561040912,149,82,0.0749911314394411,0.1922888685993,"Acetylstrophanthidin","CC(=O)OC1CCC2(C=O)C3CCC4(C)C(CCC4(O)C3CCC2(O)C1)C1=CC(=O)OC1","Organic compounds","Lipids and lipid-like molecules","Steroids and steroid derivatives","Steroid lactones","Cardenolides and derivatives"
"s__Methanobrevibacter_smithii","HMDB0247937",-0.423177643150283,-0.00911143363973553,85,53,0.0141952020287593,0.073244915386098,"Acetylstrophanthidin","CC(=O)OC1CCC2(C=O)C3CCC4(C)C(CCC4(O)C3CCC2(O)C1)C1=CC(=O)OC1","Organic compounds","Lipids and lipid-like molecules","Steroids and steroid derivatives","Steroid lactones","Cardenolides and derivatives"
"s__Blautia_faecicola","HMDB0247937",0.282713586069291,0.11681414002895,149,82,0.215359700788237,0.369097277364044,"Acetylstrophanthidin","CC(=O)OC1CCC2(C=O)C3CCC4(C)C(CCC4(O)C3CCC2(O)C1)C1=CC(=O)OC1","Organic compounds","Lipids and lipid-like molecules","Steroids and steroid derivatives","Steroid lactones","Cardenolides and derivatives"
"s__Holdemanella_biformis","HMDB0030913",0.185642840484643,0.377308954524144,148,80,0.141451261717998,0.281891592437109,"Cepagenin","CC1C2C(CC3C4CC=C5CC(O)CC(O)C5(C)C4CCC23C)OC11CC(O)C(C)CO1","Organic compounds","Lipids and lipid-like molecules","Prenol lipids","Terpene lactones","Eudesmanolides, secoeudesmanolides, and derivatives"
"s__Extibacter_muris","HMDB0030913",0.338062760747324,-0.137210086960307,149,82,0.000475959341064758,0.0182354130397927,"Cepagenin","CC1C2C(CC3C4CC=C5CC(O)CC(O)C5(C)C4CCC23C)OC11CC(O)C(C)CO1","Organic compounds","Lipids and lipid-like molecules","Prenol lipids","Terpene lactones","Eudesmanolides, secoeudesmanolides, and derivatives"
"s__Oliverpabstia_intestinalis","HMDB0030913",0.271732491291456,0.366576332429991,148,81,0.457345123389061,0.608665444341255,"Cepagenin","CC1C2C(CC3C4CC=C5CC(O)CC(O)C5(C)C4CCC23C)OC11CC(O)C(C)CO1","Organic compounds","Lipids and lipid-like molecules","Prenol lipids","Terpene lactones","Eudesmanolides, secoeudesmanolides, and derivatives"
"s__Blautia_faecicola","HMDB0030913",0.143497188463631,0.390254786081997,149,82,0.0571424424747019,0.161668168709325,"Cepagenin","CC1C2C(CC3C4CC=C5CC(O)CC(O)C5(C)C4CCC23C)OC11CC(O)C(C)CO1","Organic compounds","Lipids and lipid-like molecules","Prenol lipids","Terpene lactones","Eudesmanolides, secoeudesmanolides, and derivatives"
"s__Oscillibacter_sp._MSJ_31","HMDB0030913",-0.21634844237584,-0.36156278229449,147,81,0.263067958467811,0.417131687293419,"Cepagenin","CC1C2C(CC3C4CC=C5CC(O)CC(O)C5(C)C4CCC23C)OC11CC(O)C(C)CO1","Organic compounds","Lipids and lipid-like molecules","Prenol lipids","Terpene lactones","Eudesmanolides, secoeudesmanolides, and derivatives"
"s__Eubacterium_sp._AF22_8LB","HMDB0030913",0.0409761847814945,0.407966185363446,112,73,0.0109867446695992,0.063450970362502,"Cepagenin","CC1C2C(CC3C4CC=C5CC(O)CC(O)C5(C)C4CCC23C)OC11CC(O)C(C)CO1","Organic compounds","Lipids and lipid-like molecules","Prenol lipids","Terpene lactones","Eudesmanolides, secoeudesmanolides, and derivatives"
"s__Clostridium_sp._AF36_4","HMDB0030913",-0.0947076226304832,-0.382480562754535,132,74,0.0385638321329307,0.125133671792164,"Cepagenin","CC1C2C(CC3C4CC=C5CC(O)CC(O)C5(C)C4CCC23C)OC11CC(O)C(C)CO1","Organic compounds","Lipids and lipid-like molecules","Prenol lipids","Terpene lactones","Eudesmanolides, secoeudesmanolides, and derivatives"
"s__Clostridium_sp._AF37_5","HMDB0030913",-0.140816763754706,-0.397652582159624,133,71,0.0643903484477078,0.17532001978657,"Cepagenin","CC1C2C(CC3C4CC=C5CC(O)CC(O)C5(C)C4CCC23C)OC11CC(O)C(C)CO1","Organic compounds","Lipids and lipid-like molecules","Prenol lipids","Terpene lactones","Eudesmanolides, secoeudesmanolides, and derivatives"
"s__Anaerotardibacter_sp._CLA_AA_M13","HMDB0000501",0.0189479644465957,-0.397069854664791,138,80,0.00223740508330364,0.0309964907299102,"7-Ketocholesterol","[H][C@@]12CCC([C@H](C)CCCC(C)C)[C@@]1(C)CC[C@@]1([H])[C@@]2([H])C(=O)C=C2CC(O)CC[C@]12C","Organic compounds","Lipids and lipid-like molecules","Steroids and steroid derivatives","Cholestane steroids","Cholesterols and derivatives"
"s__Bacteroides_fragilis","HMDB0240607",-0.280660257573009,0.0224800750117206,149,80,0.027836756343169,0.103077871282499,"Glycohyocholic acid","[H][C@@]1(CC[C@@]2([H])[C@]3([H])[C@H](O)[C@H](O)[C@]4([H])C[C@H](O)CC[C@]4(C)[C@@]3([H])CC[C@]12C)[C@H](C)CCC(=O)NCC(O)=O","Organic compounds","Lipids and lipid-like molecules","Steroids and steroid derivatives","Bile acids, alcohols and derivatives","Glycinated bile acids and derivatives"
"s__Bifidobacterium_catenulatum","HMDB0011587",0.335606218853511,-0.012781954887218,93,56,0.0376132334950165,0.125133671792164,"MG(22:6/0:0/0:0)","[H][C@](O)(CO)COC(=O)CC\C=C/C\C=C/C\C=C/C\C=C/C\C=C/C\C=C/CC","Organic compounds","Lipids and lipid-like molecules","Glycerolipids","Monoradylglycerols","1-monoacylglycerols"
"s__Anaerotardibacter_sp._CLA_AA_M13","HMDB0011587",0.0567251688969358,-0.38764650726676,138,80,0.00118210495422439,0.026576252453009,"MG(22:6/0:0/0:0)","[H][C@](O)(CO)COC(=O)CC\C=C/C\C=C/C\C=C/C\C=C/C\C=C/C\C=C/CC","Organic compounds","Lipids and lipid-like molecules","Glycerolipids","Monoradylglycerols","1-monoacylglycerols"
"s__Butyricicoccus_faecihominis","HMDB0002902",-0.277115807448488,-0.0990738019829998,147,82,0.186822346287462,0.337459589635458,"delta-Tocopherol","CC(C)CCC[C@@H](C)CCC[C@@H](C)CCC[C@]1(C)CCC2=CC(O)=CC(C)=C2O1","Organic compounds","Lipids and lipid-like molecules","Prenol lipids","Quinone and hydroquinone lipids","Tocopherols"
"s__Butyricicoccus_sp._BIOML_A1","HMDB0002902",-0.294772476775311,-0.212609542356378,145,79,0.534782959513387,0.673965711739093,"delta-Tocopherol","CC(C)CCC[C@@H](C)CCC[C@@H](C)CCC[C@]1(C)CCC2=CC(O)=CC(C)=C2O1","Organic compounds","Lipids and lipid-like molecules","Prenol lipids","Quinone and hydroquinone lipids","Tocopherols"
"s__Bacteroides_stercoris","HMDB0304944",0.035187372067391,0.411946192768111,145,73,0.00616183897817517,0.0484859704595159,"Glycohyodeoxycholic acid","CC(CCC(=O)NCC(O)=O)C1CCC2C3CC(O)C4CC(O)CCC4(C)C3CCC12C","Organic compounds","Lipids and lipid-like molecules","Steroids and steroid derivatives","Bile acids, alcohols and derivatives","Glycinated bile acids and derivatives"
"s__Suilimivivens_aceti","HMDB0304944",0.301424832584948,0.0721912038397492,148,82,0.0885083309565038,0.213709881061301,"Glycohyodeoxycholic acid","CC(CCC(=O)NCC(O)=O)C1CCC2C3CC(O)C4CC(O)CCC4(C)C3CCC12C","Organic compounds","Lipids and lipid-like molecules","Steroids and steroid derivatives","Bile acids, alcohols and derivatives","Glycinated bile acids and derivatives"
"s__Romboutsia_timonensis","HMDB0000708",0.180472217290964,0.404078736270517,130,73,0.101279328330243,0.229327546292202,"Glycoursodeoxycholic acid","[H][C@@]1(CC[C@@]2([H])[C@]3([H])[C@@H](O)C[C@]4([H])C[C@H](O)CC[C@]4(C)[C@@]3([H])CC[C@]12C)[C@H](C)CCC(=O)NCC(O)=O","Organic compounds","Lipids and lipid-like molecules","Steroids and steroid derivatives","Bile acids, alcohols and derivatives","Glycinated bile acids and derivatives"
"s__Intestinibacter_bartlettii","HMDB0000708",0.137986537898742,0.477508330248056,135,73,0.0105559454767914,0.0622673830905133,"Glycoursodeoxycholic acid","[H][C@@]1(CC[C@@]2([H])[C@]3([H])[C@@H](O)C[C@]4([H])C[C@H](O)CC[C@]4(C)[C@@]3([H])CC[C@]12C)[C@H](C)CCC(=O)NCC(O)=O","Organic compounds","Lipids and lipid-like molecules","Steroids and steroid derivatives","Bile acids, alcohols and derivatives","Glycinated bile acids and derivatives"
"s__Kineothrix_sp._MSJ_39","HMDB0000708",-0.318312559923298,0.000685669507297483,148,82,0.0185057496144236,0.0836145536303704,"Glycoursodeoxycholic acid","[H][C@@]1(CC[C@@]2([H])[C@]3([H])[C@@H](O)C[C@]4([H])C[C@H](O)CC[C@]4(C)[C@@]3([H])CC[C@]12C)[C@H](C)CCC(=O)NCC(O)=O","Organic compounds","Lipids and lipid-like molecules","Steroids and steroid derivatives","Bile acids, alcohols and derivatives","Glycinated bile acids and derivatives"
"s__Blautia_sp._MCC283","HMDB0296921",0.0317380561998957,0.387359737051186,147,82,0.00745173774826129,0.0547049702049504,"DG(2:0/0:0/PGJ2)","CCCCC[C@H](O)\C=C\[C@@H]1[C@@H](C\C=C/CCCC(=O)OC[C@H](O)COC(C)=O)C=CC1=O",NA,NA,NA,NA,NA
"s__Blautia_sp._MSJ_36","HMDB0062445",-0.280498413767829,0.0020787758078384,148,82,0.038539928044937,0.125133671792164,"alpha-CEHC glucuronide","CC1=C(O[C@@H]2O[C@@H]([C@@H](O)[C@H](O)[C@H]2O)C(O)=O)C(C)=C2CC[C@@](C)(CCC(O)=O)OC2=C1C","Organic compounds","Organic oxygen compounds","Organooxygen compounds","Carbohydrates and carbohydrate conjugates","Phenolic glycosides"
"s__Slackia_isoflavoniconvertens","HMDB0002157",-0.000630907675917461,-0.394891217988485,147,82,0.00307018140729174,0.0364656452054746,"27-Norcholestanehexol","[H][C@@]1(CC[C@@]2([H])[C@]3([H])[C@H](O)C[C@]4([H])C[C@H](O)CC[C@]4(C)[C@@]3([H])C[C@H](O)[C@]12C)[C@H](C)CCC(O)C(O)CO","Organic compounds","Lipids and lipid-like molecules","Steroids and steroid derivatives","Bile acids, alcohols and derivatives","Pentahydroxy bile acids, alcohols and derivatives"
"s__Ellagibacter_isourolithinifaciens","HMDB0002157",-0.107253285517483,-0.388491635920375,140,82,0.033502985441621,0.116224254158457,"27-Norcholestanehexol","[H][C@@]1(CC[C@@]2([H])[C@]3([H])[C@H](O)C[C@]4([H])C[C@H](O)CC[C@]4(C)[C@@]3([H])C[C@H](O)[C@]12C)[C@H](C)CCC(O)C(O)CO","Organic compounds","Lipids and lipid-like molecules","Steroids and steroid derivatives","Bile acids, alcohols and derivatives","Pentahydroxy bile acids, alcohols and derivatives"
"s__Anaerotardibacter_sp._CLA_AA_M13","HMDB0002157",-0.0895890079431219,-0.488560712611346,138,80,0.00198777853775257,0.0307504443519598,"27-Norcholestanehexol","[H][C@@]1(CC[C@@]2([H])[C@]3([H])[C@H](O)C[C@]4([H])C[C@H](O)CC[C@]4(C)[C@@]3([H])C[C@H](O)[C@]12C)[C@H](C)CCC(O)C(O)CO","Organic compounds","Lipids and lipid-like molecules","Steroids and steroid derivatives","Bile acids, alcohols and derivatives","Pentahydroxy bile acids, alcohols and derivatives"
"s__Mediterraneibacter_glycyrrhizinilyticus","HMDB0002157",-0.269225467077816,-0.118903799479762,149,82,0.26285319379289,0.417131687293419,"27-Norcholestanehexol","[H][C@@]1(CC[C@@]2([H])[C@]3([H])[C@H](O)C[C@]4([H])C[C@H](O)CC[C@]4(C)[C@@]3([H])C[C@H](O)[C@]12C)[C@H](C)CCC(O)C(O)CO","Organic compounds","Lipids and lipid-like molecules","Steroids and steroid derivatives","Bile acids, alcohols and derivatives","Pentahydroxy bile acids, alcohols and derivatives"
"s__Clostridium_spiroforme","HMDB0002157",-0.301175379967039,0.12820606503471,128,69,0.00402770424202242,0.0405670371256498,"27-Norcholestanehexol","[H][C@@]1(CC[C@@]2([H])[C@]3([H])[C@H](O)C[C@]4([H])C[C@H](O)CC[C@]4(C)[C@@]3([H])C[C@H](O)[C@]12C)[C@H](C)CCC(O)C(O)CO","Organic compounds","Lipids and lipid-like molecules","Steroids and steroid derivatives","Bile acids, alcohols and derivatives","Pentahydroxy bile acids, alcohols and derivatives"
"s__Clostridium_sp._AM42_36","HMDB0002157",-0.0518756998880179,0.44500292226768,95,59,0.00190290516665985,0.030574017368152,"27-Norcholestanehexol","[H][C@@]1(CC[C@@]2([H])[C@]3([H])[C@H](O)C[C@]4([H])C[C@H](O)CC[C@]4(C)[C@@]3([H])C[C@H](O)[C@]12C)[C@H](C)CCC(O)C(O)CO","Organic compounds","Lipids and lipid-like molecules","Steroids and steroid derivatives","Bile acids, alcohols and derivatives","Pentahydroxy bile acids, alcohols and derivatives"
"s__Anaeromassilibacillus_sp._An200","HMDB0060820",-0.273881985481958,-0.116057196436943,146,80,0.245195490928333,0.404588627888298,"Dihydroisomorphine-3-glucuronide","CN1CCC23C4OC5=C(OC6OC(C(O)C(O)C6O)C(O)=O)C=CC(CC1C2CC[C@H]4O)=C35","Organic compounds","Alkaloids and derivatives","Morphinans",NA,"Morphinans"
"s__Phocaeicola_vulgatus","HMDB0000138",-0.193535132173675,0.359388774610638,148,82,4.67654394728221e-05,0.011505068610506,"Glycocholic acid","C[C@H](CCC(O)=NCC(O)=O)[C@H]1CC[C@H]2[C@@H]3[C@H](O)C[C@@H]4C[C@H](O)CC[C@]4(C)[C@H]3C[C@H](O)[C@]12C","Organic compounds","Lipids and lipid-like molecules","Steroids and steroid derivatives","Bile acids, alcohols and derivatives","Glycinated bile acids and derivatives"
"s__Bacteroides_fragilis","HMDB0000138",-0.19874478505351,0.365424285044538,149,80,3.63911302220499e-05,0.0114541082373902,"Glycocholic acid","C[C@H](CCC(O)=NCC(O)=O)[C@H]1CC[C@H]2[C@@H]3[C@H](O)C[C@@H]4C[C@H](O)CC[C@]4(C)[C@H]3C[C@H](O)[C@]12C","Organic compounds","Lipids and lipid-like molecules","Steroids and steroid derivatives","Bile acids, alcohols and derivatives","Glycinated bile acids and derivatives"
"s__Bacteroides_stercoris","HMDB0000138",0.0434419776413163,0.43968283351845,145,73,0.00357595358077189,0.0389211062239975,"Glycocholic acid","C[C@H](CCC(O)=NCC(O)=O)[C@H]1CC[C@H]2[C@@H]3[C@H](O)C[C@@H]4C[C@H](O)CC[C@]4(C)[C@H]3C[C@H](O)[C@]12C","Organic compounds","Lipids and lipid-like molecules","Steroids and steroid derivatives","Bile acids, alcohols and derivatives","Glycinated bile acids and derivatives"
"s__Bacteroides_thetaiotaomicron","HMDB0000138",-0.048787675010767,0.409511541090488,147,77,0.000771490296511443,0.0206660911342108,"Glycocholic acid","C[C@H](CCC(O)=NCC(O)=O)[C@H]1CC[C@H]2[C@@H]3[C@H](O)C[C@@H]4C[C@H](O)CC[C@]4(C)[C@H]3C[C@H](O)[C@]12C","Organic compounds","Lipids and lipid-like molecules","Steroids and steroid derivatives","Bile acids, alcohols and derivatives","Glycinated bile acids and derivatives"
"s__Suilimivivens_aceti","HMDB0000138",0.336999374391512,0.126935927993818,148,82,0.111234086361642,0.241871700741464,"Glycocholic acid","C[C@H](CCC(O)=NCC(O)=O)[C@H]1CC[C@H]2[C@@H]3[C@H](O)C[C@@H]4C[C@H](O)CC[C@]4(C)[C@H]3C[C@H](O)[C@]12C","Organic compounds","Lipids and lipid-like molecules","Steroids and steroid derivatives","Bile acids, alcohols and derivatives","Glycinated bile acids and derivatives"
"s__Blautia_faecis","HMDB0010321",-0.236858334844912,-0.368574569279829,149,82,0.303026609783056,0.460761475503463,"3,17-Androstanediol glucuronide","[H][C@@]12CC[C@H](O)[C@@]1(C)CC[C@@]1([H])[C@@]2([H])CC[C@@]2([H])C[C@@H](CC[C@]12C)OC(=O)[C@H]1O[C@@H](O)[C@H](O)[C@@H](O)[C@@H]1O","Organic compounds","Benzenoids","Benzene and substituted derivatives","Benzophenones","Benzophenones"
"s__Vescimonas_fastidiosa","HMDB0010321",0.254087292018327,0.369989442866316,144,82,0.365266554036752,0.523174734393937,"3,17-Androstanediol glucuronide","[H][C@@]12CC[C@H](O)[C@@]1(C)CC[C@@]1([H])[C@@]2([H])CC[C@@]2([H])C[C@@H](CC[C@]12C)OC(=O)[C@H]1O[C@@H](O)[C@H](O)[C@@H](O)[C@@H]1O","Organic compounds","Benzenoids","Benzene and substituted derivatives","Benzophenones","Benzophenones"
"s__Absicoccus_porci","HMDB0010321",0.204259975648475,0.445192307692308,92,65,0.103719112204215,0.231849285673559,"3,17-Androstanediol glucuronide","[H][C@@]12CC[C@H](O)[C@@]1(C)CC[C@@]1([H])[C@@]2([H])CC[C@@]2([H])C[C@@H](CC[C@]12C)OC(=O)[C@H]1O[C@@H](O)[C@H](O)[C@@H](O)[C@@H]1O","Organic compounds","Benzenoids","Benzene and substituted derivatives","Benzophenones","Benzophenones"
"s__Oscillibacter_sp._MSJ_31","HMDB0010321",0.269495802763905,0.211291779584463,147,81,0.658207451151595,0.773747134453649,"3,17-Androstanediol glucuronide","[H][C@@]12CC[C@H](O)[C@@]1(C)CC[C@@]1([H])[C@@]2([H])CC[C@@]2([H])C[C@@H](CC[C@]12C)OC(=O)[C@H]1O[C@@H](O)[C@H](O)[C@@H](O)[C@@H]1O","Organic compounds","Benzenoids","Benzene and substituted derivatives","Benzophenones","Benzophenones"
"s__Ruminococcus_sp._210702_SL_1_03","HMDB0010321",0.296130300728361,0.355930614158462,139,80,0.644702761119024,0.769365664690854,"3,17-Androstanediol glucuronide","[H][C@@]12CC[C@H](O)[C@@]1(C)CC[C@@]1([H])[C@@]2([H])CC[C@@]2([H])C[C@@H](CC[C@]12C)OC(=O)[C@H]1O[C@@H](O)[C@H](O)[C@@H](O)[C@@H]1O","Organic compounds","Benzenoids","Benzene and substituted derivatives","Benzophenones","Benzophenones"
"s__Oribacterium_sp._oral_taxon_102","HMDB0010321",0.312346104599626,0.218307548054383,143,80,0.474162245155379,0.62307012152645,"3,17-Androstanediol glucuronide","[H][C@@]12CC[C@H](O)[C@@]1(C)CC[C@@]1([H])[C@@]2([H])CC[C@@]2([H])C[C@@H](CC[C@]12C)OC(=O)[C@H]1O[C@@H](O)[C@H](O)[C@@H](O)[C@@H]1O","Organic compounds","Benzenoids","Benzene and substituted derivatives","Benzophenones","Benzophenones"
"s__Allisonella_histaminiformans","HMDB0010321",0.360094323628685,-0.0128272170783475,92,58,0.023783374877841,0.0956653960741272,"3,17-Androstanediol glucuronide","[H][C@@]12CC[C@H](O)[C@@]1(C)CC[C@@]1([H])[C@@]2([H])CC[C@@]2([H])C[C@@H](CC[C@]12C)OC(=O)[C@H]1O[C@@H](O)[C@H](O)[C@@H](O)[C@@H]1O","Organic compounds","Benzenoids","Benzene and substituted derivatives","Benzophenones","Benzophenones"
"s__Blautia_massiliensis","HMDB0002421",-0.000336866108678189,-0.446849729541472,148,82,0.000635899120262555,0.0206660911342108,"7-Sulfocholic acid","[H][C@@]1(CC[C@@]2([H])[C@]3([H])[C@@H](C[C@]4([H])C[C@H](O)CC[C@]4(C)[C@@]3([H])C[C@H](O)[C@]12C)OS(O)(=O)=O)[C@H](C)CCC(O)=O","Organic compounds","Lipids and lipid-like molecules","Steroids and steroid derivatives","Bile acids, alcohols and derivatives","Dihydroxy bile acids, alcohols and derivatives"
"s__Slackia_isoflavoniconvertens","HMDB0002421",0.140012391480102,-0.396501997148486,147,82,6.83691792964803e-05,0.011505068610506,"7-Sulfocholic acid","[H][C@@]1(CC[C@@]2([H])[C@]3([H])[C@@H](C[C@]4([H])C[C@H](O)CC[C@]4(C)[C@@]3([H])C[C@H](O)[C@]12C)OS(O)(=O)=O)[C@H](C)CCC(O)=O","Organic compounds","Lipids and lipid-like molecules","Steroids and steroid derivatives","Bile acids, alcohols and derivatives","Dihydroxy bile acids, alcohols and derivatives"
"s__Senegalimassilia_anaerobia","HMDB0029888",-0.00404308335342818,-0.451084010840108,144,81,0.000683882834799928,0.0206660911342108,"Sorbitan stearate","CCCCCCCCCCCCCCCCCC(=O)OCC(O)C1OCC(O)C1O","Organic compounds","Lipids and lipid-like molecules","Fatty Acyls","Fatty acid esters","Fatty acid esters"
"s__Anaerotignum_faecicola","HMDB0029888",0.293897196049838,-0.0711607949412827,147,81,0.00803246909016234,0.0557412041018802,"Sorbitan stearate","CCCCCCCCCCCCCCCCCC(=O)OCC(O)C1OCC(O)C1O","Organic compounds","Lipids and lipid-like molecules","Fatty Acyls","Fatty acid esters","Fatty acid esters"
"s__Collinsella_aerofaciens","HMDB0303797",0.269424995465264,0.109435030093273,149,82,0.234250874571457,0.390624968325118,"Emodin 1-glucoside","CC1=CC2=C(C(=O)C3=C(C=C(O)C=C3O)C2=O)C(OC2OC(CO)C(O)C(O)C2O)=C1","Organic compounds","Benzenoids","Anthracenes","Anthraquinones","Hydroxyanthraquinones"
"s__Bifidobacterium_adolescentis","HMDB0303797",0.330972113761745,0.0853021978021978,106,64,0.110962151919972,0.241697836102499,"Emodin 1-glucoside","CC1=CC2=C(C(=O)C3=C(C=C(O)C=C3O)C2=O)C(OC2OC(CO)C(O)C(O)C2O)=C1","Organic compounds","Benzenoids","Anthracenes","Anthraquinones","Hydroxyanthraquinones"
"s__Bifidobacterium_longum","HMDB0303797",0.300196612896019,0.0736368062317429,139,79,0.100316874404401,0.228702129724654,"Emodin 1-glucoside","CC1=CC2=C(C(=O)C3=C(C=C(O)C=C3O)C2=O)C(OC2OC(CO)C(O)C(O)C2O)=C1","Organic compounds","Benzenoids","Anthracenes","Anthraquinones","Hydroxyanthraquinones"
"s__Pseudoflavonifractor_sp._MSJ_30","HMDB0303797",-0.273861040879258,-0.187166008206267,148,82,0.511252098201049,0.652275635964277,"Emodin 1-glucoside","CC1=CC2=C(C(=O)C3=C(C=C(O)C=C3O)C2=O)C(OC2OC(CO)C(O)C(O)C2O)=C1","Organic compounds","Benzenoids","Anthracenes","Anthraquinones","Hydroxyanthraquinones"
"s__Bacteriophage_sp.","HMDB0303797",-0.0491006319883325,-0.398776223776224,120,65,0.0184574799181147,0.0836145536303704,"Emodin 1-glucoside","CC1=CC2=C(C(=O)C3=C(C=C(O)C=C3O)C2=O)C(OC2OC(CO)C(O)C(O)C2O)=C1","Organic compounds","Benzenoids","Anthracenes","Anthraquinones","Hydroxyanthraquinones"
"s__Anaerobutyricum_hallii","HMDB0302394",-0.296074732450571,-0.000576833077567723,149,82,0.0297068245787876,0.106085601226547,"24-Ethylbrassinone","[H][C@@]12CC(=O)[C@@]3([H])C[C@H](O)[C@H](O)C[C@]3(C)C1CC[C@]1(C)C(CCC21)C(C)[C@@H](O)[C@H](O)C(CC)C(C)C","Organic compounds","Lipids and lipid-like molecules","Steroids and steroid derivatives","Stigmastanes and derivatives","Stigmastanes and derivatives"
"s__Pseudoflavonifractor_sp._MSJ_30","HMDB0302394",0.27189537160774,0.195742318868972,148,82,0.562950986933693,0.69783136597252,"24-Ethylbrassinone","[H][C@@]12CC(=O)[C@@]3([H])C[C@H](O)[C@H](O)C[C@]3(C)C1CC[C@]1(C)C(CCC21)C(C)[C@@H](O)[C@H](O)C(CC)C(C)C","Organic compounds","Lipids and lipid-like molecules","Steroids and steroid derivatives","Stigmastanes and derivatives","Stigmastanes and derivatives"
"s__Blautia_sp._MCC270","HMDB0302394",-0.314648379789225,-0.227130745203034,143,82,0.500376750528537,0.643487567840069,"24-Ethylbrassinone","[H][C@@]12CC(=O)[C@@]3([H])C[C@H](O)[C@H](O)C[C@]3(C)C1CC[C@]1(C)C(CCC21)C(C)[C@@H](O)[C@H](O)C(CC)C(C)C","Organic compounds","Lipids and lipid-like molecules","Steroids and steroid derivatives","Stigmastanes and derivatives","Stigmastanes and derivatives"
"s__Pseudoflavonifractor_phocaeensis","HMDB0302394",0.271184473063668,0.0764793591711018,149,82,0.149979113387741,0.291385947900328,"24-Ethylbrassinone","[H][C@@]12CC(=O)[C@@]3([H])C[C@H](O)[C@H](O)C[C@]3(C)C1CC[C@]1(C)C(CCC21)C(C)[C@@H](O)[C@H](O)C(CC)C(C)C","Organic compounds","Lipids and lipid-like molecules","Steroids and steroid derivatives","Stigmastanes and derivatives","Stigmastanes and derivatives"
"s__Porcipelethomonas_ammoniilytica","HMDB0302394",0.292928839511715,0.0587044534412955,134,77,0.0957003657349946,0.223274013662712,"24-Ethylbrassinone","[H][C@@]12CC(=O)[C@@]3([H])C[C@H](O)[C@H](O)C[C@]3(C)C1CC[C@]1(C)C(CCC21)C(C)[C@@H](O)[C@H](O)C(CC)C(C)C","Organic compounds","Lipids and lipid-like molecules","Steroids and steroid derivatives","Stigmastanes and derivatives","Stigmastanes and derivatives"
"s__Mediterraneibacter_glycyrrhizinilyticus","HMDB0302394",0.324190096136405,-0.00697641514567756,149,82,0.0142940261669125,0.0734537916087465,"24-Ethylbrassinone","[H][C@@]12CC(=O)[C@@]3([H])C[C@H](O)[C@H](O)C[C@]3(C)C1CC[C@]1(C)C(CCC21)C(C)[C@@H](O)[C@H](O)C(CC)C(C)C","Organic compounds","Lipids and lipid-like molecules","Steroids and steroid derivatives","Stigmastanes and derivatives","Stigmastanes and derivatives"
"s__Clostridium_sp._AF37_5","HMDB0302394",0.355530957651932,0.0847082494969819,133,71,0.0559129871933924,0.161085699946181,"24-Ethylbrassinone","[H][C@@]12CC(=O)[C@@]3([H])C[C@H](O)[C@H](O)C[C@]3(C)C1CC[C@]1(C)C(CCC21)C(C)[C@@H](O)[C@H](O)C(CC)C(C)C","Organic compounds","Lipids and lipid-like molecules","Steroids and steroid derivatives","Stigmastanes and derivatives","Stigmastanes and derivatives"
"s__Gemmiger_formicilis","HMDB0011505",-0.0914892073281335,0.378870495532265,149,82,0.000477973495085908,0.0182354130397927,"LysoPE(18:1/0:0)","[H][C@@](O)(COC(=O)CCCCCCCCC\C=C/CCCCCC)COP(O)(=O)OCCN","Organic compounds","Lipids and lipid-like molecules","Glycerophospholipids","Glycerophosphoethanolamines","1-acyl-sn-glycero-3-phosphoethanolamines"
"s__Blautia_wexlerae","HMDB0260505",-0.282985670233992,-0.28511879496305,149,82,0.991337572708197,0.999092388001957,"MG(22:6-2OH(17)/0:0/0:0)","CC\C=C/C[C@@H](O)\C=C\C=C/C=C/[C@@H](O)C\C=C/C\C=C/CCC(=O)OC[C@@H](O)CO",NA,NA,NA,NA,NA
"s__Ruminococcus_torques","HMDB0260505",-0.285782695447125,-0.133662019351117,149,82,0.253875937391066,0.41083522516112,"MG(22:6-2OH(17)/0:0/0:0)","CC\C=C/C[C@@H](O)\C=C\C=C/C=C/[C@@H](O)C\C=C/C\C=C/CCC(=O)OC[C@@H](O)CO",NA,NA,NA,NA,NA
"s__Ruminococcus_callidus","HMDB0260505",0.295190537244657,-0.0506633580392029,146,82,0.0116505836163433,0.0655905557546275,"MG(22:6-2OH(17)/0:0/0:0)","CC\C=C/C[C@@H](O)\C=C\C=C/C=C/[C@@H](O)C\C=C/C\C=C/CCC(=O)OC[C@@H](O)CO",NA,NA,NA,NA,NA
"s__Blautia_faecis","HMDB0260505",-0.292171231634319,-0.0655521816262339,149,82,0.0928665874810673,0.219360288252652,"MG(22:6-2OH(17)/0:0/0:0)","CC\C=C/C[C@@H](O)\C=C\C=C/C=C/[C@@H](O)C\C=C/C\C=C/CCC(=O)OC[C@@H](O)CO",NA,NA,NA,NA,NA
"s__Ruminococcus_gnavus","HMDB0260505",-0.281331398512607,-0.282463186077644,149,82,0.997507370895858,0.999092388001957,"MG(22:6-2OH(17)/0:0/0:0)","CC\C=C/C[C@@H](O)\C=C\C=C/C=C/[C@@H](O)C\C=C/C\C=C/CCC(=O)OC[C@@H](O)CO",NA,NA,NA,NA,NA
"s__Oscillibacter_sp._ER4","HMDB0260505",0.343363249881908,0.0799185903505621,145,82,0.0483456692398432,0.147378202355842,"MG(22:6-2OH(17)/0:0/0:0)","CC\C=C/C[C@@H](O)\C=C\C=C/C=C/[C@@H](O)C\C=C/C\C=C/CCC(=O)OC[C@@H](O)CO",NA,NA,NA,NA,NA
"s__Yeguia_hominis","HMDB0260505",0.316009370210059,0.143892643745715,146,82,0.193918867791048,0.343380948732672,"MG(22:6-2OH(17)/0:0/0:0)","CC\C=C/C[C@@H](O)\C=C\C=C/C=C/[C@@H](O)C\C=C/C\C=C/CCC(=O)OC[C@@H](O)CO",NA,NA,NA,NA,NA
"s__Clostridium_sp._L2_50","HMDB0260505",0.305683511719279,0.0868131868131868,121,64,0.14794310101648,0.289673972285768,"MG(22:6-2OH(17)/0:0/0:0)","CC\C=C/C[C@@H](O)\C=C\C=C/C=C/[C@@H](O)C\C=C/C\C=C/CCC(=O)OC[C@@H](O)CO",NA,NA,NA,NA,NA
"s__Collinsella_tanakaei","HMDB0260505",0.29724383597623,0.123515092502434,143,79,0.201251011415506,0.35387573096665,"MG(22:6-2OH(17)/0:0/0:0)","CC\C=C/C[C@@H](O)\C=C\C=C/C=C/[C@@H](O)C\C=C/C\C=C/CCC(=O)OC[C@@H](O)CO",NA,NA,NA,NA,NA
"s__Parolsenella_catena","HMDB0296948",0.29041469816273,0.105379746835443,126,79,0.186452623574679,0.33727565097776,"DG(20:4+=O(5)/2:0/0:0)","CCCCC\C=C/C\C=C/C\C=C/C=C/C(=O)CCCC(=O)OC[C@H](CO)OC(C)=O",NA,NA,NA,NA,NA
"s__Oscillibacter_sp._ER4","HMDB0010351",0.283845063769485,0.023933130897574,145,82,0.0570576936471276,0.161668168709325,"11-beta-Hydroxyandrosterone-3-glucuronide","[H][C@@]12CCC(=O)[C@@]1(C)C[C@H](O)[C@@]1([H])[C@@]2([H])CC[C@@]2([H])C[C@@H](CC[C@]12C)O[C@@H]1O[C@@H]([C@@H](O)[C@H](O)[C@H]1O)C(O)=O","Organic compounds","Organoheterocyclic compounds","Indoles and derivatives","Hydroxyindoles","Hydroxyindoles"
"s__Oscillibacter_sp._MSJ_31","HMDB0010351",0.277455817573234,0.126061427280939,147,81,0.260998413967328,0.415419725897428,"11-beta-Hydroxyandrosterone-3-glucuronide","[H][C@@]12CCC(=O)[C@@]1(C)C[C@H](O)[C@@]1([H])[C@@]2([H])CC[C@@]2([H])C[C@@H](CC[C@]12C)O[C@@H]1O[C@@H]([C@@H](O)[C@H](O)[C@H]1O)C(O)=O","Organic compounds","Organoheterocyclic compounds","Indoles and derivatives","Hydroxyindoles","Hydroxyindoles"
"s__Blautia_obeum","HMDB0296866",0.0269036822056956,-0.364939432526855,149,82,0.00355666232819666,0.0389211062239975,"DG(20:4-OH(20)/0:0/2:0)","CC(=O)OC[C@H](O)COC(=O)CCC\C=C/C\C=C/C\C=C/C\C=C/CCCCCO",NA,NA,NA,NA,NA
"s__Roseburia_hominis","HMDB0296866",0.0824596408489026,0.381939682850644,149,82,0.0229685493106838,0.0944507109518247,"DG(20:4-OH(20)/0:0/2:0)","CC(=O)OC[C@H](O)COC(=O)CCC\C=C/C\C=C/C\C=C/C\C=C/CCCCCO",NA,NA,NA,NA,NA
"s__Intestinimonas_sp._MSJ_38","HMDB0296866",0.00625618629532524,0.363176282365233,147,82,0.00787427672741875,0.055467529997384,"DG(20:4-OH(20)/0:0/2:0)","CC(=O)OC[C@H](O)COC(=O)CCC\C=C/C\C=C/C\C=C/C\C=C/CCCCCO",NA,NA,NA,NA,NA
"s__Mogibacterium_kristiansenii","HMDB0011502",-0.120051960321209,-0.39957805907173,145,80,0.0337871938220772,0.116224254158457,"LysoPE(15:0/0:0)","[H][C@@](O)(COC(=O)CCCCCCCCCCCCCC)COP(O)(=O)OCCN","Organic compounds","Lipids and lipid-like molecules","Glycerophospholipids","Glycerophosphoethanolamines","1-acyl-sn-glycero-3-phosphoethanolamines"
"s__Roseburia_intestinalis","HMDB0011502",0.275606747687285,0.0724741785570466,149,82,0.132999585627386,0.272270696430698,"LysoPE(15:0/0:0)","[H][C@@](O)(COC(=O)CCCCCCCCCCCCCC)COP(O)(=O)OCCN","Organic compounds","Lipids and lipid-like molecules","Glycerophospholipids","Glycerophosphoethanolamines","1-acyl-sn-glycero-3-phosphoethanolamines"
"s__Veillonella_parvula","HMDB0011502",0.198869792179651,0.359485094850948,143,81,0.220282177162762,0.372262095366332,"LysoPE(15:0/0:0)","[H][C@@](O)(COC(=O)CCCCCCCCCCCCCC)COP(O)(=O)OCCN","Organic compounds","Lipids and lipid-like molecules","Glycerophospholipids","Glycerophosphoethanolamines","1-acyl-sn-glycero-3-phosphoethanolamines"
"s__Bacteroides_fragilis","HMDB0060121",-0.320395428986033,-0.0117205813408345,149,80,0.0233595878725473,0.0945650197155534,"9-Hydroxy-10-Oglucuronoside--octadecenoate","CCCCC\C=C/C[C@H](O[C@H]1O[C@@H]([C@H](O)[C@H](O)[C@@H]1O)C(O)=O)[C@@H](O)CCCCCCCC(O)=O","Organic compounds","Lipids and lipid-like molecules","Saccharolipids",NA,"Saccharolipids"
"s__Collinsella_sp._AM34_10","HMDB0061688",-0.0100539680272595,0.370182449129818,133,77,0.00651153948307454,0.04998797688531,"4-Hydroxyretinoic acid glucuronide","C\C(\C=C\C1=C(C)C(CCC1(C)C)OC1OC(C(O)C(O)C1O)C(O)=O)=C/C=C/C(/C)=C/C(O)=O","Organic compounds","Lipids and lipid-like molecules","Prenol lipids","Terpene glycosides","Diterpene glycosides"
"s__Clostridium_spiroforme","HMDB0061688",-0.293421534517488,-0.139093898428937,128,69,0.286502149582836,0.444767208785192,"4-Hydroxyretinoic acid glucuronide","C\C(\C=C\C1=C(C)C(CCC1(C)C)OC1OC(C(O)C(O)C1O)C(O)=O)=C/C=C/C(/C)=C/C(O)=O","Organic compounds","Lipids and lipid-like molecules","Prenol lipids","Terpene glycosides","Diterpene glycosides"
"s__Ellagibacter_isourolithinifaciens","HMDB0240481",0.147112462006079,0.433114572109576,140,82,0.0265293183173458,0.10092501035724,"Atractyligenin 2-glucuronide","[H][C@]12C[C@@]3(CC[C@]4([H])[C@@]([H])(C[C@]([H])(C[C@@]4(C)[C@]3([H])CC1)O[C@]1([H])O[C@]([H])(C(O)=O)[C@@]([H])(O)[C@]([H])(O)[C@@]1([H])O)C(O)=O)[C@@]([H])(O)C2=C","Organic compounds","Lipids and lipid-like molecules","Prenol lipids","Terpene glycosides","Diterpene glycosides"
"s__Anaerotardibacter_sp._CLA_AA_M13","HMDB0240481",0.323014961562962,0.55168776371308,138,80,0.0471398876822797,0.144401748399003,"Atractyligenin 2-glucuronide","[H][C@]12C[C@@]3(CC[C@]4([H])[C@@]([H])(C[C@]([H])(C[C@@]4(C)[C@]3([H])CC1)O[C@]1([H])O[C@]([H])(C(O)=O)[C@@]([H])(O)[C@]([H])(O)[C@@]1([H])O)C(O)=O)[C@@]([H])(O)C2=C","Organic compounds","Lipids and lipid-like molecules","Prenol lipids","Terpene glycosides","Diterpene glycosides"
"s__Clostridium_sp._OM08_29","HMDB0240481",0.0173750777524362,-0.427727671801421,105,67,0.00313002214110557,0.0368289521088963,"Atractyligenin 2-glucuronide","[H][C@]12C[C@@]3(CC[C@]4([H])[C@@]([H])(C[C@]([H])(C[C@@]4(C)[C@]3([H])CC1)O[C@]1([H])O[C@]([H])(C(O)=O)[C@@]([H])(O)[C@]([H])(O)[C@@]1([H])O)C(O)=O)[C@@]([H])(O)C2=C","Organic compounds","Lipids and lipid-like molecules","Prenol lipids","Terpene glycosides","Diterpene glycosides"
"s__Blautia_wexlerae","HMDB0296920",-0.338828224197352,-0.398395751025783,149,82,0.628091978791651,0.755992161853431,"DG(PGJ2/2:0/0:0)","CCCCC[C@H](O)\C=C\[C@@H]1[C@@H](C\C=C/CCCC(=O)OC[C@H](CO)OC(C)=O)C=CC1=O",NA,NA,NA,NA,NA
"s__Blautia_massiliensis","HMDB0296920",-0.272750493268231,-0.0851427389775906,148,82,0.165168090589088,0.310832026983051,"DG(PGJ2/2:0/0:0)","CCCCC[C@H](O)\C=C\[C@@H]1[C@@H](C\C=C/CCCC(=O)OC[C@H](CO)OC(C)=O)C=CC1=O",NA,NA,NA,NA,NA
"s__Coprococcus_comes","HMDB0296920",-0.341266098313078,-0.324735255384682,149,82,0.889275661608314,0.933723106058062,"DG(PGJ2/2:0/0:0)","CCCCC[C@H](O)\C=C\[C@@H]1[C@@H](C\C=C/CCCC(=O)OC[C@H](CO)OC(C)=O)C=CC1=O",NA,NA,NA,NA,NA
"s__Blautia_faecis","HMDB0296920",-0.269337928532559,-0.359824120329557,149,82,0.477448742971831,0.623555982781676,"DG(PGJ2/2:0/0:0)","CCCCC[C@H](O)\C=C\[C@@H]1[C@@H](C\C=C/CCCC(=O)OC[C@H](CO)OC(C)=O)C=CC1=O",NA,NA,NA,NA,NA
"s__Ruminococcus_gnavus","HMDB0296920",-0.34067476872846,-0.357647391734962,149,82,0.895908643576342,0.937374373240295,"DG(PGJ2/2:0/0:0)","CCCCC[C@H](O)\C=C\[C@@H]1[C@@H](C\C=C/CCCC(=O)OC[C@H](CO)OC(C)=O)C=CC1=O",NA,NA,NA,NA,NA
"s__Ellagibacter_isourolithinifaciens","HMDB0296920",0.303990728389932,0.0148126380862202,140,82,0.0348502965674928,0.118585198320198,"DG(PGJ2/2:0/0:0)","CCCCC[C@H](O)\C=C\[C@@H]1[C@@H](C\C=C/CCCC(=O)OC[C@H](CO)OC(C)=O)C=CC1=O",NA,NA,NA,NA,NA
"s__Vescimonas_coprocola","HMDB0296920",0.324775947019475,0.349702332364689,148,82,0.846484338760867,0.903921783290867,"DG(PGJ2/2:0/0:0)","CCCCC[C@H](O)\C=C\[C@@H]1[C@@H](C\C=C/CCCC(=O)OC[C@H](CO)OC(C)=O)C=CC1=O",NA,NA,NA,NA,NA
"s__Ruminococcus_flavefaciens","HMDB0296920",0.398665649154886,0.452160947312284,147,82,0.647970701194442,0.769549693310133,"DG(PGJ2/2:0/0:0)","CCCCC[C@H](O)\C=C\[C@@H]1[C@@H](C\C=C/CCCC(=O)OC[C@H](CO)OC(C)=O)C=CC1=O",NA,NA,NA,NA,NA
"s__Oscillibacter_valericigenes","HMDB0296920",0.39156539089425,0.329088712573873,149,82,0.603452448926615,0.735475927588198,"DG(PGJ2/2:0/0:0)","CCCCC[C@H](O)\C=C\[C@@H]1[C@@H](C\C=C/CCCC(=O)OC[C@H](CO)OC(C)=O)C=CC1=O",NA,NA,NA,NA,NA
"s__Butyrivibrio_crossotus","HMDB0296920",0.203537616453468,0.48046522131888,147,81,0.0251159201498676,0.0975955045329732,"DG(PGJ2/2:0/0:0)","CCCCC[C@H](O)\C=C\[C@@H]1[C@@H](C\C=C/CCCC(=O)OC[C@H](CO)OC(C)=O)C=CC1=O",NA,NA,NA,NA,NA
"s__Olsenella_uli","HMDB0296920",0.326644976240421,0.307477730895452,141,80,0.876587871252248,0.926466725247107,"DG(PGJ2/2:0/0:0)","CCCCC[C@H](O)\C=C\[C@@H]1[C@@H](C\C=C/CCCC(=O)OC[C@H](CO)OC(C)=O)C=CC1=O",NA,NA,NA,NA,NA
"s__Vescimonas_fastidiosa","HMDB0296920",0.361863998070895,0.483984719365266,144,82,0.294174878197062,0.451666062987928,"DG(PGJ2/2:0/0:0)","CCCCC[C@H](O)\C=C\[C@@H]1[C@@H](C\C=C/CCCC(=O)OC[C@H](CO)OC(C)=O)C=CC1=O",NA,NA,NA,NA,NA
"s__Oscillibacter_sp._MSJ_31","HMDB0296920",0.43596098194924,0.373915989159892,147,81,0.593168258224687,0.725752028284627,"DG(PGJ2/2:0/0:0)","CCCCC[C@H](O)\C=C\[C@@H]1[C@@H](C\C=C/CCCC(=O)OC[C@H](CO)OC(C)=O)C=CC1=O",NA,NA,NA,NA,NA
"s__Pseudoflavonifractor_sp._MSJ_30","HMDB0296920",0.405501652865028,0.360629509909557,148,82,0.702275387087531,0.80305605117457,"DG(PGJ2/2:0/0:0)","CCCCC[C@H](O)\C=C\[C@@H]1[C@@H](C\C=C/CCCC(=O)OC[C@H](CO)OC(C)=O)C=CC1=O",NA,NA,NA,NA,NA
"s__Kineothrix_sp._MSJ_39","HMDB0296920",0.2061065311305,0.3601288623328,148,82,0.234039172648905,0.390624968325118,"DG(PGJ2/2:0/0:0)","CCCCC[C@H](O)\C=C\[C@@H]1[C@@H](C\C=C/CCCC(=O)OC[C@H](CO)OC(C)=O)C=CC1=O",NA,NA,NA,NA,NA
"s__Ruminococcus_sp._Marseille_P6503","HMDB0296920",0.326352944936973,0.411579934364744,138,80,0.495410459011771,0.639458042511875,"DG(PGJ2/2:0/0:0)","CCCCC[C@H](O)\C=C\[C@@H]1[C@@H](C\C=C/CCCC(=O)OC[C@H](CO)OC(C)=O)C=CC1=O",NA,NA,NA,NA,NA
"s__Ruminococcus_sp._M6_2020","HMDB0296920",0.40026356996635,0.354578204416582,148,82,0.698746039452467,0.801933695233051,"DG(PGJ2/2:0/0:0)","CCCCC[C@H](O)\C=C\[C@@H]1[C@@H](C\C=C/CCCC(=O)OC[C@H](CO)OC(C)=O)C=CC1=O",NA,NA,NA,NA,NA
"s__Ruminococcus_sp._210702_SL_1_03","HMDB0296920",0.316578041914295,0.409517112048758,139,80,0.45841055457384,0.608796295578549,"DG(PGJ2/2:0/0:0)","CCCCC[C@H](O)\C=C\[C@@H]1[C@@H](C\C=C/CCCC(=O)OC[C@H](CO)OC(C)=O)C=CC1=O",NA,NA,NA,NA,NA
"s__Clostridium_sp._BIOML_A1","HMDB0296920",0.0580929936782254,0.47997655189436,134,73,0.00181851773317497,0.0302454762710777,"DG(PGJ2/2:0/0:0)","CCCCC[C@H](O)\C=C\[C@@H]1[C@@H](C\C=C/CCCC(=O)OC[C@H](CO)OC(C)=O)C=CC1=O",NA,NA,NA,NA,NA
"s__Oscillibacter_sp._MCC667","HMDB0296920",0.313592732576433,0.493721770551039,148,81,0.126746410259632,0.262535822193946,"DG(PGJ2/2:0/0:0)","CCCCC[C@H](O)\C=C\[C@@H]1[C@@H](C\C=C/CCCC(=O)OC[C@H](CO)OC(C)=O)C=CC1=O",NA,NA,NA,NA,NA
"s__Yeguia_hominis","HMDB0296920",0.348562174042976,0.461129069122017,146,82,0.341677705517199,0.500782574209725,"DG(PGJ2/2:0/0:0)","CCCCC[C@H](O)\C=C\[C@@H]1[C@@H](C\C=C/CCCC(=O)OC[C@H](CO)OC(C)=O)C=CC1=O",NA,NA,NA,NA,NA
"s__Clostridium_sp._AF36_4","HMDB0296920",0.0597590436883326,0.467456497593484,132,74,0.00265858655470071,0.0338097017410929,"DG(PGJ2/2:0/0:0)","CCCCC[C@H](O)\C=C\[C@@H]1[C@@H](C\C=C/CCCC(=O)OC[C@H](CO)OC(C)=O)C=CC1=O",NA,NA,NA,NA,NA
"s__Dysosmobacter_sp._BX15","HMDB0296920",0.311574908659732,0.362262872628726,146,81,0.690698152139135,0.794871090990102,"DG(PGJ2/2:0/0:0)","CCCCC[C@H](O)\C=C\[C@@H]1[C@@H](C\C=C/CCCC(=O)OC[C@H](CO)OC(C)=O)C=CC1=O",NA,NA,NA,NA,NA
"s__Intestinimonas_sp._MSJ_38","HMDB0296920",0.261437562807426,0.395631305710647,147,82,0.286388024205829,0.444767208785192,"DG(PGJ2/2:0/0:0)","CCCCC[C@H](O)\C=C\[C@@H]1[C@@H](C\C=C/CCCC(=O)OC[C@H](CO)OC(C)=O)C=CC1=O",NA,NA,NA,NA,NA
"s__Ruminococcus_champanellensis","HMDB0296920",0.159028565081906,0.56938584153774,142,80,0.00067078840485822,0.0206660911342108,"DG(PGJ2/2:0/0:0)","CCCCC[C@H](O)\C=C\[C@@H]1[C@@H](C\C=C/CCCC(=O)OC[C@H](CO)OC(C)=O)C=CC1=O",NA,NA,NA,NA,NA
"s__Pseudoflavonifractor_capillosus","HMDB0296920",0.272639216397606,0.224605740033304,149,82,0.711386977584514,0.807837001317582,"DG(PGJ2/2:0/0:0)","CCCCC[C@H](O)\C=C\[C@@H]1[C@@H](C\C=C/CCCC(=O)OC[C@H](CO)OC(C)=O)C=CC1=O",NA,NA,NA,NA,NA
"s__Oribacterium_sp._oral_taxon_102","HMDB0296920",0.278837946091467,0.265236755743085,143,80,0.91364695778916,0.949077161597816,"DG(PGJ2/2:0/0:0)","CCCCC[C@H](O)\C=C\[C@@H]1[C@@H](C\C=C/CCCC(=O)OC[C@H](CO)OC(C)=O)C=CC1=O",NA,NA,NA,NA,NA
"s__Qingrenia_yutianensis","HMDB0296920",0.0790488853869136,0.385197081399613,143,78,0.0232563307347622,0.0944507109518247,"DG(PGJ2/2:0/0:0)","CCCCC[C@H](O)\C=C\[C@@H]1[C@@H](C\C=C/CCCC(=O)OC[C@H](CO)OC(C)=O)C=CC1=O",NA,NA,NA,NA,NA
"s__Paratractidigestivibacter_faecalis","HMDB0257327",0.302661001788909,0.172484265087005,129,74,0.351630673163289,0.510614783751535,"Rphdhd","CCCCCCCC(CC(=O)OC(CCCCCCC)CC(O)=O)OC1OC(C)C(O)C(O)C1O","Organic compounds","Lipids and lipid-like molecules","Fatty Acyls","Fatty acyl glycosides","Rhamnolipids"
"s__Collinsella_bouchesdurhonensis","HMDB0257327",0.312964480843126,0.0825128926394749,138,80,0.0921585211499346,0.218507680089958,"Rphdhd","CCCCCCCC(CC(=O)OC(CCCCCCC)CC(O)=O)OC1OC(C)C(O)C(O)C1O","Organic compounds","Lipids and lipid-like molecules","Fatty Acyls","Fatty acyl glycosides","Rhamnolipids"
"s__Parolsenella_massiliensis","HMDB0257327",0.317556488045022,0.0032136245834876,118,74,0.0316197863365436,0.111510675063609,"Rphdhd","CCCCCCCC(CC(=O)OC(CCCCCCC)CC(O)=O)OC1OC(C)C(O)C(O)C1O","Organic compounds","Lipids and lipid-like molecules","Fatty Acyls","Fatty acyl glycosides","Rhamnolipids"
"s__Ruminococcus_gnavus","HMDB0010337",-0.284436785779068,-0.279067489470075,149,82,0.962344603348274,0.978668704051274,"6-Dehydrotestosterone glucuronide","[H][C@@]12CC[C@H](O[C@@H]3O[C@@H]([C@@H](O)[C@H](O)[C@H]3O)C(O)=O)[C@@]1(C)CC[C@@]1([H])[C@@]2([H])C=CC2=CC(=O)CC[C@]12C","Organic compounds","Organoheterocyclic compounds","Diazines","Pyrimidines and pyrimidine derivatives","Hydroxypyrimidines"
"s__Slackia_isoflavoniconvertens","HMDB0010327",0.165354479444499,0.450136589719311,147,82,0.0241104910360727,0.0966723191541894,"Dehydroisoandrosterone 3-glucuronide","CC12CCC3C(CC=C4CC(CCC34C)O[C@@H]3OC([C@@H](O)[C@H](O)[C@H]3O)C(O)=O)C1CCC2=O","Organic compounds","Lipids and lipid-like molecules","Steroids and steroid derivatives","Steroidal glycosides","Steroid glucuronide conjugates"
"s__Ellagibacter_isourolithinifaciens","HMDB0010327",0.178920207299206,0.470859045939857,140,82,0.0202282337133672,0.0885458119297724,"Dehydroisoandrosterone 3-glucuronide","CC12CCC3C(CC=C4CC(CCC34C)O[C@@H]3OC([C@@H](O)[C@H](O)[C@H]3O)C(O)=O)C1CCC2=O","Organic compounds","Lipids and lipid-like molecules","Steroids and steroid derivatives","Steroidal glycosides","Steroid glucuronide conjugates"
"s__Senegalimassilia_faecalis","HMDB0010327",0.110819161050647,0.433694670280036,137,81,0.0137562175558382,0.0715664376148771,"Dehydroisoandrosterone 3-glucuronide","CC12CCC3C(CC=C4CC(CCC34C)O[C@@H]3OC([C@@H](O)[C@H](O)[C@H]3O)C(O)=O)C1CCC2=O","Organic compounds","Lipids and lipid-like molecules","Steroids and steroid derivatives","Steroidal glycosides","Steroid glucuronide conjugates"
"s__Anaerotardibacter_sp._CLA_AA_M13","HMDB0010327",0.388331670430079,0.565635255508673,138,80,0.10868498771034,0.238760156279827,"Dehydroisoandrosterone 3-glucuronide","CC12CCC3C(CC=C4CC(CCC34C)O[C@@H]3OC([C@@H](O)[C@H](O)[C@H]3O)C(O)=O)C1CCC2=O","Organic compounds","Lipids and lipid-like molecules","Steroids and steroid derivatives","Steroidal glycosides","Steroid glucuronide conjugates"
"s__Slackia_isoflavoniconvertens","HMDB0006203",0.0875903860248283,0.372187938746857,147,82,0.031483516887834,0.111341988094896,"5-alpha-Dihydrotestosterone glucuronide","[H][C@@]12CC[C@H](O[C@]3([H])O[C@@H]([C@@H](O)[C@H](O)[C@H]3O)C(O)=O)[C@@]1(C)CC[C@@]1([H])[C@@]2([H])CC[C@@]2([H])CC(=O)CC[C@]12C","Organic compounds","Lipids and lipid-like molecules","Steroids and steroid derivatives","Steroidal glycosides","Steroid glucuronide conjugates"
"s__Ellagibacter_isourolithinifaciens","HMDB0006203",0.172080208173886,0.437054450865794,140,82,0.0382773458949494,0.125133671792164,"5-alpha-Dihydrotestosterone glucuronide","[H][C@@]12CC[C@H](O[C@]3([H])O[C@@H]([C@@H](O)[C@H](O)[C@H]3O)C(O)=O)[C@@]1(C)CC[C@@]1([H])[C@@]2([H])CC[C@@]2([H])CC(=O)CC[C@]12C","Organic compounds","Lipids and lipid-like molecules","Steroids and steroid derivatives","Steroidal glycosides","Steroid glucuronide conjugates"
"s__Anaerotardibacter_sp._CLA_AA_M13","HMDB0006203",0.409565080401563,0.495053914674168,138,80,0.457910788626873,0.608774744330764,"5-alpha-Dihydrotestosterone glucuronide","[H][C@@]12CC[C@H](O[C@]3([H])O[C@@H]([C@@H](O)[C@H](O)[C@H]3O)C(O)=O)[C@@]1(C)CC[C@@]1([H])[C@@]2([H])CC[C@@]2([H])CC(=O)CC[C@]12C","Organic compounds","Lipids and lipid-like molecules","Steroids and steroid derivatives","Steroidal glycosides","Steroid glucuronide conjugates"
"s__Slackia_isoflavoniconvertens","HMDB0002829",0.164750017000506,0.43524776613228,147,82,0.0333224784924087,0.116213297567708,"Androsterone glucuronide","[H][C@@]12CCC(=O)[C@@]1(C)CC[C@@]1([H])[C@@]2([H])CC[C@@]2([H])C[C@@H](CC[C@]12C)O[C@@H]1O[C@@H]([C@@H](O)[C@H](O)[C@H]1O)C(O)=O","Organic compounds","Lipids and lipid-like molecules","Steroids and steroid derivatives","Steroidal glycosides","Steroid glucuronide conjugates"
"s__Ellagibacter_isourolithinifaciens","HMDB0002829",0.146250902013951,0.370968970733884,140,82,0.0887130526909397,0.213709881061301,"Androsterone glucuronide","[H][C@@]12CCC(=O)[C@@]1(C)CC[C@@]1([H])[C@@]2([H])CC[C@@]2([H])C[C@@H](CC[C@]12C)O[C@@H]1O[C@@H]([C@@H](O)[C@H](O)[C@H]1O)C(O)=O","Organic compounds","Lipids and lipid-like molecules","Steroids and steroid derivatives","Steroidal glycosides","Steroid glucuronide conjugates"
"s__Anaerotardibacter_sp._CLA_AA_M13","HMDB0002829",0.406304724547877,0.471308016877637,138,80,0.579785197613345,0.710759068933984,"Androsterone glucuronide","[H][C@@]12CCC(=O)[C@@]1(C)CC[C@@]1([H])[C@@]2([H])CC[C@@]2([H])C[C@@H](CC[C@]12C)O[C@@H]1O[C@@H]([C@@H](O)[C@H](O)[C@H]1O)C(O)=O","Organic compounds","Lipids and lipid-like molecules","Steroids and steroid derivatives","Steroidal glycosides","Steroid glucuronide conjugates"
"s__Intestinimonas_sp._MSJ_38","HMDB0002829",0.284380690447227,-0.0977677648262426,147,82,0.00546958895711505,0.0453040295855779,"Androsterone glucuronide","[H][C@@]12CCC(=O)[C@@]1(C)CC[C@@]1([H])[C@@]2([H])CC[C@@]2([H])C[C@@H](CC[C@]12C)O[C@@H]1O[C@@H]([C@@H](O)[C@H](O)[C@H]1O)C(O)=O","Organic compounds","Lipids and lipid-like molecules","Steroids and steroid derivatives","Steroidal glycosides","Steroid glucuronide conjugates"
"s__Ruminococcus_gnavus","HMDB0247360",-0.279920188645021,-0.255079940357636,149,82,0.844552204865943,0.902624130667421,"Pregnanetriol 3a-O-bglucuronide","CC(O)C1(O)CCC2C3CCC4CC(CCC4(C)C3CCC12C)OC1OC(C(O)C(O)C1O)C(O)=O","Organic compounds","Lipids and lipid-like molecules","Steroids and steroid derivatives","Steroidal glycosides","Steroid glucuronide conjugates"
"s__Roseburia_intestinalis","HMDB0247360",-0.278284055867948,-0.201663020646271,149,82,0.558770468917647,0.697353622583094,"Pregnanetriol 3a-O-bglucuronide","CC(O)C1(O)CCC2C3CCC4CC(CCC4(C)C3CCC12C)OC1OC(C(O)C(O)C1O)C(O)=O","Organic compounds","Lipids and lipid-like molecules","Steroids and steroid derivatives","Steroidal glycosides","Steroid glucuronide conjugates"
"s__Ruthenibacterium_lactatiformans","HMDB0247360",0.272816978051877,0.0299626691046027,149,82,0.0743931588910101,0.191928252138897,"Pregnanetriol 3a-O-bglucuronide","CC(O)C1(O)CCC2C3CCC4CC(CCC4(C)C3CCC12C)OC1OC(C(O)C(O)C1O)C(O)=O","Organic compounds","Lipids and lipid-like molecules","Steroids and steroid derivatives","Steroidal glycosides","Steroid glucuronide conjugates"
"s__Oscillibacter_sp._MSJ_31","HMDB0247360",0.269756477192876,0.28297199638663,147,81,0.923704394458443,0.951957985065096,"Pregnanetriol 3a-O-bglucuronide","CC(O)C1(O)CCC2C3CCC4CC(CCC4(C)C3CCC12C)OC1OC(C(O)C(O)C1O)C(O)=O","Organic compounds","Lipids and lipid-like molecules","Steroids and steroid derivatives","Steroidal glycosides","Steroid glucuronide conjugates"
"s__Intestinibacter_bartlettii","HMDB0247360",0.037757291971515,-0.415000617055412,135,73,0.00127308775469181,0.0271663980196099,"Pregnanetriol 3a-O-bglucuronide","CC(O)C1(O)CCC2C3CCC4CC(CCC4(C)C3CCC12C)OC1OC(C(O)C(O)C1O)C(O)=O","Organic compounds","Lipids and lipid-like molecules","Steroids and steroid derivatives","Steroidal glycosides","Steroid glucuronide conjugates"
"s__Ruminococcus_sp._M6_2020","HMDB0247360",0.267919611160263,0.157801939465178,148,82,0.408618414149173,0.562795619681893,"Pregnanetriol 3a-O-bglucuronide","CC(O)C1(O)CCC2C3CCC4CC(CCC4(C)C3CCC12C)OC1OC(C(O)C(O)C1O)C(O)=O","Organic compounds","Lipids and lipid-like molecules","Steroids and steroid derivatives","Steroidal glycosides","Steroid glucuronide conjugates"
"s__Waltera_intestinalis","HMDB0247360",0.168045173217587,0.399311215100689,144,77,0.080204515745341,0.199955416481949,"Pregnanetriol 3a-O-bglucuronide","CC(O)C1(O)CCC2C3CCC4CC(CCC4(C)C3CCC12C)OC1OC(C(O)C(O)C1O)C(O)=O","Organic compounds","Lipids and lipid-like molecules","Steroids and steroid derivatives","Steroidal glycosides","Steroid glucuronide conjugates"
"s__Dysosmobacter_sp._BX15","HMDB0247360",0.286969431135704,0.32247064137308,146,81,0.786557856023427,0.864870166579471,"Pregnanetriol 3a-O-bglucuronide","CC(O)C1(O)CCC2C3CCC4CC(CCC4(C)C3CCC12C)OC1OC(C(O)C(O)C1O)C(O)=O","Organic compounds","Lipids and lipid-like molecules","Steroids and steroid derivatives","Steroidal glycosides","Steroid glucuronide conjugates"
"s__Bacteroides_stercoris","HMDB0114767",0.016265155093686,0.434622979143527,145,73,0.00224041354759478,0.0309964907299102,"LysoPA(i-20:0/0:0)","CC(C)CCCCCCCCCCCCCCCCC(=O)OCC(O)COP(O)(O)=O","Organic compounds","Lipids and lipid-like molecules","Glycerophospholipids","Glycerophosphates","1-acylglycerol-3-phosphates"
"s__Suilimivivens_aceti","HMDB0114767",0.271143901057611,0.0389307909143348,148,82,0.0881395149759882,0.213399325682248,"LysoPA(i-20:0/0:0)","CC(C)CCCCCCCCCCCCCCCCC(=O)OCC(O)COP(O)(O)=O","Organic compounds","Lipids and lipid-like molecules","Glycerophospholipids","Glycerophosphates","1-acylglycerol-3-phosphates"
"s__Collinsella_aerofaciens","HMDB0303921",0.273281335026301,0.0541461237905552,149,82,0.10622956376913,0.234636878570762,"11-Oxahexadecanolide","O=C1CCCCCCCCCOCCCCCO1","Organic compounds","Phenylpropanoids and polyketides","Macrolides and analogues",NA,"Macrolides and analogues"
"s__Ruminococcus_sp._NSJ_13","HMDB0303921",-0.0420484962997953,-0.361088527551942,145,81,0.0178098624110986,0.0827665005595681,"11-Oxahexadecanolide","O=C1CCCCCCCCCOCCCCCO1","Organic compounds","Phenylpropanoids and polyketides","Macrolides and analogues",NA,"Macrolides and analogues"
"s__Roseburia_intestinalis","HMDB0010379",0.27152548521676,0.0922606414819168,149,82,0.183805961710652,0.333446261950592,"LysoPC(14:0/0:0)","CCCCCCCCCCCCCC(=O)OC[C@@H](O)COP([O-])(=O)OCC[N+](C)(C)C","Organic compounds","Lipids and lipid-like molecules","Glycerophospholipids","Glycerophosphocholines","1-acyl-sn-glycero-3-phosphocholines"
"s__Oscillibacter_valericigenes","HMDB0010379",-0.267763468166153,-0.103840837605163,149,82,0.223617276718283,0.376886414174456,"LysoPC(14:0/0:0)","CCCCCCCCCCCCCC(=O)OC[C@@H](O)COP([O-])(=O)OCC[N+](C)(C)C","Organic compounds","Lipids and lipid-like molecules","Glycerophospholipids","Glycerophosphocholines","1-acyl-sn-glycero-3-phosphocholines"
"s__Romboutsia_timonensis","HMDB0010339",0.111297436807822,0.386369245958287,130,73,0.0486417062411983,0.147566043753418,"3-alpha-Androstanediol glucuronide","[H][C@@]12CC[C@H](O)[C@@]1(C)CC[C@@]1([H])[C@@]2([H])CC[C@@]2([H])C[C@@H](CC[C@]12C)O[C@H]1OC([C@@H](O)C(O)[C@H]1O)C(O)=O","Organic compounds","Alkaloids and derivatives","Morphinans",NA,"Morphinans"
"s__Intestinibacter_bartlettii","HMDB0010339",0.118183591844698,0.38371590768851,135,73,0.0552316909032097,0.15985448010837,"3-alpha-Androstanediol glucuronide","[H][C@@]12CC[C@H](O)[C@@]1(C)CC[C@@]1([H])[C@@]2([H])CC[C@@]2([H])C[C@@H](CC[C@]12C)O[C@H]1OC([C@@H](O)C(O)[C@H]1O)C(O)=O","Organic compounds","Alkaloids and derivatives","Morphinans",NA,"Morphinans"
"s__Phocaeicola_vulgatus","HMDB0000036",-0.189503844345647,0.439840663466876,148,82,2.32069889449451e-06,0.00292175990816858,"Taurocholic acid","[H][C@@]1(CC[C@@]2([H])[C@]3([H])[C@H](O)C[C@]4([H])C[C@H](O)CC[C@]4(C)[C@@]3([H])C[C@H](O)[C@]12C)[C@H](C)CCC(=O)NCCS(O)(=O)=O","Organic compounds","Lipids and lipid-like molecules","Steroids and steroid derivatives","Bile acids, alcohols and derivatives","Trihydroxy bile acids, alcohols and derivatives"
"s__Bacteroides_stercoris","HMDB0000036",0.0956581640686506,0.494631617919289,145,73,0.00241164520712926,0.0323006522954866,"Taurocholic acid","[H][C@@]1(CC[C@@]2([H])[C@]3([H])[C@H](O)C[C@]4([H])C[C@H](O)CC[C@]4(C)[C@@]3([H])C[C@H](O)[C@]12C)[C@H](C)CCC(=O)NCCS(O)(=O)=O","Organic compounds","Lipids and lipid-like molecules","Steroids and steroid derivatives","Bile acids, alcohols and derivatives","Trihydroxy bile acids, alcohols and derivatives"
"s__Bacteroides_thetaiotaomicron","HMDB0000036",-0.0251494155603745,0.462721489037278,147,77,0.000257086613477283,0.0172019004932654,"Taurocholic acid","[H][C@@]1(CC[C@@]2([H])[C@]3([H])[C@H](O)C[C@]4([H])C[C@H](O)CC[C@]4(C)[C@@]3([H])C[C@H](O)[C@]12C)[C@H](C)CCC(=O)NCCS(O)(=O)=O","Organic compounds","Lipids and lipid-like molecules","Steroids and steroid derivatives","Bile acids, alcohols and derivatives","Trihydroxy bile acids, alcohols and derivatives"
"s__Phocaeicola_massiliensis","HMDB0000036",-0.0405812347676297,0.407715660866346,142,74,0.00125680383975358,0.0271663980196099,"Taurocholic acid","[H][C@@]1(CC[C@@]2([H])[C@]3([H])[C@H](O)C[C@]4([H])C[C@H](O)CC[C@]4(C)[C@@]3([H])C[C@H](O)[C@]12C)[C@H](C)CCC(=O)NCCS(O)(=O)=O","Organic compounds","Lipids and lipid-like molecules","Steroids and steroid derivatives","Bile acids, alcohols and derivatives","Trihydroxy bile acids, alcohols and derivatives"
"s__Prevotella_sp._Marseille_P4119","HMDB0000036",-0.0605300105300105,0.417526223776224,111,65,0.00163805946223968,0.0296123978021645,"Taurocholic acid","[H][C@@]1(CC[C@@]2([H])[C@]3([H])[C@H](O)C[C@]4([H])C[C@H](O)CC[C@]4(C)[C@@]3([H])C[C@H](O)[C@]12C)[C@H](C)CCC(=O)NCCS(O)(=O)=O","Organic compounds","Lipids and lipid-like molecules","Steroids and steroid derivatives","Bile acids, alcohols and derivatives","Trihydroxy bile acids, alcohols and derivatives"
"s__Suilimivivens_aceti","HMDB0000036",0.332427620059451,0.167923727430045,148,82,0.20835353402409,0.361631817988765,"Taurocholic acid","[H][C@@]1(CC[C@@]2([H])[C@]3([H])[C@H](O)C[C@]4([H])C[C@H](O)CC[C@]4(C)[C@@]3([H])C[C@H](O)[C@]12C)[C@H](C)CCC(=O)NCCS(O)(=O)=O","Organic compounds","Lipids and lipid-like molecules","Steroids and steroid derivatives","Bile acids, alcohols and derivatives","Trihydroxy bile acids, alcohols and derivatives"
"s__Oliverpabstia_intestinalis","HMDB0036525",0.268745118217793,-0.000835591689250226,148,81,0.0498222416370099,0.150422547292555,"Myricanol 5-glucoside","COC1=C(OC2OC(CO)C(O)C(O)C2O)C2=CC(=C1OC)C1=C(O)C=CC(CCC(O)CCCC2)=C1","Organic compounds","Organoheterocyclic compounds","Lactones","Gamma butyrolactones","Gamma butyrolactones"
"s__Ruminococcus_gnavus","HMDB0004482",-0.288808271358607,-0.159434485911124,149,82,0.328531333337658,0.485470597032995,"2-Methoxyestrone 3-glucuronide","[H][C@@]12CCC(=O)[C@@]1(C)CC[C@]1([H])C3=C(CC[C@@]21[H])C=C(O[C@@H]1O[C@@H]([C@@H](O)[C@H](O)[C@H]1O)C(O)=O)C(OC)=C3","Organic compounds","Lipids and lipid-like molecules","Steroids and steroid derivatives","Steroidal glycosides","Steroid glucuronide conjugates"
"s__Dorea_sp._AM58_8","HMDB0004482",-0.266885543261382,-0.0723653421273169,149,82,0.151012053067779,0.29204942367486,"2-Methoxyestrone 3-glucuronide","[H][C@@]12CCC(=O)[C@@]1(C)CC[C@]1([H])C3=C(CC[C@@]21[H])C=C(O[C@@H]1O[C@@H]([C@@H](O)[C@H](O)[C@H]1O)C(O)=O)C(OC)=C3","Organic compounds","Lipids and lipid-like molecules","Steroids and steroid derivatives","Steroidal glycosides","Steroid glucuronide conjugates"
"s__Slackia_isoflavoniconvertens","HMDB0010338",0.1631519694142,0.442213297634984,147,82,0.0277240654093604,0.102963416962787,"11-Oxo-androsterone glucuronide","CC12CC(=O)C3C(CCC4CC(CCC34C)OC3OC(C(O)C(O)C3O)C(O)=O)C1CCC2=O","Organic compounds","Lipids and lipid-like molecules","Glycerolipids","Diradylglycerols","1,2-diacylglycerols"
"s__Anaerotardibacter_sp._CLA_AA_M13","HMDB0010338",0.396299907075292,0.491842475386779,138,80,0.410358027652903,0.563403224443844,"11-Oxo-androsterone glucuronide","CC12CC(=O)C3C(CCC4CC(CCC34C)OC3OC(C(O)C(O)C3O)C(O)=O)C1CCC2=O","Organic compounds","Lipids and lipid-like molecules","Glycerolipids","Diradylglycerols","1,2-diacylglycerols"
"s__Blautia_sp._Marseille_P3087","HMDB0255516",0.109699893017247,0.458342856520935,148,82,0.0062171783405873,0.0486175623031019,"Neoandrographolide","CC1(COC2OC(CO)C(O)C(O)C2O)CCCC2(C)C(CCC3=CCOC3=O)C(=C)CCC12","Organic compounds","Lipids and lipid-like molecules","Prenol lipids","Terpene glycosides","Diterpene glycosides"
"s__Blautia_sp._MSJ_19","HMDB0010357",-0.312293391871532,0.0722565056975871,148,82,0.00484375783086024,0.0434682401921546,"Tetrahydroaldosterone-3-glucuronide","[H][C@@]12CC3(C(O)O1)C(CC[C@@H]3C(=O)CO)C1CCC3CC(CC[C@]3(C)C21)O[C@@H]1O[C@@H]([C@@H](O)[C@@H](O)[C@H]1O)C(O)=O","Organic compounds","Lipids and lipid-like molecules","Steroids and steroid derivatives","Steroidal glycosides","Steroid glucuronide conjugates"
"s__Roseburia_hominis","HMDB0071529",0.0103537094141121,0.367029091977667,149,82,0.00766910938447462,0.055467529997384,"TG(8:0/8:0/i-13:0)","[H][C@](COC(=O)CCCCCCC)(COC(=O)CCCCCCCCCC(C)C)OC(=O)CCCCCCC","Organic compounds","Lipids and lipid-like molecules","Glycerolipids","Triradylcglycerols","Triacylglycerols"
"s__Roseburia_hominis","HMDB0029618",0.049040449845819,0.381286664272265,149,82,0.0121402664261348,0.0673330195176373,"Macrophorin D","CC(O)(CC(O)=O)CC(=O)OCC1=CC(=O)C2(CC3C(=C)CCC4C(C)(C)CCCC34C)OC2C1O","Organic compounds","Lipids and lipid-like molecules","Fatty Acyls","Fatty acids and conjugates","Heterocyclic fatty acids"
"s__Subdoligranulum_sp._APC924_74","HMDB0242023",-0.0833910201120172,-0.373712737127371,148,81,0.0287417841296442,0.103982489135696,"N-Docosahexaenoyl Tryptophan","CCC=CCC=CCC=CCC=CCC=CCC=CCCC(=O)NC(CC1=CNC2=C1C=CC=C2)C(O)=O",NA,NA,NA,NA,NA
"s__Dorea_longicatena","HMDB0004309",-0.3091492835117,0.0269152490721694,149,82,0.0134217140432013,0.0707026693740186,"Triterpenoid","[H][C@@]12CC(C)(C)CC[C@@]1(CC[C@]1(C)C2=CC[C@]2([H])[C@@]3(C)CC[C@H](O)[C@@](C)(COS(O)(=O)=O)[C@]3([H])CC[C@@]12C)C(O)=O","Organic compounds","Lipids and lipid-like molecules","Prenol lipids","Triterpenoids","Triterpenoids"
"s__Dorea_formicigenerans","HMDB0004309",-0.280975875204063,-0.00573567984675831,149,82,0.0434134745967167,0.135434653768234,"Triterpenoid","[H][C@@]12CC(C)(C)CC[C@@]1(CC[C@]1(C)C2=CC[C@]2([H])[C@@]3(C)CC[C@H](O)[C@@](C)(COS(O)(=O)=O)[C@]3([H])CC[C@@]12C)C(O)=O","Organic compounds","Lipids and lipid-like molecules","Prenol lipids","Triterpenoids","Triterpenoids"
"s__Oscillibacter_valericigenes","HMDB0004309",0.272744422274624,0.0179471272624373,149,82,0.061598315453836,0.170070787623639,"Triterpenoid","[H][C@@]12CC(C)(C)CC[C@@]1(CC[C@]1(C)C2=CC[C@]2([H])[C@@]3(C)CC[C@H](O)[C@@](C)(COS(O)(=O)=O)[C@]3([H])CC[C@@]12C)C(O)=O","Organic compounds","Lipids and lipid-like molecules","Prenol lipids","Triterpenoids","Triterpenoids"
"s__Butyrivibrio_crossotus","HMDB0004309",0.313870901933524,0.306865401987353,147,81,0.951248974956099,0.969724201672487,"Triterpenoid","[H][C@@]12CC(C)(C)CC[C@@]1(CC[C@]1(C)C2=CC[C@]2([H])[C@@]3(C)CC[C@H](O)[C@@](C)(COS(O)(=O)=O)[C@]3([H])CC[C@@]12C)C(O)=O","Organic compounds","Lipids and lipid-like molecules","Prenol lipids","Triterpenoids","Triterpenoids"
"s__Holdemanella_sp._MSK_7_32","HMDB0004309",-0.295834552726563,-0.140989159891599,135,81,0.254340507144414,0.410988705887683,"Triterpenoid","[H][C@@]12CC(C)(C)CC[C@@]1(CC[C@]1(C)C2=CC[C@]2([H])[C@@]3(C)CC[C@H](O)[C@@](C)(COS(O)(=O)=O)[C@]3([H])CC[C@@]12C)C(O)=O","Organic compounds","Lipids and lipid-like molecules","Prenol lipids","Triterpenoids","Triterpenoids"
"s__Pseudoflavonifractor_sp._MSJ_30","HMDB0004309",0.303286850746103,0.0709069339689381,148,82,0.084149021757426,0.207326063390605,"Triterpenoid","[H][C@@]12CC(C)(C)CC[C@@]1(CC[C@]1(C)C2=CC[C@]2([H])[C@@]3(C)CC[C@H](O)[C@@](C)(COS(O)(=O)=O)[C@]3([H])CC[C@@]12C)C(O)=O","Organic compounds","Lipids and lipid-like molecules","Prenol lipids","Triterpenoids","Triterpenoids"
"s__Blautia_sp._MSK20_18","HMDB0004309",-0.292302353156662,0.13224714576463,146,82,0.00204433835351196,0.0307504443519598,"Triterpenoid","[H][C@@]12CC(C)(C)CC[C@@]1(CC[C@]1(C)C2=CC[C@]2([H])[C@@]3(C)CC[C@H](O)[C@@](C)(COS(O)(=O)=O)[C@]3([H])CC[C@@]12C)C(O)=O","Organic compounds","Lipids and lipid-like molecules","Prenol lipids","Triterpenoids","Triterpenoids"
"s__Suilimivivens_aceti","HMDB0004309",0.351503126191525,0.148637912081932,148,82,0.120485764908949,0.253438092372225,"Triterpenoid","[H][C@@]12CC(C)(C)CC[C@@]1(CC[C@]1(C)C2=CC[C@]2([H])[C@@]3(C)CC[C@H](O)[C@@](C)(COS(O)(=O)=O)[C@]3([H])CC[C@@]12C)C(O)=O","Organic compounds","Lipids and lipid-like molecules","Prenol lipids","Triterpenoids","Triterpenoids"
"s__Schaalia_odontolytica","HMDB0004309",-0.278515690630425,0.0104632209895368,137,77,0.0413596029214284,0.131494293126461,"Triterpenoid","[H][C@@]12CC(C)(C)CC[C@@]1(CC[C@]1(C)C2=CC[C@]2([H])[C@@]3(C)CC[C@H](O)[C@@](C)(COS(O)(=O)=O)[C@]3([H])CC[C@@]12C)C(O)=O","Organic compounds","Lipids and lipid-like molecules","Prenol lipids","Triterpenoids","Triterpenoids"
"s__Methanobrevibacter_smithii","HMDB0002596",0.34203634942349,0.441057893888083,85,53,0.521787257204781,0.660895530000824,"Deoxycholic acid 3-glucuronide","[H][C@@]12CCC([C@H](C)CCC(O)=O)[C@@]1(C)[C@@H](O)C[C@@]1([H])[C@@]2([H])CC[C@]2([H])C[C@@H](CC[C@]12C)OC1O[C@@H]([C@@H](O)[C@H](O)[C@H]1O)C(O)=O","Organic compounds","Lipids and lipid-like molecules","Steroids and steroid derivatives","Steroidal glycosides","Steroid glucuronide conjugates"
"s__Akkermansia_muciniphila","HMDB0002596",0.448140982377203,-0.142482517482517,126,65,6.34954623453639e-05,0.011505068610506,"Deoxycholic acid 3-glucuronide","[H][C@@]12CCC([C@H](C)CCC(O)=O)[C@@]1(C)[C@@H](O)C[C@@]1([H])[C@@]2([H])CC[C@]2([H])C[C@@H](CC[C@]12C)OC1O[C@@H]([C@@H](O)[C@H](O)[C@H]1O)C(O)=O","Organic compounds","Lipids and lipid-like molecules","Steroids and steroid derivatives","Steroidal glycosides","Steroid glucuronide conjugates"
"s__Oscillibacter_valericigenes","HMDB0002596",0.32148376564484,0.108890847944624,149,82,0.10945296596255,0.239654407211913,"Deoxycholic acid 3-glucuronide","[H][C@@]12CCC([C@H](C)CCC(O)=O)[C@@]1(C)[C@@H](O)C[C@@]1([H])[C@@]2([H])CC[C@]2([H])C[C@@H](CC[C@]12C)OC1O[C@@H]([C@@H](O)[C@H](O)[C@H]1O)C(O)=O","Organic compounds","Lipids and lipid-like molecules","Steroids and steroid derivatives","Steroidal glycosides","Steroid glucuronide conjugates"
"s__Flavonifractor_plautii","HMDB0002596",0.299317975693815,0.105451616765164,149,82,0.146970166331478,0.288666832154962,"Deoxycholic acid 3-glucuronide","[H][C@@]12CCC([C@H](C)CCC(O)=O)[C@@]1(C)[C@@H](O)C[C@@]1([H])[C@@]2([H])CC[C@]2([H])C[C@@H](CC[C@]12C)OC1O[C@@H]([C@@H](O)[C@H](O)[C@H]1O)C(O)=O","Organic compounds","Lipids and lipid-like molecules","Steroids and steroid derivatives","Steroidal glycosides","Steroid glucuronide conjugates"
"s__Vescimonas_fastidiosa","HMDB0002596",0.273844546258339,0.0968317715305667,144,82,0.191603004355606,0.342167634728663,"Deoxycholic acid 3-glucuronide","[H][C@@]12CCC([C@H](C)CCC(O)=O)[C@@]1(C)[C@@H](O)C[C@@]1([H])[C@@]2([H])CC[C@]2([H])C[C@@H](CC[C@]12C)OC1O[C@@H]([C@@H](O)[C@H](O)[C@H]1O)C(O)=O","Organic compounds","Lipids and lipid-like molecules","Steroids and steroid derivatives","Steroidal glycosides","Steroid glucuronide conjugates"
"s__Oscillibacter_sp._MSJ_31","HMDB0002596",0.328260885990827,0.177461607949413,147,81,0.250653408243025,0.408772851007732,"Deoxycholic acid 3-glucuronide","[H][C@@]12CCC([C@H](C)CCC(O)=O)[C@@]1(C)[C@@H](O)C[C@@]1([H])[C@@]2([H])CC[C@]2([H])C[C@@H](CC[C@]12C)OC1O[C@@H]([C@@H](O)[C@H](O)[C@H]1O)C(O)=O","Organic compounds","Lipids and lipid-like molecules","Steroids and steroid derivatives","Steroidal glycosides","Steroid glucuronide conjugates"
"s__Pseudoflavonifractor_sp._MSJ_30","HMDB0002596",0.362538267619763,0.169643343019776,148,82,0.136298332786645,0.277220680094324,"Deoxycholic acid 3-glucuronide","[H][C@@]12CCC([C@H](C)CCC(O)=O)[C@@]1(C)[C@@H](O)C[C@@]1([H])[C@@]2([H])CC[C@]2([H])C[C@@H](CC[C@]12C)OC1O[C@@H]([C@@H](O)[C@H](O)[C@H]1O)C(O)=O","Organic compounds","Lipids and lipid-like molecules","Steroids and steroid derivatives","Steroidal glycosides","Steroid glucuronide conjugates"
"s__Ruminococcus_sp._Marseille_P6503","HMDB0002596",0.281689722801258,0.0956633849038912,138,80,0.176242630507816,0.324399812586756,"Deoxycholic acid 3-glucuronide","[H][C@@]12CCC([C@H](C)CCC(O)=O)[C@@]1(C)[C@@H](O)C[C@@]1([H])[C@@]2([H])CC[C@]2([H])C[C@@H](CC[C@]12C)OC1O[C@@H]([C@@H](O)[C@H](O)[C@H]1O)C(O)=O","Organic compounds","Lipids and lipid-like molecules","Steroids and steroid derivatives","Steroidal glycosides","Steroid glucuronide conjugates"
"s__Pseudoflavonifractor_phocaeensis","HMDB0002596",0.271384001451116,0.218271459823032,149,82,0.683471970743273,0.787995614620679,"Deoxycholic acid 3-glucuronide","[H][C@@]12CCC([C@H](C)CCC(O)=O)[C@@]1(C)[C@@H](O)C[C@@]1([H])[C@@]2([H])CC[C@]2([H])C[C@@H](CC[C@]12C)OC1O[C@@H]([C@@H](O)[C@H](O)[C@H]1O)C(O)=O","Organic compounds","Lipids and lipid-like molecules","Steroids and steroid derivatives","Steroidal glycosides","Steroid glucuronide conjugates"
"s__Anaeromassilibacillus_sp._An200","HMDB0002596",0.274024659462273,0.259118612283169,146,80,0.905717776767266,0.943175087634398,"Deoxycholic acid 3-glucuronide","[H][C@@]12CCC([C@H](C)CCC(O)=O)[C@@]1(C)[C@@H](O)C[C@@]1([H])[C@@]2([H])CC[C@]2([H])C[C@@H](CC[C@]12C)OC1O[C@@H]([C@@H](O)[C@H](O)[C@H]1O)C(O)=O","Organic compounds","Lipids and lipid-like molecules","Steroids and steroid derivatives","Steroidal glycosides","Steroid glucuronide conjugates"
"s__Porcipelethomonas_ammoniilytica","HMDB0002596",0.283741692539807,0.176165939323834,134,77,0.433821956109478,0.583527609766915,"Deoxycholic acid 3-glucuronide","[H][C@@]12CCC([C@H](C)CCC(O)=O)[C@@]1(C)[C@@H](O)C[C@@]1([H])[C@@]2([H])CC[C@]2([H])C[C@@H](CC[C@]12C)OC1O[C@@H]([C@@H](O)[C@H](O)[C@H]1O)C(O)=O","Organic compounds","Lipids and lipid-like molecules","Steroids and steroid derivatives","Steroidal glycosides","Steroid glucuronide conjugates"
"s__Dysosmobacter_sp._BX15","HMDB0002596",0.329860314461165,0.00158084914182475,146,81,0.0157270886877488,0.0773453306948272,"Deoxycholic acid 3-glucuronide","[H][C@@]12CCC([C@H](C)CCC(O)=O)[C@@]1(C)[C@@H](O)C[C@@]1([H])[C@@]2([H])CC[C@]2([H])C[C@@H](CC[C@]12C)OC1O[C@@H]([C@@H](O)[C@H](O)[C@H]1O)C(O)=O","Organic compounds","Lipids and lipid-like molecules","Steroids and steroid derivatives","Steroidal glycosides","Steroid glucuronide conjugates"
"s__Intestinimonas_butyriciproducens","HMDB0002596",0.365169599129331,0.218010252391681,149,82,0.247897511979937,0.406384072373361,"Deoxycholic acid 3-glucuronide","[H][C@@]12CCC([C@H](C)CCC(O)=O)[C@@]1(C)[C@@H](O)C[C@@]1([H])[C@@]2([H])CC[C@]2([H])C[C@@H](CC[C@]12C)OC1O[C@@H]([C@@H](O)[C@H](O)[C@H]1O)C(O)=O","Organic compounds","Lipids and lipid-like molecules","Steroids and steroid derivatives","Steroidal glycosides","Steroid glucuronide conjugates"
"s__Pseudoflavonifractor_capillosus","HMDB0002596",0.333905314710684,0.206473590840326,149,82,0.323555295795404,0.481508413009945,"Deoxycholic acid 3-glucuronide","[H][C@@]12CCC([C@H](C)CCC(O)=O)[C@@]1(C)[C@@H](O)C[C@@]1([H])[C@@]2([H])CC[C@]2([H])C[C@@H](CC[C@]12C)OC1O[C@@H]([C@@H](O)[C@H](O)[C@H]1O)C(O)=O","Organic compounds","Lipids and lipid-like molecules","Steroids and steroid derivatives","Steroidal glycosides","Steroid glucuronide conjugates"
"s__Qingrenia_yutianensis","HMDB0002596",0.330119997373518,0.222600184625501,143,78,0.41413955593783,0.566125625326523,"Deoxycholic acid 3-glucuronide","[H][C@@]12CCC([C@H](C)CCC(O)=O)[C@@]1(C)[C@@H](O)C[C@@]1([H])[C@@]2([H])CC[C@]2([H])C[C@@H](CC[C@]12C)OC1O[C@@H]([C@@H](O)[C@H](O)[C@H]1O)C(O)=O","Organic compounds","Lipids and lipid-like molecules","Steroids and steroid derivatives","Steroidal glycosides","Steroid glucuronide conjugates"
"s__Parolsenella_massiliensis","HMDB0002596",-0.3243054718628,0.0652054794520548,118,74,0.00805712374394677,0.0557412041018802,"Deoxycholic acid 3-glucuronide","[H][C@@]12CCC([C@H](C)CCC(O)=O)[C@@]1(C)[C@@H](O)C[C@@]1([H])[C@@]2([H])CC[C@]2([H])C[C@@H](CC[C@]12C)OC1O[C@@H]([C@@H](O)[C@H](O)[C@H]1O)C(O)=O","Organic compounds","Lipids and lipid-like molecules","Steroids and steroid derivatives","Steroidal glycosides","Steroid glucuronide conjugates"
"s__Roseburia_faecis","HMDB0002577",0.0154870306548159,0.359889422187395,149,82,0.0101381566987489,0.0616635938513836,"Cholic acid glucuronide","[H][C@@]1(CC[C@@]2([H])[C@]3([H])[C@H](O)C[C@]4([H])C[C@@H](CC[C@]4(C)[C@@]3([H])C[C@H](O)[C@]12C)O[C@]1([H])O[C@@H]([C@@H](O)[C@H](O)[C@H]1O)C(O)=O)[C@H](C)CCC(O)=O","Organic compounds","Lipids and lipid-like molecules","Steroids and steroid derivatives","Steroidal glycosides","Steroid glucuronide conjugates"
"s__Romboutsia_timonensis","HMDB0002577",0.324027366207377,0.270949031223004,130,73,0.692456011164827,0.796166317859832,"Cholic acid glucuronide","[H][C@@]1(CC[C@@]2([H])[C@]3([H])[C@H](O)C[C@]4([H])C[C@@H](CC[C@]4(C)[C@@]3([H])C[C@H](O)[C@]12C)O[C@]1([H])O[C@@H]([C@@H](O)[C@H](O)[C@H]1O)C(O)=O)[C@H](C)CCC(O)=O","Organic compounds","Lipids and lipid-like molecules","Steroids and steroid derivatives","Steroidal glycosides","Steroid glucuronide conjugates"
"s__Intestinibacter_bartlettii","HMDB0002577",0.356477416837382,0.235807725533753,135,73,0.369016608479729,0.526841584167156,"Cholic acid glucuronide","[H][C@@]1(CC[C@@]2([H])[C@]3([H])[C@H](O)C[C@]4([H])C[C@@H](CC[C@]4(C)[C@@]3([H])C[C@H](O)[C@]12C)O[C@]1([H])O[C@@H]([C@@H](O)[C@H](O)[C@H]1O)C(O)=O)[C@H](C)CCC(O)=O","Organic compounds","Lipids and lipid-like molecules","Steroids and steroid derivatives","Steroidal glycosides","Steroid glucuronide conjugates"
"s__Clostridium_sp._1001271B_151109_B4","HMDB0002577",0.306331006979063,0.203834398444012,119,60,0.49573066531967,0.639458042511875,"Cholic acid glucuronide","[H][C@@]1(CC[C@@]2([H])[C@]3([H])[C@H](O)C[C@]4([H])C[C@@H](CC[C@]4(C)[C@@]3([H])C[C@H](O)[C@]12C)O[C@]1([H])O[C@@H]([C@@H](O)[C@H](O)[C@H]1O)C(O)=O)[C@H](C)CCC(O)=O","Organic compounds","Lipids and lipid-like molecules","Steroids and steroid derivatives","Steroidal glycosides","Steroid glucuronide conjugates"
"s__Clostridium_saudiense","HMDB0002577",0.374053663186265,0.23665096975018,118,67,0.329411420319704,0.486200443355811,"Cholic acid glucuronide","[H][C@@]1(CC[C@@]2([H])[C@]3([H])[C@H](O)C[C@]4([H])C[C@@H](CC[C@]4(C)[C@@]3([H])C[C@H](O)[C@]12C)O[C@]1([H])O[C@@H]([C@@H](O)[C@H](O)[C@H]1O)C(O)=O)[C@H](C)CCC(O)=O","Organic compounds","Lipids and lipid-like molecules","Steroids and steroid derivatives","Steroidal glycosides","Steroid glucuronide conjugates"
"s__Turicibacter_sanguinis","HMDB0002577",0.389508661632555,0.103817404411086,112,58,0.064139664886055,0.17532001978657,"Cholic acid glucuronide","[H][C@@]1(CC[C@@]2([H])[C@]3([H])[C@H](O)C[C@]4([H])C[C@@H](CC[C@]4(C)[C@@]3([H])C[C@H](O)[C@]12C)O[C@]1([H])O[C@@H]([C@@H](O)[C@H](O)[C@H]1O)C(O)=O)[C@H](C)CCC(O)=O","Organic compounds","Lipids and lipid-like molecules","Steroids and steroid derivatives","Steroidal glycosides","Steroid glucuronide conjugates"
"s__Blautia_wexlerae","HMDB0004158",0.277242880464357,0.221928363861952,149,82,0.670402264194176,0.78223952791517,"Urobilinogen","CCC1=C(C)C(=O)NC1CC1=C(C)C(CCC(O)=O)=C(CC2=C(CCC(O)=O)C(C)=C(CC3NC(=O)C(C=C)=C3C)N2)N1","Organic compounds","Organoheterocyclic compounds","Tetrapyrroles and derivatives","Bilirubins","Bilirubins"
"s__Extibacter_muris","HMDB0004158",0.268757482314529,0.308192118065759,149,82,0.763482625185776,0.844136493600576,"Urobilinogen","CCC1=C(C)C(=O)NC1CC1=C(C)C(CCC(O)=O)=C(CC2=C(CCC(O)=O)C(C)=C(CC3NC(=O)C(C=C)=C3C)N2)N1","Organic compounds","Organoheterocyclic compounds","Tetrapyrroles and derivatives","Bilirubins","Bilirubins"
"s__Bifidobacterium_adolescentis","HMDB0004158",0.275431392800464,0.491391941391941,106,64,0.117975750513703,0.249632722515551,"Urobilinogen","CCC1=C(C)C(=O)NC1CC1=C(C)C(CCC(O)=O)=C(CC2=C(CCC(O)=O)C(C)=C(CC3NC(=O)C(C=C)=C3C)N2)N1","Organic compounds","Organoheterocyclic compounds","Tetrapyrroles and derivatives","Bilirubins","Bilirubins"
"s__Coprococcus_comes","HMDB0004158",0.272994739706149,0.0473329632894723,149,82,0.096558916655285,0.223920415317288,"Urobilinogen","CCC1=C(C)C(=O)NC1CC1=C(C)C(CCC(O)=O)=C(CC2=C(CCC(O)=O)C(C)=C(CC3NC(=O)C(C=C)=C3C)N2)N1","Organic compounds","Organoheterocyclic compounds","Tetrapyrroles and derivatives","Bilirubins","Bilirubins"
"s__Anaerobutyricum_hallii","HMDB0004158",0.309522945764557,0.141258802146254,149,82,0.20343737276529,0.357221272400976,"Urobilinogen","CCC1=C(C)C(=O)NC1CC1=C(C)C(CCC(O)=O)=C(CC2=C(CCC(O)=O)C(C)=C(CC3NC(=O)C(C=C)=C3C)N2)N1","Organic compounds","Organoheterocyclic compounds","Tetrapyrroles and derivatives","Bilirubins","Bilirubins"
"s__Butyrivibrio_crossotus","HMDB0004158",-0.280376126755775,-0.230962059620596,147,81,0.704237621804951,0.803654815023037,"Urobilinogen","CCC1=C(C)C(=O)NC1CC1=C(C)C(CCC(O)=O)=C(CC2=C(CCC(O)=O)C(C)=C(CC3NC(=O)C(C=C)=C3C)N2)N1","Organic compounds","Organoheterocyclic compounds","Tetrapyrroles and derivatives","Bilirubins","Bilirubins"
"s__Oscillibacter_sp._MSJ_31","HMDB0004158",-0.281724833583933,-0.145438121047877,147,81,0.309004157288261,0.467591627435,"Urobilinogen","CCC1=C(C)C(=O)NC1CC1=C(C)C(CCC(O)=O)=C(CC2=C(CCC(O)=O)C(C)=C(CC3NC(=O)C(C=C)=C3C)N2)N1","Organic compounds","Organoheterocyclic compounds","Tetrapyrroles and derivatives","Bilirubins","Bilirubins"
"s__Pseudoflavonifractor_sp._MSJ_30","HMDB0004158",-0.278773363145367,-0.165790533407342,148,82,0.394415107435349,0.551742911401227,"Urobilinogen","CCC1=C(C)C(=O)NC1CC1=C(C)C(CCC(O)=O)=C(CC2=C(CCC(O)=O)C(C)=C(CC3NC(=O)C(C=C)=C3C)N2)N1","Organic compounds","Organoheterocyclic compounds","Tetrapyrroles and derivatives","Bilirubins","Bilirubins"
"s__Intestinimonas_sp._MSJ_38","HMDB0004158",-0.27991522414223,-0.0543855639359606,147,82,0.0967535392633874,0.223920415317288,"Urobilinogen","CCC1=C(C)C(=O)NC1CC1=C(C)C(CCC(O)=O)=C(CC2=C(CCC(O)=O)C(C)=C(CC3NC(=O)C(C=C)=C3C)N2)N1","Organic compounds","Organoheterocyclic compounds","Tetrapyrroles and derivatives","Bilirubins","Bilirubins"
"s__Fusicatenibacter_saccharivorans","HMDB0010394",-0.123235987665518,0.434638282125793,149,82,2.6898240168905e-05,0.0112882947908838,"LysoPC(20:3/0:0)","CCCCC\C=C/C\C=C/C\C=C/CCCCCCC(=O)OC[C@@H](O)COP([O-])(=O)OCC[N+](C)(C)C","Organic compounds","Lipids and lipid-like molecules","Glycerophospholipids","Glycerophosphocholines","1-acyl-sn-glycero-3-phosphocholines"
"s__Ruminococcus_sp._Marseille_P6503","HMDB0010394",-0.299927623753108,-0.122292545710267,138,80,0.192260455439755,0.342322055697317,"LysoPC(20:3/0:0)","CCCCC\C=C/C\C=C/C\C=C/CCCCCCC(=O)OC[C@@H](O)COP([O-])(=O)OCC[N+](C)(C)C","Organic compounds","Lipids and lipid-like molecules","Glycerophospholipids","Glycerophosphocholines","1-acyl-sn-glycero-3-phosphocholines"
"s__Mogibacterium_kristiansenii","HMDB0001898",-0.28260903794678,0.096882325363338,145,80,0.00636808762074891,0.0491866399663981,"Mesobilirubinogen","CCC1=C(C)C(=O)NC1CC1=C(C)C(CCC(O)=O)=C(CC2=C(CCC(O)=O)C(C)=C(CC3NC(=O)C(CC)=C3C)N2)N1","Organic compounds","Organoheterocyclic compounds","Tetrapyrroles and derivatives","Bilirubins","Bilirubins"
"s__Butyrivibrio_crossotus","HMDB0001898",-0.275955995134077,0.00510388437217706,147,81,0.0409080954823806,0.13038808155017,"Mesobilirubinogen","CCC1=C(C)C(=O)NC1CC1=C(C)C(CCC(O)=O)=C(CC2=C(CCC(O)=O)C(C)=C(CC3NC(=O)C(CC)=C3C)N2)N1","Organic compounds","Organoheterocyclic compounds","Tetrapyrroles and derivatives","Bilirubins","Bilirubins"
"s__Clostridium_sp._AF23_8","HMDB0001898",-0.320916464844501,0.200437062937063,116,65,0.000746871121767609,0.0206660911342108,"Mesobilirubinogen","CCC1=C(C)C(=O)NC1CC1=C(C)C(CCC(O)=O)=C(CC2=C(CCC(O)=O)C(C)=C(CC3NC(=O)C(CC)=C3C)N2)N1","Organic compounds","Organoheterocyclic compounds","Tetrapyrroles and derivatives","Bilirubins","Bilirubins"
"s__Blautia_wexlerae","HMDB0240259",-0.335900598585162,-0.127371273712737,149,82,0.113499047061442,0.245524570876898,"Stercobilin","CC[C@H]1[C@H](CC2=C(C)C(CCC(O)=O)=C(N2)\C=C2/N=C(C[C@@H]3NC(=O)[C@H](CC)[C@H]3C)C(C)=C2CCC(O)=O)NC(=O)[C@@H]1C","Organic compounds","Organoheterocyclic compounds","Tetrapyrroles and derivatives","Bilirubins","Bilirubins"
"s__Fusicatenibacter_saccharivorans","HMDB0240259",-0.161026664248141,-0.404991238667407,149,82,0.0575866416371658,0.162559600495946,"Stercobilin","CC[C@H]1[C@H](CC2=C(C)C(CCC(O)=O)=C(N2)\C=C2/N=C(C[C@@H]3NC(=O)[C@H](CC)[C@H]3C)C(C)=C2CCC(O)=O)NC(=O)[C@@H]1C","Organic compounds","Organoheterocyclic compounds","Tetrapyrroles and derivatives","Bilirubins","Bilirubins"
"s__Blautia_massiliensis","HMDB0240259",-0.285569914524852,0.0521435334835276,148,82,0.0137198937241459,0.0715664376148771,"Stercobilin","CC[C@H]1[C@H](CC2=C(C)C(CCC(O)=O)=C(N2)\C=C2/N=C(C[C@@H]3NC(=O)[C@H](CC)[C@H]3C)C(C)=C2CCC(O)=O)NC(=O)[C@@H]1C","Organic compounds","Organoheterocyclic compounds","Tetrapyrroles and derivatives","Bilirubins","Bilirubins"
"s__Coprococcus_comes","HMDB0240259",-0.352163976056593,-0.34561008260685,149,82,0.952008827058931,0.969724201672487,"Stercobilin","CC[C@H]1[C@H](CC2=C(C)C(CCC(O)=O)=C(N2)\C=C2/N=C(C[C@@H]3NC(=O)[C@H](CC)[C@H]3C)C(C)=C2CCC(O)=O)NC(=O)[C@@H]1C","Organic compounds","Organoheterocyclic compounds","Tetrapyrroles and derivatives","Bilirubins","Bilirubins"
"s__Anaerostipes_hadrus","HMDB0240259",-0.300315617631054,-0.290908893024673,149,82,0.936720294927425,0.96424834329269,"Stercobilin","CC[C@H]1[C@H](CC2=C(C)C(CCC(O)=O)=C(N2)\C=C2/N=C(C[C@@H]3NC(=O)[C@H](CC)[C@H]3C)C(C)=C2CCC(O)=O)NC(=O)[C@@H]1C","Organic compounds","Organoheterocyclic compounds","Tetrapyrroles and derivatives","Bilirubins","Bilirubins"
"s__Mogibacterium_kristiansenii","HMDB0240259",0.278865532986931,0.357969995311767,145,80,0.539633325977904,0.677366258630291,"Stercobilin","CC[C@H]1[C@H](CC2=C(C)C(CCC(O)=O)=C(N2)\C=C2/N=C(C[C@@H]3NC(=O)[C@H](CC)[C@H]3C)C(C)=C2CCC(O)=O)NC(=O)[C@@H]1C","Organic compounds","Organoheterocyclic compounds","Tetrapyrroles and derivatives","Bilirubins","Bilirubins"
"s__Cyclospora_cayetanensis","HMDB0240259",0.325514239071286,-0.0906280950359704,149,82,0.00223289241688935,0.0309964907299102,"Stercobilin","CC[C@H]1[C@H](CC2=C(C)C(CCC(O)=O)=C(N2)\C=C2/N=C(C[C@@H]3NC(=O)[C@H](CC)[C@H]3C)C(C)=C2CCC(O)=O)NC(=O)[C@@H]1C","Organic compounds","Organoheterocyclic compounds","Tetrapyrroles and derivatives","Bilirubins","Bilirubins"
"s__Ruminococcus_torques","HMDB0240259",-0.445314710683838,-0.30867099835657,149,82,0.251484975580768,0.409598427239569,"Stercobilin","CC[C@H]1[C@H](CC2=C(C)C(CCC(O)=O)=C(N2)\C=C2/N=C(C[C@@H]3NC(=O)[C@H](CC)[C@H]3C)C(C)=C2CCC(O)=O)NC(=O)[C@@H]1C","Organic compounds","Organoheterocyclic compounds","Tetrapyrroles and derivatives","Bilirubins","Bilirubins"
"s__Ruminococcus_callidus","HMDB0240259",0.33471122979187,0.129526235021386,146,82,0.120750799264227,0.253438092372225,"Stercobilin","CC[C@H]1[C@H](CC2=C(C)C(CCC(O)=O)=C(N2)\C=C2/N=C(C[C@@H]3NC(=O)[C@H](CC)[C@H]3C)C(C)=C2CCC(O)=O)NC(=O)[C@@H]1C","Organic compounds","Organoheterocyclic compounds","Tetrapyrroles and derivatives","Bilirubins","Bilirubins"
"s__Ruminococcus_gnavus","HMDB0240259",-0.36950117903138,-0.345544780749012,149,82,0.839126490892394,0.900648126200788,"Stercobilin","CC[C@H]1[C@H](CC2=C(C)C(CCC(O)=O)=C(N2)\C=C2/N=C(C[C@@H]3NC(=O)[C@H](CC)[C@H]3C)C(C)=C2CCC(O)=O)NC(=O)[C@@H]1C","Organic compounds","Organoheterocyclic compounds","Tetrapyrroles and derivatives","Bilirubins","Bilirubins"
"s__Oscillibacter_sp._ER4","HMDB0240259",0.464899228467958,0.174149171210588,145,82,0.0197961524528466,0.0877582955568093,"Stercobilin","CC[C@H]1[C@H](CC2=C(C)C(CCC(O)=O)=C(N2)\C=C2/N=C(C[C@@H]3NC(=O)[C@H](CC)[C@H]3C)C(C)=C2CCC(O)=O)NC(=O)[C@@H]1C","Organic compounds","Organoheterocyclic compounds","Tetrapyrroles and derivatives","Bilirubins","Bilirubins"
"s__Vescimonas_coprocola","HMDB0240259",0.420634714977956,0.163200226379774,148,82,0.0427250357396215,0.134366811137683,"Stercobilin","CC[C@H]1[C@H](CC2=C(C)C(CCC(O)=O)=C(N2)\C=C2/N=C(C[C@@H]3NC(=O)[C@H](CC)[C@H]3C)C(C)=C2CCC(O)=O)NC(=O)[C@@H]1C","Organic compounds","Organoheterocyclic compounds","Tetrapyrroles and derivatives","Bilirubins","Bilirubins"
"s__Lentihominibacter_faecis","HMDB0240259",0.269729803766237,0.226603432700994,148,81,0.740714849178603,0.826005310111481,"Stercobilin","CC[C@H]1[C@H](CC2=C(C)C(CCC(O)=O)=C(N2)\C=C2/N=C(C[C@@H]3NC(=O)[C@H](CC)[C@H]3C)C(C)=C2CCC(O)=O)NC(=O)[C@@H]1C","Organic compounds","Organoheterocyclic compounds","Tetrapyrroles and derivatives","Bilirubins","Bilirubins"
"s__Ruminococcus_flavefaciens","HMDB0240259",0.360984971552486,0.215332876220328,147,82,0.255051165133273,0.411064457899933,"Stercobilin","CC[C@H]1[C@H](CC2=C(C)C(CCC(O)=O)=C(N2)\C=C2/N=C(C[C@@H]3NC(=O)[C@H](CC)[C@H]3C)C(C)=C2CCC(O)=O)NC(=O)[C@@H]1C","Organic compounds","Organoheterocyclic compounds","Tetrapyrroles and derivatives","Bilirubins","Bilirubins"
"s__Oscillibacter_valericigenes","HMDB0240259",0.423050970433521,0.200966467496,149,82,0.0764184827876375,0.19515389417776,"Stercobilin","CC[C@H]1[C@H](CC2=C(C)C(CCC(O)=O)=C(N2)\C=C2/N=C(C[C@@H]3NC(=O)[C@H](CC)[C@H]3C)C(C)=C2CCC(O)=O)NC(=O)[C@@H]1C","Organic compounds","Organoheterocyclic compounds","Tetrapyrroles and derivatives","Bilirubins","Bilirubins"
"s__Olsenella_uli","HMDB0240259",0.278004195385076,0.360712611345523,141,80,0.522809426801598,0.661524691802223,"Stercobilin","CC[C@H]1[C@H](CC2=C(C)C(CCC(O)=O)=C(N2)\C=C2/N=C(C[C@@H]3NC(=O)[C@H](CC)[C@H]3C)C(C)=C2CCC(O)=O)NC(=O)[C@@H]1C","Organic compounds","Organoheterocyclic compounds","Tetrapyrroles and derivatives","Bilirubins","Bilirubins"
"s__Vescimonas_fastidiosa","HMDB0240259",0.434711839884254,0.233116748838171,144,82,0.104531940615404,0.23189724054938,"Stercobilin","CC[C@H]1[C@H](CC2=C(C)C(CCC(O)=O)=C(N2)\C=C2/N=C(C[C@@H]3NC(=O)[C@H](CC)[C@H]3C)C(C)=C2CCC(O)=O)NC(=O)[C@@H]1C","Organic compounds","Organoheterocyclic compounds","Tetrapyrroles and derivatives","Bilirubins","Bilirubins"
"s__Faecalicatena_fissicatena","HMDB0240259",-0.278639579176492,-0.103514328315974,149,82,0.192505175086339,0.342322055697317,"Stercobilin","CC[C@H]1[C@H](CC2=C(C)C(CCC(O)=O)=C(N2)\C=C2/N=C(C[C@@H]3NC(=O)[C@H](CC)[C@H]3C)C(C)=C2CCC(O)=O)NC(=O)[C@@H]1C","Organic compounds","Organoheterocyclic compounds","Tetrapyrroles and derivatives","Bilirubins","Bilirubins"
"s__Eggerthella_lenta","HMDB0240259",-0.276118265916924,-0.300682404414406,149,82,0.85304631660617,0.908617015742105,"Stercobilin","CC[C@H]1[C@H](CC2=C(C)C(CCC(O)=O)=C(N2)\C=C2/N=C(C[C@@H]3NC(=O)[C@H](CC)[C@H]3C)C(C)=C2CCC(O)=O)NC(=O)[C@@H]1C","Organic compounds","Organoheterocyclic compounds","Tetrapyrroles and derivatives","Bilirubins","Bilirubins"
"s__Oscillibacter_sp._MSJ_31","HMDB0240259",0.398982991937982,0.24496386630533,147,81,0.219678272345898,0.372218856865409,"Stercobilin","CC[C@H]1[C@H](CC2=C(C)C(CCC(O)=O)=C(N2)\C=C2/N=C(C[C@@H]3NC(=O)[C@H](CC)[C@H]3C)C(C)=C2CCC(O)=O)NC(=O)[C@@H]1C","Organic compounds","Organoheterocyclic compounds","Tetrapyrroles and derivatives","Bilirubins","Bilirubins"
"s__Pseudoflavonifractor_sp._MSJ_30","HMDB0240259",0.396335933248685,0.198593833327892,148,82,0.119172467301425,0.25174183948405,"Stercobilin","CC[C@H]1[C@H](CC2=C(C)C(CCC(O)=O)=C(N2)\C=C2/N=C(C[C@@H]3NC(=O)[C@H](CC)[C@H]3C)C(C)=C2CCC(O)=O)NC(=O)[C@@H]1C","Organic compounds","Organoheterocyclic compounds","Tetrapyrroles and derivatives","Bilirubins","Bilirubins"
"s__Klebsiella_pneumoniae","HMDB0240259",0.267335389080356,0.062037037037037,149,81,0.131803011634628,0.270701454564432,"Stercobilin","CC[C@H]1[C@H](CC2=C(C)C(CCC(O)=O)=C(N2)\C=C2/N=C(C[C@@H]3NC(=O)[C@H](CC)[C@H]3C)C(C)=C2CCC(O)=O)NC(=O)[C@@H]1C","Organic compounds","Organoheterocyclic compounds","Tetrapyrroles and derivatives","Bilirubins","Bilirubins"
"s__Ruminococcus_sp._M6_2020","HMDB0240259",0.324809263447806,0.202860221373298,148,82,0.347218041694567,0.505372849125387,"Stercobilin","CC[C@H]1[C@H](CC2=C(C)C(CCC(O)=O)=C(N2)\C=C2/N=C(C[C@@H]3NC(=O)[C@H](CC)[C@H]3C)C(C)=C2CCC(O)=O)NC(=O)[C@@H]1C","Organic compounds","Organoheterocyclic compounds","Tetrapyrroles and derivatives","Bilirubins","Bilirubins"
"s__Blautia_sp._MSK20_18","HMDB0240259",-0.296166118785729,-0.0711028395424517,146,82,0.095767688430963,0.223274013662712,"Stercobilin","CC[C@H]1[C@H](CC2=C(C)C(CCC(O)=O)=C(N2)\C=C2/N=C(C[C@@H]3NC(=O)[C@H](CC)[C@H]3C)C(C)=C2CCC(O)=O)NC(=O)[C@@H]1C","Organic compounds","Organoheterocyclic compounds","Tetrapyrroles and derivatives","Bilirubins","Bilirubins"
"s__Pseudoflavonifractor_phocaeensis","HMDB0240259",0.30172682749864,0.191628301825187,149,82,0.399975515716471,0.555815865658981,"Stercobilin","CC[C@H]1[C@H](CC2=C(C)C(CCC(O)=O)=C(N2)\C=C2/N=C(C[C@@H]3NC(=O)[C@H](CC)[C@H]3C)C(C)=C2CCC(O)=O)NC(=O)[C@@H]1C","Organic compounds","Organoheterocyclic compounds","Tetrapyrroles and derivatives","Bilirubins","Bilirubins"
"s__Brotomerdimonas_butyrica","HMDB0240259",0.319870191690153,0.191689250225836,147,81,0.328004410715893,0.485422361019807,"Stercobilin","CC[C@H]1[C@H](CC2=C(C)C(CCC(O)=O)=C(N2)\C=C2/N=C(C[C@@H]3NC(=O)[C@H](CC)[C@H]3C)C(C)=C2CCC(O)=O)NC(=O)[C@@H]1C","Organic compounds","Organoheterocyclic compounds","Tetrapyrroles and derivatives","Bilirubins","Bilirubins"
"s__Oscillibacter_sp._MCC667","HMDB0240259",0.355219758863095,0.246567299006323,148,81,0.392843104848883,0.550155137936311,"Stercobilin","CC[C@H]1[C@H](CC2=C(C)C(CCC(O)=O)=C(N2)\C=C2/N=C(C[C@@H]3NC(=O)[C@H](CC)[C@H]3C)C(C)=C2CCC(O)=O)NC(=O)[C@@H]1C","Organic compounds","Organoheterocyclic compounds","Tetrapyrroles and derivatives","Bilirubins","Bilirubins"
"s__Yeguia_hominis","HMDB0240259",0.446887682801037,0.239603400050065,146,82,0.0917395767536836,0.21792476817526,"Stercobilin","CC[C@H]1[C@H](CC2=C(C)C(CCC(O)=O)=C(N2)\C=C2/N=C(C[C@@H]3NC(=O)[C@H](CC)[C@H]3C)C(C)=C2CCC(O)=O)NC(=O)[C@@H]1C","Organic compounds","Organoheterocyclic compounds","Tetrapyrroles and derivatives","Bilirubins","Bilirubins"
"s__Clostridium_spiroforme","HMDB0240259",-0.301793398644937,-0.301899890390939,128,69,0.995204410862829,0.999092388001957,"Stercobilin","CC[C@H]1[C@H](CC2=C(C)C(CCC(O)=O)=C(N2)\C=C2/N=C(C[C@@H]3NC(=O)[C@H](CC)[C@H]3C)C(C)=C2CCC(O)=O)NC(=O)[C@@H]1C","Organic compounds","Organoheterocyclic compounds","Tetrapyrroles and derivatives","Bilirubins","Bilirubins"
"s__Dysosmobacter_sp._BX15","HMDB0240259",0.370715201526997,0.184575429087624,146,81,0.15043754260144,0.291385947900328,"Stercobilin","CC[C@H]1[C@H](CC2=C(C)C(CCC(O)=O)=C(N2)\C=C2/N=C(C[C@@H]3NC(=O)[C@H](CC)[C@H]3C)C(C)=C2CCC(O)=O)NC(=O)[C@@H]1C","Organic compounds","Organoheterocyclic compounds","Tetrapyrroles and derivatives","Bilirubins","Bilirubins"
"s__Intestinimonas_butyriciproducens","HMDB0240259",0.355955015418103,0.0822912245186709,149,82,0.0384802641569272,0.125133671792164,"Stercobilin","CC[C@H]1[C@H](CC2=C(C)C(CCC(O)=O)=C(N2)\C=C2/N=C(C[C@@H]3NC(=O)[C@H](CC)[C@H]3C)C(C)=C2CCC(O)=O)NC(=O)[C@@H]1C","Organic compounds","Organoheterocyclic compounds","Tetrapyrroles and derivatives","Bilirubins","Bilirubins"
"s__Collinsella_tanakaei","HMDB0240259",0.276006270724581,0.387901655306719,143,79,0.382382027234579,0.53970736803625,"Stercobilin","CC[C@H]1[C@H](CC2=C(C)C(CCC(O)=O)=C(N2)\C=C2/N=C(C[C@@H]3NC(=O)[C@H](CC)[C@H]3C)C(C)=C2CCC(O)=O)NC(=O)[C@@H]1C","Organic compounds","Organoheterocyclic compounds","Tetrapyrroles and derivatives","Bilirubins","Bilirubins"
"s__Intestinimonas_sp._MSJ_38","HMDB0240259",0.298819787078104,0.184510399320861,147,82,0.384759596059994,0.541495254958147,"Stercobilin","CC[C@H]1[C@H](CC2=C(C)C(CCC(O)=O)=C(N2)\C=C2/N=C(C[C@@H]3NC(=O)[C@H](CC)[C@H]3C)C(C)=C2CCC(O)=O)NC(=O)[C@@H]1C","Organic compounds","Organoheterocyclic compounds","Tetrapyrroles and derivatives","Bilirubins","Bilirubins"
"s__Ruminococcus_champanellensis","HMDB0240259",0.316508484024217,0.298710736052508,142,80,0.88566659773853,0.932319604141144,"Stercobilin","CC[C@H]1[C@H](CC2=C(C)C(CCC(O)=O)=C(N2)\C=C2/N=C(C[C@@H]3NC(=O)[C@H](CC)[C@H]3C)C(C)=C2CCC(O)=O)NC(=O)[C@@H]1C","Organic compounds","Organoheterocyclic compounds","Tetrapyrroles and derivatives","Bilirubins","Bilirubins"
"s__Dorea_ammoniilytica","HMDB0240259",-0.32045591681258,-0.102508204406939,148,80,0.104609683282313,0.23189724054938,"Stercobilin","CC[C@H]1[C@H](CC2=C(C)C(CCC(O)=O)=C(N2)\C=C2/N=C(C[C@@H]3NC(=O)[C@H](CC)[C@H]3C)C(C)=C2CCC(O)=O)NC(=O)[C@@H]1C","Organic compounds","Organoheterocyclic compounds","Tetrapyrroles and derivatives","Bilirubins","Bilirubins"
"s__Collinsella_tanakaei","HMDB0115815",0.279543812994517,0.052823758519961,143,79,0.10100499428357,0.229126644690116,"PA(i-14:0/i-13:0)","[H][C@@](COC(=O)CCCCCCCCCCC(C)C)(COP(O)(O)=O)OC(=O)CCCCCCCCCC(C)C","Organic compounds","Lipids and lipid-like molecules","Glycerophospholipids","Glycerophosphates","1,2-diacylglycerol-3-phosphates"
"s__Gallintestinimicrobium_propionicum","HMDB0010401",-0.0241766214920577,-0.410171852722543,148,82,0.00343196115500453,0.0385789204834884,"LysoPC(22:4/0:0)","CCCCC\C=C/C\C=C/C\C=C/C\C=C/CCCCCC(=O)OC[C@](O)([H])COP([O-])(=O)OCC[N+](C)(C)C","Organic compounds","Lipids and lipid-like molecules","Glycerophospholipids","Glycerophosphocholines","1-acyl-sn-glycero-3-phosphocholines"
"s__Ruthenibacterium_lactatiformans","HMDB0002579",0.294046798476329,0.0319217248397384,149,82,0.0529893136300342,0.156825556491966,"Glycochenodeoxycholic acid 3-glucuronide","[H][C@@]12CCC([C@H](C)CCC(=O)NCC(O)=O)[C@@]1(C)CC[C@@]1([H])[C@@]2([H])[C@H](O)C[C@]2([H])C[C@@H](CC[C@]12C)O[C@@H]1O[C@@H]([C@@H](O)[C@H](O)[C@H]1O)C(O)=O","Organic compounds","Lipids and lipid-like molecules","Steroids and steroid derivatives","Steroidal glycosides","Steroid glucuronide conjugates"
"s__Butyricicoccus_faecihominis","HMDB0002579",-0.117314826708173,-0.394477639555512,147,82,0.0337773275811812,0.116224254158457,"Glycochenodeoxycholic acid 3-glucuronide","[H][C@@]12CCC([C@H](C)CCC(=O)NCC(O)=O)[C@@]1(C)CC[C@@]1([H])[C@@]2([H])[C@H](O)C[C@]2([H])C[C@@H](CC[C@]12C)O[C@@H]1O[C@@H]([C@@H](O)[C@H](O)[C@H]1O)C(O)=O","Organic compounds","Lipids and lipid-like molecules","Steroids and steroid derivatives","Steroidal glycosides","Steroid glucuronide conjugates"
"s__Bacteroides_uniformis","HMDB0034091",-0.0290623523854511,-0.382278481012658,145,79,0.00898866378647781,0.0590954055439842,"Ponasteroside A","[H][C@@]1(CC[C@@]2(O)C3=CC(=O)[C@]4([H])C[C@@H](O[C@]5([H])O[C@H](CO)[C@@H](O)[C@H](O)[C@H]5O)[C@@H](O)C[C@]4(C)[C@@]3([H])CC[C@]12C)[C@@](C)(O)[C@H](O)CCC(C)C","Organic compounds","Lipids and lipid-like molecules","Steroids and steroid derivatives","Steroidal glycosides","Steroidal glycosides"
"s__Bacteroides_fragilis","HMDB0034091",0.0141882822419735,-0.37822315986873,149,80,0.00362388229327629,0.0389954513438876,"Ponasteroside A","[H][C@@]1(CC[C@@]2(O)C3=CC(=O)[C@]4([H])C[C@@H](O[C@]5([H])O[C@H](CO)[C@@H](O)[C@H](O)[C@H]5O)[C@@H](O)C[C@]4(C)[C@@]3([H])CC[C@]12C)[C@@](C)(O)[C@H](O)CCC(C)C","Organic compounds","Lipids and lipid-like molecules","Steroids and steroid derivatives","Steroidal glycosides","Steroidal glycosides"
"s__Mediterraneibacter_glycyrrhizinilyticus","HMDB0037904",0.268873571558135,0.14526398276031,149,82,0.354428131841581,0.51305703970741,"Madlongiside C","CC1(C)CCC2(CCC3(C)C(=CCC4C5(C)CC(O)C(O)C(C)(CO)C5C(O)CC34C)C2C1)C(=O)OC1OCC(O)C(O)C1O","Organic compounds","Lipids and lipid-like molecules","Prenol lipids","Triterpenoids","Triterpenoids"
"s__Dorea_formicigenerans","HMDB0060012",0.169911119172864,-0.367203230265234,149,82,7.31060753646134e-05,0.011505068610506,"Neomenthol-glucuronide","CC(C)C1CCC(C)CC1O[C@@H]1O[C@@H]([C@@H](O)[C@H](O)[C@H]1O)C(O)=O","Organic compounds","Lipids and lipid-like molecules","Prenol lipids","Terpene glycosides","Terpene glycosides"
