"","V1","V2","V3","V4","V5","V6","V7","V8","V9","V10","V11","V12","V13","V14","V15","V16","V17","V18","V19","V20","V21","V22","V23","V24","V25","V26","V27","V28","V29","V30","V31","V32","V33","V34","V35","V36","V37","V38","V39","V40","V41","V42","V43","V44","V45","V46","V47","V48","V49","V50","V51","V52","V53","V54","V55","V56","V57","V58","V59","V60","V61","V62","V63","V64","V65","V66","V67","V68","V69","V70","V71","V72","V73","V74","V75","V76","V77","V78","V79","V80","V81","V82","V83","V84","V85","V86","V87","V88","V89","V90","V91","V92","V93","V94","V95","V96","V97","V98","V99","V100","V101","V102","V103","V104","V105","V106","V107","V108","V109","V110","V111","V112","V113","V114","V115","V116","V117","V118","V119","V120","V121","V122","V123","V124","V125","V126","V127","V128","V129","V130","V131","V132","V133","V134","V135","V136","V137","V138","V139","V140","V141","V142","V143","V144","V145","V146","V147","V148","V149","V150","V151","V152","V153","V154","V155","V156","V157","V158","V159","V160","V161","V162","V163","V164","V165","V166","V167","V168","V169","V170","V171","V172","V173","V174","V175","V176","V177","V178","V179","V180","V181","V182","V183","V184","V185","V186","V187","V188","V189","V190","V191","V192","V193","V194","V195","V196","V197","V198","V199","V200","V201","V202","V203","V204","V205","V206","V207","V208","V209","V210","V211","V212","V213","V214","V215","V216","V217","V218","V219","V220","V221","V222","V223","V224","V225","V226"
"1",NA,0.254397001673871,NA,NA,NA,0.371300714463921,0.81987704275039,NA,NA,NA,0.109029309974668,NA,NA,0.468610980393506,0.97461511414844,0.261578298047884,NA,0.431758022706543,NA,0.993125234484607,0.197451590932345,NA,NA,NA,0.318722942175102,NA,NA,0.825021442363827,NA,NA,NA,NA,0.759625867338249,0.363249406205181,NA,NA,NA,0.679515938182222,NA,NA,NA,NA,NA,0.375161283430181,0.382839361268956,0.295210567212534,0.198452987162725,0.392702000927911,NA,NA,NA,0.354693978264618,NA,NA,NA,NA,NA,NA,0.341653834213158,0.567074334183973,0.110342158222733,0.977645340640269,NA,0.994944497409309,0.345125498140671,0.227628292193161,NA,NA,NA,0.0905059344176459,0.934562986067955,NA,NA,NA,NA,0.872607362534824,NA,NA,NA,NA,NA,0.227532913599817,NA,NA,NA,0.162215594992829,NA,0.85806657077427,NA,NA,NA,NA,0.220391010212995,0.268389073557926,NA,NA,NA,0.83249153223594,NA,NA,NA,NA,NA,0.700755309027983,0.861627663193757,NA,NA,NA,NA,NA,NA,0.120217045144339,NA,NA,NA,NA,NA,NA,NA,NA,0.462335042787224,NA,NA,NA,0.188369795221213,NA,0.052994749617674,NA,0.673626924949021,NA,0.112842441177798,0.376898085622598,NA,NA,NA,NA,NA,NA,0.304982126598084,0.869759228375784,NA,NA,NA,NA,0.672368525884019,0.9409965868712,NA,0.926503558968691,0.304982126598084,NA,0.571219725917493,0.889462933481955,NA,NA,NA,NA,NA,NA,NA,NA,NA,NA,NA,0.409182704881402,0.861627663193757,NA,NA,NA,0.951547890003883,NA,NA,NA,NA,NA,0.756168322242009,0.297203676842549,NA,0.256003962344648,NA,NA,NA,NA,0.755127454657111,NA,0.991228084459447,NA,NA,NA,0.382839361268956,0.362261884459472,NA,NA,0.838911187708267,0.393029782090977,NA,NA,NA,NA,NA,NA,0.875009025264705,NA,NA,NA,NA,NA,NA,0.936689181298525,NA,NA,NA,0.84192368075655,NA,NA,NA,NA,NA,NA,0.567074334183973,NA,NA,0.696302131135017,0.975698046283382,NA,NA,NA
"2",NA,NA,NA,0.431025196377188,NA,0.620607561310645,0.993125234484607,NA,0.268389073557926,NA,0.743116288443784,NA,NA,0.242867229280847,NA,0.540625624568485,0.521754033118992,0.825021442363827,0.79331605953903,0.987370747997044,NA,NA,0.202888448883072,NA,NA,NA,NA,0.672073201025012,NA,NA,0.966874042977536,0.639365561712854,NA,NA,0.903575523901187,0.631319576537471,0.875306100104804,NA,NA,NA,NA,0.70994856362817,NA,0.537474368092521,0.749437600380113,NA,NA,NA,NA,NA,0.983979803877563,0.819638750346356,NA,NA,NA,NA,NA,NA,NA,NA,NA,NA,NA,NA,NA,NA,NA,0.434137216878721,0.480015960097621,NA,0.535599975144057,NA,NA,NA,0.340313783675384,0.70994856362817,0.966874042977536,NA,NA,NA,NA,NA,NA,0.936689181298525,NA,0.154197753696049,NA,NA,NA,NA,NA,NA,NA,0.572832565339331,NA,NA,NA,0.993125234484607,0.885069475511394,NA,NA,0.259750696172969,0.579006961773341,0.714667489368944,0.926503558968691,NA,NA,NA,NA,NA,NA,NA,0.473442354374203,NA,NA,NA,0.588612887848507,0.794604911183256,0.40399784644273,NA,NA,NA,0.678240752185812,NA,NA,NA,NA,NA,NA,NA,0.524274846465718,0.177174002451787,NA,0.452139162371268,NA,NA,NA,NA,NA,0.320653865212621,NA,NA,NA,NA,NA,NA,NA,NA,0.350613527585544,0.635763963079068,0.310725310642861,0.917736578473696,NA,NA,NA,NA,0.809497169938587,NA,NA,NA,NA,NA,NA,NA,NA,0.957384821206385,NA,0.966874042977536,NA,NA,NA,NA,NA,NA,0.903575523901187,0.923291220376541,NA,NA,NA,0.74999758087068,NA,NA,NA,NA,NA,0.453434750025403,NA,NA,0.927111039467104,0.801679239643986,NA,0.571090155282389,0.770373690718188,0.164970330798392,0.903575523901187,NA,NA,NA,NA,NA,0.588612887848507,NA,NA,0.91502207909653,NA,0.431758022706543,NA,NA,NA,NA,0.275958949853865,0.988204150444876,0.572307455753936,0.931802366544284,NA,0.70092610597197,NA,NA,NA,NA,NA,0.898485202839575,0.577429390464473,NA,NA,0.607465457907123
"3",NA,NA,NA,0.927955657212039,NA,NA,NA,0.335697719623155,NA,NA,NA,0.797701218457614,0.571090155282389,NA,NA,NA,NA,NA,NA,NA,0.233174390052025,NA,0.608767124583747,NA,NA,NA,NA,NA,NA,0.810863999566575,NA,NA,NA,NA,NA,NA,NA,NA,NA,NA,NA,NA,NA,NA,NA,0.301472266942823,0.960818038403743,NA,NA,NA,NA,NA,0.731449492307752,0.492761469707431,NA,NA,NA,NA,0.268615996087196,NA,NA,NA,NA,NA,0.988666530498236,NA,NA,0.734498198645014,NA,NA,NA,0.679824091602553,NA,NA,0.625062043996547,NA,NA,NA,NA,NA,0.900589217468848,NA,NA,NA,NA,NA,NA,NA,NA,NA,NA,NA,NA,NA,NA,NA,NA,NA,NA,NA,NA,NA,NA,NA,NA,NA,NA,NA,NA,NA,NA,NA,NA,NA,NA,NA,NA,NA,NA,NA,NA,NA,NA,0.836546703119051,0.426444412516351,NA,NA,NA,NA,NA,NA,NA,NA,NA,NA,NA,NA,0.504420305747128,NA,NA,0.316079640775702,NA,NA,NA,NA,NA,0.37421832891905,NA,NA,0.20797255177117,NA,NA,NA,0.188660361314407,NA,NA,NA,NA,0.538430554994487,NA,NA,NA,0.908579674833586,NA,NA,NA,NA,NA,NA,0.746051544709184,NA,NA,NA,NA,NA,NA,NA,NA,NA,NA,NA,NA,NA,NA,NA,0.106543036598268,NA,NA,NA,NA,NA,NA,NA,NA,NA,NA,NA,NA,NA,NA,NA,NA,NA,NA,NA,NA,NA,NA,NA,NA,NA,NA,NA,NA,NA,NA,NA,NA,NA,NA,NA,NA,NA,NA,NA,NA
"4",NA,NA,NA,NA,0.215111810772751,NA,NA,NA,NA,0.305502311173032,0.876897597924812,NA,NA,NA,NA,NA,NA,NA,0.638850134719047,NA,NA,0.313119522683078,NA,NA,NA,NA,NA,NA,NA,NA,0.893675275980691,0.567074334183973,0.312519624188984,NA,0.518020786382843,0.770008227922649,NA,NA,0.161624609637361,NA,NA,0.802563542666791,NA,0.304982126598084,0.801679239643986,0.9154940543736,NA,NA,NA,NA,NA,NA,NA,0.509552796255158,NA,NA,0.661908184523335,NA,NA,0.415435328793622,NA,NA,NA,NA,NA,NA,NA,0.376546451539629,0.805146583284362,0.55308555857917,0.339285546859496,NA,NA,NA,NA,NA,NA,0.916742826644793,NA,0.453884539716033,NA,NA,NA,0.265991487869591,NA,NA,NA,NA,NA,NA,NA,0.309656754558584,0.770373690718188,0.582244488347945,NA,0.701200844020971,NA,NA,NA,NA,NA,NA,NA,NA,NA,NA,NA,NA,NA,NA,NA,NA,0.236396503402408,NA,NA,NA,NA,NA,NA,NA,0.12434018470546,0.854560667595675,NA,NA,NA,NA,0.469720881324231,NA,NA,NA,0.893675275980691,NA,NA,NA,NA,NA,NA,NA,NA,NA,NA,NA,NA,NA,NA,0.159289698540667,NA,NA,NA,NA,0.0701055449293441,NA,NA,NA,NA,NA,NA,0.815327090329925,NA,0.999807399048696,NA,NA,NA,NA,NA,0.917159832605941,NA,NA,NA,0.79331605953903,NA,0.558271507482124,NA,0.465722828558847,NA,0.241102185683687,NA,NA,NA,NA,NA,NA,NA,0.12434018470546,NA,0.224629732088507,NA,NA,NA,0.306427039528854,NA,NA,NA,NA,NA,NA,NA,NA,NA,NA,0.710131106760186,NA,NA,0.421940680750527,NA,0.982058683359967,NA,NA,NA,NA,NA,NA,NA,NA,NA,NA,NA,0.980075756418007,NA,0.491699738845293,0.603486221976607,NA,NA,NA,NA,NA
"5",NA,NA,NA,NA,NA,NA,NA,NA,0.666524721639521,NA,NA,NA,NA,0.925430804293688,NA,NA,NA,NA,0.134117881318168,0.186369267802797,NA,NA,NA,NA,NA,NA,0.193968401129788,NA,NA,NA,NA,NA,0.991145697069595,NA,0.144777145566014,NA,NA,0.990155296294105,NA,NA,0.931802366544284,NA,NA,NA,0.282748884106976,0.174935012587289,NA,NA,NA,0.999807399048696,NA,NA,NA,NA,NA,NA,NA,NA,NA,0.840069955305804,0.598187350048649,0.810863999566575,NA,NA,NA,NA,NA,NA,NA,NA,NA,NA,NA,NA,NA,NA,NA,0.181821303545445,NA,0.571219725917493,NA,NA,NA,NA,0.271418077828104,NA,NA,NA,0.819214961976614,NA,NA,NA,NA,NA,NA,0.423748025130614,0.100803435816765,NA,NA,NA,NA,NA,0.100803435816765,0.749437600380113,NA,NA,NA,NA,0.336304589131362,NA,NA,NA,NA,NA,NA,NA,NA,NA,NA,NA,0.984142216435178,NA,NA,NA,NA,NA,0.241102185683687,NA,0.917986022475149,NA,0.318722942175102,NA,NA,NA,NA,0.357133690838122,NA,NA,NA,NA,NA,NA,NA,NA,NA,NA,NA,NA,NA,NA,NA,NA,0.214995876370544,0.134117881318168,NA,NA,NA,NA,NA,NA,NA,NA,NA,NA,NA,NA,NA,NA,0.503442223619277,NA,0.320352910475913,0.678503760773988,0.702627124265283,0.719560939093625,NA,NA,NA,NA,NA,NA,NA,NA,NA,NA,NA,NA,NA,0.470749244019566,NA,NA,NA,NA,NA,NA,NA,NA,0.658368662126072,NA,NA,NA,NA,NA,NA,NA,NA,NA,NA,0.309656754558584,NA,NA,NA,NA,NA,NA,NA,NA,0.384588386023067,NA,NA,NA,NA,NA,NA,NA,NA,NA
"6",NA,NA,NA,NA,NA,NA,0.775248987371182,0.704134345566732,0.993588244632266,NA,NA,NA,NA,0.638105815923475,NA,0.145585547892241,0.889462933481955,0.708769136607602,NA,0.273795071750365,NA,NA,NA,0.875306100104804,NA,0.825021442363827,NA,NA,NA,NA,0.679272474416052,NA,NA,NA,NA,NA,NA,0.503442223619277,NA,0.964355727414998,0.679272474416052,0.419963255497818,NA,0.994944497409309,NA,NA,NA,NA,NA,NA,NA,0.950649665294409,NA,NA,NA,NA,NA,NA,NA,NA,NA,NA,NA,NA,NA,NA,NA,0.812545551004914,NA,NA,0.966874042977536,NA,NA,NA,0.511296901247328,0.759766317876521,0.892331898458729,NA,NA,NA,NA,NA,NA,0.992976983620747,NA,NA,NA,NA,NA,NA,NA,NA,NA,NA,NA,NA,NA,0.975698046283382,0.94392784679357,NA,0.590765137686681,0.320352910475913,NA,0.990030534576024,0.993229729175272,NA,0.58205447924428,NA,0.742829450410648,NA,NA,NA,NA,0.667113726841946,NA,NA,NA,0.982058683359967,0.672810161293464,NA,0.278182905378687,NA,0.898045695426416,NA,NA,NA,NA,NA,0.688102730661772,NA,NA,0.963039730568882,0.893675275980691,NA,NA,NA,NA,NA,NA,0.969165003242845,NA,NA,NA,NA,NA,NA,NA,0.591733533824351,NA,NA,0.611577141395837,0.835018314598845,NA,NA,NA,NA,0.771834547479943,NA,NA,NA,NA,NA,NA,NA,0.335697719623155,NA,NA,0.721119376035478,0.514209511925685,NA,NA,NA,0.917943214690077,NA,0.215111810772751,0.825021442363827,NA,0.268389073557926,NA,0.759766317876521,NA,NA,NA,NA,NA,NA,NA,NA,0.473887021482649,0.76558461862491,NA,0.626858440835022,0.66028649142299,NA,0.964785074037011,NA,NA,NA,NA,NA,NA,NA,NA,NA,NA,0.213915117364569,NA,NA,NA,NA,NA,0.514209511925685,0.37025466993004,NA,NA,NA,NA,NA,NA,NA,NA,NA,0.220305461405992,NA,NA,0.219230129186328
"7",NA,NA,NA,NA,NA,NA,NA,0.439523665696216,0.134117881318168,NA,NA,NA,NA,0.181130497027004,NA,0.95542659581021,0.966874042977536,0.482132551092431,NA,0.351300653970001,NA,NA,0.487440612236507,NA,NA,NA,NA,0.892331898458729,NA,NA,0.840951616395283,NA,NA,NA,NA,NA,0.55245933764144,0.639831007490027,NA,NA,0.305502311173032,0.611577141395837,NA,0.448533015709933,NA,NA,NA,NA,NA,NA,NA,0.524197957642934,NA,NA,NA,NA,NA,NA,NA,NA,NA,NA,NA,NA,NA,NA,NA,0.546814528509305,NA,NA,0.988204150444876,NA,NA,NA,0.84126981967426,NA,0.949524601824355,NA,NA,NA,NA,NA,NA,0.617655342210444,NA,NA,NA,NA,NA,NA,NA,NA,NA,NA,NA,NA,NA,0.426444412516351,0.186024486279693,NA,NA,NA,NA,0.164090902998168,0.527573735981254,NA,0.126924606942469,NA,NA,0.154197753696049,NA,NA,NA,0.547608282134579,NA,NA,NA,0.965800889959009,NA,NA,NA,NA,0.497632676296661,NA,NA,NA,NA,NA,0.375732168258702,NA,NA,0.84192368075655,0.506022503321001,NA,NA,NA,NA,NA,NA,0.983979803877563,NA,NA,NA,NA,NA,NA,NA,0.269165196463275,NA,NA,0.697650171298397,0.819699096495709,0.35488702608187,NA,NA,NA,0.807611320287289,NA,NA,NA,NA,NA,NA,NA,NA,NA,0.282748884106976,0.871216166507459,0.109029309974668,NA,NA,NA,0.419054424479112,NA,NA,0.301472266942823,NA,0.972296378181968,NA,0.678630857850311,NA,NA,NA,NA,NA,NA,NA,NA,0.66293380117065,0.70866947948333,NA,0.431624553672088,0.949524601824355,0.330189012500888,NA,NA,NA,NA,NA,NA,0.845821662828079,NA,NA,NA,NA,NA,0.290138434024299,NA,0.171487992882106,NA,NA,0.616140514257266,NA,NA,0.327857750864634,0.908117212036916,NA,NA,0.278182905378687,NA,NA,NA,0.506022503321001,NA,NA,NA
"8",NA,NA,NA,NA,NA,NA,NA,NA,NA,NA,NA,0.320887587342514,NA,NA,NA,0.665319280368951,0.92756033593777,0.435497357221115,NA,NA,0.297517581109422,0.163446396313694,0.457732561944713,0.254397001673871,NA,NA,NA,NA,NA,NA,NA,NA,NA,NA,NA,NA,NA,NA,NA,0.4974201430089,NA,NA,NA,NA,NA,NA,NA,NA,NA,NA,NA,NA,0.265991487869591,NA,NA,NA,NA,0.32553724422717,NA,NA,NA,NA,NA,NA,NA,NA,0.27648011909205,0.305502311173032,NA,NA,0.430504402315098,NA,0.992976983620747,NA,0.188369795221213,NA,0.284735102207517,NA,NA,0.620085586263441,0.0828686542512751,NA,NA,0.320352910475913,NA,NA,NA,NA,NA,NA,NA,NA,NA,NA,NA,NA,NA,0.507782094568608,NA,NA,NA,0.644920371487598,NA,NA,0.475124011505117,NA,NA,NA,NA,NA,NA,NA,NA,NA,NA,NA,NA,0.572832565339331,NA,NA,NA,NA,0.52986410530144,NA,0.202888448883072,0.368714169663172,NA,NA,NA,NA,NA,0.608151352726511,NA,NA,0.955074204676948,NA,NA,NA,NA,NA,NA,NA,NA,NA,NA,NA,NA,NA,NA,NA,NA,NA,NA,NA,0.45632033711247,NA,NA,NA,NA,NA,NA,NA,NA,NA,NA,NA,NA,0.335697719623155,NA,NA,NA,NA,NA,NA,NA,NA,NA,NA,NA,0.772051300584871,NA,NA,NA,NA,NA,NA,NA,0.774238868133282,0.956263165402686,0.424052309821364,NA,0.755127454657111,0.994942685158654,NA,0.572832565339331,NA,NA,NA,NA,NA,0.174935012587289,NA,0.458194064605912,NA,NA,NA,NA,NA,NA,NA,NA,NA,NA,NA,NA,NA,NA,NA,NA,NA,NA,NA,NA,NA,NA,NA
"9",NA,NA,NA,NA,NA,NA,NA,NA,NA,NA,0.174935012587289,NA,NA,0.801679239643986,NA,NA,NA,NA,NA,0.603486221976607,NA,NA,NA,0.254397001673871,NA,0.642185933532581,0.73587812533766,0.259498313888801,NA,NA,NA,NA,NA,NA,NA,NA,NA,0.936689181298525,NA,0.891688135986613,0.37421832891905,NA,NA,0.0155434121052311,NA,NA,NA,NA,NA,NA,NA,0.0685616371500049,NA,NA,NA,NA,NA,NA,NA,NA,0.70714625820406,0.716834713710464,NA,NA,NA,NA,NA,0.103609687350916,NA,NA,0.173292081953007,NA,NA,NA,0.697650171298397,0.152189034101287,0.879545029995673,NA,NA,NA,NA,NA,NA,0.074584468752856,NA,0.242867229280847,NA,NA,NA,0.794941645144634,NA,NA,NA,NA,NA,0.650270792781754,NA,0.0387407375369006,0.569284226881843,NA,NA,0.242867229280847,NA,0.774676749871495,0.0685616371500049,NA,0.19103978738705,NA,NA,NA,NA,NA,NA,NA,NA,NA,NA,0.16146470063461,NA,NA,NA,NA,0.900589217468848,NA,NA,NA,NA,NA,0.730566023852064,NA,NA,0.21366573175426,0.85806657077427,NA,NA,NA,NA,NA,NA,NA,NA,NA,NA,NA,NA,NA,NA,NA,NA,NA,0.336862118654403,NA,0.977413508958859,NA,NA,NA,NA,NA,NA,NA,NA,NA,NA,NA,NA,NA,NA,0.00990892115221068,NA,NA,NA,NA,0.713062659467669,NA,0.408308232318392,0.221312535736377,NA,0.268389073557926,NA,0.145585547892241,NA,NA,NA,NA,NA,NA,NA,NA,0.273935615341439,0.0458254335343883,NA,NA,0.273935615341439,NA,0.434505931810252,NA,NA,NA,NA,NA,NA,NA,NA,NA,NA,NA,NA,NA,0.953860410654847,NA,NA,NA,NA,NA,0.966874042977536,NA,0.304982126598084,NA,0.109029309974668,NA,NA,NA,NA,NA,NA,NA
"10",NA,NA,NA,NA,NA,NA,NA,NA,NA,NA,NA,NA,NA,NA,NA,NA,0.26510052028086,NA,NA,NA,NA,NA,0.567074334183973,NA,NA,NA,NA,NA,NA,NA,NA,NA,NA,NA,NA,NA,NA,NA,NA,NA,NA,NA,NA,NA,NA,NA,NA,NA,NA,NA,NA,NA,NA,NA,NA,NA,NA,NA,NA,NA,NA,NA,NA,NA,NA,0.363249406205181,NA,NA,NA,NA,0.714936873444744,NA,NA,NA,NA,NA,NA,NA,NA,NA,NA,NA,NA,NA,NA,NA,NA,NA,NA,NA,NA,0.339285546859496,NA,NA,NA,NA,NA,NA,NA,NA,NA,NA,NA,NA,NA,NA,NA,0.84330197076515,NA,NA,NA,NA,NA,NA,NA,NA,NA,NA,NA,NA,NA,NA,0.945881049701348,NA,NA,NA,NA,NA,NA,NA,NA,NA,NA,NA,NA,NA,NA,NA,NA,NA,NA,NA,NA,NA,NA,NA,NA,NA,NA,NA,NA,NA,NA,NA,NA,NA,0.571219725917493,NA,NA,NA,NA,NA,NA,NA,NA,NA,NA,NA,NA,NA,NA,NA,NA,NA,NA,NA,NA,NA,NA,0.46560727036616,NA,NA,NA,NA,NA,NA,NA,NA,NA,NA,NA,NA,NA,NA,0.492761469707431,NA,NA,NA,NA,NA,NA,NA,NA,NA,NA,NA,NA,NA,NA,NA,NA,NA,NA,NA,NA,NA,NA,0.383621222354612,NA,NA,NA,0.187515533772781,NA,NA,NA,NA
"11",NA,NA,NA,NA,NA,NA,NA,NA,NA,NA,NA,NA,NA,0.297641673044626,NA,0.943011261668992,0.679515938182222,0.730566023852064,0.309656754558584,0.752510580198753,NA,0.690243834329181,NA,0.305502311173032,0.301472266942823,NA,0.0273030864084864,0.754039610378955,NA,NA,0.92756033593777,NA,NA,NA,0.957847822311387,0.575767691900037,NA,NA,NA,NA,NA,0.912738984106762,NA,0.381584325239744,0.774238868133282,0.667133952116515,NA,NA,0.213915117364569,NA,0.435777142739744,0.85522551459465,NA,0.419054424479112,NA,NA,NA,NA,NA,NA,NA,NA,NA,NA,0.624884972294745,NA,NA,0.335697719623155,0.506022503321001,0.664415280844135,0.679229401938853,0.42985409911901,NA,NA,NA,0.952264101472549,0.399349825815559,0.907278170488015,NA,NA,NA,0.463213880239282,NA,0.487440612236507,NA,0.058904949459227,NA,NA,NA,NA,NA,NA,0.907214558040623,0.112953552375992,NA,NA,NA,0.713128495129002,0.197451590932345,NA,NA,NA,NA,0.500323511210062,0.320352910475913,NA,0.341653834213158,NA,NA,NA,NA,NA,NA,NA,NA,NA,NA,0.541812035451326,NA,NA,0.145683911473234,NA,0.973549807854988,NA,NA,NA,0.432087720461672,NA,NA,NA,0.826164349487925,0.162159797474217,NA,NA,NA,NA,NA,NA,NA,NA,NA,NA,NA,NA,NA,NA,NA,0.149625102289358,0.0919360336498077,NA,0.217022829701948,NA,NA,NA,0.232884260087488,NA,0.721629208338917,NA,NA,0.53219263074947,NA,NA,NA,0.202888448883072,0.366528135449596,0.608767124583747,NA,0.470797134302258,NA,NA,NA,NA,NA,NA,NA,0.819699096495709,NA,NA,NA,0.97904109785689,NA,NA,NA,0.278182905378687,NA,NA,NA,NA,0.320352910475913,0.368249578575738,NA,0.859770178111727,0.994944497409309,0.171487992882106,0.537474368092521,NA,NA,NA,NA,NA,0.970150166386398,NA,NA,0.555850586045958,NA,0.836546703119051,NA,0.68119449864612,NA,NA,NA,0.992976983620747,0.975698046283382,0.95005978537064,NA,NA,NA,NA,NA,NA,0.195619929198749,NA,0.950649665294409,NA,NA,0.393547815236302
"12",NA,NA,NA,NA,NA,NA,NA,NA,NA,NA,NA,NA,NA,0.273935615341439,NA,NA,0.571090155282389,NA,NA,NA,0.963039730568882,NA,NA,NA,NA,NA,0.198452987162725,NA,NA,0.72880682055953,NA,NA,NA,NA,0.487440612236507,NA,NA,NA,NA,NA,NA,NA,NA,NA,NA,NA,0.501573565256577,NA,0.537474368092521,NA,NA,NA,0.688102730661772,NA,NA,NA,NA,NA,NA,NA,0.287022189346025,NA,NA,0.301472266942823,NA,NA,0.8363668001196,0.714845198537817,NA,NA,0.743116288443784,NA,0.271192593506721,NA,0.186024486279693,NA,NA,NA,0.237362745014921,NA,NA,0.566190217107428,NA,NA,NA,NA,NA,NA,NA,NA,NA,NA,NA,NA,NA,NA,NA,0.558271507482124,NA,NA,NA,NA,NA,NA,0.994944497409309,NA,NA,NA,NA,NA,NA,0.716834713710464,NA,NA,NA,NA,NA,0.345043676883325,NA,NA,NA,NA,0.696302131135017,0.571090155282389,0.906570845352461,NA,NA,NA,NA,NA,NA,0.269165196463275,NA,NA,NA,NA,NA,NA,NA,NA,NA,NA,NA,NA,NA,NA,NA,NA,NA,NA,0.963039730568882,NA,NA,0.749079662137688,0.114679256254209,NA,NA,NA,NA,NA,NA,NA,NA,NA,NA,NA,NA,0.776667507704308,NA,NA,NA,NA,NA,NA,NA,NA,NA,NA,NA,0.719389940074442,NA,NA,NA,NA,NA,NA,NA,NA,NA,NA,NA,NA,0.512549807510422,NA,0.888146248387643,NA,NA,NA,NA,NA,NA,NA,NA,NA,NA,NA,NA,NA,NA,NA,NA,NA,NA,NA,NA,NA,NA,NA,NA,NA,NA,NA,NA,NA,NA,0.273935615341439
"13",NA,NA,NA,NA,NA,NA,NA,NA,NA,NA,NA,NA,NA,NA,NA,0.320653865212621,NA,NA,NA,NA,NA,0.966021283830924,NA,NA,NA,NA,NA,NA,NA,NA,NA,NA,NA,NA,0.343906919401275,NA,NA,NA,NA,NA,NA,NA,NA,NA,NA,NA,NA,NA,NA,NA,NA,NA,NA,NA,NA,NA,NA,NA,NA,NA,NA,NA,NA,NA,NA,NA,NA,NA,NA,NA,NA,NA,NA,NA,NA,NA,NA,NA,NA,NA,NA,NA,NA,NA,NA,NA,NA,NA,NA,NA,NA,NA,NA,NA,NA,NA,NA,NA,NA,NA,NA,NA,NA,NA,NA,NA,NA,NA,NA,NA,NA,NA,NA,NA,NA,NA,NA,0.538430554994487,NA,NA,NA,NA,0.734885806592723,NA,NA,NA,NA,NA,NA,NA,NA,NA,NA,NA,NA,NA,NA,NA,NA,NA,NA,NA,NA,NA,NA,NA,NA,NA,NA,0.00990892115221068,NA,NA,NA,0.743116288443784,NA,NA,NA,NA,NA,NA,NA,NA,NA,NA,NA,NA,NA,NA,NA,NA,NA,NA,NA,NA,NA,NA,NA,0.241102185683687,NA,NA,NA,NA,NA,NA,NA,NA,NA,NA,NA,NA,NA,NA,NA,NA,NA,NA,NA,NA,NA,NA,NA,NA,NA,NA,NA,NA,NA,NA,NA,NA,NA,NA,NA,NA,NA,NA,NA,NA,NA,NA,NA,NA,NA,NA,NA,NA
"14",NA,NA,NA,NA,NA,NA,NA,NA,NA,NA,NA,NA,NA,NA,NA,0.46346974256125,NA,NA,0.153262668199278,0.36623722335313,NA,NA,NA,0.188660361314407,NA,0.991906748949407,NA,0.734885806592723,NA,NA,NA,NA,NA,NA,NA,NA,NA,0.237362745014921,NA,NA,0.841912417777515,NA,NA,0.0407355371348675,NA,NA,NA,NA,NA,NA,NA,0.295210567212534,NA,NA,NA,NA,NA,NA,NA,NA,0.4698744493391,NA,NA,NA,NA,0.305980940985272,NA,0.117336538002292,NA,NA,0.650043135306028,NA,NA,NA,0.301472266942823,0.155117792723521,NA,NA,NA,NA,NA,NA,NA,0.152189034101287,NA,0.114679256254209,NA,0.571838362583659,NA,NA,NA,0.174935012587289,0.208918484645003,0.235191559819788,NA,NA,NA,0.101917653957011,0.572307455753936,NA,0.254397001673871,NA,NA,0.696302131135017,0.371300714463921,NA,0.181130497027004,NA,0.541812035451326,NA,NA,NA,NA,NA,NA,NA,NA,0.301472266942823,0.68819475944102,NA,0.759766317876521,0.109029309974668,NA,NA,NA,NA,NA,NA,0.963039730568882,NA,NA,0.408764681947705,0.313128674116122,0.0905059344176459,NA,NA,NA,NA,NA,NA,NA,NA,NA,NA,NA,NA,NA,0.305502311173032,0.186024486279693,NA,0.18870951959222,NA,0.782215869134202,NA,NA,NA,NA,NA,NA,NA,NA,NA,NA,NA,NA,0.197451590932345,NA,0.164090902998168,0.732779203670623,NA,NA,NA,NA,NA,0.85806657077427,0.110342158222733,NA,0.470999161458597,NA,0.759335264505457,NA,NA,NA,NA,NA,NA,NA,NA,0.566846272694809,0.174935012587289,NA,NA,0.162159797474217,0.409182704881402,0.411199453520323,NA,NA,NA,NA,NA,NA,NA,NA,NA,NA,NA,NA,NA,NA,NA,NA,NA,0.295201658554799,NA,NA,NA,NA,NA,NA,NA,NA,NA,NA,NA,NA,NA
"15",NA,NA,NA,NA,NA,NA,NA,NA,NA,NA,NA,NA,NA,NA,NA,NA,NA,NA,NA,NA,NA,NA,NA,NA,0.749437600380113,NA,NA,NA,NA,NA,NA,NA,NA,0.436377212567613,NA,NA,NA,NA,NA,NA,NA,NA,NA,NA,NA,NA,NA,NA,NA,NA,NA,NA,NA,NA,NA,NA,NA,NA,NA,NA,NA,NA,NA,NA,NA,NA,NA,NA,NA,NA,NA,NA,NA,NA,NA,0.537474368092521,NA,NA,NA,NA,NA,NA,NA,NA,NA,NA,NA,NA,NA,NA,NA,NA,NA,NA,NA,NA,NA,NA,NA,NA,NA,NA,NA,NA,NA,NA,NA,NA,NA,NA,NA,NA,NA,NA,NA,NA,NA,NA,NA,NA,NA,NA,NA,NA,NA,NA,NA,NA,NA,NA,NA,NA,NA,NA,NA,NA,NA,NA,0.45632033711247,NA,NA,NA,NA,NA,NA,NA,NA,NA,NA,NA,0.267540386082368,NA,NA,NA,NA,NA,NA,NA,NA,NA,NA,NA,NA,NA,0.213915117364569,NA,NA,NA,NA,NA,NA,NA,NA,NA,NA,0.244824714092509,NA,NA,NA,NA,NA,NA,NA,NA,NA,NA,NA,NA,NA,NA,NA,NA,NA,NA,NA,NA,NA,NA,NA,NA,NA,NA,NA,NA,NA,NA,NA,NA,NA,NA,NA,NA,NA,NA,NA,NA,NA,NA,NA,NA,NA,NA,NA,NA,NA,NA
"16",NA,NA,NA,NA,NA,NA,NA,NA,NA,NA,NA,NA,NA,NA,NA,NA,0.520599078567715,0.714845198537817,NA,0.934562986067955,NA,NA,NA,NA,NA,NA,NA,NA,NA,NA,0.470749244019566,NA,NA,NA,0.155628921442454,NA,NA,NA,NA,NA,0.368249578575738,0.673626924949021,NA,0.893675275980691,NA,NA,NA,NA,NA,NA,NA,0.707034992399,NA,NA,NA,NA,NA,NA,NA,0.145585547892241,NA,NA,NA,NA,NA,NA,NA,0.44603363645965,NA,NA,0.507278717520745,NA,NA,NA,NA,0.497689671530425,NA,NA,NA,NA,NA,NA,NA,0.369118353379833,NA,NA,NA,NA,NA,NA,NA,NA,NA,0.689550546819229,NA,NA,NA,0.755127454657111,NA,NA,NA,NA,NA,0.608151352726511,0.498602011314967,NA,NA,NA,0.943011261668992,NA,NA,NA,NA,NA,NA,NA,NA,0.68461973674823,0.273935615341439,NA,0.953860410654847,NA,NA,NA,NA,NA,NA,NA,NA,NA,NA,0.646509964412712,NA,NA,NA,NA,NA,NA,NA,NA,NA,NA,NA,NA,NA,NA,NA,NA,NA,NA,0.514209511925685,NA,NA,NA,0.719564166235784,NA,0.509552796255158,NA,NA,NA,NA,NA,NA,0.400972450767922,NA,NA,NA,0.582244488347945,0.231128222736386,NA,NA,NA,NA,NA,NA,0.600601830902814,NA,0.744723254337559,NA,0.715629134532439,NA,NA,NA,NA,NA,NA,NA,NA,0.141790133734341,0.966874042977536,NA,NA,0.223467740276727,0.524274846465718,NA,NA,NA,NA,NA,NA,NA,NA,NA,NA,NA,NA,NA,NA,NA,NA,NA,0.872743679139615,0.692106077444231,NA,NA,NA,NA,NA,NA,NA,NA,NA,0.703195807554654,NA,NA,0.863542193771986
"17",NA,NA,NA,NA,NA,NA,NA,NA,NA,NA,NA,NA,NA,NA,NA,NA,NA,0.494533740082618,0.793733624793591,0.966874042977536,0.360425003628535,NA,0.829912556976741,NA,NA,NA,NA,NA,NA,NA,0.992976983620747,NA,NA,NA,0.518481231084586,NA,0.410164948370234,NA,NA,NA,NA,0.629005684310331,NA,0.4974201430089,0.749725327465921,NA,0.80331609528012,NA,NA,NA,NA,0.664891382842965,0.869796578695495,NA,0.873424535396534,NA,NA,NA,NA,NA,NA,NA,NA,NA,NA,0.730330703977485,0.581001850874735,0.950649665294409,NA,NA,0.965800889959009,NA,NA,NA,0.614653802897487,0.946647905182187,0.445075097689828,NA,NA,0.519544380240118,NA,NA,NA,0.973549807854988,NA,NA,NA,NA,NA,NA,NA,NA,NA,0.320653865212621,NA,NA,NA,0.85806657077427,0.615221804701855,NA,NA,0.966874042977536,NA,NA,0.678503760773988,NA,NA,NA,NA,NA,NA,NA,NA,NA,NA,NA,0.9212278290985,0.888146248387643,0.358553067811947,NA,NA,NA,0.615536514943387,NA,0.240685194580076,NA,NA,NA,NA,NA,NA,0.831309677535779,NA,NA,NA,NA,0.770373690718188,NA,NA,NA,NA,NA,NA,NA,NA,NA,NA,NA,NA,NA,0.931802366544284,NA,NA,NA,0.643807307589239,NA,0.39964333827018,NA,NA,NA,NA,NA,NA,NA,NA,NA,NA,0.93778681286761,NA,NA,NA,NA,NA,NA,NA,0.579006961773341,NA,NA,NA,0.907278170488015,NA,NA,NA,NA,NA,NA,NA,NA,0.272385338994979,0.603598544247016,NA,0.506022503321001,0.753917877332226,NA,0.37421832891905,NA,NA,NA,NA,NA,NA,NA,NA,NA,NA,0.947402407273034,NA,NA,NA,NA,NA,0.6260435603752,0.425533229922025,0.85522551459465,NA,0.484741945141868,NA,NA,NA,NA,NA,NA,NA,NA,NA,NA
"18",NA,NA,NA,NA,NA,NA,NA,NA,NA,NA,NA,NA,NA,NA,NA,NA,NA,NA,NA,0.903575523901187,NA,NA,NA,NA,NA,NA,NA,0.148978653411758,NA,NA,NA,NA,NA,NA,NA,0.994944497409309,NA,NA,NA,NA,NA,NA,0.363249406205181,0.455389075464126,0.33081084115812,NA,NA,NA,NA,NA,NA,0.244165416838255,NA,NA,NA,NA,NA,NA,NA,NA,NA,NA,NA,NA,NA,NA,NA,0.685198304056833,NA,NA,0.56887442794477,NA,NA,NA,NA,0.713128495129002,0.380397794599815,NA,NA,NA,NA,NA,NA,0.297203676842549,NA,NA,NA,NA,NA,NA,NA,NA,NA,NA,NA,NA,NA,0.302627917738631,NA,NA,NA,NA,NA,0.241102185683687,0.305502311173032,NA,0.301472266942823,NA,NA,NA,NA,NA,NA,NA,NA,NA,0.460330993631947,0.80891754029406,0.473442354374203,NA,NA,NA,0.534331567170904,NA,NA,NA,NA,NA,0.457731601536035,NA,0.858091579198507,0.70714625820406,NA,NA,NA,NA,NA,NA,NA,NA,0.426444412516351,0.869796578695495,NA,NA,NA,NA,NA,0.121629689107209,0.261578298047884,NA,0.193322353452484,NA,NA,NA,NA,NA,0.310107898392772,NA,NA,NA,NA,NA,NA,NA,NA,NA,NA,0.823899272171756,NA,NA,NA,NA,NA,NA,0.858058393156634,0.66716061177489,NA,0.506022503321001,NA,0.76270813786848,NA,NA,NA,NA,NA,NA,NA,NA,0.310107898392772,0.917986022475149,NA,NA,0.919731197027373,0.571090155282389,0.465716706376433,NA,NA,NA,NA,NA,NA,NA,NA,NA,NA,NA,NA,NA,NA,NA,NA,NA,NA,NA,0.052994749617674,0.383425838957024,NA,NA,NA,0.110342158222733,NA,NA,0.839930805184107,NA,NA,NA
"19",NA,NA,NA,NA,NA,NA,NA,NA,NA,NA,NA,NA,NA,NA,NA,NA,NA,NA,NA,NA,NA,NA,NA,NA,NA,NA,0.297641673044626,NA,NA,NA,NA,0.273935615341439,0.0837256135749657,NA,0.983609588904214,0.193322353452484,NA,NA,NA,NA,NA,0.371300714463921,NA,0.719564166235784,0.561222822403362,NA,NA,NA,NA,NA,NA,NA,0.112953552375992,NA,NA,NA,NA,NA,NA,NA,NA,0.220391010212995,NA,NA,NA,NA,NA,0.942675381206634,0.538573395094554,NA,0.497689671530425,NA,NA,NA,NA,NA,NA,NA,NA,0.265991487869591,NA,NA,NA,0.318722942175102,0.375161283430181,0.195230652043199,NA,NA,NA,NA,NA,0.198452987162725,NA,NA,NA,0.514209511925685,NA,0.518020786382843,NA,NA,NA,NA,0.141790133734341,NA,NA,NA,NA,NA,NA,NA,NA,NA,NA,NA,NA,NA,NA,NA,NA,NA,NA,0.153354457999262,NA,NA,NA,0.146802064195326,0.628853137810426,NA,NA,NA,0.202888448883072,NA,NA,NA,NA,0.492761469707431,NA,0.188369795221213,NA,NA,NA,NA,NA,NA,NA,NA,NA,NA,NA,NA,0.353754592851854,NA,NA,NA,NA,NA,NA,NA,NA,NA,NA,NA,NA,NA,NA,NA,NA,0.6646457864291,NA,NA,0.408308232318392,NA,NA,0.564649828786082,NA,NA,NA,NA,NA,NA,NA,NA,NA,NA,NA,NA,NA,0.174935012587289,NA,0.97461511414844,NA,NA,0.305980940985272,NA,NA,NA,0.741730094678732,NA,NA,NA,NA,NA,NA,NA,NA,0.994944497409309,NA,NA,NA,NA,NA,NA,NA,NA,NA,NA,0.164970330798392,NA,NA,NA,NA,NA,NA,NA,NA,NA
"20",NA,NA,NA,NA,NA,NA,NA,NA,NA,NA,NA,NA,NA,NA,NA,NA,NA,NA,NA,NA,NA,NA,NA,0.957384821206385,NA,0.861627663193757,NA,0.565365682184795,NA,NA,0.951397470328581,NA,NA,NA,0.270009215585479,NA,NA,0.920310957419341,NA,0.921951845525589,0.716834713710464,0.998890085259645,NA,0.73992680540641,NA,NA,NA,NA,NA,0.368249578575738,NA,0.310107898392772,NA,NA,NA,NA,NA,NA,NA,NA,0.579006961773341,NA,NA,NA,0.617655342210444,0.963039730568882,NA,0.759766317876521,NA,NA,0.807598035404311,0.568702988705836,NA,NA,0.807611320287289,0.92756033593777,0.915710310585235,NA,NA,NA,NA,NA,NA,0.695555266084565,NA,0.237362745014921,NA,NA,NA,NA,NA,NA,NA,NA,NA,0.951137149179212,NA,0.750613874113128,0.601223723180813,NA,0.85996660712028,0.196992180164588,NA,0.53176849955453,0.680832362840624,NA,0.360425003628535,NA,0.85806657077427,0.236396503402408,0.686645616191669,NA,NA,0.970150166386398,NA,NA,0.710131106760186,0.993229729175272,0.871216166507459,NA,0.926503558968691,NA,0.297641673044626,NA,NA,NA,NA,NA,0.613158424450985,0.436284985276864,NA,0.305502311173032,0.92756033593777,NA,NA,NA,0.859770178111727,NA,NA,0.473442354374203,NA,0.696302131135017,NA,NA,0.16687431349386,NA,NA,0.20329393116567,0.242867229280847,NA,0.66293380117065,0.497497944697992,NA,NA,NA,NA,0.795941155776084,NA,NA,NA,NA,NA,NA,NA,NA,NA,NA,0.606376199595862,0.780065463819586,NA,NA,NA,0.931802366544284,NA,0.425113357383727,0.916287722147104,NA,0.752518896658903,NA,0.719560939093625,NA,NA,NA,NA,NA,NA,0.753917877332226,NA,0.341653834213158,0.70866947948333,NA,0.829179206702263,0.417759070354345,0.571219725917493,0.423748025130614,NA,NA,NA,NA,NA,0.988204150444876,NA,NA,NA,NA,NA,0.825286669144432,0.857843400216435,0.743268378995002,NA,NA,0.886176739847665,0.670754120251122,NA,0.927111039467104,NA,0.959647791975621,NA,0.164090902998168,NA,NA,0.568702988705836,0.874586827439882,NA,NA,0.53219263074947
"21",NA,NA,NA,NA,NA,NA,NA,NA,NA,NA,NA,NA,NA,NA,NA,NA,NA,NA,NA,NA,NA,NA,NA,NA,NA,NA,0.380397794599815,NA,NA,0.889462933481955,NA,0.96411081226968,NA,NA,0.343146011790644,NA,NA,NA,NA,NA,NA,NA,NA,NA,NA,NA,0.946647905182187,0.829736938206459,NA,NA,NA,NA,0.603869339419666,0.884742047182734,NA,NA,NA,NA,0.948116056350931,NA,NA,NA,NA,0.931802366544284,NA,NA,0.538430554994487,NA,NA,NA,0.241120917765146,NA,NA,NA,NA,NA,NA,NA,NA,NA,NA,0.55245933764144,NA,NA,NA,NA,NA,NA,NA,NA,NA,NA,NA,NA,NA,NA,NA,0.134117881318168,NA,NA,NA,NA,NA,NA,NA,NA,NA,NA,NA,NA,NA,0.609343438905114,NA,NA,NA,NA,NA,NA,NA,NA,NA,NA,NA,0.338595652562545,0.92756033593777,NA,NA,NA,NA,NA,NA,NA,NA,NA,NA,NA,NA,NA,NA,NA,NA,NA,NA,NA,NA,NA,NA,NA,NA,NA,NA,NA,NA,0.349920937806833,0.0599204628733012,NA,NA,NA,NA,NA,NA,NA,NA,0.368714169663172,0.246800596145144,NA,NA,NA,NA,NA,NA,NA,NA,NA,NA,NA,NA,NA,NA,NA,NA,NA,NA,NA,NA,NA,NA,NA,0.0905059344176459,NA,NA,NA,NA,NA,NA,NA,NA,NA,NA,NA,NA,NA,NA,NA,NA,NA,NA,NA,NA,NA,NA,NA,NA,NA,NA,NA,NA,NA,NA,NA,NA,NA,NA,NA,NA,NA
"22",NA,NA,NA,NA,NA,NA,NA,NA,NA,NA,NA,NA,NA,NA,NA,NA,NA,NA,NA,NA,NA,NA,NA,NA,NA,NA,0.529011265986665,NA,NA,NA,NA,NA,NA,NA,0.829736938206459,0.886176739847665,NA,NA,NA,NA,0.524986056256558,NA,NA,NA,NA,NA,NA,NA,NA,NA,NA,NA,NA,NA,NA,NA,0.428439171632294,NA,NA,NA,NA,NA,NA,NA,NA,NA,NA,NA,NA,NA,NA,NA,NA,NA,NA,NA,NA,0.272817134651637,NA,NA,NA,NA,NA,NA,NA,NA,NA,NA,NA,NA,NA,NA,0.368286708868043,NA,NA,0.749079662137688,NA,NA,NA,NA,NA,NA,NA,NA,NA,NA,NA,NA,NA,NA,NA,NA,NA,NA,NA,NA,NA,NA,NA,NA,NA,NA,NA,0.556425803023507,0.70994856362817,NA,NA,NA,NA,NA,NA,NA,NA,NA,NA,NA,NA,NA,NA,NA,NA,NA,NA,NA,NA,NA,NA,NA,NA,NA,NA,NA,NA,0.377375407916342,NA,NA,NA,NA,NA,NA,NA,NA,NA,NA,NA,NA,NA,NA,NA,NA,NA,NA,NA,NA,NA,NA,NA,NA,NA,NA,NA,NA,NA,NA,NA,NA,NA,NA,NA,NA,NA,NA,NA,NA,NA,NA,NA,NA,NA,NA,NA,NA,NA,NA,NA,NA,NA,NA,NA,NA,NA,NA,NA,NA,NA,NA,NA,NA,NA,NA,NA,NA,NA,NA,NA,0.052994749617674
"23",NA,NA,NA,NA,NA,NA,NA,NA,NA,NA,NA,NA,NA,NA,NA,NA,NA,NA,NA,NA,NA,NA,NA,0.556425803023507,NA,NA,NA,NA,NA,0.702708782171555,NA,NA,NA,NA,NA,NA,NA,NA,NA,NA,NA,0.537474368092521,NA,NA,NA,0.241102185683687,NA,NA,NA,0.756897122884554,0.310107898392772,0.672468111176887,0.861627663193757,0.889547945060703,NA,NA,NA,NA,0.301472266942823,NA,NA,NA,NA,NA,NA,NA,NA,0.697650171298397,NA,NA,0.92756033593777,NA,NA,NA,0.558271507482124,NA,0.712810416009571,NA,NA,NA,NA,NA,NA,0.502191491844578,NA,NA,NA,NA,NA,NA,NA,NA,NA,NA,NA,NA,NA,0.571140132136162,NA,NA,NA,NA,NA,NA,0.958753030770298,NA,NA,NA,NA,NA,NA,NA,NA,NA,NA,NA,0.630710203106731,0.188660361314407,NA,NA,NA,NA,0.8363668001196,0.943011261668992,0.30267060647598,NA,NA,NA,NA,NA,NA,NA,NA,NA,NA,NA,NA,NA,NA,NA,NA,NA,0.236396503402408,NA,NA,NA,NA,NA,NA,NA,0.92758688521897,NA,NA,0.679229401938853,NA,NA,0.44371562589323,NA,NA,NA,0.186024486279693,NA,0.953936199753484,NA,NA,NA,NA,0.733691414873552,NA,0.497689671530425,NA,NA,NA,NA,NA,0.515188060550887,NA,NA,NA,0.942399959606956,NA,NA,NA,NA,NA,NA,NA,NA,0.920078657660508,0.545180792835814,NA,0.579006961773341,NA,NA,0.500323511210062,NA,NA,NA,NA,NA,NA,NA,NA,NA,NA,NA,NA,NA,NA,NA,NA,NA,NA,NA,NA,0.906570845352461,NA,NA,NA,NA,NA,NA,NA,NA,NA,NA
"24",NA,NA,NA,NA,NA,NA,NA,NA,NA,NA,NA,NA,NA,NA,NA,NA,NA,NA,NA,NA,NA,NA,NA,NA,NA,NA,NA,0.325766192144802,NA,NA,NA,NA,NA,NA,NA,NA,NA,NA,NA,0.470999161458597,NA,NA,NA,0.202888448883072,NA,NA,NA,NA,NA,NA,NA,0.410164948370234,0.275086720364539,NA,NA,NA,NA,0.221312535736377,NA,NA,NA,NA,NA,NA,NA,NA,NA,0.267020758736027,NA,NA,0.478835008085633,NA,NA,NA,0.686645616191669,NA,0.843507438767295,NA,NA,NA,NA,NA,NA,0.535599975144057,NA,NA,NA,NA,NA,NA,NA,NA,NA,NA,NA,NA,NA,0.515188060550887,NA,NA,0.237362745014921,0.426444412516351,NA,0.141790133734341,0.221482703005685,NA,0.770314357462756,NA,NA,NA,NA,NA,NA,0.206106086393662,NA,NA,NA,0.953860410654847,NA,NA,NA,NA,0.448533015709933,NA,NA,NA,NA,NA,0.349920937806833,NA,NA,NA,NA,NA,NA,NA,NA,NA,NA,NA,NA,NA,NA,NA,NA,NA,NA,0.194287693003565,NA,NA,0.272936099903578,NA,NA,NA,0.652669728269182,NA,NA,NA,NA,NA,NA,NA,NA,NA,NA,NA,NA,0.23519673720733,NA,NA,NA,NA,NA,NA,NA,0.476572867431376,NA,0.602128464189274,NA,0.368714169663172,NA,NA,NA,NA,NA,NA,NA,NA,0.638559130940529,0.542325969357308,NA,NA,NA,NA,0.810863999566575,NA,NA,NA,NA,NA,NA,NA,NA,NA,NA,NA,NA,NA,NA,NA,NA,NA,NA,NA,NA,NA,NA,NA,NA,NA,NA,NA,NA,NA,NA,NA
"25",NA,NA,NA,NA,NA,NA,NA,NA,NA,NA,NA,NA,NA,NA,NA,NA,NA,NA,NA,NA,NA,NA,NA,NA,NA,NA,NA,NA,NA,NA,NA,NA,NA,0.876897597924812,NA,NA,NA,NA,NA,NA,NA,NA,NA,NA,0.363249406205181,NA,NA,NA,NA,NA,NA,NA,NA,NA,NA,NA,NA,NA,NA,NA,NA,NA,NA,NA,NA,NA,NA,0.268389073557926,NA,NA,NA,NA,NA,NA,NA,NA,NA,NA,NA,NA,NA,NA,NA,0.186024486279693,NA,NA,NA,NA,NA,NA,NA,NA,NA,0.0685616371500049,NA,NA,NA,NA,NA,NA,NA,NA,NA,NA,NA,NA,NA,NA,NA,NA,NA,NA,NA,NA,NA,NA,NA,NA,NA,NA,NA,NA,NA,NA,NA,NA,NA,NA,NA,NA,NA,NA,NA,NA,NA,NA,NA,NA,0.9951544198394,NA,NA,NA,NA,NA,NA,NA,NA,NA,NA,NA,NA,NA,NA,NA,NA,NA,NA,NA,NA,NA,NA,NA,NA,NA,NA,NA,NA,NA,NA,NA,NA,NA,NA,NA,NA,NA,NA,NA,NA,NA,NA,NA,NA,NA,NA,NA,NA,NA,NA,NA,NA,NA,NA,0.320352910475913,NA,NA,NA,NA,NA,0.465991202076265,NA,NA,NA,NA,NA,0.242851037260012,NA,NA,NA,NA,NA,NA,NA,NA,NA,NA,NA,NA,NA,NA,NA,NA,NA,NA,NA,NA
"26",NA,NA,NA,NA,NA,NA,NA,NA,NA,NA,NA,NA,NA,NA,NA,NA,NA,NA,NA,NA,NA,NA,NA,NA,NA,NA,NA,0.567672279834204,NA,NA,NA,NA,0.77312063956085,NA,NA,NA,NA,0.75475266577707,NA,NA,0.543993706633456,NA,NA,0.162159797474217,NA,NA,NA,NA,NA,NA,NA,NA,NA,NA,NA,NA,NA,NA,NA,0.872499762460833,NA,NA,NA,NA,NA,NA,NA,NA,NA,0.0600579167818516,NA,NA,NA,NA,NA,NA,NA,NA,NA,0.432325125985443,NA,NA,NA,NA,NA,NA,NA,NA,0.459892927744649,NA,NA,NA,0.0905059344176459,NA,NA,0.734885806592723,0.36288532608221,NA,0.953936199753484,NA,0.480015960097621,NA,NA,0.883031480725677,NA,NA,0.465991202076265,NA,NA,NA,0.482536480115777,NA,NA,0.320352910475913,NA,NA,NA,NA,NA,NA,NA,NA,NA,NA,NA,NA,NA,NA,0.134117881318168,NA,NA,NA,0.925048074395192,NA,NA,NA,NA,NA,NA,0.283071530106053,0.988204150444876,0.194287693003565,NA,NA,NA,NA,NA,0.313289448630238,NA,NA,0.75888335217066,NA,NA,NA,NA,NA,NA,NA,NA,0.0407355371348675,NA,NA,NA,NA,NA,NA,NA,NA,0.76558461862491,NA,NA,NA,0.968350856971644,NA,NA,NA,NA,NA,NA,NA,NA,NA,NA,NA,NA,NA,NA,NA,NA,NA,NA,NA,NA,NA,NA,NA,NA,NA,NA,0.281930300262324,0.148978653411758,NA,NA,NA,0.0828686542512751,0.186024486279693,0.894856413397973,0.929082185439907,0.652624697646132,NA,0.667113726841946,NA,NA,NA,NA,NA,NA,NA,NA,0.0273030864084864,0.0155434121052311,0.85806657077427,0.734885806592723,NA,0.831321372604768,NA
"27",NA,NA,NA,NA,NA,NA,NA,NA,NA,NA,NA,NA,NA,NA,NA,NA,NA,NA,NA,NA,NA,NA,NA,NA,NA,NA,NA,NA,NA,0.186024486279693,NA,NA,0.0685616371500049,NA,0.0273030864084864,NA,NA,NA,NA,NA,0.237362745014921,0.0905059344176459,NA,NA,0.154197753696049,NA,NA,0.541725802702567,NA,NA,NA,NA,NA,NA,NA,NA,NA,NA,0.80331609528012,0.431758022706543,0.202888448883072,0.505599538762662,NA,0.404150084072144,NA,NA,NA,NA,NA,NA,NA,NA,0.966874042977536,NA,NA,NA,NA,0.100803435816765,0.0646269567294078,0.074584468752856,NA,NA,NA,NA,0.692373930325202,NA,NA,NA,0.801679239643986,NA,NA,NA,NA,NA,NA,0.112842441177798,NA,NA,NA,NA,NA,NA,0.138284513411871,NA,NA,NA,NA,NA,NA,NA,0.213915117364569,NA,NA,NA,NA,NA,NA,NA,NA,NA,NA,NA,NA,0.858583541710074,0.368714169663172,NA,NA,NA,0.872480026371231,NA,0.101535604121658,NA,0.571090155282389,NA,NA,NA,NA,NA,NA,NA,NA,NA,NA,NA,NA,NA,NA,NA,NA,NA,NA,NA,NA,0.213915117364569,NA,0.571041346289574,NA,NA,NA,NA,NA,NA,NA,NA,0.283071530106053,NA,NA,NA,NA,NA,NA,NA,0.757410479318695,0.926503558968691,NA,NA,NA,NA,NA,NA,NA,NA,NA,NA,NA,NA,NA,0.988204150444876,NA,NA,NA,NA,NA,NA,NA,NA,NA,NA,NA,NA,NA,NA,NA,NA,NA,0.376898085622598,0.0273030864084864,0.00990892115221068,NA,NA,NA,NA,NA,NA,NA,NA,0.242867229280847,NA,0.058904949459227,NA,NA,0.052994749617674,NA,NA,NA,NA
"28",NA,NA,NA,NA,NA,NA,NA,NA,NA,NA,NA,NA,NA,NA,NA,NA,NA,NA,NA,NA,NA,NA,NA,NA,NA,NA,NA,NA,NA,NA,0.855441396114104,0.542982486909939,NA,NA,NA,0.408308232318392,NA,NA,NA,NA,0.825021442363827,0.925430804293688,NA,0.436284985276864,NA,NA,NA,NA,NA,NA,NA,0.769593751555831,NA,NA,NA,NA,NA,NA,NA,NA,NA,NA,NA,NA,0.948193216337705,0.66293380117065,NA,0.602802596932588,NA,NA,0.810600746802177,0.700742385011189,NA,NA,0.876897597924812,NA,0.330529569514321,NA,NA,NA,NA,NA,NA,0.719244933386197,NA,0.327391014274034,NA,NA,NA,NA,NA,NA,NA,0.692373930325202,NA,NA,NA,0.824082519711085,NA,NA,NA,NA,NA,0.211233785008745,0.528047839682254,NA,0.907278170488015,NA,NA,NA,NA,NA,NA,0.814721324328561,NA,NA,NA,0.497632676296661,NA,NA,NA,NA,0.683112184252089,NA,NA,NA,NA,NA,0.426444412516351,0.687862534260719,NA,0.234504586288744,NA,NA,NA,NA,NA,NA,NA,0.613158424450985,NA,0.568702988705836,NA,NA,NA,NA,NA,NA,0.392702000927911,NA,0.281930300262324,0.931802366544284,NA,NA,NA,NA,0.744723254337559,NA,NA,NA,NA,NA,NA,NA,NA,NA,NA,0.588612887848507,NA,NA,NA,NA,NA,NA,NA,0.906570845352461,NA,NA,NA,0.320352910475913,NA,NA,NA,NA,NA,NA,NA,NA,0.202888448883072,0.198452987162725,NA,0.446318966092345,0.725230687037596,0.318722942175102,0.559396158252357,NA,NA,NA,NA,NA,0.999807399048696,NA,NA,NA,NA,NA,NA,0.998890085259645,NA,NA,NA,0.931802366544284,NA,NA,NA,NA,NA,NA,0.286231449197649,0.357611865315889,0.110342158222733,NA,0.449990905014158,NA,NA,NA
"29",NA,NA,NA,NA,NA,NA,NA,NA,NA,NA,NA,NA,NA,NA,NA,NA,NA,NA,NA,NA,NA,NA,NA,NA,NA,NA,NA,NA,NA,NA,NA,0.320653865212621,NA,NA,NA,NA,NA,NA,NA,NA,NA,0.965078407436485,NA,NA,NA,0.221684573486516,NA,NA,NA,NA,NA,NA,NA,0.310107898392772,NA,NA,NA,NA,NA,NA,NA,NA,NA,NA,NA,NA,NA,NA,0.341653834213158,NA,NA,NA,NA,NA,NA,NA,NA,NA,NA,NA,NA,NA,NA,NA,NA,NA,NA,NA,NA,NA,NA,NA,NA,NA,NA,NA,NA,NA,NA,NA,NA,NA,NA,NA,NA,NA,NA,NA,NA,NA,NA,NA,NA,NA,NA,NA,NA,NA,NA,NA,NA,NA,NA,NA,NA,NA,NA,NA,NA,NA,NA,NA,NA,NA,NA,NA,NA,NA,NA,NA,NA,NA,NA,NA,NA,NA,NA,NA,NA,NA,NA,NA,NA,NA,NA,NA,NA,NA,NA,0.152911404557208,NA,NA,NA,NA,NA,NA,NA,NA,NA,NA,NA,NA,NA,NA,NA,NA,NA,NA,NA,NA,NA,NA,NA,NA,NA,NA,NA,NA,NA,NA,NA,NA,NA,NA,NA,NA,NA,NA,NA,NA,NA,NA,NA,NA,NA,NA,NA,NA,NA,NA,NA,NA,NA,NA,NA,NA,NA,NA,NA,NA,NA,NA,NA,NA,0.194287693003565,NA
"30",NA,NA,NA,NA,NA,NA,NA,NA,NA,NA,NA,NA,NA,NA,NA,NA,NA,NA,NA,NA,NA,NA,NA,NA,NA,NA,NA,NA,NA,NA,NA,NA,NA,NA,NA,NA,NA,NA,NA,NA,NA,NA,NA,NA,NA,NA,0.357611865315889,0.143727693114369,NA,NA,NA,NA,0.810863999566575,0.85522551459465,NA,NA,NA,NA,0.567074334183973,0.112842441177798,NA,0.234504586288744,NA,0.371300714463921,NA,NA,0.926503558968691,NA,NA,NA,NA,NA,NA,NA,0.953936199753484,NA,NA,NA,NA,NA,NA,NA,NA,0.702708782171555,NA,NA,NA,NA,NA,NA,NA,NA,NA,NA,NA,NA,NA,NA,NA,NA,NA,NA,NA,NA,0.99576425551229,NA,NA,NA,NA,NA,NA,0.653632947141599,NA,NA,NA,NA,NA,NA,NA,NA,NA,NA,NA,0.994944497409309,0.478428934544957,NA,NA,NA,NA,NA,NA,0.222829432683019,NA,NA,NA,NA,NA,NA,NA,NA,NA,NA,NA,NA,0.854560667595675,NA,NA,NA,NA,NA,NA,NA,NA,0.931650864866341,NA,NA,NA,NA,0.224629732088507,NA,NA,NA,NA,NA,0.074584468752856,NA,NA,0.938153042134548,NA,NA,0.074584468752856,NA,NA,NA,NA,NA,NA,NA,NA,NA,NA,NA,NA,NA,NA,NA,NA,NA,0.299016388590313,NA,NA,NA,NA,NA,0.701740226545795,NA,NA,NA,NA,NA,NA,NA,NA,NA,NA,NA,NA,NA,NA,NA,NA,NA,NA,NA,NA,NA,NA,NA,NA,NA,NA,NA,NA,NA,NA,NA
"31",NA,NA,NA,NA,NA,NA,NA,NA,NA,NA,NA,NA,NA,NA,NA,NA,NA,NA,NA,NA,NA,NA,NA,NA,NA,NA,NA,NA,NA,NA,NA,NA,NA,NA,0.686645616191669,NA,NA,NA,NA,NA,NA,0.752708665041943,NA,0.993125234484607,0.85522551459465,0.70994856362817,NA,NA,NA,NA,NA,0.85806657077427,NA,NA,NA,NA,NA,NA,NA,NA,NA,NA,NA,NA,NA,NA,NA,0.685071883370938,NA,NA,0.864162977348381,NA,NA,NA,0.202888448883072,NA,0.465991202076265,0.445698714627729,NA,NA,NA,NA,NA,0.897795067355006,NA,NA,NA,NA,NA,NA,NA,NA,NA,0.973549807854988,NA,NA,NA,0.717230334290309,NA,NA,NA,NA,NA,NA,0.500323511210062,NA,NA,NA,NA,NA,NA,NA,NA,NA,NA,NA,0.788960567079001,0.571090155282389,NA,NA,NA,NA,0.957847822311387,NA,0.32936463674866,NA,NA,NA,NA,NA,NA,0.950649665294409,NA,NA,NA,NA,NA,NA,NA,0.491699738845293,NA,NA,NA,NA,NA,NA,NA,NA,NA,NA,0.585705191972746,0.373958119682142,NA,NA,NA,NA,0.868609302794086,NA,NA,NA,NA,NA,NA,NA,NA,0.889462933481955,NA,0.950649665294409,NA,NA,NA,NA,NA,NA,NA,0.999424393499796,NA,NA,NA,0.837366913963723,NA,NA,NA,NA,NA,NA,NA,NA,NA,0.993588244632266,NA,NA,0.547113886141414,NA,NA,NA,NA,NA,NA,NA,0.80331609528012,NA,NA,NA,NA,0.906570845352461,NA,NA,NA,NA,NA,NA,NA,NA,NA,0.662270219260405,NA,NA,NA,NA,NA,NA,NA,NA,NA,NA
"32",NA,NA,NA,NA,NA,NA,NA,NA,NA,NA,NA,NA,NA,NA,NA,NA,NA,NA,NA,NA,NA,NA,NA,NA,NA,NA,NA,NA,NA,NA,NA,NA,NA,NA,NA,NA,NA,NA,NA,NA,NA,0.533833576122051,NA,0.966874042977536,NA,NA,NA,NA,0.20797255177117,NA,NA,0.363249406205181,NA,0.409182704881402,NA,NA,NA,NA,NA,NA,NA,NA,NA,0.970742259494337,NA,0.703195807554654,NA,0.171264530548041,NA,NA,NA,NA,NA,NA,NA,NA,NA,NA,NA,NA,NA,NA,NA,0.236396503402408,NA,0.473442354374203,NA,NA,NA,NA,NA,NA,NA,0.503694466843966,NA,NA,NA,NA,NA,NA,NA,NA,NA,NA,NA,NA,NA,NA,NA,NA,NA,NA,NA,NA,NA,NA,NA,NA,NA,NA,NA,0.108681940623796,NA,NA,NA,NA,NA,NA,NA,NA,NA,NA,NA,NA,NA,NA,NA,NA,NA,0.957847822311387,NA,NA,NA,NA,NA,NA,NA,NA,0.446169154152599,NA,0.350613527585544,0.825021442363827,NA,NA,0.327852330259138,NA,NA,NA,NA,NA,NA,0.278182905378687,NA,0.865946665337036,NA,NA,NA,NA,NA,0.733014022915539,NA,NA,NA,NA,NA,0.743268378995002,NA,NA,NA,NA,NA,NA,0.269033050499412,0.301472266942823,NA,NA,NA,NA,NA,0.217493021576558,NA,NA,0.310107898392772,NA,NA,0.336862118654403,NA,NA,NA,NA,NA,0.215111810772751,NA,0.367734342586518,NA,0.470749244019566,NA,NA,NA,NA,NA,NA,NA,NA,NA,NA,NA,NA,NA,NA,NA,NA,NA,NA,NA,NA
"33",NA,NA,NA,NA,NA,NA,NA,NA,NA,NA,NA,NA,NA,NA,NA,NA,NA,NA,NA,NA,NA,NA,NA,NA,NA,NA,NA,NA,NA,NA,NA,NA,NA,NA,0.269165196463275,0.333334529864302,NA,0.650043135306028,0.200578534544431,NA,0.367392804809938,NA,NA,NA,NA,NA,NA,0.397386381950795,NA,NA,0.733014022915539,NA,0.679515938182222,NA,NA,NA,NA,0.0925290546907238,NA,0.617655342210444,0.661889888161697,0.66028649142299,NA,NA,NA,NA,NA,NA,NA,NA,NA,NA,NA,NA,NA,NA,NA,NA,NA,0.254397001673871,0.864772925469494,NA,NA,NA,NA,NA,NA,0.992976983620747,0.770373690718188,NA,NA,NA,NA,NA,0.991228084459447,0.988204150444876,0.335697719623155,NA,NA,NA,NA,NA,0.17054112167727,NA,NA,NA,NA,NA,NA,NA,NA,NA,NA,NA,NA,NA,NA,NA,NA,NA,0.864981118897899,0.16687431349386,NA,NA,NA,NA,0.154197753696049,NA,NA,NA,0.37421832891905,NA,NA,NA,NA,0.688102730661772,NA,NA,NA,NA,NA,NA,NA,0.163446396313694,NA,NA,NA,NA,NA,NA,NA,NA,0.504936985187709,NA,NA,NA,NA,NA,NA,NA,NA,NA,NA,NA,NA,NA,NA,NA,NA,NA,0.88777169090527,NA,NA,0.506022503321001,NA,NA,NA,NA,NA,NA,NA,NA,NA,NA,NA,NA,NA,0.695555266084565,NA,NA,NA,NA,NA,NA,NA,NA,0.826356091246477,NA,NA,NA,NA,NA,0.0993100757848638,NA,NA,NA,NA,NA,NA,NA,NA,NA,NA,NA,NA,NA,0.947402407273034,NA,NA,NA,NA,NA,NA,NA,NA,NA
"34",NA,NA,NA,NA,NA,NA,NA,NA,NA,NA,NA,NA,NA,NA,NA,NA,NA,NA,NA,NA,NA,NA,NA,NA,NA,NA,NA,NA,NA,NA,NA,NA,NA,NA,NA,NA,NA,NA,NA,NA,NA,NA,NA,NA,NA,NA,NA,NA,NA,NA,NA,NA,NA,NA,NA,NA,NA,NA,NA,0.328994165143086,NA,NA,NA,NA,NA,NA,NA,0.357802894725935,NA,NA,NA,NA,NA,NA,NA,NA,NA,NA,NA,NA,NA,NA,NA,NA,NA,NA,NA,NA,NA,NA,NA,NA,NA,NA,NA,NA,NA,NA,NA,NA,NA,NA,NA,NA,0.297641673044626,NA,NA,NA,NA,NA,NA,NA,NA,NA,NA,NA,NA,NA,NA,NA,NA,NA,NA,NA,NA,NA,NA,NA,NA,NA,NA,NA,NA,NA,NA,NA,NA,NA,0.212650941653917,NA,NA,NA,NA,NA,NA,NA,NA,NA,NA,NA,NA,NA,NA,NA,NA,NA,NA,NA,NA,NA,NA,NA,NA,NA,NA,NA,NA,NA,NA,NA,NA,NA,NA,NA,NA,NA,NA,NA,0.0905059344176459,0.109798908304732,NA,NA,NA,NA,NA,NA,NA,NA,NA,NA,NA,NA,NA,0.198452987162725,NA,NA,NA,NA,NA,NA,NA,NA,NA,NA,NA,NA,NA,NA,NA,NA,NA,NA,NA,NA,NA,NA,NA,NA,NA,NA,NA,NA,NA,NA,NA,NA
"35",NA,NA,NA,NA,NA,NA,NA,NA,NA,NA,NA,NA,NA,NA,NA,NA,NA,NA,NA,NA,NA,NA,NA,NA,NA,NA,NA,NA,NA,NA,NA,NA,NA,NA,NA,0.234504586288744,NA,NA,NA,NA,0.160007670871602,0.486087059816278,NA,0.571219725917493,0.83249153223594,0.470999161458597,0.685198304056833,0.126318592895626,NA,NA,NA,0.993125234484607,NA,NA,NA,NA,NA,NA,0.0485534548989411,0.666173292123092,NA,0.305502311173032,NA,NA,NA,NA,NA,0.529911410297201,0.383425838957024,NA,0.958753030770298,NA,NA,NA,NA,NA,NA,0.966874042977536,NA,0.194287693003565,NA,NA,NA,0.7041184336134,0.926503558968691,NA,NA,NA,0.186024486279693,NA,NA,NA,NA,NA,NA,0.783827648008594,NA,0.906570845352461,NA,NA,NA,0.301472266942823,NA,NA,0.871216166507459,NA,NA,NA,NA,NA,NA,NA,NA,NA,NA,NA,NA,0.462099064572782,NA,NA,NA,NA,0.625062043996547,0.100803435816765,0.00990892115221068,NA,0.685071883370938,NA,NA,NA,0.363249406205181,0.213915117364569,NA,NA,NA,NA,NA,NA,NA,NA,NA,NA,NA,NA,NA,NA,NA,NA,NA,NA,0.347828887317258,NA,NA,0.0273030864084864,NA,NA,NA,NA,NA,NA,NA,NA,NA,NA,NA,NA,NA,0.9409965868712,NA,NA,NA,NA,NA,NA,NA,0.923291220376541,NA,NA,NA,NA,NA,NA,NA,NA,NA,NA,NA,NA,NA,0.710131106760186,NA,NA,0.368714169663172,NA,NA,NA,NA,NA,NA,NA,NA,NA,NA,NA,NA,0.602802596932588,NA,NA,NA,NA,NA,NA,NA,NA,NA,NA,0.241102185683687,NA,NA,NA,NA,NA,NA,NA,NA,NA
"36",NA,NA,NA,NA,NA,NA,NA,NA,NA,NA,NA,NA,NA,NA,NA,NA,NA,NA,NA,NA,NA,NA,NA,NA,NA,NA,NA,NA,NA,NA,NA,NA,NA,NA,NA,NA,0.326419300660848,NA,NA,NA,NA,NA,NA,0.281930300262324,0.403832862320375,0.591733533824351,NA,NA,NA,NA,0.906570845352461,0.628601825509349,NA,NA,NA,NA,0.426444412516351,NA,NA,0.571838362583659,NA,NA,NA,NA,NA,NA,NA,NA,0.21431219013865,0.926503558968691,0.991906748949407,NA,NA,NA,NA,NA,0.803921723922277,0.328994165143086,NA,0.4974201430089,NA,NA,NA,0.571090155282389,NA,NA,NA,NA,NA,NA,NA,NA,0.871216166507459,NA,NA,NA,NA,0.925430804293688,0.320653865212621,NA,NA,0.320352910475913,NA,NA,NA,NA,NA,NA,NA,NA,NA,NA,0.208913212996948,NA,NA,NA,NA,0.825021442363827,NA,NA,NA,0.271192593506721,0.486087059816278,NA,NA,NA,0.215111810772751,NA,NA,0.426444412516351,0.972742961153938,0.166155539902866,NA,NA,NA,NA,NA,NA,NA,NA,NA,NA,0.614649185362333,NA,NA,NA,NA,NA,NA,NA,0.424052309821364,NA,NA,NA,NA,NA,NA,0.145829790229546,NA,0.404812194895736,NA,NA,NA,NA,NA,0.316396404246338,NA,NA,NA,NA,NA,NA,NA,NA,NA,NA,NA,NA,NA,0.542982486909939,NA,NA,NA,NA,NA,0.85806657077427,NA,NA,NA,0.515188060550887,NA,0.886212653169579,NA,NA,NA,NA,NA,NA,NA,NA,NA,NA,NA,NA,NA,0.282748884106976,NA,NA,NA,NA,NA,NA,NA,NA,NA,NA,NA,NA,NA,NA,0.0646269567294078,NA,NA,NA,NA,NA
"37",NA,NA,NA,NA,NA,NA,NA,NA,NA,NA,NA,NA,NA,NA,NA,NA,NA,NA,NA,NA,NA,NA,NA,NA,NA,NA,NA,NA,NA,NA,NA,NA,NA,NA,NA,NA,NA,NA,NA,NA,NA,NA,NA,NA,NA,NA,NA,NA,NA,NA,0.306411864528635,0.818038069568636,NA,NA,NA,NA,NA,NA,NA,NA,NA,NA,NA,NA,NA,0.193464045070158,NA,0.283361907993982,NA,NA,0.675300960430833,NA,NA,NA,NA,NA,NA,NA,NA,NA,0.470749244019566,NA,NA,0.347842400320526,NA,NA,NA,NA,NA,NA,NA,NA,NA,NA,NA,NA,NA,0.802563542666791,NA,NA,NA,0.466165860695369,NA,NA,0.713584302223322,0.927111039467104,0.377569017439026,NA,NA,NA,NA,NA,NA,NA,NA,NA,NA,0.932043837153553,0.568702988705836,0.9951544198394,NA,NA,0.861627663193757,NA,NA,NA,NA,0.925430804293688,NA,NA,0.242867229280847,0.550256802507058,NA,NA,NA,NA,NA,NA,NA,NA,NA,NA,NA,NA,NA,NA,NA,NA,NA,NA,0.509367105409468,NA,NA,NA,NA,NA,NA,NA,NA,NA,NA,NA,NA,NA,NA,NA,NA,0.839982823686324,NA,NA,NA,NA,NA,NA,NA,NA,NA,NA,NA,0.975935762392583,NA,NA,NA,NA,NA,NA,NA,NA,NA,NA,0.267020758736027,NA,NA,0.237362745014921,NA,NA,NA,NA,NA,NA,NA,NA,NA,NA,NA,NA,NA,NA,NA,NA,NA,NA,NA,NA,NA,NA,NA,NA,NA,NA,NA,NA,NA,NA,NA,NA
"38",NA,NA,NA,NA,NA,NA,NA,NA,NA,NA,NA,NA,NA,NA,NA,NA,NA,NA,NA,NA,NA,NA,NA,NA,NA,NA,NA,NA,NA,NA,NA,NA,NA,NA,NA,NA,NA,NA,NA,NA,0.669800483615437,NA,NA,NA,NA,NA,NA,0.446750231138966,NA,NA,NA,NA,NA,NA,NA,NA,NA,NA,NA,NA,0.54313541279766,0.463132150851107,NA,0.958753030770298,NA,NA,NA,NA,NA,NA,NA,NA,NA,NA,NA,0.993125234484607,0.615536514943387,NA,NA,NA,NA,0.23519673720733,NA,NA,NA,NA,NA,NA,0.242867229280847,NA,NA,0.110342158222733,NA,0.188369795221213,NA,NA,NA,NA,NA,NA,0.546383373254207,NA,NA,0.211233785008745,NA,NA,0.537474368092521,NA,0.97461511414844,NA,NA,NA,NA,NA,NA,NA,NA,NA,NA,NA,0.589395100582638,NA,NA,NA,NA,NA,NA,NA,0.716834713710464,NA,NA,NA,NA,NA,NA,NA,NA,NA,NA,0.926503558968691,NA,NA,NA,NA,NA,NA,NA,0.854516482527327,NA,NA,NA,NA,0.486087059816278,NA,NA,NA,NA,NA,NA,NA,NA,NA,NA,NA,NA,NA,NA,NA,NA,NA,NA,NA,NA,NA,0.320352910475913,0.335697719623155,NA,0.162215594992829,NA,NA,NA,NA,NA,NA,NA,NA,NA,NA,NA,NA,NA,0.430504402315098,NA,0.202888448883072,NA,NA,NA,NA,NA,NA,NA,NA,NA,NA,NA,NA,NA,NA,0.53176849955453,NA,NA,NA,NA,NA,NA,NA,NA,NA,NA,NA,NA,NA,NA,NA,NA,NA
"39",NA,NA,NA,NA,NA,NA,NA,NA,NA,NA,NA,NA,NA,NA,NA,NA,NA,NA,NA,NA,NA,NA,NA,NA,NA,NA,NA,NA,NA,NA,NA,NA,NA,NA,NA,NA,NA,NA,NA,NA,NA,NA,NA,NA,NA,NA,NA,NA,NA,NA,NA,NA,NA,NA,NA,NA,NA,NA,NA,NA,NA,0.357802894725935,NA,NA,NA,NA,NA,NA,NA,NA,NA,NA,NA,NA,NA,NA,NA,NA,NA,NA,NA,NA,NA,NA,NA,NA,NA,0.482143863742925,NA,NA,NA,NA,NA,NA,NA,NA,NA,NA,NA,0.994944497409309,NA,NA,NA,NA,NA,NA,NA,NA,NA,NA,NA,NA,NA,NA,NA,NA,NA,NA,NA,NA,NA,NA,NA,NA,NA,0.100803435816765,NA,NA,NA,NA,NA,NA,NA,NA,NA,NA,NA,NA,NA,NA,NA,NA,NA,0.35488702608187,NA,NA,NA,0.934305407689016,NA,NA,NA,NA,NA,NA,NA,NA,NA,NA,NA,NA,0.743268378995002,NA,NA,NA,NA,NA,NA,NA,NA,NA,NA,NA,NA,NA,NA,NA,NA,NA,NA,NA,NA,NA,NA,NA,NA,NA,NA,NA,NA,NA,0.404812194895736,NA,NA,NA,NA,NA,NA,NA,0.305502311173032,NA,NA,NA,NA,NA,NA,NA,NA,NA,NA,NA,NA,NA,NA,NA,NA,NA,NA,NA,NA,NA,NA,NA,NA,0.975698046283382,NA,NA
"40",NA,NA,NA,NA,NA,NA,NA,NA,NA,NA,NA,NA,NA,NA,NA,NA,NA,NA,NA,NA,NA,NA,NA,NA,NA,NA,NA,NA,NA,NA,NA,NA,NA,NA,NA,NA,NA,NA,NA,NA,NA,NA,0.318722942175102,NA,NA,NA,NA,NA,NA,NA,NA,NA,NA,NA,NA,NA,NA,0.759766317876521,NA,NA,NA,NA,NA,NA,NA,NA,NA,NA,NA,NA,NA,NA,NA,NA,0.350613527585544,NA,0.970150166386398,NA,NA,NA,NA,NA,NA,NA,NA,NA,NA,NA,NA,NA,NA,NA,NA,NA,NA,NA,NA,NA,NA,NA,NA,NA,NA,NA,NA,NA,NA,NA,NA,NA,NA,NA,NA,NA,NA,NA,NA,NA,NA,NA,NA,NA,0.965800889959009,NA,NA,NA,NA,NA,NA,NA,NA,NA,0.27470298569098,NA,NA,NA,NA,NA,NA,NA,NA,NA,NA,NA,NA,NA,NA,NA,NA,NA,NA,NA,0.221312535736377,NA,NA,NA,NA,NA,NA,NA,NA,NA,NA,NA,NA,NA,NA,NA,NA,NA,NA,0.197451590932345,0.331391239585083,NA,NA,NA,NA,NA,NA,NA,NA,NA,NA,NA,NA,NA,NA,NA,0.457731601536035,NA,NA,NA,NA,NA,NA,NA,NA,NA,NA,NA,NA,NA,NA,NA,NA,NA,NA,NA,0.273413647955379,NA,NA,NA,NA,NA,NA,NA,NA,NA,NA,NA,NA,NA,NA,0.301472266942823,NA,NA
"41",NA,NA,NA,NA,NA,NA,NA,NA,NA,NA,NA,NA,NA,NA,NA,NA,NA,NA,NA,NA,NA,NA,NA,NA,NA,NA,NA,NA,NA,NA,NA,NA,NA,NA,NA,NA,NA,NA,NA,NA,NA,NA,NA,NA,NA,NA,NA,NA,NA,NA,NA,NA,NA,NA,NA,NA,NA,NA,0.731180395849638,0.759335264505457,NA,0.939382604025464,NA,NA,NA,NA,NA,NA,NA,NA,NA,NA,NA,NA,NA,NA,0.993125234484607,NA,NA,0.312519624188984,NA,NA,NA,NA,NA,NA,NA,NA,0.271192593506721,NA,NA,NA,NA,NA,NA,0.81923108715968,NA,NA,0.80891754029406,NA,0.963039730568882,NA,NA,0.646177639791347,NA,NA,0.304982126598084,NA,0.517173700344536,NA,0.895586564951956,NA,NA,0.526703613194159,NA,NA,NA,NA,NA,NA,0.975698046283382,NA,NA,NA,0.992976983620747,NA,NA,NA,0.547339687443008,NA,NA,NA,0.53176849955453,NA,NA,NA,NA,NA,NA,0.404812194895736,0.527910601979923,0.646732753321832,NA,NA,NA,NA,NA,0.85522551459465,NA,NA,NA,0.589651042760915,0.556425803023507,NA,NA,NA,NA,NA,NA,NA,NA,NA,NA,NA,NA,NA,NA,NA,0.810863999566575,NA,NA,NA,0.309445531906465,NA,NA,NA,NA,0.9409965868712,NA,NA,NA,NA,NA,NA,NA,NA,NA,NA,0.241181616671563,NA,NA,0.592743251707972,NA,NA,NA,NA,NA,NA,NA,0.371300714463921,NA,NA,NA,NA,NA,0.16146470063461,0.96411081226968,0.679515938182222,0.963039730568882,NA,0.665590000504717,NA,NA,NA,NA,NA,0.639365561712854,NA,NA,0.00990892115221068,0.0379515685729534,0.988666530498236,0.697650171298397,NA,0.636346926925357,NA
"42",NA,NA,NA,NA,NA,NA,NA,NA,NA,NA,NA,NA,NA,NA,NA,NA,NA,NA,NA,NA,NA,NA,NA,NA,NA,NA,NA,NA,NA,NA,NA,NA,NA,NA,NA,NA,NA,NA,NA,NA,NA,NA,NA,0.790683018564475,0.18605471229115,0.503349732669339,NA,NA,0.173292081953007,NA,NA,0.869796578695495,NA,NA,NA,NA,NA,NA,NA,NA,NA,NA,NA,NA,NA,0.982407366966333,NA,0.871216166507459,0.566190217107428,NA,0.8363668001196,NA,NA,NA,NA,0.565406868723442,NA,0.0570244993538577,NA,0.240685194580076,NA,0.410164948370234,NA,0.943880214429523,NA,0.579006961773341,NA,NA,NA,NA,NA,NA,NA,0.857387897963368,NA,NA,NA,0.546289720361637,NA,NA,NA,NA,0.301472266942823,NA,0.864162977348381,NA,NA,NA,NA,NA,NA,NA,0.161624609637361,NA,NA,0.529114412935672,NA,0.931802366544284,0.237362745014921,NA,NA,NA,0.66716061177489,NA,NA,NA,NA,NA,NA,NA,NA,0.615797473592542,NA,0.921951845525589,NA,NA,NA,0.414252787331955,NA,0.865407743132785,NA,NA,NA,NA,NA,NA,NA,NA,NA,NA,0.95005978537064,0.95542659581021,NA,NA,NA,NA,0.297641673044626,0.515188060550887,NA,0.164090902998168,NA,NA,NA,0.94392784679357,NA,0.186024486279693,NA,0.682244863776697,NA,0.221312535736377,0.861627663193757,NA,NA,0.181130497027004,NA,0.301472266942823,NA,NA,NA,0.94536651227538,NA,NA,NA,NA,NA,NA,NA,NA,NA,0.9951544198394,NA,0.444924445916351,0.602128464189274,0.556425803023507,NA,NA,NA,NA,NA,NA,0.512693948794509,NA,NA,0.469051008014963,NA,0.589395100582638,NA,0.273935615341439,NA,NA,NA,0.305768913256022,NA,0.298449221930032,NA,NA,NA,NA,NA,NA,NA,NA,NA,NA,NA,NA
"43",NA,NA,NA,NA,NA,NA,NA,NA,NA,NA,NA,NA,NA,NA,NA,NA,NA,NA,NA,NA,NA,NA,NA,NA,NA,NA,NA,NA,NA,NA,NA,NA,NA,NA,NA,NA,NA,NA,NA,NA,NA,NA,NA,NA,NA,NA,NA,NA,NA,NA,NA,NA,NA,NA,NA,NA,NA,NA,NA,NA,NA,NA,NA,NA,NA,NA,NA,NA,NA,NA,NA,NA,NA,NA,NA,NA,NA,NA,NA,NA,NA,NA,NA,NA,NA,NA,NA,NA,NA,NA,NA,NA,NA,NA,NA,NA,NA,NA,NA,NA,NA,NA,NA,NA,NA,NA,NA,NA,NA,NA,NA,NA,NA,NA,NA,NA,NA,NA,NA,NA,NA,NA,NA,NA,NA,NA,NA,NA,NA,NA,NA,NA,NA,NA,NA,NA,NA,NA,NA,NA,NA,NA,NA,NA,NA,NA,NA,NA,NA,NA,NA,NA,NA,NA,NA,NA,NA,NA,NA,NA,NA,NA,NA,NA,NA,NA,NA,NA,NA,NA,NA,0.0535691940179643,NA,NA,NA,NA,NA,NA,NA,NA,NA,NA,NA,NA,NA,NA,NA,NA,NA,NA,NA,NA,NA,NA,NA,NA,NA,NA,NA,NA,NA,NA,NA,NA,0.479825347404303,NA,NA,NA,NA,NA,NA,NA,NA,NA,NA,NA,NA,NA,NA,NA,NA,NA,NA,NA,NA,NA
"44",NA,NA,NA,NA,NA,NA,NA,NA,NA,NA,NA,NA,NA,NA,NA,NA,NA,NA,NA,NA,NA,NA,NA,NA,NA,NA,NA,NA,NA,NA,NA,NA,NA,NA,NA,NA,NA,NA,NA,NA,NA,NA,NA,NA,0.424052309821364,0.575767691900037,NA,NA,NA,NA,NA,0.251136505607853,NA,NA,NA,NA,NA,NA,NA,NA,NA,NA,NA,NA,NA,NA,NA,0.35488702608187,0.237362745014921,0.154197753696049,0.271418077828104,NA,NA,0.861627663193757,0.538430554994487,NA,0.379288150343679,0.992976983620747,NA,NA,NA,NA,NA,0.32943360841611,NA,0.0905059344176459,NA,NA,NA,NA,NA,NA,0.231128222736386,0.558945676263686,NA,NA,NA,0.888146248387643,0.301097729249673,NA,NA,0.254397001673871,NA,0.0905059344176459,0.480891960322752,NA,0.599388820454293,NA,NA,NA,NA,NA,NA,0.369565064748187,NA,NA,0.227532913599817,0.21403017354728,NA,NA,0.0273030864084864,NA,0.546383373254207,NA,NA,NA,NA,NA,0.186024486279693,NA,0.4974201430089,0.350427188207185,NA,NA,NA,NA,NA,0.148978653411758,NA,0.621941499020088,NA,NA,NA,NA,NA,NA,0.237362745014921,NA,0.21666136758591,0.195230652043199,0.0905059344176459,0.503442223619277,NA,NA,NA,0.186024486279693,0.545180792835814,NA,NA,NA,NA,NA,NA,NA,NA,0.241102185683687,NA,0.613690096363075,NA,0.193322353452484,NA,NA,NA,0.357611865315889,NA,0.999807399048696,NA,NA,NA,0.297641673044626,NA,NA,NA,NA,NA,NA,NA,NA,0.304982126598084,0.058904949459227,NA,0.678503760773988,0.273557862697636,0.327857750864634,0.459892927744649,NA,NA,NA,NA,NA,0.966874042977536,NA,NA,NA,NA,0.678503760773988,NA,NA,NA,NA,NA,0.648928228680805,NA,0.568702988705836,NA,NA,NA,NA,NA,NA,NA,NA,0.857387897963368,NA,NA,0.182286737940935
"45",NA,NA,NA,NA,NA,NA,NA,NA,NA,NA,NA,NA,NA,NA,NA,NA,NA,NA,NA,NA,NA,NA,NA,NA,NA,NA,NA,NA,NA,NA,NA,NA,NA,NA,NA,NA,NA,NA,NA,NA,NA,NA,NA,NA,NA,0.837544742037042,NA,NA,NA,NA,NA,NA,NA,0.744592714664447,NA,NA,NA,NA,NA,NA,NA,NA,NA,NA,NA,NA,NA,NA,0.951137149179212,0.614219525630565,NA,NA,0.914607541186362,NA,NA,NA,NA,0.906570845352461,NA,NA,NA,NA,NA,0.273935615341439,NA,NA,NA,NA,0.115219740485358,NA,NA,0.275086720364539,0.903575523901187,0.936689181298525,NA,0.4974201430089,NA,0.910043394120725,NA,NA,0.186024486279693,NA,0.268615996087196,NA,NA,NA,0.208562046580009,NA,NA,NA,NA,NA,0.347240462162379,0.975698046283382,NA,NA,NA,NA,NA,NA,NA,0.713128495129002,NA,NA,NA,NA,0.191905743144115,NA,0.0312688428196629,NA,0.966874042977536,NA,NA,NA,NA,NA,NA,NA,NA,NA,NA,NA,NA,NA,NA,0.0919360336498077,NA,0.109029309974668,NA,NA,0.174935012587289,NA,NA,NA,NA,NA,NA,NA,NA,0.5271967091532,NA,NA,NA,NA,NA,0.692602063543474,NA,NA,NA,NA,NA,0.18605471229115,NA,NA,NA,0.320352910475913,NA,NA,NA,NA,NA,NA,0.559396158252357,0.174935012587289,NA,NA,NA,NA,NA,0.70994856362817,NA,NA,NA,NA,NA,NA,NA,NA,NA,NA,0.566846272694809,NA,NA,0.35116063606669,NA,0.966874042977536,NA,0.495625200902566,NA,NA,NA,NA,NA,NA,NA,NA,NA,0.85522551459465,NA,0.506022503321001,0.739376603533919,NA,NA,NA,NA,NA
"46",NA,NA,NA,NA,NA,NA,NA,NA,NA,NA,NA,NA,NA,NA,NA,NA,NA,NA,NA,NA,NA,NA,NA,NA,NA,NA,NA,NA,NA,NA,NA,NA,NA,NA,NA,NA,NA,NA,NA,NA,NA,NA,NA,NA,NA,NA,NA,NA,NA,NA,NA,NA,NA,0.874122968709988,NA,NA,0.340877944154778,NA,0.174935012587289,NA,NA,NA,NA,NA,0.232859151125377,NA,NA,NA,0.953936199753484,0.825021442363827,NA,0.251210949974089,NA,NA,NA,NA,NA,0.85522551459465,NA,NA,NA,NA,NA,NA,NA,0.537474368092521,NA,NA,NA,NA,NA,NA,0.994944497409309,NA,NA,NA,NA,NA,NA,NA,NA,NA,0.0805495085690495,NA,NA,NA,NA,NA,NA,NA,NA,NA,NA,NA,NA,NA,NA,NA,NA,NA,NA,0.949599117128586,NA,NA,0.0661695807933732,NA,NA,NA,NA,NA,0.573742891634248,NA,NA,NA,NA,NA,NA,NA,NA,NA,NA,NA,NA,NA,NA,NA,NA,0.20797255177117,0.301472266942823,NA,NA,NA,NA,NA,NA,NA,NA,NA,NA,0.761689980914266,NA,NA,NA,NA,NA,0.966021283830924,NA,NA,NA,NA,NA,NA,NA,NA,NA,NA,NA,NA,NA,NA,NA,NA,0.957384821206385,NA,NA,NA,NA,NA,NA,NA,NA,NA,NA,NA,NA,0.85806657077427,NA,NA,NA,NA,NA,0.946647905182187,NA,0.688102730661772,NA,0.703195807554654,NA,NA,NA,NA,NA,NA,NA,NA,NA,NA,NA,0.940193122152113,NA,0.360425003628535,0.951137149179212,NA,NA,NA,NA,NA
"47",NA,NA,NA,NA,NA,NA,NA,NA,NA,NA,NA,NA,NA,NA,NA,NA,NA,NA,NA,NA,NA,NA,NA,NA,NA,NA,NA,NA,NA,NA,NA,NA,NA,NA,NA,NA,NA,NA,NA,NA,NA,NA,NA,NA,NA,NA,NA,0.517236831474647,NA,NA,NA,0.25134481566346,0.970150166386398,0.221482703005685,NA,NA,NA,NA,0.568702988705836,NA,0.885069475511394,0.919731197027373,NA,NA,NA,NA,0.506022503321001,0.55245933764144,NA,NA,NA,NA,NA,NA,NA,NA,NA,NA,0.963039730568882,0.713128495129002,NA,0.963039730568882,NA,0.241102185683687,NA,NA,NA,NA,0.335697719623155,NA,NA,NA,NA,NA,NA,NA,NA,0.281930300262324,NA,NA,NA,NA,NA,NA,0.419237735985609,NA,NA,NA,NA,NA,NA,0.698309163344782,NA,NA,NA,NA,NA,0.236396503402408,NA,NA,NA,NA,0.751405993804498,0.719564166235784,0.425113357383727,NA,NA,NA,NA,0.301472266942823,NA,0.220391010212995,NA,NA,NA,NA,NA,NA,NA,NA,NA,NA,NA,NA,NA,NA,NA,NA,NA,NA,NA,NA,NA,0.35488702608187,NA,NA,NA,NA,NA,NA,NA,NA,NA,NA,0.174935012587289,NA,NA,0.923291220376541,NA,NA,0.261578298047884,NA,NA,0.555006364862984,NA,NA,NA,NA,NA,NA,NA,NA,NA,NA,NA,NA,NA,NA,NA,NA,NA,NA,NA,NA,0.357611865315889,NA,NA,NA,NA,NA,NA,NA,NA,NA,NA,NA,NA,NA,NA,NA,NA,NA,NA,NA,NA,NA,NA,NA,NA,NA,NA,NA,NA,NA,NA,NA
"48",NA,NA,NA,NA,NA,NA,NA,NA,NA,NA,NA,NA,NA,NA,NA,NA,NA,NA,NA,NA,NA,NA,NA,NA,NA,NA,NA,NA,NA,NA,NA,NA,NA,NA,NA,NA,NA,NA,NA,NA,NA,NA,NA,NA,NA,NA,NA,NA,NA,NA,NA,NA,NA,NA,NA,NA,NA,NA,0.608767124583747,0.516630791061407,0.906374640564356,0.479825347404303,NA,0.676751876747681,NA,NA,NA,NA,NA,NA,NA,NA,NA,NA,NA,NA,NA,NA,NA,0.716387093432399,NA,NA,NA,NA,NA,NA,NA,NA,0.964355727414998,NA,NA,0.320352910475913,NA,NA,NA,0.202888448883072,NA,NA,0.209292639827047,NA,0.92756033593777,NA,NA,NA,NA,NA,NA,NA,NA,NA,NA,NA,NA,NA,NA,NA,NA,NA,NA,NA,NA,NA,NA,NA,0.966874042977536,NA,NA,NA,0.571984102794132,NA,NA,NA,NA,NA,NA,NA,NA,NA,NA,NA,NA,NA,NA,NA,NA,NA,NA,NA,NA,NA,NA,NA,NA,NA,NA,NA,NA,NA,NA,NA,0.572230390666714,NA,NA,NA,0.339285546859496,NA,NA,NA,NA,NA,NA,NA,0.561222822403362,NA,NA,NA,NA,NA,NA,NA,NA,NA,NA,NA,NA,NA,NA,NA,NA,NA,NA,NA,NA,NA,NA,NA,NA,NA,NA,NA,NA,NA,NA,NA,NA,NA,NA,NA,NA,NA,NA,NA,NA,NA,NA,NA,NA,NA,NA,NA,NA,NA,NA,NA,NA,NA
"49",NA,NA,NA,NA,NA,NA,NA,NA,NA,NA,NA,NA,NA,NA,NA,NA,NA,NA,NA,NA,NA,NA,NA,NA,NA,NA,NA,NA,NA,NA,NA,NA,NA,NA,NA,NA,NA,NA,NA,NA,NA,NA,NA,NA,NA,NA,NA,NA,NA,NA,NA,NA,NA,NA,NA,NA,NA,NA,NA,NA,NA,NA,NA,NA,NA,NA,NA,NA,NA,NA,NA,NA,NA,NA,NA,NA,NA,NA,NA,NA,NA,NA,NA,NA,NA,0.0685616371500049,NA,NA,NA,NA,NA,NA,NA,NA,NA,NA,NA,NA,NA,NA,NA,NA,NA,NA,NA,NA,NA,NA,NA,NA,NA,NA,NA,NA,NA,NA,NA,NA,NA,NA,NA,0.067069181789466,NA,NA,NA,NA,NA,NA,NA,NA,0.254482502579924,0.0379515685729534,0.85522551459465,NA,NA,NA,NA,NA,NA,NA,NA,NA,NA,NA,NA,NA,NA,NA,0.159289698540667,NA,NA,NA,NA,NA,NA,NA,NA,NA,NA,NA,NA,NA,NA,NA,NA,NA,NA,NA,NA,NA,NA,NA,NA,NA,NA,NA,NA,NA,NA,NA,NA,NA,NA,NA,NA,NA,NA,NA,NA,0.146326747002132,NA,NA,NA,NA,NA,NA,NA,NA,NA,NA,NA,NA,NA,NA,NA,NA,NA,NA,NA,NA,NA,NA,NA,NA,NA,NA,NA,NA,NA,NA,NA,NA,NA,NA,NA,NA
"50",NA,NA,NA,NA,NA,NA,NA,NA,NA,NA,NA,NA,NA,NA,NA,NA,NA,NA,NA,NA,NA,NA,NA,NA,NA,NA,NA,NA,NA,NA,NA,NA,NA,NA,NA,NA,NA,NA,NA,NA,NA,NA,NA,NA,NA,NA,NA,NA,NA,NA,NA,NA,NA,0.371300714463921,NA,NA,NA,NA,NA,NA,NA,NA,NA,NA,NA,NA,NA,NA,NA,NA,NA,NA,NA,NA,NA,NA,0.94392784679357,0.320352910475913,NA,NA,NA,NA,NA,NA,NA,NA,NA,NA,0.49272068021503,NA,NA,NA,NA,NA,NA,NA,NA,NA,NA,NA,NA,NA,NA,NA,NA,NA,NA,NA,NA,NA,NA,NA,NA,NA,NA,NA,NA,NA,NA,NA,NA,NA,NA,NA,NA,NA,0.141790133734341,NA,NA,NA,NA,NA,NA,NA,NA,NA,NA,NA,NA,NA,NA,NA,NA,NA,NA,NA,NA,NA,NA,NA,NA,NA,NA,NA,NA,NA,NA,NA,NA,NA,NA,NA,NA,NA,NA,NA,NA,NA,NA,NA,NA,0.889462933481955,NA,NA,NA,NA,NA,NA,NA,NA,NA,NA,NA,NA,NA,NA,NA,NA,NA,NA,NA,NA,NA,NA,NA,NA,NA,NA,NA,NA,NA,NA,NA,NA,NA,NA,NA,NA,NA,NA,NA,NA,NA,NA,NA,NA,NA,NA,NA,NA,NA,NA,NA,NA,NA,NA
"51",NA,NA,NA,NA,NA,NA,NA,NA,NA,NA,NA,NA,NA,NA,NA,NA,NA,NA,NA,NA,NA,NA,NA,NA,NA,NA,NA,NA,NA,NA,NA,NA,NA,NA,NA,NA,NA,NA,NA,NA,NA,NA,NA,NA,NA,NA,NA,NA,NA,NA,NA,NA,NA,NA,NA,NA,NA,NA,NA,0.602128464189274,NA,NA,NA,NA,NA,NA,NA,NA,NA,NA,0.506022503321001,NA,NA,NA,NA,NA,0.448817892287786,NA,NA,0.860105162342141,0.639365561712854,NA,NA,NA,NA,NA,NA,NA,NA,NA,NA,NA,NA,NA,NA,NA,NA,NA,NA,NA,NA,NA,NA,NA,NA,NA,NA,NA,NA,NA,NA,NA,0.297641673044626,NA,NA,NA,NA,NA,NA,NA,NA,0.767307727972573,0.349920937806833,NA,NA,NA,NA,NA,NA,NA,0.859770178111727,NA,NA,NA,NA,0.922603359928005,NA,NA,NA,NA,NA,NA,0.153416401959043,NA,NA,NA,NA,NA,NA,NA,NA,NA,NA,NA,NA,NA,NA,NA,NA,NA,NA,NA,NA,NA,NA,NA,NA,NA,NA,NA,NA,NA,NA,NA,NA,NA,NA,NA,NA,NA,NA,NA,NA,NA,NA,NA,NA,NA,0.38383068625086,NA,NA,0.512165003611231,NA,NA,NA,NA,NA,NA,NA,NA,NA,NA,NA,NA,NA,NA,NA,NA,NA,NA,NA,NA,NA,NA,NA,NA,NA,NA,NA,NA,NA,NA,NA,NA,NA,NA
"52",NA,NA,NA,NA,NA,NA,NA,NA,NA,NA,NA,NA,NA,NA,NA,NA,NA,NA,NA,NA,NA,NA,NA,NA,NA,NA,NA,NA,NA,NA,NA,NA,NA,NA,NA,NA,NA,NA,NA,NA,NA,NA,NA,NA,NA,NA,NA,NA,NA,NA,NA,NA,0.648928228680805,NA,NA,NA,NA,NA,NA,NA,NA,NA,NA,NA,NA,0.163446396313694,NA,0.526703613194159,NA,NA,0.840951616395283,NA,NA,0.241102185683687,0.974195431138982,0.853428215416125,0.302969482211637,NA,NA,NA,NA,NA,NA,0.81863424324034,NA,0.112953552375992,NA,NA,NA,NA,NA,NA,NA,0.94392784679357,NA,NA,NA,0.770373690718188,0.61330713541235,NA,NA,0.305502311173032,NA,0.16687431349386,0.470749244019566,NA,0.497497944697992,NA,NA,NA,NA,NA,NA,0.582929374204255,NA,NA,0.669839448380296,0.301472266942823,0.305502311173032,NA,NA,NA,0.966874042977536,NA,NA,NA,NA,NA,NA,0.112953552375992,NA,0.468519408156478,NA,NA,NA,NA,0.347240462162379,NA,NA,0.336213677180654,NA,NA,0.164090902998168,NA,NA,NA,NA,NA,0.155628921442454,NA,0.380397794599815,0.949599117128586,NA,NA,0.338595652562545,NA,0.3219500161182,NA,NA,NA,NA,NA,NA,NA,NA,NA,NA,0.48743808726759,NA,NA,NA,NA,NA,0.608767124583747,NA,0.517173700344536,NA,NA,NA,0.281073959303591,NA,NA,NA,NA,NA,NA,0.0932478052299794,NA,0.242867229280847,0.153354457999262,NA,0.942912993365483,0.991088029235769,0.371300714463921,0.888146248387643,NA,NA,NA,NA,NA,0.966874042977536,NA,NA,NA,NA,0.267050771753551,NA,NA,0.174935012587289,NA,NA,0.38383068625086,NA,0.301472266942823,0.898045695426416,0.462099064572782,NA,NA,NA,NA,NA,NA,0.754039610378955,NA,NA,0.581001850874735
"53",NA,NA,NA,NA,NA,NA,NA,NA,NA,NA,NA,NA,NA,NA,NA,NA,NA,NA,NA,NA,NA,NA,NA,NA,NA,NA,NA,NA,NA,NA,NA,NA,NA,NA,NA,NA,NA,NA,NA,NA,NA,NA,NA,NA,NA,NA,NA,NA,NA,NA,NA,NA,NA,NA,0.567341861490605,NA,NA,NA,NA,NA,NA,0.85806657077427,NA,0.455104491241893,NA,NA,NA,0.444924445916351,NA,NA,NA,NA,NA,NA,0.679272474416052,NA,0.445698714627729,NA,NA,0.665319280368951,NA,NA,NA,0.339285546859496,0.354156941964566,0.109029309974668,NA,NA,NA,0.479825347404303,NA,NA,NA,NA,NA,NA,NA,0.725230687037596,NA,NA,NA,0.424261023789501,NA,NA,NA,NA,NA,NA,NA,NA,NA,NA,NA,NA,NA,NA,NA,0.318722942175102,NA,NA,NA,NA,0.951137149179212,0.860105162342141,0.70994856362817,NA,NA,NA,NA,NA,NA,0.36288532608221,0.339285546859496,NA,NA,NA,NA,NA,NA,NA,NA,NA,NA,0.419054424479112,NA,NA,NA,NA,NA,NA,NA,NA,NA,NA,NA,NA,NA,NA,0.652669728269182,NA,0.0466458235112553,NA,0.572832565339331,NA,NA,NA,NA,0.590765137686681,NA,NA,NA,NA,NA,NA,NA,NA,NA,NA,NA,0.872607362534824,NA,NA,NA,NA,NA,NA,NA,NA,NA,0.0894882201930793,NA,NA,0.53219263074947,NA,0.518481231084586,NA,NA,NA,NA,NA,NA,NA,NA,NA,NA,NA,NA,NA,NA,NA,NA,NA,NA,NA,NA,NA,NA,NA,NA,NA,NA,NA,NA,NA,NA,NA
"54",NA,NA,NA,NA,NA,NA,NA,NA,NA,NA,NA,NA,NA,NA,NA,NA,NA,NA,NA,NA,NA,NA,NA,NA,NA,NA,NA,NA,NA,NA,NA,NA,NA,NA,NA,NA,NA,NA,NA,NA,NA,NA,NA,NA,NA,NA,NA,NA,NA,NA,NA,NA,NA,NA,NA,NA,NA,NA,0.383171571142839,NA,NA,0.949524601824355,NA,NA,0.572832565339331,NA,NA,NA,0.813078581884264,0.864772925469494,NA,0.345516596398068,NA,NA,NA,NA,NA,0.66217809587387,NA,NA,NA,NA,NA,NA,NA,NA,NA,0.951137149179212,NA,NA,NA,NA,0.950649665294409,0.529911410297201,NA,NA,NA,NA,NA,NA,NA,NA,NA,NA,NA,NA,NA,NA,NA,NA,NA,NA,NA,NA,NA,NA,NA,NA,NA,NA,NA,NA,NA,0.819699096495709,0.335325257133825,NA,NA,NA,NA,NA,NA,NA,NA,NA,0.320653865212621,NA,NA,0.188369795221213,NA,NA,NA,NA,NA,NA,NA,NA,0.480891960322752,NA,0.943011261668992,0.968350856971644,NA,NA,NA,0.80967906089449,NA,NA,NA,0.606405025940174,0.749079662137688,NA,NA,NA,0.683112184252089,NA,0.639831007490027,0.692373930325202,NA,NA,NA,0.515188060550887,NA,NA,NA,NA,NA,NA,NA,NA,NA,NA,NA,NA,NA,NA,NA,NA,NA,NA,NA,NA,NA,NA,NA,NA,NA,NA,NA,NA,0.678630857850311,NA,NA,NA,NA,NA,NA,NA,NA,NA,NA,NA,NA,NA,NA,NA,NA,NA,NA,NA,NA,NA,NA,NA,0.719564166235784,NA,NA,NA
"55",NA,NA,NA,NA,NA,NA,NA,NA,NA,NA,NA,NA,NA,NA,NA,NA,NA,NA,NA,NA,NA,NA,NA,NA,NA,NA,NA,NA,NA,NA,NA,NA,NA,NA,NA,NA,NA,NA,NA,NA,NA,NA,NA,NA,NA,NA,NA,NA,NA,NA,NA,NA,NA,NA,NA,NA,NA,NA,NA,NA,NA,NA,NA,NA,NA,NA,NA,NA,NA,NA,NA,NA,NA,NA,NA,NA,NA,NA,NA,0.164090902998168,NA,NA,NA,NA,NA,NA,0.261578298047884,NA,NA,NA,NA,NA,NA,NA,NA,NA,NA,NA,NA,NA,NA,NA,NA,NA,NA,NA,NA,NA,NA,NA,NA,NA,NA,NA,NA,NA,NA,NA,NA,NA,NA,NA,NA,NA,NA,NA,NA,NA,NA,NA,0.993229729175272,NA,NA,NA,NA,NA,NA,NA,NA,NA,NA,NA,NA,NA,NA,NA,NA,NA,NA,NA,NA,NA,NA,NA,NA,NA,NA,NA,NA,NA,NA,NA,NA,NA,NA,NA,NA,NA,NA,NA,NA,NA,NA,NA,NA,NA,NA,NA,NA,NA,NA,NA,NA,NA,NA,NA,NA,NA,NA,NA,NA,NA,NA,NA,NA,NA,NA,NA,NA,NA,NA,NA,NA,NA,NA,NA,NA,NA,NA,NA,NA,NA,NA,NA,NA,NA,NA,NA,NA,NA,NA,NA,NA,NA,NA,NA
"56",NA,NA,NA,NA,NA,NA,NA,NA,NA,NA,NA,NA,NA,NA,NA,NA,NA,NA,NA,NA,NA,NA,NA,NA,NA,NA,NA,NA,NA,NA,NA,NA,NA,NA,NA,NA,NA,NA,NA,NA,NA,NA,NA,NA,NA,NA,NA,NA,NA,NA,NA,NA,NA,NA,NA,NA,NA,NA,NA,NA,NA,NA,NA,NA,NA,NA,NA,NA,NA,NA,NA,NA,NA,NA,NA,NA,0.614271408658707,NA,NA,NA,NA,NA,NA,NA,NA,NA,NA,NA,NA,NA,NA,NA,NA,NA,NA,NA,NA,NA,NA,NA,NA,NA,NA,NA,NA,NA,NA,NA,NA,NA,NA,NA,NA,NA,NA,NA,NA,NA,NA,NA,NA,NA,0.988676418430274,NA,NA,NA,NA,NA,NA,NA,NA,NA,NA,NA,NA,NA,NA,NA,NA,NA,NA,NA,NA,NA,NA,NA,NA,NA,NA,NA,NA,NA,NA,NA,NA,NA,NA,NA,NA,NA,NA,NA,NA,NA,NA,NA,NA,NA,NA,NA,NA,NA,NA,NA,NA,NA,NA,NA,NA,NA,NA,NA,NA,NA,NA,NA,NA,NA,NA,NA,NA,NA,NA,NA,NA,NA,NA,NA,NA,NA,NA,NA,NA,NA,NA,NA,NA,NA,NA,NA,NA,NA,NA,NA,NA,NA,NA,NA,NA,NA,NA,NA,NA,NA,NA,NA
"57",NA,NA,NA,NA,NA,NA,NA,NA,NA,NA,NA,NA,NA,NA,NA,NA,NA,NA,NA,NA,NA,NA,NA,NA,NA,NA,NA,NA,NA,NA,NA,NA,NA,NA,NA,NA,NA,NA,NA,NA,NA,NA,NA,NA,NA,NA,NA,NA,NA,NA,NA,NA,NA,NA,NA,NA,NA,NA,NA,NA,NA,NA,NA,NA,NA,NA,NA,NA,NA,NA,NA,NA,NA,NA,NA,NA,NA,NA,NA,NA,NA,NA,NA,NA,NA,NA,NA,NA,NA,NA,NA,0.295210567212534,NA,NA,NA,NA,NA,NA,NA,NA,NA,NA,NA,NA,NA,NA,NA,NA,NA,NA,NA,NA,NA,NA,NA,NA,NA,NA,NA,NA,NA,0.571090155282389,NA,NA,NA,NA,NA,NA,NA,NA,0.859770178111727,NA,NA,NA,NA,NA,NA,NA,NA,NA,NA,NA,NA,NA,NA,NA,NA,NA,NA,NA,NA,NA,NA,NA,NA,NA,NA,NA,NA,0.608767124583747,NA,NA,NA,NA,NA,NA,NA,NA,NA,0.103609687350916,NA,NA,NA,NA,NA,NA,NA,NA,NA,NA,NA,NA,NA,NA,NA,NA,NA,NA,NA,NA,NA,NA,NA,NA,NA,NA,NA,NA,NA,NA,NA,NA,NA,NA,NA,NA,NA,NA,NA,NA,NA,NA,NA,NA,NA,NA,NA,0.981045044035828,NA,NA,NA,NA,NA,NA,NA,NA
"58",NA,NA,NA,NA,NA,NA,NA,NA,NA,NA,NA,NA,NA,NA,NA,NA,NA,NA,NA,NA,NA,NA,NA,NA,NA,NA,NA,NA,NA,NA,NA,NA,NA,NA,NA,NA,NA,NA,NA,NA,NA,NA,NA,NA,NA,NA,NA,NA,NA,NA,NA,NA,NA,NA,NA,NA,NA,NA,NA,NA,NA,NA,NA,NA,NA,NA,NA,NA,NA,NA,NA,NA,NA,NA,0.632332966000169,NA,0.639365561712854,NA,NA,NA,0.305502311173032,NA,NA,NA,NA,NA,NA,NA,NA,0.272656972264596,NA,NA,NA,NA,NA,NA,NA,NA,NA,NA,NA,NA,NA,NA,NA,NA,NA,NA,NA,NA,NA,NA,NA,NA,NA,NA,NA,0.134117881318168,NA,NA,NA,NA,0.223098903758144,NA,NA,NA,NA,NA,NA,NA,NA,NA,NA,NA,NA,NA,0.830406639371887,NA,NA,NA,NA,NA,NA,NA,NA,NA,NA,NA,NA,NA,NA,NA,NA,NA,NA,NA,NA,NA,0.113856228223656,NA,NA,NA,NA,NA,NA,NA,NA,NA,NA,NA,NA,NA,NA,NA,NA,NA,NA,NA,NA,0.637003441556742,NA,NA,NA,NA,NA,NA,NA,NA,NA,NA,NA,NA,NA,NA,0.231128222736386,NA,NA,0.301472266942823,NA,0.966874042977536,NA,NA,NA,NA,NA,NA,NA,NA,NA,NA,NA,NA,NA,NA,NA,NA,NA,NA,NA,NA,NA,NA,NA,NA,NA,NA
"59",NA,NA,NA,NA,NA,NA,NA,NA,NA,NA,NA,NA,NA,NA,NA,NA,NA,NA,NA,NA,NA,NA,NA,NA,NA,NA,NA,NA,NA,NA,NA,NA,NA,NA,NA,NA,NA,NA,NA,NA,NA,NA,NA,NA,NA,NA,NA,NA,NA,NA,NA,NA,NA,NA,NA,NA,NA,NA,NA,NA,0.825021442363827,0.426444412516351,NA,0.898045695426416,0.175981734525871,NA,NA,NA,NA,NA,NA,NA,NA,NA,NA,NA,NA,NA,NA,NA,NA,NA,NA,NA,NA,NA,NA,NA,NA,NA,NA,NA,NA,NA,NA,0.273935615341439,NA,NA,NA,NA,0.186024486279693,NA,NA,NA,NA,NA,NA,NA,NA,NA,NA,0.559186036752242,NA,NA,0.186024486279693,NA,NA,NA,NA,NA,NA,NA,NA,0.434593220862026,0.792752123315132,0.236396503402408,NA,NA,0.861627663193757,NA,NA,NA,0.44687055467995,NA,NA,NA,NA,NA,NA,0.802366539358612,0.512541775618961,NA,NA,NA,NA,NA,NA,0.81590448119894,NA,0.20797255177117,NA,0.76270813786848,NA,0.242992699860923,NA,NA,NA,NA,0.481168294226287,NA,0.237362745014921,NA,0.622687717665605,0.301472266942823,0.350613527585544,NA,NA,NA,NA,NA,NA,NA,NA,NA,NA,NA,NA,NA,NA,NA,NA,NA,NA,NA,NA,NA,NA,NA,NA,NA,NA,NA,NA,NA,NA,NA,NA,NA,NA,NA,NA,NA,NA,NA,0.679515938182222,NA,NA,NA,NA,NA,NA,NA,NA,NA,NA,NA,NA,NA,NA,NA,NA,NA,NA,NA,NA,NA
"60",NA,NA,NA,NA,NA,NA,NA,NA,NA,NA,NA,NA,NA,NA,NA,NA,NA,NA,NA,NA,NA,NA,NA,NA,NA,NA,NA,NA,NA,NA,NA,NA,NA,NA,NA,NA,NA,NA,NA,NA,NA,NA,NA,NA,NA,NA,NA,NA,NA,NA,NA,NA,NA,NA,NA,NA,NA,NA,NA,NA,0.85806657077427,0.945881049701348,NA,NA,0.320653865212621,NA,NA,NA,NA,NA,NA,0.320352910475913,NA,NA,NA,NA,NA,NA,NA,0.84330197076515,0.565365682184795,NA,NA,NA,NA,NA,NA,0.588612887848507,0.827863438071667,NA,NA,NA,NA,NA,0.883031480725677,0.950649665294409,0.259490915306474,NA,NA,NA,NA,NA,NA,NA,NA,NA,NA,NA,0.517173700344536,NA,NA,NA,0.0327730697351824,NA,NA,NA,NA,NA,NA,NA,0.70866947948333,0.267020758736027,NA,NA,NA,NA,NA,NA,0.432325125985443,NA,0.202888448883072,NA,NA,NA,NA,0.438694426799519,NA,NA,0.692106077444231,NA,NA,NA,NA,NA,NA,NA,NA,NA,NA,NA,NA,NA,0.6148380830847,NA,NA,NA,NA,NA,NA,NA,NA,NA,NA,NA,NA,NA,NA,NA,0.421646698228115,NA,NA,NA,NA,0.556635443674033,NA,NA,NA,NA,NA,NA,NA,NA,NA,NA,NA,NA,NA,0.555850586045958,NA,NA,NA,NA,NA,NA,NA,NA,NA,NA,NA,NA,NA,NA,NA,NA,NA,NA,0.141790133734341,0.162215594992829,NA,NA,NA,NA,NA,NA,NA,NA,0.68119449864612,NA,NA,NA,NA,0.161624609637361,NA,NA,NA,NA
"61",NA,NA,NA,NA,NA,NA,NA,NA,NA,NA,NA,NA,NA,NA,NA,NA,NA,NA,NA,NA,NA,NA,NA,NA,NA,NA,NA,NA,NA,NA,NA,NA,NA,NA,NA,NA,NA,NA,NA,NA,NA,NA,NA,NA,NA,NA,NA,NA,NA,NA,NA,NA,NA,NA,NA,NA,NA,NA,NA,NA,NA,0.963039730568882,NA,NA,0.320352910475913,NA,NA,NA,NA,NA,NA,NA,NA,NA,NA,NA,NA,NA,NA,0.993588244632266,0.556425803023507,0.23548326587791,NA,NA,NA,NA,NA,0.164090902998168,0.410164948370234,NA,NA,NA,NA,NA,NA,NA,NA,NA,NA,NA,NA,NA,NA,NA,NA,NA,NA,NA,NA,NA,NA,NA,NA,NA,NA,NA,NA,NA,NA,NA,0.209725758909537,NA,NA,0.949599117128586,0.457731601536035,NA,NA,NA,NA,NA,NA,NA,NA,NA,NA,NA,NA,NA,NA,NA,NA,NA,NA,NA,NA,NA,NA,NA,NA,NA,NA,NA,NA,NA,NA,NA,NA,NA,NA,NA,NA,NA,0.946573274750074,0.080903231005877,0.0661695807933732,NA,NA,NA,NA,NA,NA,NA,NA,0.981315569928775,NA,NA,NA,NA,NA,NA,NA,NA,NA,NA,NA,NA,NA,NA,NA,NA,NA,NA,NA,NA,NA,NA,NA,NA,NA,NA,NA,NA,NA,NA,NA,NA,0.052994749617674,0.058904949459227,NA,NA,NA,NA,NA,NA,NA,NA,0.492761469707431,NA,0.0155434121052311,NA,NA,NA,0.339285546859496,NA,NA,NA
"62",NA,NA,NA,NA,NA,NA,NA,NA,NA,NA,NA,NA,NA,NA,NA,NA,NA,NA,NA,NA,NA,NA,NA,NA,NA,NA,NA,NA,NA,NA,NA,NA,NA,NA,NA,NA,NA,NA,NA,NA,NA,NA,NA,NA,NA,NA,NA,NA,NA,NA,NA,NA,NA,NA,NA,NA,NA,NA,NA,NA,NA,NA,NA,0.573742891634248,NA,NA,NA,NA,NA,NA,NA,NA,NA,NA,NA,NA,NA,NA,NA,0.705225353787278,NA,NA,NA,NA,0.581001850874735,NA,NA,0.559396158252357,0.812799875924851,NA,NA,NA,NA,NA,NA,0.298986934618484,NA,NA,NA,NA,NA,NA,NA,NA,NA,NA,NA,NA,0.273247152223506,NA,NA,NA,NA,NA,NA,NA,NA,NA,NA,NA,0.825021442363827,NA,NA,NA,0.72186366730625,NA,0.0907452832072237,NA,0.515188060550887,0.202888448883072,NA,NA,NA,NA,NA,NA,NA,NA,NA,NA,0.588612887848507,NA,NA,NA,NA,NA,NA,NA,NA,NA,NA,NA,NA,NA,NA,NA,NA,NA,NA,NA,NA,NA,NA,NA,0.579006961773341,NA,NA,NA,NA,0.304982126598084,0.864162977348381,NA,NA,NA,NA,NA,NA,NA,NA,NA,NA,NA,NA,NA,NA,NA,NA,0.600804842783495,NA,NA,NA,NA,NA,NA,NA,NA,0.571041346289574,NA,NA,NA,NA,NA,NA,NA,NA,NA,NA,NA,NA,NA,NA,NA,NA,NA,NA,NA,0.949599117128586,NA,NA,NA,NA,NA,NA,NA,NA,NA
"63",NA,NA,NA,NA,NA,NA,NA,NA,NA,NA,NA,NA,NA,NA,NA,NA,NA,NA,NA,NA,NA,NA,NA,NA,NA,NA,NA,NA,NA,NA,NA,NA,NA,NA,NA,NA,NA,NA,NA,NA,NA,NA,NA,NA,NA,NA,NA,NA,NA,NA,NA,NA,NA,NA,NA,NA,NA,NA,NA,NA,NA,NA,NA,NA,NA,NA,NA,NA,NA,NA,NA,NA,NA,NA,NA,NA,NA,NA,NA,NA,NA,NA,NA,NA,NA,NA,NA,NA,NA,NA,NA,NA,NA,NA,NA,NA,NA,NA,NA,NA,NA,NA,NA,NA,NA,NA,NA,NA,NA,NA,NA,NA,NA,NA,NA,NA,NA,NA,NA,NA,NA,NA,NA,NA,NA,NA,NA,NA,NA,NA,NA,NA,NA,NA,NA,NA,NA,NA,NA,NA,NA,NA,NA,NA,NA,NA,NA,NA,NA,NA,NA,NA,NA,NA,NA,NA,NA,NA,NA,NA,NA,NA,NA,NA,NA,NA,NA,NA,NA,NA,NA,NA,NA,NA,NA,NA,NA,NA,NA,NA,NA,NA,NA,NA,NA,NA,NA,NA,NA,NA,NA,NA,NA,NA,NA,NA,NA,NA,NA,NA,NA,NA,NA,NA,NA,NA,NA,NA,NA,NA,NA,NA,NA,NA,NA,NA,NA,NA,NA,NA,NA,NA,NA,NA,NA,NA
"64",NA,NA,NA,NA,NA,NA,NA,NA,NA,NA,NA,NA,NA,NA,NA,NA,NA,NA,NA,NA,NA,NA,NA,NA,NA,NA,NA,NA,NA,NA,NA,NA,NA,NA,NA,NA,NA,NA,NA,NA,NA,NA,NA,NA,NA,NA,NA,NA,NA,NA,NA,NA,NA,NA,NA,NA,NA,NA,NA,NA,NA,NA,NA,NA,NA,0.339501502695229,0.174935012587289,NA,NA,NA,NA,NA,NA,NA,NA,0.674044887420588,NA,NA,NA,NA,NA,0.465716706376433,NA,NA,NA,0.423748025130614,NA,NA,NA,NA,NA,NA,NA,NA,NA,NA,NA,NA,NA,NA,NA,NA,NA,NA,NA,NA,NA,NA,NA,NA,NA,0.210583787929761,NA,NA,NA,NA,NA,NA,NA,NA,NA,NA,NA,0.259750696172969,0.930997596026616,NA,NA,NA,NA,NA,NA,NA,NA,NA,NA,NA,NA,0.460229988408135,NA,NA,NA,NA,NA,NA,0.214913850058169,0.542982486909939,NA,NA,NA,NA,NA,NA,NA,0.426444412516351,NA,NA,NA,NA,NA,NA,NA,NA,NA,NA,0.608151352726511,NA,NA,NA,NA,NA,NA,NA,NA,NA,NA,NA,NA,NA,NA,NA,NA,NA,0.975698046283382,NA,0.237362745014921,NA,NA,0.426444412516351,NA,NA,NA,NA,NA,NA,NA,NA,NA,NA,NA,NA,NA,0.369716720119558,NA,0.375161283430181,NA,NA,NA,NA,NA,NA,NA,NA,NA,NA,NA,NA,NA,NA,NA,NA,NA,NA,NA,NA,NA,NA
"65",NA,NA,NA,NA,NA,NA,NA,NA,NA,NA,NA,NA,NA,NA,NA,NA,NA,NA,NA,NA,NA,NA,NA,NA,NA,NA,NA,NA,NA,NA,NA,NA,NA,NA,NA,NA,NA,NA,NA,NA,NA,NA,NA,NA,NA,NA,NA,NA,NA,NA,NA,NA,NA,NA,NA,NA,NA,NA,NA,NA,NA,NA,NA,NA,NA,NA,NA,NA,NA,0.951137149179212,NA,0.0993100757848638,NA,NA,NA,NA,NA,0.221312535736377,NA,NA,0.363249406205181,NA,NA,NA,NA,NA,NA,NA,NA,NA,NA,NA,NA,0.602128464189274,NA,NA,NA,NA,NA,NA,NA,NA,NA,NA,NA,NA,NA,NA,NA,NA,NA,NA,NA,NA,NA,NA,NA,NA,NA,NA,0.213915117364569,NA,NA,0.80331609528012,NA,NA,0.49315571233198,NA,NA,NA,NA,NA,NA,NA,NA,NA,NA,NA,NA,NA,0.929242562427104,NA,NA,NA,NA,NA,0.925430804293688,NA,NA,0.942675381206634,NA,NA,NA,NA,NA,NA,0.186024486279693,NA,NA,NA,NA,NA,NA,NA,NA,0.35664941963733,NA,NA,NA,0.625301975128207,NA,NA,NA,NA,NA,NA,NA,NA,NA,NA,NA,NA,NA,NA,NA,NA,NA,NA,NA,NA,NA,NA,NA,NA,NA,NA,NA,NA,NA,NA,NA,NA,NA,NA,NA,NA,0.0640715169777533,0.170392837367161,NA,NA,NA,NA,0.829736938206459,NA,NA,NA,NA,NA,0.0870006293682291,NA,NA,0.173434835914944,0.857843400216435,NA,NA,NA
"66",NA,NA,NA,NA,NA,NA,NA,NA,NA,NA,NA,NA,NA,NA,NA,NA,NA,NA,NA,NA,NA,NA,NA,NA,NA,NA,NA,NA,NA,NA,NA,NA,NA,NA,NA,NA,NA,NA,NA,NA,NA,NA,NA,NA,NA,NA,NA,NA,NA,NA,NA,NA,NA,NA,NA,NA,NA,NA,NA,NA,NA,NA,NA,NA,NA,NA,NA,0.860105162342141,NA,NA,0.523777684212046,NA,NA,NA,NA,NA,NA,NA,NA,NA,NA,NA,NA,0.871216166507459,NA,0.993977893255556,NA,0.297641673044626,NA,NA,NA,NA,NA,NA,NA,NA,NA,0.639471790151957,NA,NA,NA,NA,NA,0.052994749617674,0.552393734255111,NA,0.820649103399067,NA,NA,NA,NA,NA,NA,NA,NA,NA,NA,NA,NA,NA,NA,NA,0.969165003242845,NA,NA,NA,NA,NA,NA,NA,NA,0.272936099903578,NA,NA,NA,NA,NA,NA,NA,0.701287610378385,NA,NA,NA,NA,NA,NA,NA,NA,0.983609588904214,NA,0.608151352726511,0.566801938148307,NA,NA,NA,NA,NA,NA,NA,NA,NA,NA,NA,0.246800596145144,NA,NA,NA,0.497689671530425,0.719564166235784,NA,NA,NA,NA,NA,NA,0.742829450410648,NA,NA,NA,NA,NA,NA,NA,NA,NA,NA,NA,NA,NA,0.20329393116567,NA,NA,NA,NA,NA,NA,NA,NA,NA,NA,NA,NA,NA,NA,NA,NA,NA,0.537474368092521,NA,NA,NA,NA,NA,NA,NA,NA,NA,NA,NA,NA,NA,NA,0.718073254210019,NA,NA,NA
"67",NA,NA,NA,NA,NA,NA,NA,NA,NA,NA,NA,NA,NA,NA,NA,NA,NA,NA,NA,NA,NA,NA,NA,NA,NA,NA,NA,NA,NA,NA,NA,NA,NA,NA,NA,NA,NA,NA,NA,NA,NA,NA,NA,NA,NA,NA,NA,NA,NA,NA,NA,NA,NA,NA,NA,NA,NA,NA,NA,NA,NA,NA,NA,NA,NA,NA,NA,NA,NA,NA,NA,NA,NA,NA,NA,NA,NA,NA,NA,NA,NA,0.988204150444876,NA,NA,NA,NA,NA,NA,NA,NA,NA,NA,NA,NA,NA,NA,NA,0.297641673044626,NA,NA,NA,NA,NA,NA,NA,NA,NA,NA,NA,0.320653865212621,NA,0.570626967738707,NA,NA,NA,NA,NA,NA,NA,NA,NA,NA,NA,0.907278170488015,NA,NA,NA,NA,NA,NA,NA,NA,NA,NA,NA,NA,NA,NA,NA,NA,NA,NA,NA,NA,0.267020758736027,NA,NA,NA,NA,NA,NA,NA,NA,NA,NA,NA,NA,NA,NA,NA,NA,NA,NA,NA,NA,NA,NA,NA,NA,NA,NA,NA,NA,NA,NA,NA,NA,NA,NA,NA,NA,NA,NA,NA,0.154197753696049,NA,NA,NA,NA,NA,NA,NA,NA,NA,NA,NA,NA,NA,NA,NA,NA,NA,NA,NA,NA,NA,NA,NA,NA,NA,0.226374422713923,NA,NA,NA,NA,NA,NA,NA,NA,NA,NA,NA,NA,NA,NA,NA
"68",NA,NA,NA,NA,NA,NA,NA,NA,NA,NA,NA,NA,NA,NA,NA,NA,NA,NA,NA,NA,NA,NA,NA,NA,NA,NA,NA,NA,NA,NA,NA,NA,NA,NA,NA,NA,NA,NA,NA,NA,NA,NA,NA,NA,NA,NA,NA,NA,NA,NA,NA,NA,NA,NA,NA,NA,NA,NA,NA,NA,NA,NA,NA,NA,NA,NA,NA,NA,NA,NA,0.366408909378771,NA,NA,0.377569017439026,NA,0.873424535396534,0.234717767578385,NA,NA,NA,NA,NA,NA,0.320653865212621,NA,0.333334529864302,NA,NA,NA,NA,NA,NA,NA,0.907928321591933,NA,NA,NA,0.624884972294745,NA,NA,NA,0.281180562076152,NA,0.221482703005685,0.16146470063461,NA,NA,NA,NA,NA,NA,NA,NA,NA,NA,0.275086720364539,0.92756033593777,0.470749244019566,0.305502311173032,0.249981322716319,NA,NA,0.801679239643986,NA,0.609069943968078,NA,NA,NA,NA,NA,NA,0.558945676263686,NA,NA,NA,NA,NA,NA,NA,NA,NA,NA,NA,NA,NA,NA,NA,NA,0.301472266942823,NA,0.0833916144750281,NA,NA,NA,0.517236831474647,NA,0.174935012587289,NA,NA,NA,NA,NA,NA,NA,NA,NA,NA,0.254397001673871,NA,NA,NA,NA,NA,0.470749244019566,NA,0.736622490643769,NA,NA,NA,0.8363668001196,NA,NA,NA,NA,NA,NA,NA,NA,0.251585840045966,0.639365561712854,NA,0.875306100104804,0.991145697069595,0.305502311173032,0.926503558968691,NA,NA,NA,NA,NA,NA,NA,NA,NA,NA,0.357232472953459,NA,NA,NA,NA,NA,0.506022503321001,NA,0.377569017439026,NA,0.514209511925685,NA,NA,NA,NA,NA,NA,NA,NA,NA,NA
"69",NA,NA,NA,NA,NA,NA,NA,NA,NA,NA,NA,NA,NA,NA,NA,NA,NA,NA,NA,NA,NA,NA,NA,NA,NA,NA,NA,NA,NA,NA,NA,NA,NA,NA,NA,NA,NA,NA,NA,NA,NA,NA,NA,NA,NA,NA,NA,NA,NA,NA,NA,NA,NA,NA,NA,NA,NA,NA,NA,NA,NA,NA,NA,NA,NA,NA,NA,NA,NA,0.300908308381603,NA,NA,NA,NA,NA,NA,NA,0.571090155282389,NA,NA,NA,NA,NA,NA,NA,NA,NA,NA,NA,NA,NA,NA,0.470818331447342,NA,NA,NA,NA,NA,NA,NA,0.195533817555194,NA,NA,NA,NA,NA,NA,NA,NA,NA,NA,NA,NA,NA,NA,NA,NA,NA,NA,NA,0.164090902998168,0.89946069723693,NA,NA,NA,NA,0.273935615341439,NA,NA,NA,NA,NA,NA,NA,NA,NA,NA,NA,NA,NA,NA,NA,NA,NA,NA,NA,NA,0.297641673044626,0.515805160555474,NA,0.239296985542706,NA,NA,NA,NA,NA,NA,NA,NA,0.807598035404311,NA,NA,NA,NA,NA,0.91817116241594,NA,NA,NA,NA,NA,NA,NA,NA,NA,NA,NA,NA,NA,NA,NA,NA,NA,NA,NA,NA,NA,NA,NA,NA,NA,NA,NA,NA,NA,NA,NA,NA,NA,NA,NA,NA,NA,NA,NA,0.643807307589239,NA,NA,NA,NA,NA,NA,NA,NA,NA,NA,NA,0.740125552357872,NA,0.588612887848507,0.63332452770992,NA,NA,NA,NA,NA
"70",NA,NA,NA,NA,NA,NA,NA,NA,NA,NA,NA,NA,NA,NA,NA,NA,NA,NA,NA,NA,NA,NA,NA,NA,NA,NA,NA,NA,NA,NA,NA,NA,NA,NA,NA,NA,NA,NA,NA,NA,NA,NA,NA,NA,NA,NA,NA,NA,NA,NA,NA,NA,NA,NA,NA,NA,NA,NA,NA,NA,NA,NA,NA,NA,NA,NA,NA,NA,NA,NA,NA,NA,NA,NA,NA,NA,NA,0.73587812533766,NA,NA,NA,NA,NA,NA,NA,0.375320163252738,NA,NA,NA,NA,NA,NA,0.0837256135749657,NA,NA,NA,NA,NA,NA,NA,0.074584468752856,NA,NA,NA,NA,NA,0.126679035473891,NA,NA,NA,NA,NA,0.861627663193757,NA,NA,NA,NA,NA,NA,NA,0.0685616371500049,NA,NA,NA,NA,NA,0.917986022475149,NA,0.0273030864084864,NA,NA,NA,NA,NA,NA,NA,NA,NA,NA,NA,NA,NA,NA,NA,NA,NA,0.213915117364569,0.0584477612960552,NA,0.624884972294745,0.112953552375992,NA,NA,NA,NA,NA,NA,NA,NA,0.994944497409309,NA,NA,NA,NA,NA,0.714845198537817,NA,NA,NA,NA,NA,NA,NA,NA,NA,0.310107898392772,NA,NA,0.164970330798392,NA,NA,NA,NA,NA,NA,NA,NA,NA,NA,0.270009215585479,NA,NA,NA,NA,NA,NA,NA,NA,NA,NA,NA,NA,NA,0.409182704881402,NA,NA,NA,NA,NA,NA,NA,NA,NA,NA,NA,NA,NA,NA,NA,NA,0.377483658783719,NA,NA,NA,NA,NA
"71",NA,NA,NA,NA,NA,NA,NA,NA,NA,NA,NA,NA,NA,NA,NA,NA,NA,NA,NA,NA,NA,NA,NA,NA,NA,NA,NA,NA,NA,NA,NA,NA,NA,NA,NA,NA,NA,NA,NA,NA,NA,NA,NA,NA,NA,NA,NA,NA,NA,NA,NA,NA,NA,NA,NA,NA,NA,NA,NA,NA,NA,NA,NA,NA,NA,NA,NA,NA,NA,NA,NA,NA,NA,NA,0.41846113045301,0.975698046283382,0.306427039528854,NA,NA,0.295210567212534,NA,NA,NA,0.893410766320295,NA,0.211233785008745,NA,NA,NA,NA,NA,NA,NA,0.860172021272403,NA,NA,NA,0.715819950213999,0.951397470328581,NA,NA,0.325766192144802,NA,0.473437581905044,0.859770178111727,NA,0.80071726559363,NA,0.377483658783719,NA,NA,NA,NA,0.644920371487598,NA,NA,0.261578298047884,0.751805286098756,0.208562046580009,0.309656754558584,NA,NA,0.713128495129002,NA,NA,NA,NA,0.241102185683687,0.554428759159691,NA,NA,0.829179206702263,NA,NA,NA,NA,0.993977893255556,NA,NA,NA,NA,NA,NA,NA,NA,NA,NA,NA,0.298000098672025,NA,0.859770178111727,0.44783001931899,NA,NA,0.81590448119894,NA,0.244231052860577,NA,NA,NA,NA,NA,NA,NA,NA,NA,NA,0.278182905378687,NA,NA,NA,NA,NA,0.60860408373117,0.910043394120725,0.162159797474217,NA,0.872480026371231,NA,0.949599117128586,NA,NA,NA,NA,NA,NA,NA,NA,0.333334529864302,0.769696422093952,NA,0.686645616191669,0.349920937806833,0.478428934544957,0.687987682007541,NA,NA,NA,NA,NA,0.817775785573959,NA,NA,NA,NA,0.484202734572757,0.60939408925523,0.646509964412712,NA,NA,0.368714169663172,0.678240752185812,NA,0.503764987183794,0.744723254337559,0.799496639693921,NA,NA,NA,NA,NA,0.586964784662467,0.743116288443784,NA,NA,0.664445335895262
"72",NA,NA,NA,NA,NA,NA,NA,NA,NA,NA,NA,NA,NA,NA,NA,NA,NA,NA,NA,NA,NA,NA,NA,NA,NA,NA,NA,NA,NA,NA,NA,NA,NA,NA,NA,NA,NA,NA,NA,NA,NA,NA,NA,NA,NA,NA,NA,NA,NA,NA,NA,NA,NA,NA,NA,NA,NA,NA,NA,NA,NA,NA,NA,NA,NA,NA,NA,NA,NA,NA,NA,NA,NA,NA,NA,NA,NA,0.241102185683687,NA,NA,0.164970330798392,NA,NA,NA,NA,NA,NA,NA,NA,NA,0.950649665294409,NA,NA,0.849710117423587,NA,NA,NA,NA,NA,NA,NA,NA,NA,NA,NA,NA,NA,NA,NA,NA,NA,NA,NA,NA,NA,NA,NA,NA,NA,NA,0.109029309974668,NA,NA,NA,NA,NA,NA,NA,NA,NA,NA,NA,NA,NA,NA,NA,NA,NA,NA,NA,0.973689658259398,NA,NA,NA,NA,NA,0.790655955605926,NA,NA,0.779443028976145,NA,NA,NA,NA,NA,NA,0.174935012587289,NA,NA,NA,NA,NA,NA,NA,NA,0.297517581109422,NA,NA,NA,NA,NA,NA,NA,NA,NA,NA,NA,NA,NA,NA,NA,NA,NA,NA,NA,NA,NA,NA,NA,NA,NA,NA,NA,NA,NA,NA,NA,NA,NA,NA,NA,NA,NA,NA,NA,NA,0.112953552375992,0.267050771753551,NA,NA,NA,NA,0.975716448802124,NA,NA,NA,NA,NA,0.208111401305225,NA,NA,NA,0.721904869225285,NA,NA,NA
"73",NA,NA,NA,NA,NA,NA,NA,NA,NA,NA,NA,NA,NA,NA,NA,NA,NA,NA,NA,NA,NA,NA,NA,NA,NA,NA,NA,NA,NA,NA,NA,NA,NA,NA,NA,NA,NA,NA,NA,NA,NA,NA,NA,NA,NA,NA,NA,NA,NA,NA,NA,NA,NA,NA,NA,NA,NA,NA,NA,NA,NA,NA,NA,NA,NA,NA,NA,NA,NA,NA,NA,NA,NA,NA,NA,NA,NA,0.74776095627133,NA,NA,NA,NA,NA,NA,NA,NA,NA,NA,0.470797134302258,NA,NA,NA,NA,NA,NA,NA,NA,NA,NA,NA,NA,NA,NA,NA,NA,NA,NA,NA,NA,NA,NA,NA,0.162215594992829,NA,NA,NA,NA,NA,NA,NA,NA,NA,NA,NA,NA,NA,NA,NA,NA,NA,NA,NA,NA,NA,NA,NA,NA,NA,NA,NA,NA,NA,NA,NA,NA,NA,NA,NA,NA,NA,NA,NA,NA,NA,NA,NA,NA,NA,NA,0.856311994927069,NA,NA,NA,NA,NA,0.854516482527327,NA,NA,NA,NA,NA,NA,NA,NA,NA,NA,NA,NA,NA,NA,NA,NA,NA,NA,NA,NA,NA,NA,NA,NA,NA,NA,NA,NA,NA,NA,NA,NA,NA,NA,NA,NA,NA,NA,NA,NA,NA,NA,NA,NA,NA,NA,NA,NA,NA,NA,NA,NA,NA,NA,NA,NA,NA,NA,NA,0.167829149415994
"74",NA,NA,NA,NA,NA,NA,NA,NA,NA,NA,NA,NA,NA,NA,NA,NA,NA,NA,NA,NA,NA,NA,NA,NA,NA,NA,NA,NA,NA,NA,NA,NA,NA,NA,NA,NA,NA,NA,NA,NA,NA,NA,NA,NA,NA,NA,NA,NA,NA,NA,NA,NA,NA,NA,NA,NA,NA,NA,NA,NA,NA,NA,NA,NA,NA,NA,NA,NA,NA,NA,NA,NA,NA,NA,NA,NA,NA,NA,NA,NA,NA,NA,0.805247114019124,0.571219725917493,NA,NA,0.884742047182734,NA,NA,NA,NA,NA,NA,NA,NA,NA,NA,0.702708782171555,NA,NA,NA,NA,NA,NA,0.405381492955284,NA,NA,NA,NA,NA,NA,NA,NA,0.100171089888931,NA,NA,NA,0.473442354374203,NA,NA,NA,NA,NA,NA,NA,NA,NA,NA,NA,NA,NA,NA,NA,NA,NA,NA,NA,NA,NA,NA,NA,NA,NA,NA,NA,NA,NA,NA,NA,NA,0.362792831511299,NA,NA,0.459534093605466,NA,NA,NA,NA,NA,NA,NA,NA,NA,NA,NA,NA,NA,0.506022503321001,NA,NA,NA,NA,NA,NA,NA,NA,NA,NA,NA,NA,NA,NA,NA,NA,NA,NA,0.0905059344176459,NA,NA,NA,NA,NA,NA,NA,NA,NA,NA,NA,NA,NA,NA,NA,NA,NA,NA,0.659422430134157,NA,NA,NA,NA,NA,NA,NA,NA,NA,NA,NA,NA,NA,NA,NA,NA,NA,NA,NA,NA
"75",NA,NA,NA,NA,NA,NA,NA,NA,NA,NA,NA,NA,NA,NA,NA,NA,NA,NA,NA,NA,NA,NA,NA,NA,NA,NA,NA,NA,NA,NA,NA,NA,NA,NA,NA,NA,NA,NA,NA,NA,NA,NA,NA,NA,NA,NA,NA,NA,NA,NA,NA,NA,NA,NA,NA,NA,NA,NA,NA,NA,NA,NA,NA,NA,NA,NA,NA,NA,NA,NA,NA,NA,NA,NA,NA,NA,0.511236872806071,NA,NA,NA,NA,NA,NA,0.945881049701348,NA,NA,NA,NA,NA,NA,NA,NA,NA,NA,NA,NA,NA,0.988204150444876,0.503442223619277,NA,NA,NA,NA,0.820749733168451,0.943011261668992,NA,NA,NA,NA,NA,NA,NA,NA,NA,NA,NA,NA,0.510106946940875,0.301472266942823,NA,NA,NA,0.397767846117694,NA,NA,NA,NA,NA,NA,NA,NA,0.673626924949021,0.464912255847696,0.572832565339331,NA,NA,0.518020786382843,NA,NA,NA,NA,NA,NA,NA,NA,NA,NA,NA,NA,NA,0.586964784662467,NA,0.884910356682879,NA,NA,NA,0.500323511210062,NA,NA,NA,NA,NA,0.35664941963733,NA,NA,NA,NA,0.825021442363827,NA,NA,NA,NA,NA,NA,NA,0.66293380117065,NA,NA,NA,0.943011261668992,NA,NA,NA,NA,NA,NA,NA,NA,0.585091441401493,NA,NA,0.909601131823725,NA,NA,0.616020447493134,NA,NA,NA,NA,NA,NA,NA,NA,NA,NA,NA,NA,NA,NA,NA,NA,0.947402407273034,NA,NA,NA,NA,NA,NA,NA,NA,NA,NA,NA,NA,NA,NA
"76",NA,NA,NA,NA,NA,NA,NA,NA,NA,NA,NA,NA,NA,NA,NA,NA,NA,NA,NA,NA,NA,NA,NA,NA,NA,NA,NA,NA,NA,NA,NA,NA,NA,NA,NA,NA,NA,NA,NA,NA,NA,NA,NA,NA,NA,NA,NA,NA,NA,NA,NA,NA,NA,NA,NA,NA,NA,NA,NA,NA,NA,NA,NA,NA,NA,NA,NA,NA,NA,NA,NA,NA,NA,NA,NA,NA,NA,NA,NA,NA,NA,0.508845724213644,0.601560861471284,0.974218904792162,NA,0.202888448883072,NA,NA,NA,NA,NA,NA,NA,0.446318966092345,NA,NA,NA,0.304982126598084,NA,NA,NA,NA,NA,0.377569017439026,0.926503558968691,NA,NA,NA,0.174935012587289,0.221312535736377,NA,NA,NA,NA,NA,0.942154704927332,NA,0.982058683359967,0.523777684212046,NA,NA,NA,0.606405025940174,NA,NA,NA,NA,NA,NA,NA,NA,0.221482703005685,NA,0.273654355410564,NA,NA,NA,NA,NA,NA,NA,NA,NA,NA,NA,NA,NA,NA,0.186024486279693,NA,0.232884260087488,NA,NA,NA,NA,NA,NA,NA,NA,NA,NA,NA,NA,NA,NA,NA,0.537474368092521,0.321070726494051,NA,NA,0.261578298047884,NA,NA,NA,0.664415280844135,0.685198304056833,NA,0.251375015037844,NA,0.744804265411661,NA,NA,NA,NA,0.28850555834603,NA,NA,NA,NA,0.81987704275039,NA,NA,0.6148380830847,0.275086720364539,NA,NA,NA,NA,NA,NA,NA,NA,0.269165196463275,NA,NA,NA,NA,NA,NA,NA,NA,NA,0.356186882360088,NA,NA,0.294955647450404,NA,NA,0.224629732088507,NA,NA,NA,NA,NA,NA,NA
"77",NA,NA,NA,NA,NA,NA,NA,NA,NA,NA,NA,NA,NA,NA,NA,NA,NA,NA,NA,NA,NA,NA,NA,NA,NA,NA,NA,NA,NA,NA,NA,NA,NA,NA,NA,NA,NA,NA,NA,NA,NA,NA,NA,NA,NA,NA,NA,NA,NA,NA,NA,NA,NA,NA,NA,NA,NA,NA,NA,NA,NA,NA,NA,NA,NA,NA,NA,NA,NA,NA,NA,NA,NA,NA,NA,NA,NA,NA,NA,NA,0.431758022706543,NA,NA,0.865041657241252,NA,NA,NA,NA,NA,0.309656754558584,NA,NA,NA,NA,NA,NA,NA,0.509552796255158,0.575940279895889,NA,NA,0.827827530520535,NA,NA,0.444924445916351,NA,0.347395456730441,NA,0.366528135449596,NA,NA,NA,NA,0.42682234805273,NA,NA,0.673626924949021,0.992976983620747,NA,NA,NA,NA,0.572307455753936,NA,NA,NA,NA,NA,0.70994856362817,0.256003962344648,NA,NA,0.988815060249408,NA,0.832936329274238,NA,0.998890085259645,NA,NA,NA,NA,NA,0.161624609637361,NA,NA,NA,NA,NA,NA,NA,0.435300765029012,NA,NA,NA,0.241102185683687,NA,0.929242562427104,NA,NA,NA,NA,NA,NA,NA,NA,NA,NA,0.175094143477463,NA,NA,NA,NA,NA,NA,0.301472266942823,0.568702988705836,NA,NA,NA,0.213915117364569,NA,NA,NA,NA,NA,NA,NA,NA,0.662052174756172,0.353914321310452,NA,0.631319576537471,NA,NA,0.68593989501875,NA,NA,NA,NA,NA,NA,NA,NA,NA,NA,NA,NA,NA,0.432087720461672,NA,NA,NA,NA,NA,NA,0.514209511925685,NA,NA,NA,NA,NA,NA,0.575161297873944,NA,NA,NA
"78",NA,NA,NA,NA,NA,NA,NA,NA,NA,NA,NA,NA,NA,NA,NA,NA,NA,NA,NA,NA,NA,NA,NA,NA,NA,NA,NA,NA,NA,NA,NA,NA,NA,NA,NA,NA,NA,NA,NA,NA,NA,NA,NA,NA,NA,NA,NA,NA,NA,NA,NA,NA,NA,NA,NA,NA,NA,NA,NA,NA,NA,NA,NA,NA,NA,NA,NA,NA,NA,NA,NA,NA,NA,NA,NA,NA,NA,NA,NA,NA,NA,NA,NA,NA,NA,NA,NA,NA,NA,NA,NA,NA,0.863168249426586,NA,NA,0.445075097689828,NA,NA,NA,NA,NA,NA,NA,NA,NA,NA,NA,NA,NA,NA,NA,NA,0.696302131135017,NA,0.052994749617674,NA,NA,NA,NA,NA,NA,0.568702988705836,NA,NA,NA,NA,0.700271639490642,NA,0.12434018470546,NA,NA,NA,NA,NA,NA,NA,NA,NA,NA,NA,NA,NA,NA,NA,NA,NA,NA,0.115219740485358,NA,NA,NA,NA,NA,NA,NA,NA,NA,0.66716061177489,NA,0.930897806174963,NA,NA,NA,NA,NA,0.754039610378955,NA,NA,NA,NA,NA,NA,NA,NA,NA,NA,NA,NA,NA,NA,NA,NA,NA,NA,NA,NA,NA,NA,NA,NA,NA,NA,NA,NA,NA,NA,NA,NA,NA,NA,NA,NA,NA,NA,NA,0.517173700344536,NA,NA,NA,NA,NA,NA,NA,NA,NA,NA,NA,0.80891754029406,NA,0.418585300220126,0.512549807510422,NA,NA,NA,NA,NA
"79",NA,NA,NA,NA,NA,NA,NA,NA,NA,NA,NA,NA,NA,NA,NA,NA,NA,NA,NA,NA,NA,NA,NA,NA,NA,NA,NA,NA,NA,NA,NA,NA,NA,NA,NA,NA,NA,NA,NA,NA,NA,NA,NA,NA,NA,NA,NA,NA,NA,NA,NA,NA,NA,NA,NA,NA,NA,NA,NA,NA,NA,NA,NA,NA,NA,NA,NA,NA,NA,NA,NA,NA,NA,NA,NA,NA,NA,NA,NA,NA,NA,0.66028649142299,NA,NA,NA,NA,NA,NA,NA,NA,NA,NA,NA,NA,NA,NA,NA,NA,NA,NA,NA,NA,NA,NA,NA,NA,NA,NA,NA,NA,NA,NA,NA,NA,NA,NA,NA,NA,NA,NA,NA,NA,NA,NA,NA,NA,NA,NA,NA,NA,NA,NA,NA,NA,NA,NA,NA,NA,NA,NA,NA,NA,NA,NA,NA,NA,NA,NA,NA,NA,NA,NA,NA,NA,NA,NA,NA,NA,0.0155434121052311,NA,NA,NA,NA,NA,NA,NA,NA,NA,NA,NA,NA,NA,NA,NA,NA,NA,NA,NA,NA,NA,NA,NA,NA,NA,NA,NA,NA,NA,NA,NA,NA,NA,NA,NA,NA,NA,NA,NA,NA,NA,NA,NA,NA,NA,NA,NA,NA,NA,NA,NA,NA,NA,NA,NA,NA,NA,NA,NA,NA,NA,NA,NA,NA,NA,NA,NA
"80",NA,NA,NA,NA,NA,NA,NA,NA,NA,NA,NA,NA,NA,NA,NA,NA,NA,NA,NA,NA,NA,NA,NA,NA,NA,NA,NA,NA,NA,NA,NA,NA,NA,NA,NA,NA,NA,NA,NA,NA,NA,NA,NA,NA,NA,NA,NA,NA,NA,NA,NA,NA,NA,NA,NA,NA,NA,NA,NA,NA,NA,NA,NA,NA,NA,NA,NA,NA,NA,NA,NA,NA,NA,NA,NA,NA,NA,NA,NA,NA,0.929242562427104,NA,NA,0.320653865212621,0.469720881324231,NA,NA,0.678630857850311,0.983979803877563,NA,NA,NA,NA,NA,NA,0.977413508958859,0.273795071750365,0.186024486279693,NA,NA,NA,NA,0.103609687350916,NA,NA,NA,NA,NA,NA,NA,NA,NA,NA,NA,NA,NA,NA,0.21393578636936,NA,NA,0.63932232663151,0.242867229280847,NA,0.926503558968691,0.84752975626446,NA,0.197451590932345,NA,0.35488702608187,0.630710203106731,0.316420548577497,NA,NA,NA,NA,NA,NA,NA,NA,NA,NA,NA,NA,0.162215594992829,NA,NA,NA,NA,NA,NA,NA,NA,NA,NA,NA,NA,NA,0.320352910475913,NA,NA,NA,NA,NA,NA,NA,NA,NA,0.424052309821364,NA,NA,0.97461511414844,NA,NA,0.586964784662467,NA,NA,NA,NA,NA,NA,NA,NA,NA,NA,NA,NA,NA,0.463891034246351,NA,0.115219740485358,NA,NA,NA,NA,NA,NA,0.934562986067955,NA,NA,0.20797255177117,NA,NA,0.134117881318168,NA,NA,0.4974201430089,NA,NA,NA,NA,NA,NA,NA,NA,NA,NA,0.664415280844135,NA,NA,NA,NA,NA,NA,NA,NA,NA
"81",NA,NA,NA,NA,NA,NA,NA,NA,NA,NA,NA,NA,NA,NA,NA,NA,NA,NA,NA,NA,NA,NA,NA,NA,NA,NA,NA,NA,NA,NA,NA,NA,NA,NA,NA,NA,NA,NA,NA,NA,NA,NA,NA,NA,NA,NA,NA,NA,NA,NA,NA,NA,NA,NA,NA,NA,NA,NA,NA,NA,NA,NA,NA,NA,NA,NA,NA,NA,NA,NA,NA,NA,NA,NA,NA,NA,NA,NA,NA,NA,NA,0.122996541128524,NA,NA,NA,NA,NA,NA,NA,NA,NA,NA,NA,NA,NA,NA,NA,NA,NA,NA,NA,NA,NA,NA,NA,NA,NA,NA,NA,NA,NA,NA,NA,NA,NA,NA,NA,0.0993100757848638,NA,NA,NA,NA,0.431758022706543,NA,NA,NA,NA,NA,NA,NA,NA,NA,NA,NA,0.320352910475913,NA,NA,NA,NA,NA,NA,NA,NA,NA,NA,NA,NA,NA,NA,NA,NA,NA,NA,NA,NA,NA,NA,NA,0.6830416847991,NA,NA,NA,0.900349981630819,NA,NA,NA,NA,NA,NA,NA,NA,NA,NA,NA,NA,NA,NA,NA,NA,NA,NA,NA,NA,NA,0.320352910475913,NA,NA,NA,NA,NA,NA,0.349920937806833,NA,NA,NA,NA,NA,NA,NA,NA,NA,NA,0.237858109639137,NA,NA,NA,NA,NA,NA,NA,NA,NA,NA,NA,NA,NA,NA,NA,NA,NA,NA,NA,NA,NA,NA,NA
"82",NA,NA,NA,NA,NA,NA,NA,NA,NA,NA,NA,NA,NA,NA,NA,NA,NA,NA,NA,NA,NA,NA,NA,NA,NA,NA,NA,NA,NA,NA,NA,NA,NA,NA,NA,NA,NA,NA,NA,NA,NA,NA,NA,NA,NA,NA,NA,NA,NA,NA,NA,NA,NA,NA,NA,NA,NA,NA,NA,NA,NA,NA,NA,NA,NA,NA,NA,NA,NA,NA,NA,NA,NA,NA,NA,NA,NA,NA,NA,NA,NA,NA,NA,NA,NA,0.943011261668992,NA,NA,NA,NA,NA,NA,NA,0.202888448883072,NA,NA,NA,NA,NA,NA,NA,NA,NA,0.878083851375235,NA,NA,NA,NA,NA,NA,NA,0.195230652043199,NA,NA,NA,0.52811433082726,NA,NA,NA,NA,NA,NA,NA,NA,NA,NA,NA,NA,NA,NA,NA,NA,NA,NA,NA,NA,NA,NA,NA,NA,NA,NA,NA,NA,0.408308232318392,NA,NA,NA,0.480015960097621,NA,NA,NA,NA,NA,NA,NA,NA,NA,NA,NA,NA,NA,NA,0.621941499020088,NA,NA,NA,NA,NA,NA,NA,NA,NA,NA,NA,NA,NA,NA,NA,NA,NA,NA,NA,NA,NA,NA,NA,NA,NA,NA,NA,NA,NA,0.685198304056833,NA,NA,NA,NA,NA,NA,NA,NA,NA,NA,NA,NA,NA,NA,NA,NA,NA,NA,NA,0.780838063443408,NA,NA,NA,NA,NA,NA,NA,NA,NA,NA,NA,NA
"83",NA,NA,NA,NA,NA,NA,NA,NA,NA,NA,NA,NA,NA,NA,NA,NA,NA,NA,NA,NA,NA,NA,NA,NA,NA,NA,NA,NA,NA,NA,NA,NA,NA,NA,NA,NA,NA,NA,NA,NA,NA,NA,NA,NA,NA,NA,NA,NA,NA,NA,NA,NA,NA,NA,NA,NA,NA,NA,NA,NA,NA,NA,NA,NA,NA,NA,NA,NA,NA,NA,NA,NA,NA,NA,NA,NA,NA,NA,NA,NA,NA,NA,NA,NA,NA,NA,0.869759228375784,NA,NA,NA,NA,NA,NA,NA,NA,NA,NA,NA,NA,NA,NA,NA,NA,NA,NA,NA,NA,NA,NA,NA,NA,NA,NA,NA,NA,NA,NA,NA,NA,NA,NA,NA,NA,NA,NA,NA,NA,NA,NA,NA,NA,NA,NA,NA,NA,NA,NA,NA,NA,NA,NA,NA,NA,NA,NA,NA,NA,NA,NA,NA,NA,NA,NA,NA,NA,NA,NA,NA,NA,NA,NA,NA,NA,NA,NA,NA,NA,NA,NA,NA,NA,NA,NA,NA,0.673626924949021,NA,NA,NA,NA,NA,NA,NA,NA,NA,NA,NA,NA,NA,NA,NA,NA,NA,NA,NA,NA,NA,NA,NA,NA,NA,NA,NA,NA,NA,NA,NA,NA,NA,NA,NA,NA,NA,NA,NA,NA,NA,NA,NA,NA,NA,NA,NA,NA,NA,NA,NA
"84",NA,NA,NA,NA,NA,NA,NA,NA,NA,NA,NA,NA,NA,NA,NA,NA,NA,NA,NA,NA,NA,NA,NA,NA,NA,NA,NA,NA,NA,NA,NA,NA,NA,NA,NA,NA,NA,NA,NA,NA,NA,NA,NA,NA,NA,NA,NA,NA,NA,NA,NA,NA,NA,NA,NA,NA,NA,NA,NA,NA,NA,NA,NA,NA,NA,NA,NA,NA,NA,NA,NA,NA,NA,NA,NA,NA,NA,NA,NA,NA,NA,NA,NA,NA,NA,0.0919360336498077,NA,NA,NA,NA,NA,NA,NA,0.673626924949021,NA,NA,NA,0.686645616191669,0.516630791061407,NA,NA,0.474962728788563,NA,0.186024486279693,0.444924445916351,NA,0.497689671530425,NA,NA,0.387917101339609,NA,NA,NA,NA,NA,NA,0.500320578833831,0.327857750864634,0.281930300262324,NA,0.194287693003565,NA,0.872480026371231,NA,0.197451590932345,NA,NA,NA,0.237362745014921,NA,0.503442223619277,0.254397001673871,NA,0.855441396114104,NA,NA,0.602128464189274,NA,NA,0.214995876370544,NA,NA,NA,NA,NA,NA,NA,NA,0.110342158222733,NA,0.213915117364569,0.963039730568882,NA,NA,0.949524601824355,NA,0.273935615341439,NA,NA,NA,NA,NA,NA,NA,NA,0.346979770994551,NA,0.480891960322752,NA,NA,NA,NA,NA,0.571041346289574,0.53219263074947,0.273793034551341,NA,0.887274952877515,NA,0.638559130940529,NA,NA,NA,NA,NA,NA,0.164970330798392,NA,0.521973990660279,0.171786419524019,NA,0.667133952116515,0.423748025130614,0.168672278554378,0.92756033593777,NA,NA,NA,NA,NA,0.772051300584871,NA,NA,NA,NA,0.163446396313694,NA,NA,NA,NA,NA,0.327857750864634,NA,0.304982126598084,0.288807874126252,0.70994856362817,NA,NA,NA,NA,NA,NA,0.88777169090527,NA,NA,0.537474368092521
"85",NA,NA,NA,NA,NA,NA,NA,NA,NA,NA,NA,NA,NA,NA,NA,NA,NA,NA,NA,NA,NA,NA,NA,NA,NA,NA,NA,NA,NA,NA,NA,NA,NA,NA,NA,NA,NA,NA,NA,NA,NA,NA,NA,NA,NA,NA,NA,NA,NA,NA,NA,NA,NA,NA,NA,NA,NA,NA,NA,NA,NA,NA,NA,NA,NA,NA,NA,NA,NA,NA,NA,NA,NA,NA,NA,NA,NA,NA,NA,NA,NA,NA,NA,NA,NA,NA,NA,NA,NA,NA,NA,NA,NA,NA,NA,0.30004630509132,NA,NA,NA,NA,NA,NA,NA,NA,NA,NA,NA,NA,NA,NA,NA,NA,NA,NA,NA,NA,NA,NA,NA,NA,NA,NA,NA,NA,NA,NA,NA,NA,NA,NA,NA,NA,NA,NA,0.301472266942823,NA,NA,NA,NA,NA,NA,NA,NA,NA,NA,NA,NA,NA,NA,NA,NA,NA,NA,NA,NA,NA,NA,NA,NA,NA,NA,NA,NA,NA,NA,NA,NA,NA,NA,NA,NA,NA,NA,NA,NA,NA,NA,NA,NA,NA,NA,NA,NA,NA,NA,NA,NA,0.716834713710464,NA,NA,NA,NA,NA,NA,NA,NA,NA,NA,NA,NA,NA,NA,NA,NA,NA,0.669322799627882,NA,NA,NA,NA,NA,NA,NA,NA,NA,NA,NA,NA,NA,NA,NA,NA,NA,NA,NA,NA
"86",NA,NA,NA,NA,NA,NA,NA,NA,NA,NA,NA,NA,NA,NA,NA,NA,NA,NA,NA,NA,NA,NA,NA,NA,NA,NA,NA,NA,NA,NA,NA,NA,NA,NA,NA,NA,NA,NA,NA,NA,NA,NA,NA,NA,NA,NA,NA,NA,NA,NA,NA,NA,NA,NA,NA,NA,NA,NA,NA,NA,NA,NA,NA,NA,NA,NA,NA,NA,NA,NA,NA,NA,NA,NA,NA,NA,NA,NA,NA,NA,NA,NA,NA,NA,NA,NA,NA,NA,NA,NA,NA,NA,0.30348839416125,0.523901870668195,NA,NA,NA,0.194287693003565,NA,NA,NA,NA,NA,NA,0.119570379828818,NA,NA,NA,0.514209511925685,NA,NA,0.146326747002132,NA,NA,NA,0.340313783675384,NA,0.195230652043199,NA,NA,0.202888448883072,0.224629732088507,NA,NA,NA,NA,0.298986934618484,NA,NA,NA,NA,0.174935012587289,NA,NA,NA,NA,NA,NA,NA,0.224629732088507,NA,NA,NA,NA,0.287955379506118,0.679515938182222,NA,NA,0.9409965868712,NA,0.0379515685729534,0.320352910475913,NA,NA,NA,NA,NA,NA,NA,NA,NA,NA,NA,0.9951544198394,0.565365682184795,NA,NA,0.221312535736377,NA,NA,NA,NA,NA,NA,NA,0.304982126598084,NA,NA,NA,0.362792831511299,NA,NA,0.922603359928005,NA,NA,NA,NA,NA,NA,0.134117881318168,NA,NA,0.32936463674866,0.579006961773341,NA,0.320653865212621,NA,NA,NA,NA,0.224629732088507,0.76270813786848,NA,0.66293380117065,NA,NA,NA,0.473442354374203,NA,NA,NA,NA,NA,NA,NA,NA,NA,NA,0.259490915306474,NA,0.159289698540667,0.148978653411758,NA,NA,NA,NA
"87",NA,NA,NA,NA,NA,NA,NA,NA,NA,NA,NA,NA,NA,NA,NA,NA,NA,NA,NA,NA,NA,NA,NA,NA,NA,NA,NA,NA,NA,NA,NA,NA,NA,NA,NA,NA,NA,NA,NA,NA,NA,NA,NA,NA,NA,NA,NA,NA,NA,NA,NA,NA,NA,NA,NA,NA,NA,NA,NA,NA,NA,NA,NA,NA,NA,NA,NA,NA,NA,NA,NA,NA,NA,NA,NA,NA,NA,NA,NA,NA,NA,NA,NA,NA,NA,NA,NA,NA,NA,NA,NA,NA,NA,NA,NA,NA,NA,NA,NA,NA,NA,NA,NA,NA,NA,NA,NA,NA,NA,NA,NA,NA,NA,NA,NA,NA,NA,NA,NA,NA,NA,NA,NA,NA,NA,NA,NA,NA,NA,NA,NA,NA,NA,NA,NA,NA,NA,NA,NA,NA,NA,NA,NA,NA,NA,NA,NA,NA,NA,NA,NA,NA,NA,NA,NA,NA,NA,NA,NA,NA,NA,NA,NA,NA,NA,NA,NA,NA,NA,NA,NA,NA,NA,NA,NA,NA,NA,NA,NA,NA,NA,NA,NA,NA,NA,NA,NA,NA,NA,NA,NA,NA,NA,NA,NA,NA,NA,NA,NA,NA,NA,NA,NA,NA,NA,NA,NA,NA,NA,NA,NA,NA,NA,NA,NA,NA,NA,NA,NA,NA,NA,NA,NA,NA,NA,NA
"88",NA,NA,NA,NA,NA,NA,NA,NA,NA,NA,NA,NA,NA,NA,NA,NA,NA,NA,NA,NA,NA,NA,NA,NA,NA,NA,NA,NA,NA,NA,NA,NA,NA,NA,NA,NA,NA,NA,NA,NA,NA,NA,NA,NA,NA,NA,NA,NA,NA,NA,NA,NA,NA,NA,NA,NA,NA,NA,NA,NA,NA,NA,NA,NA,NA,NA,NA,NA,NA,NA,NA,NA,NA,NA,NA,NA,NA,NA,NA,NA,NA,NA,NA,NA,NA,NA,NA,NA,0.974281569073135,NA,NA,NA,NA,NA,NA,NA,NA,NA,NA,NA,NA,NA,NA,0.287521442398812,NA,NA,NA,NA,NA,NA,NA,NA,NA,NA,NA,NA,NA,NA,NA,NA,0.994942685158654,NA,NA,NA,NA,NA,NA,NA,NA,NA,NA,NA,NA,NA,NA,NA,NA,NA,NA,NA,NA,NA,NA,NA,NA,NA,NA,0.893675275980691,NA,NA,NA,NA,NA,NA,NA,NA,NA,NA,NA,NA,NA,NA,NA,NA,NA,NA,NA,NA,NA,NA,NA,NA,NA,NA,NA,NA,NA,NA,NA,NA,NA,NA,NA,NA,NA,NA,NA,0.631319576537471,NA,NA,NA,NA,NA,NA,NA,NA,NA,NA,NA,NA,NA,NA,NA,NA,NA,NA,NA,NA,NA,NA,NA,NA,0.158018520478823,NA,NA,NA,0.949524601824355,NA,NA,NA,NA,NA,NA,NA,NA,NA
"89",NA,NA,NA,NA,NA,NA,NA,NA,NA,NA,NA,NA,NA,NA,NA,NA,NA,NA,NA,NA,NA,NA,NA,NA,NA,NA,NA,NA,NA,NA,NA,NA,NA,NA,NA,NA,NA,NA,NA,NA,NA,NA,NA,NA,NA,NA,NA,NA,NA,NA,NA,NA,NA,NA,NA,NA,NA,NA,NA,NA,NA,NA,NA,NA,NA,NA,NA,NA,NA,NA,NA,NA,NA,NA,NA,NA,NA,NA,NA,NA,NA,NA,NA,NA,NA,NA,NA,NA,NA,NA,NA,0.19103978738705,NA,NA,NA,0.776896655664978,NA,NA,NA,NA,0.423748025130614,NA,0.444924445916351,NA,NA,NA,0.100803435816765,NA,0.953860410654847,NA,NA,NA,NA,NA,NA,NA,NA,NA,NA,NA,0.597589064864176,NA,NA,NA,0.377375407916342,NA,0.100803435816765,NA,0.186024486279693,NA,NA,NA,0.950649665294409,NA,NA,NA,NA,NA,NA,NA,NA,NA,NA,NA,NA,NA,NA,NA,NA,NA,NA,NA,0.850258151555509,NA,NA,NA,NA,NA,NA,NA,NA,NA,NA,NA,NA,NA,NA,NA,0.572832565339331,NA,0.966874042977536,NA,0.983979803877563,NA,0.606699694948225,NA,NA,0.445075097689828,NA,NA,NA,NA,NA,NA,NA,NA,NA,0.591873145305487,NA,NA,NA,NA,NA,NA,NA,NA,NA,NA,NA,NA,NA,NA,NA,NA,NA,0.0557229272867098,0.067635940295007,NA,NA,NA,NA,NA,NA,NA,NA,NA,0.265991487869591,NA,NA,NA,NA,NA,NA,NA,NA,NA
"90",NA,NA,NA,NA,NA,NA,NA,NA,NA,NA,NA,NA,NA,NA,NA,NA,NA,NA,NA,NA,NA,NA,NA,NA,NA,NA,NA,NA,NA,NA,NA,NA,NA,NA,NA,NA,NA,NA,NA,NA,NA,NA,NA,NA,NA,NA,NA,NA,NA,NA,NA,NA,NA,NA,NA,NA,NA,NA,NA,NA,NA,NA,NA,NA,NA,NA,NA,NA,NA,NA,NA,NA,NA,NA,NA,NA,NA,NA,NA,NA,NA,NA,NA,NA,NA,NA,NA,NA,NA,NA,NA,NA,NA,NA,NA,NA,NA,0.335325257133825,NA,NA,NA,0.246331338405932,NA,NA,NA,NA,NA,NA,NA,NA,NA,NA,NA,NA,NA,NA,NA,NA,NA,NA,NA,NA,0.739376603533919,NA,NA,NA,NA,NA,NA,NA,NA,0.509552796255158,0.751805286098756,NA,NA,NA,NA,NA,NA,NA,NA,NA,NA,NA,NA,NA,NA,NA,NA,NA,NA,NA,NA,NA,0.281930300262324,NA,NA,NA,NA,NA,NA,NA,NA,NA,NA,NA,NA,NA,NA,NA,NA,NA,NA,NA,NA,NA,NA,NA,NA,NA,NA,NA,NA,NA,NA,NA,NA,NA,0.554589829752188,NA,NA,NA,0.241102185683687,NA,0.322504200388109,NA,NA,0.323018851998182,NA,NA,NA,NA,NA,NA,NA,NA,NA,NA,NA,NA,NA,NA,NA,NA,NA,NA,NA,NA,NA,NA,NA,NA,NA,NA,NA,NA
"91",NA,NA,NA,NA,NA,NA,NA,NA,NA,NA,NA,NA,NA,NA,NA,NA,NA,NA,NA,NA,NA,NA,NA,NA,NA,NA,NA,NA,NA,NA,NA,NA,NA,NA,NA,NA,NA,NA,NA,NA,NA,NA,NA,NA,NA,NA,NA,NA,NA,NA,NA,NA,NA,NA,NA,NA,NA,NA,NA,NA,NA,NA,NA,NA,NA,NA,NA,NA,NA,NA,NA,NA,NA,NA,NA,NA,NA,NA,NA,NA,NA,NA,NA,NA,NA,NA,NA,NA,NA,NA,NA,NA,NA,NA,NA,NA,NA,NA,NA,NA,NA,NA,NA,NA,NA,NA,NA,NA,NA,NA,NA,NA,NA,NA,NA,NA,NA,NA,NA,NA,NA,NA,NA,NA,NA,NA,NA,NA,NA,NA,NA,NA,NA,NA,NA,NA,NA,NA,NA,NA,NA,NA,NA,NA,NA,NA,NA,NA,NA,NA,NA,NA,NA,NA,NA,NA,NA,NA,0.313119522683078,NA,NA,NA,0.568702988705836,NA,NA,NA,NA,NA,NA,NA,NA,NA,NA,NA,NA,NA,NA,NA,NA,NA,NA,NA,NA,NA,NA,NA,NA,NA,NA,NA,NA,NA,NA,NA,NA,NA,NA,NA,NA,NA,NA,NA,NA,NA,NA,NA,NA,NA,NA,NA,NA,NA,NA,NA,NA,NA,NA,NA,NA,NA,NA,NA,NA,NA,NA,NA
"92",NA,NA,NA,NA,NA,NA,NA,NA,NA,NA,NA,NA,NA,NA,NA,NA,NA,NA,NA,NA,NA,NA,NA,NA,NA,NA,NA,NA,NA,NA,NA,NA,NA,NA,NA,NA,NA,NA,NA,NA,NA,NA,NA,NA,NA,NA,NA,NA,NA,NA,NA,NA,NA,NA,NA,NA,NA,NA,NA,NA,NA,NA,NA,NA,NA,NA,NA,NA,NA,NA,NA,NA,NA,NA,NA,NA,NA,NA,NA,NA,NA,NA,NA,NA,NA,NA,NA,NA,NA,NA,NA,NA,NA,0.213915117364569,NA,NA,NA,NA,NA,NA,0.180789677295686,NA,NA,NA,NA,NA,NA,NA,NA,NA,NA,NA,NA,NA,NA,NA,NA,NA,NA,NA,NA,NA,NA,NA,NA,NA,NA,NA,NA,NA,NA,NA,NA,NA,NA,NA,NA,NA,NA,NA,NA,NA,NA,NA,NA,NA,NA,NA,NA,NA,NA,NA,NA,NA,NA,NA,NA,NA,NA,NA,NA,NA,NA,NA,NA,0.267050771753551,NA,NA,NA,NA,NA,NA,NA,NA,NA,NA,NA,NA,NA,NA,NA,NA,NA,NA,NA,NA,NA,NA,NA,NA,NA,NA,NA,NA,NA,NA,NA,NA,NA,NA,0.168220911974761,NA,NA,NA,NA,NA,NA,NA,NA,NA,NA,NA,NA,NA,NA,NA,NA,NA,NA,NA,NA,NA,NA,NA,NA,NA
"93",NA,NA,NA,NA,NA,NA,NA,NA,NA,NA,NA,NA,NA,NA,NA,NA,NA,NA,NA,NA,NA,NA,NA,NA,NA,NA,NA,NA,NA,NA,NA,NA,NA,NA,NA,NA,NA,NA,NA,NA,NA,NA,NA,NA,NA,NA,NA,NA,NA,NA,NA,NA,NA,NA,NA,NA,NA,NA,NA,NA,NA,NA,NA,NA,NA,NA,NA,NA,NA,NA,NA,NA,NA,NA,NA,NA,NA,NA,NA,NA,NA,NA,NA,NA,NA,NA,NA,NA,NA,NA,NA,NA,NA,NA,NA,NA,NA,NA,NA,NA,0.20958245985502,NA,NA,NA,NA,NA,0.309656754558584,NA,NA,NA,NA,NA,NA,NA,NA,NA,NA,NA,NA,NA,0.074584468752856,NA,NA,NA,NA,NA,0.254397001673871,NA,0.108009176178591,NA,NA,NA,NA,NA,NA,NA,NA,NA,NA,0.110342158222733,NA,NA,NA,NA,NA,NA,0.466636146485519,0.25134481566346,NA,0.658483849256126,0.254852564721202,NA,NA,NA,NA,NA,NA,NA,NA,0.874193518326687,NA,NA,NA,NA,NA,0.988342597087737,NA,NA,NA,NA,NA,NA,NA,NA,NA,NA,NA,NA,0.20797255177117,NA,NA,NA,NA,NA,NA,0.168220911974761,NA,0.162215594992829,NA,0.506022503321001,NA,NA,NA,NA,NA,NA,NA,NA,NA,NA,NA,NA,NA,0.460229988408135,NA,NA,NA,NA,NA,NA,NA,NA,NA,NA,NA,NA,0.0974701084351187,NA,NA,NA,0.202888448883072,NA,0.232884260087488,NA,NA,NA
"94",NA,NA,NA,NA,NA,NA,NA,NA,NA,NA,NA,NA,NA,NA,NA,NA,NA,NA,NA,NA,NA,NA,NA,NA,NA,NA,NA,NA,NA,NA,NA,NA,NA,NA,NA,NA,NA,NA,NA,NA,NA,NA,NA,NA,NA,NA,NA,NA,NA,NA,NA,NA,NA,NA,NA,NA,NA,NA,NA,NA,NA,NA,NA,NA,NA,NA,NA,NA,NA,NA,NA,NA,NA,NA,NA,NA,NA,NA,NA,NA,NA,NA,NA,NA,NA,NA,NA,NA,NA,NA,NA,NA,NA,NA,NA,NA,NA,0.88777169090527,NA,NA,NA,NA,NA,NA,0.953860410654847,NA,NA,NA,NA,NA,NA,NA,NA,NA,NA,NA,NA,0.487440612236507,0.164090902998168,NA,0.164090902998168,NA,NA,NA,NA,NA,NA,NA,NA,NA,NA,0.860075251545514,NA,NA,NA,NA,NA,0.213915117364569,NA,0.757410479318695,NA,NA,NA,NA,0.945881049701348,NA,NA,NA,0.68119449864612,0.582244488347945,0.241102185683687,0.462186526612065,NA,NA,NA,NA,NA,NA,NA,NA,NA,NA,NA,0.840951616395283,NA,0.966874042977536,NA,0.990089351892063,NA,NA,NA,NA,NA,NA,NA,0.902885641817186,NA,NA,NA,0.567074334183973,NA,NA,0.926503558968691,0.758052350658966,NA,NA,NA,NA,NA,0.603869339419666,NA,NA,NA,0.561222822403362,NA,NA,NA,NA,NA,NA,0.749546420830694,NA,NA,0.97461511414844,NA,0.572307455753936,NA,NA,NA,NA,NA,NA,NA,NA,NA,NA,NA,NA,NA,NA,NA,NA,0.661889888161697,NA,NA,NA
"95",NA,NA,NA,NA,NA,NA,NA,NA,NA,NA,NA,NA,NA,NA,NA,NA,NA,NA,NA,NA,NA,NA,NA,NA,NA,NA,NA,NA,NA,NA,NA,NA,NA,NA,NA,NA,NA,NA,NA,NA,NA,NA,NA,NA,NA,NA,NA,NA,NA,NA,NA,NA,NA,NA,NA,NA,NA,NA,NA,NA,NA,NA,NA,NA,NA,NA,NA,NA,NA,NA,NA,NA,NA,NA,NA,NA,NA,NA,NA,NA,NA,NA,NA,NA,NA,NA,NA,NA,NA,NA,NA,NA,NA,NA,NA,NA,NA,NA,NA,NA,NA,NA,NA,NA,NA,NA,NA,0.188660361314407,NA,NA,NA,NA,NA,NA,NA,NA,NA,NA,NA,NA,NA,NA,NA,0.159289698540667,0.108219806904312,NA,NA,NA,NA,NA,NA,NA,NA,NA,NA,NA,NA,NA,NA,NA,NA,NA,NA,NA,NA,NA,NA,NA,NA,NA,NA,NA,NA,NA,NA,NA,NA,NA,NA,NA,NA,NA,NA,NA,NA,NA,NA,NA,NA,NA,NA,NA,NA,NA,0.281930300262324,NA,NA,0.173434835914944,NA,NA,NA,NA,NA,NA,NA,NA,NA,NA,NA,NA,NA,NA,NA,NA,NA,NA,NA,NA,NA,NA,NA,NA,NA,NA,NA,NA,NA,NA,NA,NA,NA,NA,NA,NA,NA,NA,NA,0.380397794599815,NA,NA,NA,NA,NA,NA,NA,NA
"96",NA,NA,NA,NA,NA,NA,NA,NA,NA,NA,NA,NA,NA,NA,NA,NA,NA,NA,NA,NA,NA,NA,NA,NA,NA,NA,NA,NA,NA,NA,NA,NA,NA,NA,NA,NA,NA,NA,NA,NA,NA,NA,NA,NA,NA,NA,NA,NA,NA,NA,NA,NA,NA,NA,NA,NA,NA,NA,NA,NA,NA,NA,NA,NA,NA,NA,NA,NA,NA,NA,NA,NA,NA,NA,NA,NA,NA,NA,NA,NA,NA,NA,NA,NA,NA,NA,NA,NA,NA,NA,NA,NA,NA,NA,NA,NA,NA,NA,NA,NA,0.483923108992466,NA,NA,NA,NA,NA,NA,NA,NA,NA,0.931802366544284,NA,NA,NA,NA,NA,NA,NA,NA,NA,NA,NA,NA,NA,0.117517966462542,NA,NA,NA,0.807611320287289,NA,NA,NA,0.567074334183973,NA,NA,0.70994856362817,NA,NA,NA,NA,0.985655734728211,0.295210567212534,NA,NA,NA,NA,NA,0.348783763051074,NA,NA,NA,NA,NA,0.221161100995172,NA,NA,NA,NA,NA,NA,NA,NA,NA,NA,NA,NA,NA,NA,0.661590595012882,NA,NA,0.749437600380113,0.755127454657111,NA,NA,NA,NA,NA,NA,NA,NA,NA,NA,NA,NA,NA,0.649772227020973,NA,NA,NA,NA,NA,NA,NA,NA,NA,NA,NA,NA,NA,NA,NA,NA,NA,NA,NA,0.480109454194476,NA,0.810863999566575,NA,NA,NA,NA,NA,NA,NA,0.523919699048339,0.350613527585544,NA,NA,NA,NA,NA,NA,NA,NA
"97",NA,NA,NA,NA,NA,NA,NA,NA,NA,NA,NA,NA,NA,NA,NA,NA,NA,NA,NA,NA,NA,NA,NA,NA,NA,NA,NA,NA,NA,NA,NA,NA,NA,NA,NA,NA,NA,NA,NA,NA,NA,NA,NA,NA,NA,NA,NA,NA,NA,NA,NA,NA,NA,NA,NA,NA,NA,NA,NA,NA,NA,NA,NA,NA,NA,NA,NA,NA,NA,NA,NA,NA,NA,NA,NA,NA,NA,NA,NA,NA,NA,NA,NA,NA,NA,NA,NA,NA,NA,NA,NA,NA,NA,NA,NA,NA,NA,NA,NA,NA,NA,NA,NA,NA,NA,NA,NA,NA,NA,NA,NA,NA,NA,NA,NA,NA,NA,NA,NA,NA,NA,NA,NA,NA,NA,NA,NA,NA,NA,NA,NA,NA,NA,NA,NA,NA,NA,NA,NA,0.109029309974668,NA,NA,NA,NA,NA,NA,NA,NA,NA,NA,NA,0.166155539902866,0.162215594992829,NA,NA,NA,NA,NA,NA,NA,NA,NA,NA,NA,NA,NA,NA,NA,NA,NA,NA,NA,NA,NA,NA,NA,NA,NA,NA,NA,NA,NA,NA,NA,NA,NA,NA,0.697135046539103,NA,NA,NA,NA,NA,NA,NA,NA,NA,NA,NA,NA,NA,NA,NA,NA,NA,NA,NA,NA,NA,NA,NA,NA,NA,NA,NA,NA,0.32936463674866,NA,NA,NA,NA,NA,0.743116288443784,NA,NA,NA
"98",NA,NA,NA,NA,NA,NA,NA,NA,NA,NA,NA,NA,NA,NA,NA,NA,NA,NA,NA,NA,NA,NA,NA,NA,NA,NA,NA,NA,NA,NA,NA,NA,NA,NA,NA,NA,NA,NA,NA,NA,NA,NA,NA,NA,NA,NA,NA,NA,NA,NA,NA,NA,NA,NA,NA,NA,NA,NA,NA,NA,NA,NA,NA,NA,NA,NA,NA,NA,NA,NA,NA,NA,NA,NA,NA,NA,NA,NA,NA,NA,NA,NA,NA,NA,NA,NA,NA,NA,NA,NA,NA,NA,NA,NA,NA,NA,NA,NA,0.435777142739744,NA,NA,0.239957481021846,0.664519216652973,0.112953552375992,0.761430553154156,NA,0.510998610584027,NA,NA,0.529387464225025,NA,NA,NA,0.954797160571149,NA,NA,0.879116474901127,0.906570845352461,0.273413647955379,0.423748025130614,0.53561374224727,NA,0.647195447761604,NA,0.297458897890759,NA,NA,NA,NA,NA,NA,0.984662082353053,NA,0.796040058263841,NA,NA,0.639471790151957,NA,NA,0.310985793341456,NA,NA,NA,NA,NA,NA,NA,NA,0.297297378039697,NA,0.295201658554799,0.957847822311387,NA,NA,0.719244933386197,NA,0.311425389366102,NA,NA,NA,NA,NA,NA,NA,NA,NA,0.35488702608187,0.174935012587289,NA,NA,0.910043394120725,NA,0.305502311173032,0.457731601536035,0.458194064605912,0.999807399048696,NA,0.716353222980792,NA,0.966874042977536,NA,NA,NA,NA,NA,NA,0.273557862697636,NA,0.117336538002292,0.942154704927332,NA,0.983609588904214,0.628601825509349,0.350613527585544,0.33081084115812,NA,NA,NA,NA,NA,0.988204150444876,NA,NA,NA,NA,0.893675275980691,0.948163213853767,0.992976983620747,0.237362745014921,NA,0.649772227020973,0.503764987183794,0.683487885703571,0.689550546819229,NA,0.487440612236507,NA,NA,NA,NA,NA,NA,0.74826419159241,NA,NA,0.597234509681341
"99",NA,NA,NA,NA,NA,NA,NA,NA,NA,NA,NA,NA,NA,NA,NA,NA,NA,NA,NA,NA,NA,NA,NA,NA,NA,NA,NA,NA,NA,NA,NA,NA,NA,NA,NA,NA,NA,NA,NA,NA,NA,NA,NA,NA,NA,NA,NA,NA,NA,NA,NA,NA,NA,NA,NA,NA,NA,NA,NA,NA,NA,NA,NA,NA,NA,NA,NA,NA,NA,NA,NA,NA,NA,NA,NA,NA,NA,NA,NA,NA,NA,NA,NA,NA,NA,NA,NA,NA,NA,NA,NA,NA,NA,NA,NA,NA,NA,NA,NA,NA,0.52811433082726,NA,NA,0.992976983620747,0.464283628756914,NA,0.0905059344176459,NA,NA,0.213915117364569,NA,NA,NA,0.267020758736027,NA,NA,NA,NA,NA,NA,0.936689181298525,NA,NA,NA,NA,NA,NA,NA,0.301472266942823,NA,NA,NA,0.94392784679357,NA,NA,NA,NA,NA,NA,0.679105650026691,NA,NA,NA,NA,NA,NA,NA,0.428282075998448,NA,NA,0.904632251430573,0.773943045008017,0.646732753321832,NA,0.572832565339331,NA,0.301472266942823,NA,NA,NA,NA,NA,NA,NA,NA,0.202888448883072,NA,NA,0.517173700344536,NA,NA,NA,0.186024486279693,NA,0.579006961773341,0.741894436980654,NA,NA,NA,0.939192629001914,NA,NA,NA,NA,NA,NA,0.187515533772781,NA,0.313119522683078,0.304982126598084,NA,0.827477415299229,NA,0.428282075998448,NA,NA,NA,NA,NA,NA,0.547339687443008,NA,NA,NA,NA,NA,0.743116288443784,0.749079662137688,0.364988106697193,NA,0.934481717267292,NA,NA,NA,NA,NA,NA,NA,0.434952745147788,NA,NA,0.983979803877563,0.480891960322752,NA,NA,0.27290674350444
"100",NA,NA,NA,NA,NA,NA,NA,NA,NA,NA,NA,NA,NA,NA,NA,NA,NA,NA,NA,NA,NA,NA,NA,NA,NA,NA,NA,NA,NA,NA,NA,NA,NA,NA,NA,NA,NA,NA,NA,NA,NA,NA,NA,NA,NA,NA,NA,NA,NA,NA,NA,NA,NA,NA,NA,NA,NA,NA,NA,NA,NA,NA,NA,NA,NA,NA,NA,NA,NA,NA,NA,NA,NA,NA,NA,NA,NA,NA,NA,NA,NA,NA,NA,NA,NA,NA,NA,NA,NA,NA,NA,NA,NA,NA,NA,NA,NA,NA,NA,NA,NA,NA,NA,NA,NA,NA,NA,NA,NA,NA,NA,NA,NA,NA,NA,NA,NA,NA,NA,NA,NA,NA,NA,NA,NA,0.181130497027004,NA,NA,NA,NA,NA,NA,NA,NA,NA,NA,NA,NA,NA,NA,NA,NA,NA,0.283361907993982,NA,NA,NA,NA,NA,NA,NA,NA,NA,NA,NA,NA,NA,NA,NA,NA,NA,NA,NA,NA,NA,NA,NA,NA,NA,NA,NA,NA,NA,NA,NA,NA,NA,NA,NA,NA,0.994942685158654,NA,NA,NA,NA,NA,NA,NA,NA,NA,0.579006961773341,NA,NA,NA,NA,NA,NA,NA,0.473442354374203,NA,NA,NA,0.328004262842828,NA,NA,NA,NA,NA,NA,NA,NA,NA,NA,NA,NA,NA,NA,NA,NA,NA,NA,NA,NA,0.719564166235784,NA,NA
"101",NA,NA,NA,NA,NA,NA,NA,NA,NA,NA,NA,NA,NA,NA,NA,NA,NA,NA,NA,NA,NA,NA,NA,NA,NA,NA,NA,NA,NA,NA,NA,NA,NA,NA,NA,NA,NA,NA,NA,NA,NA,NA,NA,NA,NA,NA,NA,NA,NA,NA,NA,NA,NA,NA,NA,NA,NA,NA,NA,NA,NA,NA,NA,NA,NA,NA,NA,NA,NA,NA,NA,NA,NA,NA,NA,NA,NA,NA,NA,NA,NA,NA,NA,NA,NA,NA,NA,NA,NA,NA,NA,NA,NA,NA,NA,NA,NA,NA,NA,NA,NA,NA,NA,NA,NA,NA,0.963039730568882,NA,NA,NA,0.696302131135017,NA,NA,0.558271507482124,NA,NA,NA,NA,NA,NA,NA,0.100803435816765,NA,NA,0.503442223619277,NA,NA,NA,0.666446435368142,NA,NA,NA,0.504849554576482,NA,NA,NA,NA,NA,NA,0.436692584531386,0.478428934544957,0.832042591710217,NA,NA,NA,NA,NA,0.55245933764144,NA,NA,NA,NA,NA,NA,NA,NA,NA,NA,NA,0.109029309974668,NA,NA,NA,NA,NA,0.186024486279693,NA,NA,0.789395787253221,NA,NA,NA,0.775714143079466,NA,NA,NA,NA,NA,NA,NA,NA,NA,NA,NA,NA,NA,NA,NA,NA,NA,NA,NA,NA,NA,NA,NA,NA,NA,NA,NA,0.268389073557926,NA,NA,NA,NA,NA,0.960818038403743,0.9951544198394,0.857843400216435,NA,0.40399784644273,NA,NA,NA,NA,NA,NA,NA,NA,0.159289698540667,0.0790542686881534,0.631319576537471,0.492761469707431,NA,NA,NA
"102",NA,NA,NA,NA,NA,NA,NA,NA,NA,NA,NA,NA,NA,NA,NA,NA,NA,NA,NA,NA,NA,NA,NA,NA,NA,NA,NA,NA,NA,NA,NA,NA,NA,NA,NA,NA,NA,NA,NA,NA,NA,NA,NA,NA,NA,NA,NA,NA,NA,NA,NA,NA,NA,NA,NA,NA,NA,NA,NA,NA,NA,NA,NA,NA,NA,NA,NA,NA,NA,NA,NA,NA,NA,NA,NA,NA,NA,NA,NA,NA,NA,NA,NA,NA,NA,NA,NA,NA,NA,NA,NA,NA,NA,NA,NA,NA,NA,NA,NA,NA,NA,NA,NA,NA,0.273935615341439,0.199856864033207,0.283849009520609,NA,NA,NA,NA,NA,NA,NA,NA,NA,NA,0.336213677180654,NA,0.199995508380272,NA,NA,0.404812194895736,NA,NA,NA,NA,NA,0.137124060932311,NA,NA,0.169271674107712,NA,NA,NA,NA,NA,NA,NA,0.121629689107209,NA,NA,NA,NA,NA,NA,NA,0.0466458235112553,NA,NA,0.202888448883072,NA,NA,NA,NA,NA,NA,NA,NA,NA,NA,NA,NA,NA,NA,NA,NA,0.320352910475913,NA,NA,NA,NA,NA,NA,NA,NA,NA,0.168672278554378,NA,0.122996541128524,NA,NA,NA,NA,NA,NA,NA,NA,0.573795152474381,0.470749244019566,NA,0.117517966462542,NA,NA,NA,NA,NA,NA,NA,NA,NA,NA,NA,NA,NA,NA,NA,NA,NA,NA,NA,NA,NA,NA,NA,NA,NA,NA,NA,NA,NA,NA,NA,NA,NA,NA
"103",NA,NA,NA,NA,NA,NA,NA,NA,NA,NA,NA,NA,NA,NA,NA,NA,NA,NA,NA,NA,NA,NA,NA,NA,NA,NA,NA,NA,NA,NA,NA,NA,NA,NA,NA,NA,NA,NA,NA,NA,NA,NA,NA,NA,NA,NA,NA,NA,NA,NA,NA,NA,NA,NA,NA,NA,NA,NA,NA,NA,NA,NA,NA,NA,NA,NA,NA,NA,NA,NA,NA,NA,NA,NA,NA,NA,NA,NA,NA,NA,NA,NA,NA,NA,NA,NA,NA,NA,NA,NA,NA,NA,NA,NA,NA,NA,NA,NA,NA,NA,NA,NA,NA,NA,NA,NA,NA,NA,NA,NA,NA,NA,NA,0.304050863068655,NA,NA,NA,0.624884972294745,NA,NA,NA,NA,NA,NA,NA,NA,NA,NA,NA,NA,NA,NA,NA,NA,NA,0.586591035267631,0.988204150444876,NA,NA,NA,NA,NA,NA,NA,NA,NA,NA,NA,NA,NA,NA,NA,NA,NA,NA,NA,NA,NA,NA,NA,NA,NA,NA,NA,NA,NA,NA,NA,NA,NA,0.16146470063461,0.215789825639674,NA,0.213915117364569,NA,NA,NA,NA,NA,0.424052309821364,NA,NA,NA,NA,NA,NA,NA,NA,NA,0.666319671869894,NA,NA,NA,NA,NA,NA,0.232859151125377,NA,NA,NA,NA,NA,NA,NA,NA,NA,NA,NA,NA,NA,NA,NA,NA,NA,NA,NA,NA,NA,NA,NA,NA,NA,NA,NA,NA,NA
"104",NA,NA,NA,NA,NA,NA,NA,NA,NA,NA,NA,NA,NA,NA,NA,NA,NA,NA,NA,NA,NA,NA,NA,NA,NA,NA,NA,NA,NA,NA,NA,NA,NA,NA,NA,NA,NA,NA,NA,NA,NA,NA,NA,NA,NA,NA,NA,NA,NA,NA,NA,NA,NA,NA,NA,NA,NA,NA,NA,NA,NA,NA,NA,NA,NA,NA,NA,NA,NA,NA,NA,NA,NA,NA,NA,NA,NA,NA,NA,NA,NA,NA,NA,NA,NA,NA,NA,NA,NA,NA,NA,NA,NA,NA,NA,NA,NA,NA,NA,NA,NA,NA,NA,NA,0.652669728269182,NA,0.193209391761937,NA,0.693000985340314,NA,NA,NA,NA,NA,NA,NA,NA,0.249981322716319,0.423748025130614,NA,0.992976983620747,0.0905059344176459,NA,NA,NA,NA,NA,NA,0.883332854595255,NA,NA,0.37421832891905,0.320653865212621,0.29326018442265,NA,NA,NA,NA,NA,NA,NA,NA,NA,NA,NA,NA,NA,0.35488702608187,NA,NA,0.305502311173032,NA,0.943880214429523,NA,NA,NA,NA,NA,NA,NA,NA,NA,NA,NA,NA,0.134117881318168,NA,0.335697719623155,NA,NA,NA,NA,NA,NA,0.988407668150546,0.100803435816765,NA,0.6830416847991,NA,0.688102730661772,NA,NA,NA,NA,NA,NA,NA,0.202888448883072,0.237362745014921,0.304982126598084,NA,NA,0.320319027026347,NA,0.588612887848507,NA,NA,NA,NA,NA,NA,NA,NA,NA,NA,NA,NA,NA,NA,NA,NA,NA,0.886281314219863,NA,NA,NA,0.6646457864291,NA,NA,NA,NA,NA,NA,NA,NA,NA
"105",NA,NA,NA,NA,NA,NA,NA,NA,NA,NA,NA,NA,NA,NA,NA,NA,NA,NA,NA,NA,NA,NA,NA,NA,NA,NA,NA,NA,NA,NA,NA,NA,NA,NA,NA,NA,NA,NA,NA,NA,NA,NA,NA,NA,NA,NA,NA,NA,NA,NA,NA,NA,NA,NA,NA,NA,NA,NA,NA,NA,NA,NA,NA,NA,NA,NA,NA,NA,NA,NA,NA,NA,NA,NA,NA,NA,NA,NA,NA,NA,NA,NA,NA,NA,NA,NA,NA,NA,NA,NA,NA,NA,NA,NA,NA,NA,NA,NA,NA,NA,NA,NA,NA,NA,NA,NA,0.227628292193161,NA,0.927111039467104,0.565365682184795,NA,NA,NA,0.41936777817675,NA,NA,0.442810425140447,0.445698714627729,0.254397001673871,NA,NA,NA,0.988204150444876,NA,0.636695336070861,NA,NA,NA,0.281073959303591,NA,NA,0.320653865212621,NA,NA,NA,NA,0.807611320287289,NA,NA,NA,NA,NA,NA,NA,NA,NA,NA,NA,0.174935012587289,NA,0.213915117364569,NA,NA,NA,0.992976983620747,NA,0.206106086393662,NA,NA,NA,NA,NA,NA,NA,NA,NA,NA,0.85806657077427,NA,NA,0.134117881318168,NA,NA,0.537474368092521,0.454912307956481,0.768874674210274,NA,0.444924445916351,NA,0.535221759489367,NA,NA,NA,NA,NA,NA,0.193322353452484,NA,0.480015960097621,0.4974201430089,NA,0.900303272220825,0.90238861609703,0.241102185683687,0.966874042977536,NA,NA,NA,NA,NA,0.993229729175272,NA,NA,NA,NA,0.426444412516351,0.577429390464473,NA,NA,NA,0.371300714463921,0.92756033593777,0.515931705435848,0.404812194895736,0.193322353452484,0.963039730568882,NA,NA,NA,NA,NA,NA,0.470999161458597,NA,NA,0.526203110407825
"106",NA,NA,NA,NA,NA,NA,NA,NA,NA,NA,NA,NA,NA,NA,NA,NA,NA,NA,NA,NA,NA,NA,NA,NA,NA,NA,NA,NA,NA,NA,NA,NA,NA,NA,NA,NA,NA,NA,NA,NA,NA,NA,NA,NA,NA,NA,NA,NA,NA,NA,NA,NA,NA,NA,NA,NA,NA,NA,NA,NA,NA,NA,NA,NA,NA,NA,NA,NA,NA,NA,NA,NA,NA,NA,NA,NA,NA,NA,NA,NA,NA,NA,NA,NA,NA,NA,NA,NA,NA,NA,NA,NA,NA,NA,NA,NA,NA,NA,NA,NA,NA,NA,NA,NA,NA,NA,NA,NA,NA,NA,NA,NA,NA,NA,NA,NA,NA,NA,NA,0.716834713710464,NA,NA,NA,NA,NA,NA,NA,0.942675381206634,NA,NA,NA,NA,NA,NA,NA,NA,NA,NA,NA,NA,NA,NA,NA,NA,NA,NA,NA,NA,NA,NA,NA,NA,NA,NA,NA,NA,NA,NA,NA,NA,NA,NA,NA,NA,NA,NA,NA,NA,NA,NA,NA,NA,NA,NA,NA,NA,NA,NA,NA,NA,NA,NA,NA,NA,NA,NA,NA,NA,NA,NA,NA,0.591873145305487,NA,NA,NA,NA,NA,NA,NA,NA,NA,NA,NA,NA,NA,NA,NA,NA,NA,NA,NA,NA,NA,NA,NA,NA,NA,NA,NA,NA,NA,NA,NA,NA,NA,NA
"107",NA,NA,NA,NA,NA,NA,NA,NA,NA,NA,NA,NA,NA,NA,NA,NA,NA,NA,NA,NA,NA,NA,NA,NA,NA,NA,NA,NA,NA,NA,NA,NA,NA,NA,NA,NA,NA,NA,NA,NA,NA,NA,NA,NA,NA,NA,NA,NA,NA,NA,NA,NA,NA,NA,NA,NA,NA,NA,NA,NA,NA,NA,NA,NA,NA,NA,NA,NA,NA,NA,NA,NA,NA,NA,NA,NA,NA,NA,NA,NA,NA,NA,NA,NA,NA,NA,NA,NA,NA,NA,NA,NA,NA,NA,NA,NA,NA,NA,NA,NA,NA,NA,NA,NA,NA,NA,NA,NA,NA,0.0905059344176459,0.53176849955453,NA,NA,0.421309292278485,NA,NA,NA,NA,NA,NA,NA,NA,NA,NA,NA,NA,NA,NA,0.431758022706543,NA,NA,NA,0.855441396114104,NA,NA,NA,NA,NA,NA,0.842647866145238,NA,0.377483658783719,NA,NA,NA,NA,NA,0.390526079095808,NA,NA,0.61060907941905,0.840255211331104,NA,NA,NA,NA,NA,NA,NA,NA,NA,NA,NA,NA,NA,0.537474368092521,NA,NA,0.962720280337542,NA,NA,NA,0.517173700344536,NA,NA,0.963039730568882,NA,NA,NA,0.35488702608187,NA,NA,NA,NA,NA,NA,0.153262668199278,NA,0.202888448883072,0.0573683849802603,NA,0.601223723180813,NA,NA,NA,NA,NA,NA,NA,NA,NA,NA,NA,NA,NA,NA,0.926503558968691,0.624884972294745,NA,NA,NA,0.379492045547774,NA,NA,0.606405025940174,NA,NA,NA,0.975403333878134,0.221312535736377,0.514209511925685,0.70402979552056,NA,NA,0.517173700344536,NA
"108",NA,NA,NA,NA,NA,NA,NA,NA,NA,NA,NA,NA,NA,NA,NA,NA,NA,NA,NA,NA,NA,NA,NA,NA,NA,NA,NA,NA,NA,NA,NA,NA,NA,NA,NA,NA,NA,NA,NA,NA,NA,NA,NA,NA,NA,NA,NA,NA,NA,NA,NA,NA,NA,NA,NA,NA,NA,NA,NA,NA,NA,NA,NA,NA,NA,NA,NA,NA,NA,NA,NA,NA,NA,NA,NA,NA,NA,NA,NA,NA,NA,NA,NA,NA,NA,NA,NA,NA,NA,NA,NA,NA,NA,NA,NA,NA,NA,NA,NA,NA,NA,NA,NA,NA,NA,NA,NA,NA,NA,NA,NA,NA,NA,NA,NA,NA,NA,NA,NA,NA,NA,NA,NA,NA,NA,NA,NA,NA,NA,NA,NA,NA,NA,NA,NA,NA,0.487440612236507,NA,NA,NA,NA,NA,NA,NA,NA,NA,NA,NA,NA,NA,NA,NA,NA,NA,NA,NA,NA,NA,NA,NA,NA,NA,NA,NA,NA,NA,NA,NA,NA,NA,NA,NA,NA,NA,NA,NA,NA,NA,NA,0.320352910475913,NA,NA,NA,NA,NA,NA,NA,NA,NA,NA,NA,NA,NA,NA,NA,NA,NA,NA,NA,NA,NA,NA,NA,NA,NA,NA,NA,NA,NA,NA,NA,NA,NA,NA,NA,NA,NA,NA,NA,NA,NA,NA,NA,NA,NA,NA
"109",NA,NA,NA,NA,NA,NA,NA,NA,NA,NA,NA,NA,NA,NA,NA,NA,NA,NA,NA,NA,NA,NA,NA,NA,NA,NA,NA,NA,NA,NA,NA,NA,NA,NA,NA,NA,NA,NA,NA,NA,NA,NA,NA,NA,NA,NA,NA,NA,NA,NA,NA,NA,NA,NA,NA,NA,NA,NA,NA,NA,NA,NA,NA,NA,NA,NA,NA,NA,NA,NA,NA,NA,NA,NA,NA,NA,NA,NA,NA,NA,NA,NA,NA,NA,NA,NA,NA,NA,NA,NA,NA,NA,NA,NA,NA,NA,NA,NA,NA,NA,NA,NA,NA,NA,NA,NA,NA,NA,NA,NA,NA,NA,NA,NA,NA,NA,NA,NA,0.951137149179212,NA,0.959934118247146,NA,NA,NA,NA,NA,NA,NA,0.16146470063461,NA,NA,NA,NA,NA,NA,NA,NA,NA,NA,NA,NA,NA,NA,NA,NA,NA,NA,NA,0.336557729122574,NA,NA,NA,0.515188060550887,NA,0.404812194895736,NA,0.414252787331955,NA,NA,NA,NA,NA,NA,NA,NA,NA,NA,NA,NA,NA,NA,NA,0.154197753696049,NA,0.304982126598084,0.384734766319204,NA,0.504849554576482,NA,NA,NA,NA,NA,NA,NA,NA,NA,NA,0.127988528334586,NA,NA,NA,0.377569017439026,0.173434835914944,NA,NA,NA,NA,NA,NA,NA,NA,NA,NA,NA,NA,NA,NA,0.174935012587289,NA,NA,NA,NA,NA,NA,0.524577614520095,NA,NA,NA,NA,NA,NA,NA,NA,NA,NA
"110",NA,NA,NA,NA,NA,NA,NA,NA,NA,NA,NA,NA,NA,NA,NA,NA,NA,NA,NA,NA,NA,NA,NA,NA,NA,NA,NA,NA,NA,NA,NA,NA,NA,NA,NA,NA,NA,NA,NA,NA,NA,NA,NA,NA,NA,NA,NA,NA,NA,NA,NA,NA,NA,NA,NA,NA,NA,NA,NA,NA,NA,NA,NA,NA,NA,NA,NA,NA,NA,NA,NA,NA,NA,NA,NA,NA,NA,NA,NA,NA,NA,NA,NA,NA,NA,NA,NA,NA,NA,NA,NA,NA,NA,NA,NA,NA,NA,NA,NA,NA,NA,NA,NA,NA,NA,NA,NA,NA,NA,NA,NA,NA,NA,NA,NA,NA,NA,NA,NA,NA,NA,NA,NA,NA,NA,NA,NA,NA,NA,NA,NA,NA,NA,NA,NA,NA,NA,NA,NA,NA,NA,NA,NA,NA,NA,NA,NA,NA,NA,NA,NA,NA,NA,NA,NA,NA,NA,NA,NA,NA,NA,NA,NA,NA,NA,NA,0.164970330798392,0.463203812744485,NA,NA,NA,NA,NA,NA,NA,NA,NA,NA,NA,NA,NA,NA,NA,NA,NA,NA,NA,NA,NA,NA,NA,NA,NA,NA,NA,NA,NA,NA,NA,NA,NA,NA,NA,NA,NA,NA,NA,NA,NA,NA,NA,NA,NA,NA,NA,NA,NA,NA,NA,NA,NA,NA,NA,NA,NA,NA
"111",NA,NA,NA,NA,NA,NA,NA,NA,NA,NA,NA,NA,NA,NA,NA,NA,NA,NA,NA,NA,NA,NA,NA,NA,NA,NA,NA,NA,NA,NA,NA,NA,NA,NA,NA,NA,NA,NA,NA,NA,NA,NA,NA,NA,NA,NA,NA,NA,NA,NA,NA,NA,NA,NA,NA,NA,NA,NA,NA,NA,NA,NA,NA,NA,NA,NA,NA,NA,NA,NA,NA,NA,NA,NA,NA,NA,NA,NA,NA,NA,NA,NA,NA,NA,NA,NA,NA,NA,NA,NA,NA,NA,NA,NA,NA,NA,NA,NA,NA,NA,NA,NA,NA,NA,NA,NA,NA,NA,NA,NA,NA,NA,NA,0.461989737209946,NA,NA,NA,NA,NA,NA,NA,NA,NA,NA,NA,NA,NA,NA,0.917943214690077,NA,NA,NA,0.957847822311387,NA,NA,NA,NA,NA,NA,NA,0.445698714627729,0.719560939093625,NA,NA,NA,NA,NA,0.602128464189274,NA,NA,NA,NA,NA,NA,NA,NA,NA,NA,NA,NA,NA,NA,NA,NA,NA,NA,NA,NA,0.54370667895391,NA,NA,NA,NA,NA,NA,NA,NA,NA,NA,NA,NA,NA,NA,NA,NA,NA,NA,NA,NA,NA,NA,NA,NA,NA,NA,NA,NA,NA,NA,0.302020030460088,NA,NA,NA,NA,NA,NA,NA,NA,NA,NA,NA,NA,NA,NA,NA,NA,NA,NA,NA,NA,NA,NA,NA,NA,NA,NA
"112",NA,NA,NA,NA,NA,NA,NA,NA,NA,NA,NA,NA,NA,NA,NA,NA,NA,NA,NA,NA,NA,NA,NA,NA,NA,NA,NA,NA,NA,NA,NA,NA,NA,NA,NA,NA,NA,NA,NA,NA,NA,NA,NA,NA,NA,NA,NA,NA,NA,NA,NA,NA,NA,NA,NA,NA,NA,NA,NA,NA,NA,NA,NA,NA,NA,NA,NA,NA,NA,NA,NA,NA,NA,NA,NA,NA,NA,NA,NA,NA,NA,NA,NA,NA,NA,NA,NA,NA,NA,NA,NA,NA,NA,NA,NA,NA,NA,NA,NA,NA,NA,NA,NA,NA,NA,NA,NA,NA,NA,NA,NA,NA,NA,NA,NA,NA,NA,NA,NA,NA,NA,NA,NA,0.295210567212534,NA,NA,NA,NA,NA,NA,NA,NA,NA,NA,NA,NA,NA,NA,NA,NA,NA,NA,NA,NA,0.372089766305513,NA,NA,NA,NA,NA,NA,NA,NA,0.236396503402408,NA,NA,NA,NA,NA,NA,NA,NA,NA,0.153354457999262,0.141790133734341,NA,NA,NA,NA,NA,NA,NA,NA,NA,NA,NA,NA,NA,NA,NA,NA,NA,NA,NA,NA,NA,NA,NA,NA,NA,NA,NA,NA,NA,NA,NA,NA,NA,NA,NA,NA,NA,NA,NA,NA,NA,NA,NA,NA,NA,NA,NA,NA,NA,NA,NA,NA,NA,NA,NA,NA,NA,NA,NA,NA,NA
"113",NA,NA,NA,NA,NA,NA,NA,NA,NA,NA,NA,NA,NA,NA,NA,NA,NA,NA,NA,NA,NA,NA,NA,NA,NA,NA,NA,NA,NA,NA,NA,NA,NA,NA,NA,NA,NA,NA,NA,NA,NA,NA,NA,NA,NA,NA,NA,NA,NA,NA,NA,NA,NA,NA,NA,NA,NA,NA,NA,NA,NA,NA,NA,NA,NA,NA,NA,NA,NA,NA,NA,NA,NA,NA,NA,NA,NA,NA,NA,NA,NA,NA,NA,NA,NA,NA,NA,NA,NA,NA,NA,NA,NA,NA,NA,NA,NA,NA,NA,NA,NA,NA,NA,NA,NA,NA,NA,NA,NA,NA,NA,NA,NA,NA,NA,NA,NA,NA,NA,NA,NA,NA,NA,NA,NA,NA,NA,NA,NA,NA,NA,NA,NA,NA,NA,NA,NA,NA,NA,NA,NA,0.314348899933934,NA,NA,NA,NA,NA,NA,NA,NA,NA,NA,NA,NA,NA,NA,NA,NA,NA,NA,NA,NA,NA,NA,NA,0.988204150444876,NA,NA,NA,NA,NA,NA,NA,NA,NA,NA,NA,NA,NA,NA,NA,NA,NA,NA,NA,NA,NA,NA,NA,NA,NA,0.646732753321832,NA,NA,NA,NA,NA,NA,NA,NA,NA,NA,NA,NA,NA,NA,NA,NA,NA,NA,NA,NA,NA,NA,NA,NA,NA,NA,NA,NA,NA,NA,NA,NA,NA,NA
"114",NA,NA,NA,NA,NA,NA,NA,NA,NA,NA,NA,NA,NA,NA,NA,NA,NA,NA,NA,NA,NA,NA,NA,NA,NA,NA,NA,NA,NA,NA,NA,NA,NA,NA,NA,NA,NA,NA,NA,NA,NA,NA,NA,NA,NA,NA,NA,NA,NA,NA,NA,NA,NA,NA,NA,NA,NA,NA,NA,NA,NA,NA,NA,NA,NA,NA,NA,NA,NA,NA,NA,NA,NA,NA,NA,NA,NA,NA,NA,NA,NA,NA,NA,NA,NA,NA,NA,NA,NA,NA,NA,NA,NA,NA,NA,NA,NA,NA,NA,NA,NA,NA,NA,NA,NA,NA,NA,NA,NA,NA,NA,NA,NA,NA,NA,NA,NA,NA,NA,NA,NA,NA,NA,NA,NA,NA,NA,NA,0.23548326587791,NA,NA,NA,0.740125552357872,NA,NA,NA,NA,NA,NA,NA,0.880621577253174,0.966874042977536,0.310725310642861,NA,NA,NA,NA,0.73587812533766,NA,NA,0.549295808510916,NA,NA,NA,NA,NA,NA,NA,NA,NA,NA,NA,NA,NA,NA,NA,NA,NA,NA,NA,NA,NA,NA,NA,NA,0.673626924949021,NA,NA,0.224629732088507,0.895586564951956,NA,NA,NA,NA,NA,NA,NA,NA,NA,0.254397001673871,NA,NA,NA,NA,NA,NA,NA,NA,NA,NA,NA,NA,NA,NA,NA,NA,NA,NA,0.354693978264618,NA,NA,0.304982126598084,NA,NA,NA,NA,NA,NA,NA,0.39664804269323,NA,NA,0.584994930118705,NA,NA,0.0993100757848638
"115",NA,NA,NA,NA,NA,NA,NA,NA,NA,NA,NA,NA,NA,NA,NA,NA,NA,NA,NA,NA,NA,NA,NA,NA,NA,NA,NA,NA,NA,NA,NA,NA,NA,NA,NA,NA,NA,NA,NA,NA,NA,NA,NA,NA,NA,NA,NA,NA,NA,NA,NA,NA,NA,NA,NA,NA,NA,NA,NA,NA,NA,NA,NA,NA,NA,NA,NA,NA,NA,NA,NA,NA,NA,NA,NA,NA,NA,NA,NA,NA,NA,NA,NA,NA,NA,NA,NA,NA,NA,NA,NA,NA,NA,NA,NA,NA,NA,NA,NA,NA,NA,NA,NA,NA,NA,NA,NA,NA,NA,NA,NA,NA,NA,NA,NA,NA,NA,NA,NA,NA,NA,NA,NA,NA,0.473442354374203,NA,NA,NA,NA,NA,NA,NA,NA,NA,NA,NA,NA,NA,0.141790133734341,NA,NA,NA,0.546383373254207,NA,NA,NA,NA,NA,NA,NA,NA,NA,NA,0.338595652562545,NA,NA,NA,NA,NA,0.190163202292627,NA,NA,NA,NA,NA,NA,NA,NA,NA,NA,NA,NA,NA,NA,NA,NA,NA,NA,NA,NA,NA,NA,NA,NA,NA,NA,NA,NA,NA,NA,NA,NA,NA,NA,NA,NA,NA,NA,NA,0.957847822311387,NA,NA,NA,NA,NA,NA,NA,NA,NA,NA,NA,NA,NA,NA,NA,NA,NA,0.703195807554654,NA,NA,0.186024486279693,NA,NA,NA,NA,NA
"116",NA,NA,NA,NA,NA,NA,NA,NA,NA,NA,NA,NA,NA,NA,NA,NA,NA,NA,NA,NA,NA,NA,NA,NA,NA,NA,NA,NA,NA,NA,NA,NA,NA,NA,NA,NA,NA,NA,NA,NA,NA,NA,NA,NA,NA,NA,NA,NA,NA,NA,NA,NA,NA,NA,NA,NA,NA,NA,NA,NA,NA,NA,NA,NA,NA,NA,NA,NA,NA,NA,NA,NA,NA,NA,NA,NA,NA,NA,NA,NA,NA,NA,NA,NA,NA,NA,NA,NA,NA,NA,NA,NA,NA,NA,NA,NA,NA,NA,NA,NA,NA,NA,NA,NA,NA,NA,NA,NA,NA,NA,NA,NA,NA,NA,NA,NA,NA,NA,NA,NA,NA,NA,NA,NA,NA,NA,NA,NA,NA,NA,NA,0.213915117364569,NA,0.106543036598268,NA,NA,NA,NA,NA,NA,NA,NA,NA,NA,NA,NA,NA,NA,0.339285546859496,NA,NA,NA,NA,NA,NA,NA,NA,NA,NA,NA,NA,NA,NA,0.70994856362817,NA,NA,NA,NA,NA,NA,NA,NA,NA,NA,NA,NA,NA,NA,NA,NA,NA,NA,NA,NA,NA,NA,NA,NA,NA,NA,NA,NA,NA,NA,NA,NA,NA,NA,NA,NA,NA,NA,NA,NA,NA,NA,NA,NA,NA,NA,NA,NA,NA,NA,NA,0.305502311173032,NA,NA,NA,NA,NA,NA,NA,NA,NA,NA
"117",NA,NA,NA,NA,NA,NA,NA,NA,NA,NA,NA,NA,NA,NA,NA,NA,NA,NA,NA,NA,NA,NA,NA,NA,NA,NA,NA,NA,NA,NA,NA,NA,NA,NA,NA,NA,NA,NA,NA,NA,NA,NA,NA,NA,NA,NA,NA,NA,NA,NA,NA,NA,NA,NA,NA,NA,NA,NA,NA,NA,NA,NA,NA,NA,NA,NA,NA,NA,NA,NA,NA,NA,NA,NA,NA,NA,NA,NA,NA,NA,NA,NA,NA,NA,NA,NA,NA,NA,NA,NA,NA,NA,NA,NA,NA,NA,NA,NA,NA,NA,NA,NA,NA,NA,NA,NA,NA,NA,NA,NA,NA,NA,NA,NA,NA,NA,NA,0.255088512156953,NA,NA,NA,NA,0.467787629945545,NA,NA,NA,NA,NA,NA,NA,NA,0.749079662137688,NA,NA,NA,NA,0.652669728269182,NA,NA,NA,NA,NA,NA,NA,NA,NA,NA,NA,NA,NA,0.301472266942823,NA,NA,NA,0.486087059816278,NA,0.154197753696049,NA,NA,NA,NA,NA,NA,NA,NA,NA,NA,0.435300765029012,NA,NA,NA,NA,NA,NA,NA,0.419963255497818,NA,NA,NA,0.888146248387643,NA,NA,NA,NA,NA,NA,NA,NA,0.237362745014921,0.719564166235784,NA,0.947402407273034,0.198452987162725,NA,0.840951616395283,NA,NA,NA,NA,NA,NA,NA,NA,NA,NA,NA,NA,NA,NA,NA,NA,NA,NA,NA,0.256003962344648,NA,NA,NA,NA,NA,NA,NA,NA,NA,NA,NA
"118",NA,NA,NA,NA,NA,NA,NA,NA,NA,NA,NA,NA,NA,NA,NA,NA,NA,NA,NA,NA,NA,NA,NA,NA,NA,NA,NA,NA,NA,NA,NA,NA,NA,NA,NA,NA,NA,NA,NA,NA,NA,NA,NA,NA,NA,NA,NA,NA,NA,NA,NA,NA,NA,NA,NA,NA,NA,NA,NA,NA,NA,NA,NA,NA,NA,NA,NA,NA,NA,NA,NA,NA,NA,NA,NA,NA,NA,NA,NA,NA,NA,NA,NA,NA,NA,NA,NA,NA,NA,NA,NA,NA,NA,NA,NA,NA,NA,NA,NA,NA,NA,NA,NA,NA,NA,NA,NA,NA,NA,NA,NA,NA,NA,NA,NA,NA,NA,NA,NA,NA,NA,NA,0.273557862697636,0.61060907941905,NA,NA,NA,NA,NA,NA,NA,0.572832565339331,NA,NA,NA,NA,0.475124011505117,NA,NA,NA,NA,NA,NA,NA,NA,NA,NA,NA,0.152189034101287,NA,0.024470586866738,NA,NA,0.273935615341439,NA,NA,0.362792831511299,NA,NA,NA,NA,NA,NA,NA,NA,NA,NA,0.621941499020088,NA,NA,NA,NA,NA,0.489395417727264,0.565365682184795,0.515188060550887,NA,NA,NA,0.757410479318695,NA,NA,NA,NA,NA,NA,0.134117881318168,NA,0.76558461862491,0.305980940985272,NA,0.92420295885014,0.414984536572085,NA,0.610258076917411,NA,NA,NA,NA,NA,0.431758022706543,NA,NA,NA,NA,0.573742891634248,NA,NA,NA,NA,NA,0.66716061177489,NA,0.4974201430089,NA,0.174935012587289,NA,NA,NA,NA,NA,NA,NA,NA,NA,0.335325257133825
"119",NA,NA,NA,NA,NA,NA,NA,NA,NA,NA,NA,NA,NA,NA,NA,NA,NA,NA,NA,NA,NA,NA,NA,NA,NA,NA,NA,NA,NA,NA,NA,NA,NA,NA,NA,NA,NA,NA,NA,NA,NA,NA,NA,NA,NA,NA,NA,NA,NA,NA,NA,NA,NA,NA,NA,NA,NA,NA,NA,NA,NA,NA,NA,NA,NA,NA,NA,NA,NA,NA,NA,NA,NA,NA,NA,NA,NA,NA,NA,NA,NA,NA,NA,NA,NA,NA,NA,NA,NA,NA,NA,NA,NA,NA,NA,NA,NA,NA,NA,NA,NA,NA,NA,NA,NA,NA,NA,NA,NA,NA,NA,NA,NA,NA,NA,NA,NA,NA,NA,NA,NA,NA,0.375320163252738,NA,NA,NA,NA,NA,NA,NA,NA,0.431758022706543,NA,NA,NA,NA,NA,NA,NA,NA,NA,NA,NA,NA,NA,NA,NA,NA,NA,NA,0.310074532700845,NA,NA,NA,NA,NA,0.518148747932559,NA,NA,NA,NA,NA,NA,NA,NA,NA,NA,0.267559173296133,NA,NA,NA,NA,NA,NA,NA,0.585091441401493,NA,0.357611865315889,NA,0.496135527396435,NA,NA,NA,NA,NA,NA,NA,NA,NA,0.551024982645389,NA,NA,0.327857750864634,NA,NA,NA,NA,NA,NA,NA,NA,NA,NA,NA,NA,NA,NA,NA,NA,NA,NA,0.282748884106976,NA,NA,NA,NA,NA,NA,NA,NA,NA,NA,NA,NA,NA,NA
"120",NA,NA,NA,NA,NA,NA,NA,NA,NA,NA,NA,NA,NA,NA,NA,NA,NA,NA,NA,NA,NA,NA,NA,NA,NA,NA,NA,NA,NA,NA,NA,NA,NA,NA,NA,NA,NA,NA,NA,NA,NA,NA,NA,NA,NA,NA,NA,NA,NA,NA,NA,NA,NA,NA,NA,NA,NA,NA,NA,NA,NA,NA,NA,NA,NA,NA,NA,NA,NA,NA,NA,NA,NA,NA,NA,NA,NA,NA,NA,NA,NA,NA,NA,NA,NA,NA,NA,NA,NA,NA,NA,NA,NA,NA,NA,NA,NA,NA,NA,NA,NA,NA,NA,NA,NA,NA,NA,NA,NA,NA,NA,NA,NA,NA,NA,NA,NA,NA,NA,NA,NA,NA,NA,NA,NA,NA,NA,0.675300960430833,NA,NA,NA,NA,NA,NA,NA,NA,NA,NA,NA,NA,NA,NA,NA,NA,NA,NA,NA,NA,NA,NA,NA,NA,NA,NA,NA,NA,NA,NA,NA,NA,NA,NA,NA,NA,NA,NA,NA,NA,NA,NA,NA,NA,NA,NA,NA,NA,NA,NA,NA,NA,NA,NA,NA,NA,NA,NA,NA,NA,NA,NA,NA,0.281073959303591,NA,NA,NA,NA,NA,NA,NA,NA,NA,NA,NA,NA,NA,NA,NA,NA,NA,NA,NA,NA,NA,NA,NA,NA,NA,NA,NA,NA,NA,NA,NA,NA,NA,NA
"121",NA,NA,NA,NA,NA,NA,NA,NA,NA,NA,NA,NA,NA,NA,NA,NA,NA,NA,NA,NA,NA,NA,NA,NA,NA,NA,NA,NA,NA,NA,NA,NA,NA,NA,NA,NA,NA,NA,NA,NA,NA,NA,NA,NA,NA,NA,NA,NA,NA,NA,NA,NA,NA,NA,NA,NA,NA,NA,NA,NA,NA,NA,NA,NA,NA,NA,NA,NA,NA,NA,NA,NA,NA,NA,NA,NA,NA,NA,NA,NA,NA,NA,NA,NA,NA,NA,NA,NA,NA,NA,NA,NA,NA,NA,NA,NA,NA,NA,NA,NA,NA,NA,NA,NA,NA,NA,NA,NA,NA,NA,NA,NA,NA,NA,NA,NA,NA,NA,NA,NA,NA,NA,NA,NA,NA,NA,NA,NA,0.32943360841611,NA,NA,NA,NA,NA,NA,NA,NA,NA,NA,0.377569017439026,NA,NA,NA,NA,NA,NA,NA,0.888146248387643,NA,0.214995876370544,0.278182905378687,0.350613527585544,NA,NA,NA,NA,NA,NA,NA,NA,NA,NA,NA,NA,NA,0.109029309974668,NA,NA,NA,NA,NA,NA,NA,NA,0.46560727036616,0.330189012500888,NA,NA,NA,NA,NA,NA,NA,NA,NA,NA,NA,0.683112184252089,NA,0.254482502579924,NA,NA,NA,NA,NA,NA,NA,NA,NA,NA,0.254397001673871,NA,NA,NA,NA,NA,NA,0.908579674833586,NA,NA,NA,0.719564166235784,0.181130497027004,NA,NA,NA,0.84330197076515,NA,NA,NA,0.241181616671563,NA,0.646732753321832,NA,NA,NA
"122",NA,NA,NA,NA,NA,NA,NA,NA,NA,NA,NA,NA,NA,NA,NA,NA,NA,NA,NA,NA,NA,NA,NA,NA,NA,NA,NA,NA,NA,NA,NA,NA,NA,NA,NA,NA,NA,NA,NA,NA,NA,NA,NA,NA,NA,NA,NA,NA,NA,NA,NA,NA,NA,NA,NA,NA,NA,NA,NA,NA,NA,NA,NA,NA,NA,NA,NA,NA,NA,NA,NA,NA,NA,NA,NA,NA,NA,NA,NA,NA,NA,NA,NA,NA,NA,NA,NA,NA,NA,NA,NA,NA,NA,NA,NA,NA,NA,NA,NA,NA,NA,NA,NA,NA,NA,NA,NA,NA,NA,NA,NA,NA,NA,NA,NA,NA,NA,NA,NA,NA,NA,NA,NA,NA,NA,NA,NA,NA,NA,NA,0.320352910475913,NA,NA,NA,NA,NA,NA,NA,NA,NA,NA,NA,NA,NA,NA,NA,NA,0.162159797474217,0.141790133734341,NA,NA,NA,NA,NA,NA,NA,NA,NA,NA,0.743116288443784,NA,NA,NA,NA,NA,0.888146248387643,NA,NA,NA,NA,NA,NA,NA,NA,NA,NA,NA,NA,NA,NA,NA,NA,NA,NA,NA,NA,NA,NA,NA,NA,NA,NA,NA,NA,NA,NA,NA,NA,NA,NA,NA,NA,NA,0.249191619303981,NA,NA,NA,NA,NA,NA,NA,NA,NA,NA,NA,NA,NA,0.685185549780495,NA,NA,0.224629732088507,NA,NA,NA,NA,NA
"123",NA,NA,NA,NA,NA,NA,NA,NA,NA,NA,NA,NA,NA,NA,NA,NA,NA,NA,NA,NA,NA,NA,NA,NA,NA,NA,NA,NA,NA,NA,NA,NA,NA,NA,NA,NA,NA,NA,NA,NA,NA,NA,NA,NA,NA,NA,NA,NA,NA,NA,NA,NA,NA,NA,NA,NA,NA,NA,NA,NA,NA,NA,NA,NA,NA,NA,NA,NA,NA,NA,NA,NA,NA,NA,NA,NA,NA,NA,NA,NA,NA,NA,NA,NA,NA,NA,NA,NA,NA,NA,NA,NA,NA,NA,NA,NA,NA,NA,NA,NA,NA,NA,NA,NA,NA,NA,NA,NA,NA,NA,NA,NA,NA,NA,NA,NA,NA,NA,NA,NA,NA,NA,NA,NA,0.341653834213158,NA,NA,NA,NA,NA,NA,0.982948962919077,NA,NA,NA,NA,0.638850134719047,NA,NA,NA,NA,NA,NA,NA,NA,NA,NA,NA,NA,NA,0.716397601961388,NA,NA,NA,0.40399784644273,NA,0.409182704881402,NA,NA,NA,NA,NA,NA,NA,NA,NA,NA,0.368286708868043,NA,NA,NA,NA,NA,NA,NA,0.855441396114104,NA,0.75475266577707,NA,0.85806657077427,NA,NA,NA,NA,NA,NA,NA,NA,0.544498730333744,0.566488991934242,NA,0.451422328957929,0.590765137686681,NA,0.431758022706543,NA,NA,NA,NA,NA,NA,NA,NA,NA,NA,NA,NA,NA,NA,0.462099064572782,NA,0.465716706376433,NA,0.382839361268956,0.382839361268956,0.524327569042685,NA,NA,NA,NA,NA,NA,0.836546703119051,NA,NA,0.38244966935727
"124",NA,NA,NA,NA,NA,NA,NA,NA,NA,NA,NA,NA,NA,NA,NA,NA,NA,NA,NA,NA,NA,NA,NA,NA,NA,NA,NA,NA,NA,NA,NA,NA,NA,NA,NA,NA,NA,NA,NA,NA,NA,NA,NA,NA,NA,NA,NA,NA,NA,NA,NA,NA,NA,NA,NA,NA,NA,NA,NA,NA,NA,NA,NA,NA,NA,NA,NA,NA,NA,NA,NA,NA,NA,NA,NA,NA,NA,NA,NA,NA,NA,NA,NA,NA,NA,NA,NA,NA,NA,NA,NA,NA,NA,NA,NA,NA,NA,NA,NA,NA,NA,NA,NA,NA,NA,NA,NA,NA,NA,NA,NA,NA,NA,NA,NA,NA,NA,NA,NA,NA,NA,NA,NA,NA,0.898045695426416,NA,NA,NA,NA,NA,NA,NA,NA,NA,NA,NA,NA,NA,NA,NA,NA,NA,NA,NA,NA,NA,NA,NA,NA,NA,NA,NA,NA,0.442965589432873,NA,NA,NA,NA,NA,NA,NA,NA,NA,NA,NA,NA,NA,NA,NA,0.81923108715968,NA,NA,NA,NA,NA,NA,NA,NA,NA,NA,NA,NA,NA,NA,NA,NA,NA,NA,0.662270219260405,NA,NA,NA,NA,NA,NA,NA,NA,NA,NA,NA,NA,NA,NA,NA,NA,NA,NA,NA,NA,NA,NA,NA,NA,NA,NA,NA,NA,NA,NA,NA,NA,NA,NA,NA,NA,NA
"125",NA,NA,NA,NA,NA,NA,NA,NA,NA,NA,NA,NA,NA,NA,NA,NA,NA,NA,NA,NA,NA,NA,NA,NA,NA,NA,NA,NA,NA,NA,NA,NA,NA,NA,NA,NA,NA,NA,NA,NA,NA,NA,NA,NA,NA,NA,NA,NA,NA,NA,NA,NA,NA,NA,NA,NA,NA,NA,NA,NA,NA,NA,NA,NA,NA,NA,NA,NA,NA,NA,NA,NA,NA,NA,NA,NA,NA,NA,NA,NA,NA,NA,NA,NA,NA,NA,NA,NA,NA,NA,NA,NA,NA,NA,NA,NA,NA,NA,NA,NA,NA,NA,NA,NA,NA,NA,NA,NA,NA,NA,NA,NA,NA,NA,NA,NA,NA,NA,NA,NA,NA,NA,NA,NA,NA,NA,NA,NA,0.992976983620747,NA,NA,NA,NA,NA,NA,NA,NA,NA,NA,0.389006801020172,0.454912307956481,0.615797473592542,NA,NA,NA,NA,NA,0.918478140067061,NA,0.186024486279693,NA,0.146802064195326,NA,0.983609588904214,NA,NA,NA,NA,NA,NA,NA,NA,0.443216319577605,0.163446396313694,0.112842441177798,NA,NA,0.336224506015233,NA,NA,NA,NA,NA,NA,NA,NA,NA,NA,NA,NA,NA,NA,NA,NA,NA,NA,NA,NA,NA,NA,NA,NA,NA,NA,NA,NA,NA,NA,NA,NA,NA,NA,NA,NA,0.614653802897487,NA,NA,0.173669055836362,NA,NA,NA,NA,NA,NA,NA,NA,NA,NA,NA,NA,NA,NA,NA,NA,NA,NA
"126",NA,NA,NA,NA,NA,NA,NA,NA,NA,NA,NA,NA,NA,NA,NA,NA,NA,NA,NA,NA,NA,NA,NA,NA,NA,NA,NA,NA,NA,NA,NA,NA,NA,NA,NA,NA,NA,NA,NA,NA,NA,NA,NA,NA,NA,NA,NA,NA,NA,NA,NA,NA,NA,NA,NA,NA,NA,NA,NA,NA,NA,NA,NA,NA,NA,NA,NA,NA,NA,NA,NA,NA,NA,NA,NA,NA,NA,NA,NA,NA,NA,NA,NA,NA,NA,NA,NA,NA,NA,NA,NA,NA,NA,NA,NA,NA,NA,NA,NA,NA,NA,NA,NA,NA,NA,NA,NA,NA,NA,NA,NA,NA,NA,NA,NA,NA,NA,NA,NA,NA,NA,NA,NA,NA,NA,NA,NA,NA,NA,NA,NA,NA,NA,NA,NA,NA,NA,NA,NA,NA,NA,NA,NA,0.100803435816765,NA,NA,NA,0.416667217920209,NA,NA,NA,NA,NA,NA,NA,NA,NA,NA,NA,NA,0.224629732088507,NA,NA,NA,NA,NA,0.572832565339331,NA,NA,NA,NA,NA,NA,NA,NA,NA,NA,NA,NA,NA,NA,NA,NA,NA,NA,NA,NA,NA,NA,NA,0.311968719767487,NA,NA,NA,NA,NA,NA,NA,0.371300714463921,NA,NA,NA,NA,NA,NA,NA,NA,NA,NA,NA,NA,NA,NA,NA,NA,NA,NA,NA,NA,NA,NA,NA,NA,0.470749244019566,NA,NA
"127",NA,NA,NA,NA,NA,NA,NA,NA,NA,NA,NA,NA,NA,NA,NA,NA,NA,NA,NA,NA,NA,NA,NA,NA,NA,NA,NA,NA,NA,NA,NA,NA,NA,NA,NA,NA,NA,NA,NA,NA,NA,NA,NA,NA,NA,NA,NA,NA,NA,NA,NA,NA,NA,NA,NA,NA,NA,NA,NA,NA,NA,NA,NA,NA,NA,NA,NA,NA,NA,NA,NA,NA,NA,NA,NA,NA,NA,NA,NA,NA,NA,NA,NA,NA,NA,NA,NA,NA,NA,NA,NA,NA,NA,NA,NA,NA,NA,NA,NA,NA,NA,NA,NA,NA,NA,NA,NA,NA,NA,NA,NA,NA,NA,NA,NA,NA,NA,NA,NA,NA,NA,NA,NA,NA,NA,NA,NA,NA,NA,NA,NA,NA,NA,NA,NA,NA,NA,NA,NA,NA,NA,NA,NA,NA,NA,NA,NA,NA,NA,NA,NA,NA,NA,NA,NA,NA,NA,NA,NA,NA,NA,NA,NA,NA,NA,0.436284985276864,NA,NA,NA,NA,NA,NA,NA,NA,NA,NA,NA,NA,NA,NA,NA,NA,NA,NA,NA,NA,NA,NA,NA,NA,NA,NA,NA,0.193322353452484,NA,NA,NA,NA,NA,NA,NA,NA,NA,NA,NA,NA,NA,NA,NA,NA,NA,NA,NA,NA,NA,NA,NA,NA,NA,NA,NA,NA,NA,NA,NA,NA
"128",NA,NA,NA,NA,NA,NA,NA,NA,NA,NA,NA,NA,NA,NA,NA,NA,NA,NA,NA,NA,NA,NA,NA,NA,NA,NA,NA,NA,NA,NA,NA,NA,NA,NA,NA,NA,NA,NA,NA,NA,NA,NA,NA,NA,NA,NA,NA,NA,NA,NA,NA,NA,NA,NA,NA,NA,NA,NA,NA,NA,NA,NA,NA,NA,NA,NA,NA,NA,NA,NA,NA,NA,NA,NA,NA,NA,NA,NA,NA,NA,NA,NA,NA,NA,NA,NA,NA,NA,NA,NA,NA,NA,NA,NA,NA,NA,NA,NA,NA,NA,NA,NA,NA,NA,NA,NA,NA,NA,NA,NA,NA,NA,NA,NA,NA,NA,NA,NA,NA,NA,NA,NA,NA,NA,NA,NA,NA,NA,NA,NA,NA,NA,NA,NA,NA,NA,NA,NA,NA,NA,NA,NA,NA,NA,NA,NA,NA,NA,NA,NA,NA,NA,NA,NA,NA,NA,NA,NA,NA,NA,NA,NA,NA,NA,NA,NA,NA,NA,NA,NA,NA,NA,NA,NA,NA,NA,NA,NA,NA,NA,NA,NA,NA,NA,NA,NA,NA,NA,NA,NA,NA,NA,NA,NA,NA,NA,NA,NA,NA,NA,NA,NA,NA,NA,NA,NA,NA,NA,NA,NA,NA,NA,NA,NA,NA,NA,NA,NA,NA,NA,NA,NA,NA,NA,NA,NA
"129",NA,NA,NA,NA,NA,NA,NA,NA,NA,NA,NA,NA,NA,NA,NA,NA,NA,NA,NA,NA,NA,NA,NA,NA,NA,NA,NA,NA,NA,NA,NA,NA,NA,NA,NA,NA,NA,NA,NA,NA,NA,NA,NA,NA,NA,NA,NA,NA,NA,NA,NA,NA,NA,NA,NA,NA,NA,NA,NA,NA,NA,NA,NA,NA,NA,NA,NA,NA,NA,NA,NA,NA,NA,NA,NA,NA,NA,NA,NA,NA,NA,NA,NA,NA,NA,NA,NA,NA,NA,NA,NA,NA,NA,NA,NA,NA,NA,NA,NA,NA,NA,NA,NA,NA,NA,NA,NA,NA,NA,NA,NA,NA,NA,NA,NA,NA,NA,NA,NA,NA,NA,NA,NA,NA,NA,NA,NA,NA,NA,NA,NA,NA,0.301472266942823,NA,NA,NA,NA,NA,NA,0.302627917738631,0.714845198537817,0.606699694948225,NA,NA,NA,NA,NA,0.186024486279693,NA,NA,0.224629732088507,0.419420205569,NA,NA,NA,NA,NA,NA,NA,0.0589263565550792,NA,NA,NA,NA,0.241102185683687,0.154197753696049,NA,NA,0.957847822311387,NA,NA,NA,0.335120865413248,NA,NA,NA,NA,NA,NA,0.612673836835724,NA,NA,NA,NA,NA,NA,NA,NA,NA,0.0905059344176459,NA,0.879116474901127,NA,NA,NA,NA,NA,NA,NA,0.271192593506721,0.340313783675384,NA,NA,NA,NA,NA,0.502815725380833,0.697650171298397,0.526703613194159,NA,0.75475266577707,NA,NA,NA,NA,NA,0.68819475944102,NA,0.476572867431376,0.0327730697351824,0.00990892115221068,0.773943045008017,NA,NA,NA,NA
"130",NA,NA,NA,NA,NA,NA,NA,NA,NA,NA,NA,NA,NA,NA,NA,NA,NA,NA,NA,NA,NA,NA,NA,NA,NA,NA,NA,NA,NA,NA,NA,NA,NA,NA,NA,NA,NA,NA,NA,NA,NA,NA,NA,NA,NA,NA,NA,NA,NA,NA,NA,NA,NA,NA,NA,NA,NA,NA,NA,NA,NA,NA,NA,NA,NA,NA,NA,NA,NA,NA,NA,NA,NA,NA,NA,NA,NA,NA,NA,NA,NA,NA,NA,NA,NA,NA,NA,NA,NA,NA,NA,NA,NA,NA,NA,NA,NA,NA,NA,NA,NA,NA,NA,NA,NA,NA,NA,NA,NA,NA,NA,NA,NA,NA,NA,NA,NA,NA,NA,NA,NA,NA,NA,NA,NA,NA,NA,NA,NA,NA,NA,NA,NA,NA,NA,NA,NA,NA,NA,NA,NA,NA,0.585644377343187,NA,NA,NA,NA,NA,NA,NA,0.254397001673871,NA,NA,NA,NA,NA,NA,NA,NA,NA,NA,NA,NA,NA,NA,NA,NA,NA,NA,NA,NA,NA,NA,0.431758022706543,NA,NA,NA,NA,NA,0.0273030864084864,NA,NA,NA,NA,NA,NA,NA,NA,NA,NA,NA,0.164970330798392,NA,NA,NA,NA,NA,NA,NA,0.85733350618635,NA,NA,NA,NA,NA,NA,NA,NA,NA,NA,NA,NA,NA,NA,NA,NA,NA,NA,NA,NA,NA,NA,NA,NA,NA,NA
"131",NA,NA,NA,NA,NA,NA,NA,NA,NA,NA,NA,NA,NA,NA,NA,NA,NA,NA,NA,NA,NA,NA,NA,NA,NA,NA,NA,NA,NA,NA,NA,NA,NA,NA,NA,NA,NA,NA,NA,NA,NA,NA,NA,NA,NA,NA,NA,NA,NA,NA,NA,NA,NA,NA,NA,NA,NA,NA,NA,NA,NA,NA,NA,NA,NA,NA,NA,NA,NA,NA,NA,NA,NA,NA,NA,NA,NA,NA,NA,NA,NA,NA,NA,NA,NA,NA,NA,NA,NA,NA,NA,NA,NA,NA,NA,NA,NA,NA,NA,NA,NA,NA,NA,NA,NA,NA,NA,NA,NA,NA,NA,NA,NA,NA,NA,NA,NA,NA,NA,NA,NA,NA,NA,NA,NA,NA,NA,NA,NA,NA,NA,NA,NA,NA,NA,NA,NA,0.534339235991562,NA,NA,NA,NA,NA,NA,NA,NA,NA,NA,NA,NA,NA,NA,NA,NA,NA,NA,NA,NA,NA,NA,NA,NA,NA,NA,NA,0.893675275980691,NA,NA,NA,NA,NA,NA,NA,NA,NA,0.35488702608187,NA,NA,NA,NA,NA,NA,NA,NA,NA,NA,NA,NA,NA,NA,NA,0.571090155282389,NA,NA,NA,NA,NA,NA,NA,NA,NA,NA,NA,NA,NA,0.53176849955453,NA,NA,NA,NA,NA,NA,NA,NA,NA,NA,NA,0.915837368269074,NA,NA,NA,NA,NA,NA,NA,NA
"132",NA,NA,NA,NA,NA,NA,NA,NA,NA,NA,NA,NA,NA,NA,NA,NA,NA,NA,NA,NA,NA,NA,NA,NA,NA,NA,NA,NA,NA,NA,NA,NA,NA,NA,NA,NA,NA,NA,NA,NA,NA,NA,NA,NA,NA,NA,NA,NA,NA,NA,NA,NA,NA,NA,NA,NA,NA,NA,NA,NA,NA,NA,NA,NA,NA,NA,NA,NA,NA,NA,NA,NA,NA,NA,NA,NA,NA,NA,NA,NA,NA,NA,NA,NA,NA,NA,NA,NA,NA,NA,NA,NA,NA,NA,NA,NA,NA,NA,NA,NA,NA,NA,NA,NA,NA,NA,NA,NA,NA,NA,NA,NA,NA,NA,NA,NA,NA,NA,NA,NA,NA,NA,NA,NA,NA,NA,NA,NA,NA,NA,NA,NA,NA,NA,NA,NA,NA,NA,NA,0.141790133734341,NA,NA,NA,NA,NA,NA,NA,NA,0.162159797474217,NA,0.224629732088507,0.419420205569,NA,NA,NA,NA,0.541725802702567,NA,NA,NA,NA,NA,NA,NA,NA,NA,NA,0.320653865212621,NA,NA,NA,NA,NA,0.375545129248199,NA,0.988676418430274,NA,0.975698046283382,NA,0.377375407916342,NA,NA,NA,NA,NA,NA,NA,NA,0.831309677535779,0.994944497409309,NA,0.837366913963723,0.526703613194159,0.156585583042497,0.565365682184795,0.0907452832072237,NA,NA,NA,NA,NA,NA,NA,NA,NA,0.516630791061407,NA,NA,NA,NA,NA,0.920310957419341,NA,NA,NA,0.320352910475913,NA,NA,NA,NA,NA,NA,NA,NA,NA,NA
"133",NA,NA,NA,NA,NA,NA,NA,NA,NA,NA,NA,NA,NA,NA,NA,NA,NA,NA,NA,NA,NA,NA,NA,NA,NA,NA,NA,NA,NA,NA,NA,NA,NA,NA,NA,NA,NA,NA,NA,NA,NA,NA,NA,NA,NA,NA,NA,NA,NA,NA,NA,NA,NA,NA,NA,NA,NA,NA,NA,NA,NA,NA,NA,NA,NA,NA,NA,NA,NA,NA,NA,NA,NA,NA,NA,NA,NA,NA,NA,NA,NA,NA,NA,NA,NA,NA,NA,NA,NA,NA,NA,NA,NA,NA,NA,NA,NA,NA,NA,NA,NA,NA,NA,NA,NA,NA,NA,NA,NA,NA,NA,NA,NA,NA,NA,NA,NA,NA,NA,NA,NA,NA,NA,NA,NA,NA,NA,NA,NA,NA,NA,NA,NA,NA,NA,NA,NA,NA,NA,NA,0.951137149179212,0.82429861044766,0.273935615341439,NA,NA,NA,NA,0.737675818384105,NA,NA,NA,NA,0.389830517855939,NA,NA,NA,NA,NA,NA,NA,NA,NA,NA,NA,NA,NA,NA,NA,0.173434835914944,NA,NA,NA,0.825021442363827,NA,NA,NA,NA,NA,NA,0.993588244632266,NA,NA,NA,NA,NA,NA,NA,NA,0.234717767578385,NA,NA,0.955825127393509,NA,NA,NA,NA,NA,NA,NA,NA,NA,NA,NA,NA,NA,NA,NA,NA,0.908579674833586,NA,NA,NA,NA,NA,NA,NA,0.743268378995002,NA,NA,NA,NA,NA,NA,NA,0.426444412516351,NA
"134",NA,NA,NA,NA,NA,NA,NA,NA,NA,NA,NA,NA,NA,NA,NA,NA,NA,NA,NA,NA,NA,NA,NA,NA,NA,NA,NA,NA,NA,NA,NA,NA,NA,NA,NA,NA,NA,NA,NA,NA,NA,NA,NA,NA,NA,NA,NA,NA,NA,NA,NA,NA,NA,NA,NA,NA,NA,NA,NA,NA,NA,NA,NA,NA,NA,NA,NA,NA,NA,NA,NA,NA,NA,NA,NA,NA,NA,NA,NA,NA,NA,NA,NA,NA,NA,NA,NA,NA,NA,NA,NA,NA,NA,NA,NA,NA,NA,NA,NA,NA,NA,NA,NA,NA,NA,NA,NA,NA,NA,NA,NA,NA,NA,NA,NA,NA,NA,NA,NA,NA,NA,NA,NA,NA,NA,NA,NA,NA,NA,NA,NA,NA,NA,NA,NA,NA,NA,NA,NA,NA,NA,NA,NA,NA,NA,NA,NA,NA,NA,NA,0.512541775618961,NA,NA,NA,NA,NA,NA,NA,NA,NA,NA,NA,NA,NA,NA,NA,NA,0.539692395255745,NA,NA,NA,NA,NA,NA,0.213915117364569,NA,0.85806657077427,NA,NA,NA,NA,0.537474368092521,NA,NA,0.0570244993538577,NA,NA,NA,NA,NA,NA,NA,0.301472266942823,NA,NA,NA,NA,NA,NA,NA,NA,NA,NA,NA,NA,NA,NA,NA,NA,NA,NA,NA,NA,NA,NA,NA,NA,NA,NA,NA,NA,NA,NA,NA,NA,NA
"135",NA,NA,NA,NA,NA,NA,NA,NA,NA,NA,NA,NA,NA,NA,NA,NA,NA,NA,NA,NA,NA,NA,NA,NA,NA,NA,NA,NA,NA,NA,NA,NA,NA,NA,NA,NA,NA,NA,NA,NA,NA,NA,NA,NA,NA,NA,NA,NA,NA,NA,NA,NA,NA,NA,NA,NA,NA,NA,NA,NA,NA,NA,NA,NA,NA,NA,NA,NA,NA,NA,NA,NA,NA,NA,NA,NA,NA,NA,NA,NA,NA,NA,NA,NA,NA,NA,NA,NA,NA,NA,NA,NA,NA,NA,NA,NA,NA,NA,NA,NA,NA,NA,NA,NA,NA,NA,NA,NA,NA,NA,NA,NA,NA,NA,NA,NA,NA,NA,NA,NA,NA,NA,NA,NA,NA,NA,NA,NA,NA,NA,NA,NA,NA,NA,NA,NA,0.301097729249673,NA,NA,NA,NA,NA,NA,NA,NA,NA,NA,NA,NA,NA,NA,NA,NA,NA,NA,NA,NA,NA,NA,NA,NA,NA,NA,NA,NA,NA,NA,NA,NA,0.295210567212534,NA,NA,NA,NA,NA,NA,NA,NA,NA,NA,NA,NA,NA,NA,NA,NA,NA,NA,NA,NA,NA,NA,NA,NA,NA,NA,NA,NA,NA,NA,NA,NA,NA,NA,NA,NA,NA,NA,NA,NA,NA,NA,NA,NA,NA,NA,NA,NA,NA,NA,NA,NA,NA,NA,NA,NA
"136",NA,NA,NA,NA,NA,NA,NA,NA,NA,NA,NA,NA,NA,NA,NA,NA,NA,NA,NA,NA,NA,NA,NA,NA,NA,NA,NA,NA,NA,NA,NA,NA,NA,NA,NA,NA,NA,NA,NA,NA,NA,NA,NA,NA,NA,NA,NA,NA,NA,NA,NA,NA,NA,NA,NA,NA,NA,NA,NA,NA,NA,NA,NA,NA,NA,NA,NA,NA,NA,NA,NA,NA,NA,NA,NA,NA,NA,NA,NA,NA,NA,NA,NA,NA,NA,NA,NA,NA,NA,NA,NA,NA,NA,NA,NA,NA,NA,NA,NA,NA,NA,NA,NA,NA,NA,NA,NA,NA,NA,NA,NA,NA,NA,NA,NA,NA,NA,NA,NA,NA,NA,NA,NA,NA,NA,NA,NA,NA,NA,NA,NA,NA,NA,NA,NA,NA,NA,NA,NA,NA,NA,NA,NA,NA,NA,NA,NA,NA,NA,NA,NA,NA,0.174935012587289,NA,NA,NA,NA,NA,NA,NA,0.0387407375369006,NA,NA,NA,NA,NA,NA,NA,NA,NA,0.85806657077427,NA,NA,NA,NA,NA,NA,NA,NA,NA,NA,NA,NA,NA,NA,NA,NA,NA,NA,NA,NA,NA,NA,NA,NA,NA,0.949524601824355,NA,NA,NA,NA,NA,NA,NA,NA,NA,NA,NA,NA,NA,NA,NA,NA,NA,NA,NA,NA,NA,NA,NA,NA,NA,NA,NA,NA,NA
"137",NA,NA,NA,NA,NA,NA,NA,NA,NA,NA,NA,NA,NA,NA,NA,NA,NA,NA,NA,NA,NA,NA,NA,NA,NA,NA,NA,NA,NA,NA,NA,NA,NA,NA,NA,NA,NA,NA,NA,NA,NA,NA,NA,NA,NA,NA,NA,NA,NA,NA,NA,NA,NA,NA,NA,NA,NA,NA,NA,NA,NA,NA,NA,NA,NA,NA,NA,NA,NA,NA,NA,NA,NA,NA,NA,NA,NA,NA,NA,NA,NA,NA,NA,NA,NA,NA,NA,NA,NA,NA,NA,NA,NA,NA,NA,NA,NA,NA,NA,NA,NA,NA,NA,NA,NA,NA,NA,NA,NA,NA,NA,NA,NA,NA,NA,NA,NA,NA,NA,NA,NA,NA,NA,NA,NA,NA,NA,NA,NA,NA,NA,NA,NA,NA,NA,NA,NA,NA,NA,NA,NA,NA,NA,NA,NA,NA,NA,NA,NA,NA,NA,NA,NA,NA,NA,NA,0.305502311173032,NA,NA,NA,NA,NA,NA,NA,NA,NA,NA,0.445698714627729,NA,NA,NA,NA,NA,NA,NA,NA,NA,NA,NA,0.930897806174963,NA,NA,NA,NA,NA,NA,NA,NA,0.7055571455548,NA,NA,0.754039610378955,NA,NA,0.906570845352461,NA,NA,NA,NA,NA,NA,NA,NA,NA,NA,NA,NA,NA,NA,NA,NA,NA,NA,NA,NA,NA,NA,NA,NA,NA,NA,NA,NA,NA,NA,NA
"138",NA,NA,NA,NA,NA,NA,NA,NA,NA,NA,NA,NA,NA,NA,NA,NA,NA,NA,NA,NA,NA,NA,NA,NA,NA,NA,NA,NA,NA,NA,NA,NA,NA,NA,NA,NA,NA,NA,NA,NA,NA,NA,NA,NA,NA,NA,NA,NA,NA,NA,NA,NA,NA,NA,NA,NA,NA,NA,NA,NA,NA,NA,NA,NA,NA,NA,NA,NA,NA,NA,NA,NA,NA,NA,NA,NA,NA,NA,NA,NA,NA,NA,NA,NA,NA,NA,NA,NA,NA,NA,NA,NA,NA,NA,NA,NA,NA,NA,NA,NA,NA,NA,NA,NA,NA,NA,NA,NA,NA,NA,NA,NA,NA,NA,NA,NA,NA,NA,NA,NA,NA,NA,NA,NA,NA,NA,NA,NA,NA,NA,NA,NA,NA,NA,NA,NA,NA,NA,NA,0.174935012587289,NA,NA,NA,NA,NA,NA,NA,0.335697719623155,NA,NA,NA,0.268615996087196,NA,NA,NA,0.112842441177798,NA,NA,NA,NA,NA,NA,NA,NA,NA,NA,NA,NA,NA,0.638397184839702,NA,NA,NA,NA,NA,NA,NA,NA,NA,NA,NA,NA,NA,NA,NA,NA,NA,NA,NA,NA,NA,NA,NA,NA,NA,NA,NA,NA,NA,NA,0.214995876370544,NA,NA,NA,NA,NA,NA,NA,NA,NA,NA,NA,NA,NA,NA,NA,NA,NA,NA,NA,NA,NA,NA,NA,NA,NA
"139",NA,NA,NA,NA,NA,NA,NA,NA,NA,NA,NA,NA,NA,NA,NA,NA,NA,NA,NA,NA,NA,NA,NA,NA,NA,NA,NA,NA,NA,NA,NA,NA,NA,NA,NA,NA,NA,NA,NA,NA,NA,NA,NA,NA,NA,NA,NA,NA,NA,NA,NA,NA,NA,NA,NA,NA,NA,NA,NA,NA,NA,NA,NA,NA,NA,NA,NA,NA,NA,NA,NA,NA,NA,NA,NA,NA,NA,NA,NA,NA,NA,NA,NA,NA,NA,NA,NA,NA,NA,NA,NA,NA,NA,NA,NA,NA,NA,NA,NA,NA,NA,NA,NA,NA,NA,NA,NA,NA,NA,NA,NA,NA,NA,NA,NA,NA,NA,NA,NA,NA,NA,NA,NA,NA,NA,NA,NA,NA,NA,NA,NA,NA,NA,NA,NA,NA,NA,NA,NA,NA,NA,NA,NA,NA,NA,NA,NA,NA,NA,NA,NA,NA,NA,NA,NA,NA,NA,NA,NA,NA,NA,NA,NA,NA,NA,NA,NA,NA,NA,NA,NA,NA,NA,NA,NA,NA,NA,NA,NA,NA,NA,NA,NA,NA,NA,NA,NA,NA,NA,NA,NA,NA,NA,0.194287693003565,NA,NA,NA,NA,NA,NA,NA,NA,NA,NA,NA,NA,NA,NA,NA,NA,NA,NA,NA,NA,NA,NA,NA,NA,NA,NA,NA,NA,NA,NA,NA,NA
"140",NA,NA,NA,NA,NA,NA,NA,NA,NA,NA,NA,NA,NA,NA,NA,NA,NA,NA,NA,NA,NA,NA,NA,NA,NA,NA,NA,NA,NA,NA,NA,NA,NA,NA,NA,NA,NA,NA,NA,NA,NA,NA,NA,NA,NA,NA,NA,NA,NA,NA,NA,NA,NA,NA,NA,NA,NA,NA,NA,NA,NA,NA,NA,NA,NA,NA,NA,NA,NA,NA,NA,NA,NA,NA,NA,NA,NA,NA,NA,NA,NA,NA,NA,NA,NA,NA,NA,NA,NA,NA,NA,NA,NA,NA,NA,NA,NA,NA,NA,NA,NA,NA,NA,NA,NA,NA,NA,NA,NA,NA,NA,NA,NA,NA,NA,NA,NA,NA,NA,NA,NA,NA,NA,NA,NA,NA,NA,NA,NA,NA,NA,NA,NA,NA,NA,NA,NA,NA,NA,NA,NA,NA,NA,NA,NA,NA,NA,0.330189012500888,0.164090902998168,NA,0.231161599397627,0.973549807854988,NA,NA,NA,NA,NA,NA,NA,NA,NA,NA,NA,0.75475266577707,0.368286708868043,NA,NA,NA,NA,NA,NA,NA,NA,NA,NA,0.779443028976145,NA,0.214995876370544,NA,NA,NA,NA,NA,NA,NA,NA,NA,NA,NA,NA,NA,NA,NA,NA,NA,NA,NA,NA,NA,NA,0.575238730355137,NA,NA,NA,NA,NA,0.40399784644273,0.35122052234974,NA,NA,0.240685194580076,NA,NA,NA,NA,NA,NA,NA,0.130422386274979,0.470749244019566,0.168220911974761,0.230132280728939,NA,NA,NA,NA
"141",NA,NA,NA,NA,NA,NA,NA,NA,NA,NA,NA,NA,NA,NA,NA,NA,NA,NA,NA,NA,NA,NA,NA,NA,NA,NA,NA,NA,NA,NA,NA,NA,NA,NA,NA,NA,NA,NA,NA,NA,NA,NA,NA,NA,NA,NA,NA,NA,NA,NA,NA,NA,NA,NA,NA,NA,NA,NA,NA,NA,NA,NA,NA,NA,NA,NA,NA,NA,NA,NA,NA,NA,NA,NA,NA,NA,NA,NA,NA,NA,NA,NA,NA,NA,NA,NA,NA,NA,NA,NA,NA,NA,NA,NA,NA,NA,NA,NA,NA,NA,NA,NA,NA,NA,NA,NA,NA,NA,NA,NA,NA,NA,NA,NA,NA,NA,NA,NA,NA,NA,NA,NA,NA,NA,NA,NA,NA,NA,NA,NA,NA,NA,NA,NA,NA,NA,NA,NA,NA,NA,NA,0.582783171046825,NA,NA,NA,NA,NA,0.528662868500276,NA,NA,NA,NA,NA,NA,NA,NA,NA,NA,NA,NA,NA,NA,NA,NA,NA,NA,NA,NA,NA,NA,NA,NA,NA,NA,NA,NA,NA,NA,NA,NA,NA,NA,NA,NA,NA,NA,NA,NA,NA,NA,NA,NA,NA,NA,NA,NA,NA,NA,NA,NA,NA,NA,NA,NA,NA,NA,0.25747291991118,NA,NA,NA,NA,NA,NA,NA,NA,NA,NA,NA,NA,NA,NA,NA,0.637694725920239,NA,0.275086720364539,NA
"142",NA,NA,NA,NA,NA,NA,NA,NA,NA,NA,NA,NA,NA,NA,NA,NA,NA,NA,NA,NA,NA,NA,NA,NA,NA,NA,NA,NA,NA,NA,NA,NA,NA,NA,NA,NA,NA,NA,NA,NA,NA,NA,NA,NA,NA,NA,NA,NA,NA,NA,NA,NA,NA,NA,NA,NA,NA,NA,NA,NA,NA,NA,NA,NA,NA,NA,NA,NA,NA,NA,NA,NA,NA,NA,NA,NA,NA,NA,NA,NA,NA,NA,NA,NA,NA,NA,NA,NA,NA,NA,NA,NA,NA,NA,NA,NA,NA,NA,NA,NA,NA,NA,NA,NA,NA,NA,NA,NA,NA,NA,NA,NA,NA,NA,NA,NA,NA,NA,NA,NA,NA,NA,NA,NA,NA,NA,NA,NA,NA,NA,NA,NA,NA,NA,NA,NA,NA,NA,NA,NA,NA,NA,NA,NA,NA,NA,NA,0.581001850874735,NA,NA,NA,NA,NA,NA,NA,NA,NA,NA,NA,0.195230652043199,NA,NA,NA,NA,NA,0.431758022706543,NA,NA,0.240685194580076,NA,NA,NA,NA,NA,NA,NA,NA,NA,NA,NA,NA,NA,NA,NA,NA,NA,0.154162150416339,NA,NA,NA,NA,NA,NA,NA,NA,NA,NA,NA,NA,0.487440612236507,NA,NA,NA,NA,NA,NA,NA,NA,0.447388610579922,NA,NA,NA,NA,NA,NA,NA,NA,NA,NA,NA,0.202888448883072,NA,0.473993066087855,NA,NA,NA
"143",NA,NA,NA,NA,NA,NA,NA,NA,NA,NA,NA,NA,NA,NA,NA,NA,NA,NA,NA,NA,NA,NA,NA,NA,NA,NA,NA,NA,NA,NA,NA,NA,NA,NA,NA,NA,NA,NA,NA,NA,NA,NA,NA,NA,NA,NA,NA,NA,NA,NA,NA,NA,NA,NA,NA,NA,NA,NA,NA,NA,NA,NA,NA,NA,NA,NA,NA,NA,NA,NA,NA,NA,NA,NA,NA,NA,NA,NA,NA,NA,NA,NA,NA,NA,NA,NA,NA,NA,NA,NA,NA,NA,NA,NA,NA,NA,NA,NA,NA,NA,NA,NA,NA,NA,NA,NA,NA,NA,NA,NA,NA,NA,NA,NA,NA,NA,NA,NA,NA,NA,NA,NA,NA,NA,NA,NA,NA,NA,NA,NA,NA,NA,NA,NA,NA,NA,NA,NA,NA,NA,NA,NA,NA,NA,NA,NA,NA,NA,NA,NA,NA,NA,NA,NA,NA,NA,NA,NA,NA,NA,NA,NA,NA,NA,NA,NA,NA,NA,NA,NA,NA,NA,NA,NA,NA,NA,NA,NA,NA,NA,NA,NA,NA,NA,NA,NA,NA,NA,NA,NA,NA,0.761089634554059,NA,NA,NA,NA,NA,NA,NA,0.966874042977536,NA,NA,NA,NA,NA,NA,NA,NA,NA,NA,NA,NA,NA,NA,NA,NA,NA,NA,NA,NA,NA,NA,NA,NA,NA,NA
"144",NA,NA,NA,NA,NA,NA,NA,NA,NA,NA,NA,NA,NA,NA,NA,NA,NA,NA,NA,NA,NA,NA,NA,NA,NA,NA,NA,NA,NA,NA,NA,NA,NA,NA,NA,NA,NA,NA,NA,NA,NA,NA,NA,NA,NA,NA,NA,NA,NA,NA,NA,NA,NA,NA,NA,NA,NA,NA,NA,NA,NA,NA,NA,NA,NA,NA,NA,NA,NA,NA,NA,NA,NA,NA,NA,NA,NA,NA,NA,NA,NA,NA,NA,NA,NA,NA,NA,NA,NA,NA,NA,NA,NA,NA,NA,NA,NA,NA,NA,NA,NA,NA,NA,NA,NA,NA,NA,NA,NA,NA,NA,NA,NA,NA,NA,NA,NA,NA,NA,NA,NA,NA,NA,NA,NA,NA,NA,NA,NA,NA,NA,NA,NA,NA,NA,NA,NA,NA,NA,NA,NA,NA,NA,NA,NA,NA,NA,NA,NA,NA,NA,NA,NA,NA,NA,NA,NA,NA,NA,NA,0.459534093605466,NA,NA,0.528662868500276,0.59668468572998,NA,0.94392784679357,NA,NA,NA,NA,NA,NA,NA,NA,NA,NA,NA,0.134117881318168,NA,NA,NA,NA,NA,NA,NA,NA,NA,NA,NA,0.473442354374203,NA,NA,NA,NA,NA,NA,NA,0.658582833442105,NA,NA,NA,0.810863999566575,NA,NA,NA,NA,NA,NA,NA,NA,NA,NA,NA,NA,NA,NA,NA,NA,NA,NA,NA,NA,0.864981118897899,NA,NA
"145",NA,NA,NA,NA,NA,NA,NA,NA,NA,NA,NA,NA,NA,NA,NA,NA,NA,NA,NA,NA,NA,NA,NA,NA,NA,NA,NA,NA,NA,NA,NA,NA,NA,NA,NA,NA,NA,NA,NA,NA,NA,NA,NA,NA,NA,NA,NA,NA,NA,NA,NA,NA,NA,NA,NA,NA,NA,NA,NA,NA,NA,NA,NA,NA,NA,NA,NA,NA,NA,NA,NA,NA,NA,NA,NA,NA,NA,NA,NA,NA,NA,NA,NA,NA,NA,NA,NA,NA,NA,NA,NA,NA,NA,NA,NA,NA,NA,NA,NA,NA,NA,NA,NA,NA,NA,NA,NA,NA,NA,NA,NA,NA,NA,NA,NA,NA,NA,NA,NA,NA,NA,NA,NA,NA,NA,NA,NA,NA,NA,NA,NA,NA,NA,NA,NA,NA,NA,NA,NA,NA,NA,NA,NA,NA,NA,NA,NA,NA,NA,NA,NA,NA,NA,NA,NA,NA,NA,NA,NA,NA,NA,NA,NA,0.4067157400949,NA,NA,NA,NA,NA,NA,NA,NA,NA,NA,NA,NA,NA,NA,NA,NA,NA,NA,NA,NA,NA,NA,NA,NA,NA,NA,NA,NA,NA,NA,NA,NA,NA,NA,NA,NA,0.422532497093431,NA,NA,NA,NA,NA,NA,NA,NA,NA,NA,NA,NA,NA,NA,NA,NA,NA,NA,NA,NA,NA,NA,NA,NA,NA
"146",NA,NA,NA,NA,NA,NA,NA,NA,NA,NA,NA,NA,NA,NA,NA,NA,NA,NA,NA,NA,NA,NA,NA,NA,NA,NA,NA,NA,NA,NA,NA,NA,NA,NA,NA,NA,NA,NA,NA,NA,NA,NA,NA,NA,NA,NA,NA,NA,NA,NA,NA,NA,NA,NA,NA,NA,NA,NA,NA,NA,NA,NA,NA,NA,NA,NA,NA,NA,NA,NA,NA,NA,NA,NA,NA,NA,NA,NA,NA,NA,NA,NA,NA,NA,NA,NA,NA,NA,NA,NA,NA,NA,NA,NA,NA,NA,NA,NA,NA,NA,NA,NA,NA,NA,NA,NA,NA,NA,NA,NA,NA,NA,NA,NA,NA,NA,NA,NA,NA,NA,NA,NA,NA,NA,NA,NA,NA,NA,NA,NA,NA,NA,NA,NA,NA,NA,NA,NA,NA,NA,NA,NA,NA,NA,NA,NA,NA,NA,0.718444060688565,NA,NA,NA,NA,NA,NA,NA,NA,NA,NA,NA,NA,NA,NA,NA,NA,NA,NA,NA,NA,NA,NA,NA,NA,NA,NA,NA,NA,NA,NA,NA,NA,NA,0.719564166235784,0.770166869749924,NA,NA,NA,NA,NA,NA,NA,NA,NA,NA,NA,0.419054424479112,NA,NA,NA,NA,NA,0.983609588904214,NA,0.716834713710464,NA,NA,NA,NA,NA,NA,NA,NA,NA,NA,NA,NA,NA,NA,NA,NA,NA,NA,NA,NA,NA,NA
"147",NA,NA,NA,NA,NA,NA,NA,NA,NA,NA,NA,NA,NA,NA,NA,NA,NA,NA,NA,NA,NA,NA,NA,NA,NA,NA,NA,NA,NA,NA,NA,NA,NA,NA,NA,NA,NA,NA,NA,NA,NA,NA,NA,NA,NA,NA,NA,NA,NA,NA,NA,NA,NA,NA,NA,NA,NA,NA,NA,NA,NA,NA,NA,NA,NA,NA,NA,NA,NA,NA,NA,NA,NA,NA,NA,NA,NA,NA,NA,NA,NA,NA,NA,NA,NA,NA,NA,NA,NA,NA,NA,NA,NA,NA,NA,NA,NA,NA,NA,NA,NA,NA,NA,NA,NA,NA,NA,NA,NA,NA,NA,NA,NA,NA,NA,NA,NA,NA,NA,NA,NA,NA,NA,NA,NA,NA,NA,NA,NA,NA,NA,NA,NA,NA,NA,NA,NA,NA,NA,NA,NA,NA,NA,NA,NA,NA,NA,0.202888448883072,NA,0.770314357462756,NA,NA,NA,NA,NA,NA,NA,NA,NA,NA,NA,NA,NA,NA,NA,0.194287693003565,NA,NA,NA,NA,NA,NA,NA,NA,NA,NA,NA,NA,NA,NA,NA,NA,NA,NA,NA,0.185774836923461,NA,NA,NA,NA,NA,NA,NA,NA,NA,NA,NA,NA,NA,NA,NA,NA,NA,NA,NA,NA,NA,NA,NA,NA,NA,NA,NA,NA,NA,NA,NA,NA,NA,NA,NA,NA,0.898045695426416,NA,NA,NA
"148",NA,NA,NA,NA,NA,NA,NA,NA,NA,NA,NA,NA,NA,NA,NA,NA,NA,NA,NA,NA,NA,NA,NA,NA,NA,NA,NA,NA,NA,NA,NA,NA,NA,NA,NA,NA,NA,NA,NA,NA,NA,NA,NA,NA,NA,NA,NA,NA,NA,NA,NA,NA,NA,NA,NA,NA,NA,NA,NA,NA,NA,NA,NA,NA,NA,NA,NA,NA,NA,NA,NA,NA,NA,NA,NA,NA,NA,NA,NA,NA,NA,NA,NA,NA,NA,NA,NA,NA,NA,NA,NA,NA,NA,NA,NA,NA,NA,NA,NA,NA,NA,NA,NA,NA,NA,NA,NA,NA,NA,NA,NA,NA,NA,NA,NA,NA,NA,NA,NA,NA,NA,NA,NA,NA,NA,NA,NA,NA,NA,NA,NA,NA,NA,NA,NA,NA,NA,NA,NA,NA,NA,NA,NA,NA,NA,NA,NA,NA,0.320352910475913,NA,0.330189012500888,0.776667507704308,NA,NA,NA,NA,NA,NA,NA,0.0570244993538577,NA,NA,NA,NA,NA,0.186024486279693,NA,NA,0.960818038403743,NA,NA,NA,0.624884972294745,NA,NA,0.882297614686867,NA,NA,NA,NA,NA,NA,NA,NA,NA,NA,NA,NA,NA,NA,NA,0.788351227035026,NA,NA,NA,NA,NA,NA,NA,NA,0.186024486279693,NA,NA,NA,NA,NA,0.934341501109015,0.691123357107233,0.999807399048696,NA,NA,NA,NA,NA,NA,NA,NA,NA,NA,0.50895702775594,0.067069181789466,0.647195447761604,0.66028649142299,NA,NA,NA
"149",NA,NA,NA,NA,NA,NA,NA,NA,NA,NA,NA,NA,NA,NA,NA,NA,NA,NA,NA,NA,NA,NA,NA,NA,NA,NA,NA,NA,NA,NA,NA,NA,NA,NA,NA,NA,NA,NA,NA,NA,NA,NA,NA,NA,NA,NA,NA,NA,NA,NA,NA,NA,NA,NA,NA,NA,NA,NA,NA,NA,NA,NA,NA,NA,NA,NA,NA,NA,NA,NA,NA,NA,NA,NA,NA,NA,NA,NA,NA,NA,NA,NA,NA,NA,NA,NA,NA,NA,NA,NA,NA,NA,NA,NA,NA,NA,NA,NA,NA,NA,NA,NA,NA,NA,NA,NA,NA,NA,NA,NA,NA,NA,NA,NA,NA,NA,NA,NA,NA,NA,NA,NA,NA,NA,NA,NA,NA,NA,NA,NA,NA,NA,NA,NA,NA,NA,NA,NA,NA,NA,NA,NA,NA,NA,NA,NA,NA,NA,NA,NA,0.117559718734565,0.282748884106976,NA,NA,NA,NA,NA,NA,NA,NA,NA,NA,NA,0.826356091246477,0.567074334183973,NA,NA,NA,NA,NA,NA,NA,NA,NA,NA,0.425533229922025,NA,NA,NA,NA,NA,NA,0.76558461862491,0.511241293945143,NA,NA,NA,NA,NA,NA,NA,NA,NA,0.965800889959009,NA,0.273247152223506,NA,NA,NA,NA,0.137124060932311,0.57651605418146,NA,0.487440612236507,NA,NA,NA,NA,NA,NA,0.861627663193757,NA,NA,NA,NA,NA,NA,NA,0.294629596826827,NA,NA,0.265991487869591,NA,NA,NA,NA
"150",NA,NA,NA,NA,NA,NA,NA,NA,NA,NA,NA,NA,NA,NA,NA,NA,NA,NA,NA,NA,NA,NA,NA,NA,NA,NA,NA,NA,NA,NA,NA,NA,NA,NA,NA,NA,NA,NA,NA,NA,NA,NA,NA,NA,NA,NA,NA,NA,NA,NA,NA,NA,NA,NA,NA,NA,NA,NA,NA,NA,NA,NA,NA,NA,NA,NA,NA,NA,NA,NA,NA,NA,NA,NA,NA,NA,NA,NA,NA,NA,NA,NA,NA,NA,NA,NA,NA,NA,NA,NA,NA,NA,NA,NA,NA,NA,NA,NA,NA,NA,NA,NA,NA,NA,NA,NA,NA,NA,NA,NA,NA,NA,NA,NA,NA,NA,NA,NA,NA,NA,NA,NA,NA,NA,NA,NA,NA,NA,NA,NA,NA,NA,NA,NA,NA,NA,NA,NA,NA,NA,NA,NA,NA,NA,NA,NA,NA,NA,NA,NA,NA,NA,NA,NA,NA,NA,NA,NA,NA,NA,NA,NA,NA,NA,NA,NA,NA,NA,NA,NA,NA,NA,NA,NA,NA,NA,NA,NA,NA,NA,NA,NA,NA,NA,NA,NA,NA,NA,NA,NA,NA,NA,NA,NA,NA,NA,NA,NA,NA,NA,NA,NA,NA,NA,NA,NA,NA,0.241102185683687,NA,NA,NA,NA,NA,NA,NA,NA,NA,NA,NA,NA,NA,NA,NA,NA,NA,NA
"151",NA,NA,NA,NA,NA,NA,NA,NA,NA,NA,NA,NA,NA,NA,NA,NA,NA,NA,NA,NA,NA,NA,NA,NA,NA,NA,NA,NA,NA,NA,NA,NA,NA,NA,NA,NA,NA,NA,NA,NA,NA,NA,NA,NA,NA,NA,NA,NA,NA,NA,NA,NA,NA,NA,NA,NA,NA,NA,NA,NA,NA,NA,NA,NA,NA,NA,NA,NA,NA,NA,NA,NA,NA,NA,NA,NA,NA,NA,NA,NA,NA,NA,NA,NA,NA,NA,NA,NA,NA,NA,NA,NA,NA,NA,NA,NA,NA,NA,NA,NA,NA,NA,NA,NA,NA,NA,NA,NA,NA,NA,NA,NA,NA,NA,NA,NA,NA,NA,NA,NA,NA,NA,NA,NA,NA,NA,NA,NA,NA,NA,NA,NA,NA,NA,NA,NA,NA,NA,NA,NA,NA,NA,NA,NA,NA,NA,NA,NA,NA,NA,NA,0.639365561712854,NA,NA,NA,NA,0.16146470063461,NA,NA,NA,NA,NA,NA,NA,NA,0.213915117364569,NA,0.153416401959043,NA,NA,NA,NA,0.888146248387643,NA,0.301472266942823,0.88470660808687,NA,0.608767124583747,NA,0.17054112167727,NA,NA,NA,NA,NA,NA,0.399349825815559,NA,0.231199218887805,0.242867229280847,NA,0.879116474901127,0.4974201430089,0.620085586263441,0.714845198537817,NA,NA,NA,NA,NA,0.508845724213644,NA,NA,NA,NA,0.163446396313694,NA,0.870803250974294,NA,NA,0.897795067355006,0.377375407916342,NA,0.404812194895736,NA,0.546813585168257,NA,NA,NA,NA,NA,NA,0.930581412534115,NA,NA,0.221312535736377
"152",NA,NA,NA,NA,NA,NA,NA,NA,NA,NA,NA,NA,NA,NA,NA,NA,NA,NA,NA,NA,NA,NA,NA,NA,NA,NA,NA,NA,NA,NA,NA,NA,NA,NA,NA,NA,NA,NA,NA,NA,NA,NA,NA,NA,NA,NA,NA,NA,NA,NA,NA,NA,NA,NA,NA,NA,NA,NA,NA,NA,NA,NA,NA,NA,NA,NA,NA,NA,NA,NA,NA,NA,NA,NA,NA,NA,NA,NA,NA,NA,NA,NA,NA,NA,NA,NA,NA,NA,NA,NA,NA,NA,NA,NA,NA,NA,NA,NA,NA,NA,NA,NA,NA,NA,NA,NA,NA,NA,NA,NA,NA,NA,NA,NA,NA,NA,NA,NA,NA,NA,NA,NA,NA,NA,NA,NA,NA,NA,NA,NA,NA,NA,NA,NA,NA,NA,NA,NA,NA,NA,NA,NA,NA,NA,NA,NA,NA,NA,NA,NA,NA,NA,NA,NA,NA,NA,NA,NA,NA,NA,NA,NA,NA,0.762506895522757,0.448817892287786,NA,NA,NA,NA,NA,NA,NA,NA,NA,0.8021129871824,0.451268712390799,NA,NA,NA,0.966874042977536,NA,NA,NA,NA,NA,NA,NA,NA,NA,NA,NA,NA,NA,NA,NA,NA,NA,NA,NA,NA,0.833746183070395,NA,NA,NA,NA,NA,0.309189319799587,0.320352910475913,NA,NA,0.272936099903578,NA,NA,NA,NA,NA,NA,NA,0.0836395042957856,0.829179206702263,NA,0.159289698540667,NA,NA,NA,NA
"153",NA,NA,NA,NA,NA,NA,NA,NA,NA,NA,NA,NA,NA,NA,NA,NA,NA,NA,NA,NA,NA,NA,NA,NA,NA,NA,NA,NA,NA,NA,NA,NA,NA,NA,NA,NA,NA,NA,NA,NA,NA,NA,NA,NA,NA,NA,NA,NA,NA,NA,NA,NA,NA,NA,NA,NA,NA,NA,NA,NA,NA,NA,NA,NA,NA,NA,NA,NA,NA,NA,NA,NA,NA,NA,NA,NA,NA,NA,NA,NA,NA,NA,NA,NA,NA,NA,NA,NA,NA,NA,NA,NA,NA,NA,NA,NA,NA,NA,NA,NA,NA,NA,NA,NA,NA,NA,NA,NA,NA,NA,NA,NA,NA,NA,NA,NA,NA,NA,NA,NA,NA,NA,NA,NA,NA,NA,NA,NA,NA,NA,NA,NA,NA,NA,NA,NA,NA,NA,NA,NA,NA,NA,NA,NA,NA,NA,NA,NA,NA,NA,NA,NA,NA,NA,NA,NA,NA,NA,NA,NA,NA,NA,NA,NA,NA,NA,NA,NA,NA,NA,0.198452987162725,NA,0.812509104136656,NA,NA,NA,NA,0.287955379506118,NA,NA,NA,NA,NA,NA,NA,NA,NA,0.512693948794509,NA,NA,NA,NA,NA,NA,0.301472266942823,NA,NA,NA,NA,NA,NA,NA,NA,NA,NA,NA,NA,NA,NA,NA,NA,NA,NA,NA,NA,NA,0.408308232318392,NA,NA,NA,NA,NA,NA,NA,NA,NA
"154",NA,NA,NA,NA,NA,NA,NA,NA,NA,NA,NA,NA,NA,NA,NA,NA,NA,NA,NA,NA,NA,NA,NA,NA,NA,NA,NA,NA,NA,NA,NA,NA,NA,NA,NA,NA,NA,NA,NA,NA,NA,NA,NA,NA,NA,NA,NA,NA,NA,NA,NA,NA,NA,NA,NA,NA,NA,NA,NA,NA,NA,NA,NA,NA,NA,NA,NA,NA,NA,NA,NA,NA,NA,NA,NA,NA,NA,NA,NA,NA,NA,NA,NA,NA,NA,NA,NA,NA,NA,NA,NA,NA,NA,NA,NA,NA,NA,NA,NA,NA,NA,NA,NA,NA,NA,NA,NA,NA,NA,NA,NA,NA,NA,NA,NA,NA,NA,NA,NA,NA,NA,NA,NA,NA,NA,NA,NA,NA,NA,NA,NA,NA,NA,NA,NA,NA,NA,NA,NA,NA,NA,NA,NA,NA,NA,NA,NA,NA,NA,NA,NA,NA,NA,NA,NA,NA,NA,NA,0.194287693003565,NA,NA,NA,NA,0.134117881318168,NA,NA,NA,NA,NA,0.619624084192289,NA,NA,NA,NA,NA,NA,NA,NA,NA,NA,NA,NA,NA,NA,NA,NA,NA,NA,0.148978653411758,NA,NA,NA,NA,NA,NA,NA,NA,NA,NA,NA,NA,NA,NA,NA,NA,NA,NA,NA,NA,NA,NA,NA,NA,NA,NA,NA,NA,NA,NA,NA,NA,NA,NA,NA,NA,NA
"155",NA,NA,NA,NA,NA,NA,NA,NA,NA,NA,NA,NA,NA,NA,NA,NA,NA,NA,NA,NA,NA,NA,NA,NA,NA,NA,NA,NA,NA,NA,NA,NA,NA,NA,NA,NA,NA,NA,NA,NA,NA,NA,NA,NA,NA,NA,NA,NA,NA,NA,NA,NA,NA,NA,NA,NA,NA,NA,NA,NA,NA,NA,NA,NA,NA,NA,NA,NA,NA,NA,NA,NA,NA,NA,NA,NA,NA,NA,NA,NA,NA,NA,NA,NA,NA,NA,NA,NA,NA,NA,NA,NA,NA,NA,NA,NA,NA,NA,NA,NA,NA,NA,NA,NA,NA,NA,NA,NA,NA,NA,NA,NA,NA,NA,NA,NA,NA,NA,NA,NA,NA,NA,NA,NA,NA,NA,NA,NA,NA,NA,NA,NA,NA,NA,NA,NA,NA,NA,NA,NA,NA,NA,NA,NA,NA,NA,NA,NA,NA,NA,NA,NA,NA,NA,NA,NA,NA,NA,NA,NA,NA,NA,NA,NA,NA,NA,NA,0.378292120500206,NA,NA,NA,NA,NA,NA,NA,NA,NA,NA,NA,0.975698046283382,NA,NA,NA,NA,NA,NA,NA,NA,0.445075097689828,NA,NA,NA,NA,0.781081978564391,0.544796545334167,NA,NA,NA,NA,NA,NA,NA,NA,NA,NA,NA,NA,NA,NA,NA,NA,NA,NA,NA,NA,0.341653834213158,NA,NA,NA,NA,NA,NA,NA,NA,NA,NA
"156",NA,NA,NA,NA,NA,NA,NA,NA,NA,NA,NA,NA,NA,NA,NA,NA,NA,NA,NA,NA,NA,NA,NA,NA,NA,NA,NA,NA,NA,NA,NA,NA,NA,NA,NA,NA,NA,NA,NA,NA,NA,NA,NA,NA,NA,NA,NA,NA,NA,NA,NA,NA,NA,NA,NA,NA,NA,NA,NA,NA,NA,NA,NA,NA,NA,NA,NA,NA,NA,NA,NA,NA,NA,NA,NA,NA,NA,NA,NA,NA,NA,NA,NA,NA,NA,NA,NA,NA,NA,NA,NA,NA,NA,NA,NA,NA,NA,NA,NA,NA,NA,NA,NA,NA,NA,NA,NA,NA,NA,NA,NA,NA,NA,NA,NA,NA,NA,NA,NA,NA,NA,NA,NA,NA,NA,NA,NA,NA,NA,NA,NA,NA,NA,NA,NA,NA,NA,NA,NA,NA,NA,NA,NA,NA,NA,NA,NA,NA,NA,NA,NA,NA,NA,NA,NA,NA,NA,NA,NA,NA,NA,NA,NA,NA,NA,NA,NA,NA,NA,NA,NA,NA,NA,NA,NA,NA,NA,NA,NA,NA,NA,NA,NA,NA,NA,NA,NA,0.186024486279693,NA,NA,NA,NA,NA,NA,NA,NA,NA,NA,NA,NA,0.0925290546907238,NA,NA,NA,NA,0.9409965868712,NA,NA,NA,NA,NA,NA,NA,NA,NA,NA,NA,0.510998610584027,NA,NA,NA,NA,NA,NA,NA,NA
"157",NA,NA,NA,NA,NA,NA,NA,NA,NA,NA,NA,NA,NA,NA,NA,NA,NA,NA,NA,NA,NA,NA,NA,NA,NA,NA,NA,NA,NA,NA,NA,NA,NA,NA,NA,NA,NA,NA,NA,NA,NA,NA,NA,NA,NA,NA,NA,NA,NA,NA,NA,NA,NA,NA,NA,NA,NA,NA,NA,NA,NA,NA,NA,NA,NA,NA,NA,NA,NA,NA,NA,NA,NA,NA,NA,NA,NA,NA,NA,NA,NA,NA,NA,NA,NA,NA,NA,NA,NA,NA,NA,NA,NA,NA,NA,NA,NA,NA,NA,NA,NA,NA,NA,NA,NA,NA,NA,NA,NA,NA,NA,NA,NA,NA,NA,NA,NA,NA,NA,NA,NA,NA,NA,NA,NA,NA,NA,NA,NA,NA,NA,NA,NA,NA,NA,NA,NA,NA,NA,NA,NA,NA,NA,NA,NA,NA,NA,NA,NA,NA,NA,NA,NA,NA,NA,NA,NA,NA,NA,NA,NA,NA,NA,NA,NA,NA,NA,0.686385962850301,NA,NA,NA,NA,NA,NA,0.687862534260719,0.66716061177489,NA,NA,NA,0.988666530498236,NA,NA,NA,NA,NA,NA,NA,NA,0.53176849955453,0.647924246878999,NA,0.465716706376433,0.242867229280847,NA,0.314348899933934,NA,NA,NA,NA,NA,NA,NA,NA,NA,NA,NA,NA,NA,NA,NA,0.320352910475913,0.907278170488015,NA,0.992976983620747,NA,0.221312535736377,NA,NA,NA,NA,NA,NA,0.520599078567715,NA,NA,NA
"158",NA,NA,NA,NA,NA,NA,NA,NA,NA,NA,NA,NA,NA,NA,NA,NA,NA,NA,NA,NA,NA,NA,NA,NA,NA,NA,NA,NA,NA,NA,NA,NA,NA,NA,NA,NA,NA,NA,NA,NA,NA,NA,NA,NA,NA,NA,NA,NA,NA,NA,NA,NA,NA,NA,NA,NA,NA,NA,NA,NA,NA,NA,NA,NA,NA,NA,NA,NA,NA,NA,NA,NA,NA,NA,NA,NA,NA,NA,NA,NA,NA,NA,NA,NA,NA,NA,NA,NA,NA,NA,NA,NA,NA,NA,NA,NA,NA,NA,NA,NA,NA,NA,NA,NA,NA,NA,NA,NA,NA,NA,NA,NA,NA,NA,NA,NA,NA,NA,NA,NA,NA,NA,NA,NA,NA,NA,NA,NA,NA,NA,NA,NA,NA,NA,NA,NA,NA,NA,NA,NA,NA,NA,NA,NA,NA,NA,NA,NA,NA,NA,NA,NA,NA,NA,NA,NA,NA,NA,NA,NA,NA,NA,NA,NA,NA,NA,NA,NA,NA,0.615221804701855,NA,NA,NA,NA,NA,NA,NA,NA,NA,NA,NA,NA,NA,NA,NA,NA,NA,NA,NA,NA,NA,NA,NA,NA,NA,NA,NA,NA,NA,NA,NA,NA,NA,NA,NA,NA,NA,NA,NA,NA,NA,NA,NA,NA,NA,NA,NA,NA,NA,NA,NA,NA,NA,NA,NA,NA
"159",NA,NA,NA,NA,NA,NA,NA,NA,NA,NA,NA,NA,NA,NA,NA,NA,NA,NA,NA,NA,NA,NA,NA,NA,NA,NA,NA,NA,NA,NA,NA,NA,NA,NA,NA,NA,NA,NA,NA,NA,NA,NA,NA,NA,NA,NA,NA,NA,NA,NA,NA,NA,NA,NA,NA,NA,NA,NA,NA,NA,NA,NA,NA,NA,NA,NA,NA,NA,NA,NA,NA,NA,NA,NA,NA,NA,NA,NA,NA,NA,NA,NA,NA,NA,NA,NA,NA,NA,NA,NA,NA,NA,NA,NA,NA,NA,NA,NA,NA,NA,NA,NA,NA,NA,NA,NA,NA,NA,NA,NA,NA,NA,NA,NA,NA,NA,NA,NA,NA,NA,NA,NA,NA,NA,NA,NA,NA,NA,NA,NA,NA,NA,NA,NA,NA,NA,NA,NA,NA,NA,NA,NA,NA,NA,NA,NA,NA,NA,NA,NA,NA,NA,NA,NA,NA,NA,NA,NA,NA,NA,NA,NA,0.689502043128867,0.186024486279693,NA,NA,NA,NA,NA,NA,NA,NA,NA,NA,NA,NA,NA,NA,NA,NA,0.195230652043199,NA,NA,NA,NA,NA,NA,NA,NA,NA,NA,NA,NA,NA,NA,NA,NA,NA,NA,NA,NA,NA,NA,NA,NA,NA,NA,NA,NA,NA,NA,NA,NA,NA,NA,NA,NA,NA,NA,NA,NA,NA,NA,NA,NA,NA
"160",NA,NA,NA,NA,NA,NA,NA,NA,NA,NA,NA,NA,NA,NA,NA,NA,NA,NA,NA,NA,NA,NA,NA,NA,NA,NA,NA,NA,NA,NA,NA,NA,NA,NA,NA,NA,NA,NA,NA,NA,NA,NA,NA,NA,NA,NA,NA,NA,NA,NA,NA,NA,NA,NA,NA,NA,NA,NA,NA,NA,NA,NA,NA,NA,NA,NA,NA,NA,NA,NA,NA,NA,NA,NA,NA,NA,NA,NA,NA,NA,NA,NA,NA,NA,NA,NA,NA,NA,NA,NA,NA,NA,NA,NA,NA,NA,NA,NA,NA,NA,NA,NA,NA,NA,NA,NA,NA,NA,NA,NA,NA,NA,NA,NA,NA,NA,NA,NA,NA,NA,NA,NA,NA,NA,NA,NA,NA,NA,NA,NA,NA,NA,NA,NA,NA,NA,NA,NA,NA,NA,NA,NA,NA,NA,NA,NA,NA,NA,NA,NA,NA,NA,NA,NA,NA,NA,NA,NA,NA,NA,NA,NA,NA,NA,NA,0.988204150444876,NA,NA,NA,NA,NA,NA,NA,NA,NA,NA,NA,NA,NA,NA,NA,NA,NA,NA,NA,NA,NA,NA,NA,NA,NA,NA,NA,NA,NA,NA,NA,NA,NA,NA,0.351138186002428,NA,NA,0.212650941653917,0.13735392771632,0.485431590851117,NA,NA,NA,NA,NA,NA,NA,NA,NA,NA,NA,0.825021442363827,NA,0.951137149179212,0.678630857850311,NA,NA,NA,NA,NA
"161",NA,NA,NA,NA,NA,NA,NA,NA,NA,NA,NA,NA,NA,NA,NA,NA,NA,NA,NA,NA,NA,NA,NA,NA,NA,NA,NA,NA,NA,NA,NA,NA,NA,NA,NA,NA,NA,NA,NA,NA,NA,NA,NA,NA,NA,NA,NA,NA,NA,NA,NA,NA,NA,NA,NA,NA,NA,NA,NA,NA,NA,NA,NA,NA,NA,NA,NA,NA,NA,NA,NA,NA,NA,NA,NA,NA,NA,NA,NA,NA,NA,NA,NA,NA,NA,NA,NA,NA,NA,NA,NA,NA,NA,NA,NA,NA,NA,NA,NA,NA,NA,NA,NA,NA,NA,NA,NA,NA,NA,NA,NA,NA,NA,NA,NA,NA,NA,NA,NA,NA,NA,NA,NA,NA,NA,NA,NA,NA,NA,NA,NA,NA,NA,NA,NA,NA,NA,NA,NA,NA,NA,NA,NA,NA,NA,NA,NA,NA,NA,NA,NA,NA,NA,NA,NA,NA,NA,NA,NA,NA,NA,NA,NA,NA,NA,NA,0.368714169663172,NA,NA,NA,NA,NA,NA,NA,NA,NA,NA,NA,NA,NA,NA,NA,NA,NA,NA,NA,NA,NA,NA,NA,0.297641673044626,NA,NA,NA,NA,NA,NA,NA,0.310725310642861,NA,NA,NA,NA,NA,NA,NA,NA,NA,NA,NA,NA,NA,NA,NA,NA,0.141790133734341,NA,NA,NA,NA,NA,NA,NA,0.349061938284321,NA,NA
"162",NA,NA,NA,NA,NA,NA,NA,NA,NA,NA,NA,NA,NA,NA,NA,NA,NA,NA,NA,NA,NA,NA,NA,NA,NA,NA,NA,NA,NA,NA,NA,NA,NA,NA,NA,NA,NA,NA,NA,NA,NA,NA,NA,NA,NA,NA,NA,NA,NA,NA,NA,NA,NA,NA,NA,NA,NA,NA,NA,NA,NA,NA,NA,NA,NA,NA,NA,NA,NA,NA,NA,NA,NA,NA,NA,NA,NA,NA,NA,NA,NA,NA,NA,NA,NA,NA,NA,NA,NA,NA,NA,NA,NA,NA,NA,NA,NA,NA,NA,NA,NA,NA,NA,NA,NA,NA,NA,NA,NA,NA,NA,NA,NA,NA,NA,NA,NA,NA,NA,NA,NA,NA,NA,NA,NA,NA,NA,NA,NA,NA,NA,NA,NA,NA,NA,NA,NA,NA,NA,NA,NA,NA,NA,NA,NA,NA,NA,NA,NA,NA,NA,NA,NA,NA,NA,NA,NA,NA,NA,NA,NA,NA,NA,NA,NA,NA,NA,NA,NA,NA,NA,NA,NA,NA,NA,NA,0.349639802795175,NA,NA,NA,NA,0.608358075351171,NA,NA,NA,NA,NA,NA,NA,NA,NA,NA,NA,NA,NA,NA,NA,NA,NA,NA,NA,NA,NA,NA,NA,NA,NA,NA,NA,NA,NA,NA,NA,NA,NA,NA,NA,NA,NA,NA,NA,NA,NA,NA,NA,NA
"163",NA,NA,NA,NA,NA,NA,NA,NA,NA,NA,NA,NA,NA,NA,NA,NA,NA,NA,NA,NA,NA,NA,NA,NA,NA,NA,NA,NA,NA,NA,NA,NA,NA,NA,NA,NA,NA,NA,NA,NA,NA,NA,NA,NA,NA,NA,NA,NA,NA,NA,NA,NA,NA,NA,NA,NA,NA,NA,NA,NA,NA,NA,NA,NA,NA,NA,NA,NA,NA,NA,NA,NA,NA,NA,NA,NA,NA,NA,NA,NA,NA,NA,NA,NA,NA,NA,NA,NA,NA,NA,NA,NA,NA,NA,NA,NA,NA,NA,NA,NA,NA,NA,NA,NA,NA,NA,NA,NA,NA,NA,NA,NA,NA,NA,NA,NA,NA,NA,NA,NA,NA,NA,NA,NA,NA,NA,NA,NA,NA,NA,NA,NA,NA,NA,NA,NA,NA,NA,NA,NA,NA,NA,NA,NA,NA,NA,NA,NA,NA,NA,NA,NA,NA,NA,NA,NA,NA,NA,NA,NA,NA,NA,NA,NA,NA,NA,NA,NA,NA,NA,0.186024486279693,NA,NA,NA,NA,NA,NA,NA,NA,NA,NA,NA,NA,NA,NA,NA,NA,NA,NA,NA,NA,NA,NA,NA,NA,NA,NA,NA,NA,NA,NA,NA,0.241102185683687,NA,NA,NA,NA,NA,NA,NA,NA,NA,NA,NA,NA,NA,NA,NA,NA,NA,NA,NA,NA,NA,NA,NA
"164",NA,NA,NA,NA,NA,NA,NA,NA,NA,NA,NA,NA,NA,NA,NA,NA,NA,NA,NA,NA,NA,NA,NA,NA,NA,NA,NA,NA,NA,NA,NA,NA,NA,NA,NA,NA,NA,NA,NA,NA,NA,NA,NA,NA,NA,NA,NA,NA,NA,NA,NA,NA,NA,NA,NA,NA,NA,NA,NA,NA,NA,NA,NA,NA,NA,NA,NA,NA,NA,NA,NA,NA,NA,NA,NA,NA,NA,NA,NA,NA,NA,NA,NA,NA,NA,NA,NA,NA,NA,NA,NA,NA,NA,NA,NA,NA,NA,NA,NA,NA,NA,NA,NA,NA,NA,NA,NA,NA,NA,NA,NA,NA,NA,NA,NA,NA,NA,NA,NA,NA,NA,NA,NA,NA,NA,NA,NA,NA,NA,NA,NA,NA,NA,NA,NA,NA,NA,NA,NA,NA,NA,NA,NA,NA,NA,NA,NA,NA,NA,NA,NA,NA,NA,NA,NA,NA,NA,NA,NA,NA,NA,NA,NA,NA,0.988204150444876,NA,NA,NA,NA,NA,NA,NA,NA,NA,NA,NA,NA,NA,NA,NA,NA,NA,NA,NA,0.236396503402408,NA,NA,NA,NA,NA,NA,NA,NA,0.630710203106731,NA,0.482132551092431,NA,NA,NA,NA,NA,NA,NA,NA,NA,NA,NA,NA,NA,NA,NA,NA,NA,NA,NA,NA,NA,NA,NA,NA,NA,NA,NA,NA,NA,NA
"165",NA,NA,NA,NA,NA,NA,NA,NA,NA,NA,NA,NA,NA,NA,NA,NA,NA,NA,NA,NA,NA,NA,NA,NA,NA,NA,NA,NA,NA,NA,NA,NA,NA,NA,NA,NA,NA,NA,NA,NA,NA,NA,NA,NA,NA,NA,NA,NA,NA,NA,NA,NA,NA,NA,NA,NA,NA,NA,NA,NA,NA,NA,NA,NA,NA,NA,NA,NA,NA,NA,NA,NA,NA,NA,NA,NA,NA,NA,NA,NA,NA,NA,NA,NA,NA,NA,NA,NA,NA,NA,NA,NA,NA,NA,NA,NA,NA,NA,NA,NA,NA,NA,NA,NA,NA,NA,NA,NA,NA,NA,NA,NA,NA,NA,NA,NA,NA,NA,NA,NA,NA,NA,NA,NA,NA,NA,NA,NA,NA,NA,NA,NA,NA,NA,NA,NA,NA,NA,NA,NA,NA,NA,NA,NA,NA,NA,NA,NA,NA,NA,NA,NA,NA,NA,NA,NA,NA,NA,NA,NA,NA,NA,NA,NA,NA,NA,NA,NA,NA,NA,NA,NA,NA,NA,NA,NA,NA,NA,NA,NA,NA,NA,NA,NA,NA,NA,NA,NA,NA,NA,NA,NA,NA,0.434137216878721,NA,0.271192593506721,NA,NA,NA,NA,NA,NA,NA,NA,NA,NA,NA,0.465716706376433,NA,NA,NA,NA,NA,NA,NA,NA,NA,NA,NA,NA,NA,NA,NA,NA,NA,NA
"166",NA,NA,NA,NA,NA,NA,NA,NA,NA,NA,NA,NA,NA,NA,NA,NA,NA,NA,NA,NA,NA,NA,NA,NA,NA,NA,NA,NA,NA,NA,NA,NA,NA,NA,NA,NA,NA,NA,NA,NA,NA,NA,NA,NA,NA,NA,NA,NA,NA,NA,NA,NA,NA,NA,NA,NA,NA,NA,NA,NA,NA,NA,NA,NA,NA,NA,NA,NA,NA,NA,NA,NA,NA,NA,NA,NA,NA,NA,NA,NA,NA,NA,NA,NA,NA,NA,NA,NA,NA,NA,NA,NA,NA,NA,NA,NA,NA,NA,NA,NA,NA,NA,NA,NA,NA,NA,NA,NA,NA,NA,NA,NA,NA,NA,NA,NA,NA,NA,NA,NA,NA,NA,NA,NA,NA,NA,NA,NA,NA,NA,NA,NA,NA,NA,NA,NA,NA,NA,NA,NA,NA,NA,NA,NA,NA,NA,NA,NA,NA,NA,NA,NA,NA,NA,NA,NA,NA,NA,NA,NA,NA,NA,NA,NA,NA,NA,NA,NA,NA,NA,NA,NA,NA,NA,NA,0.301472266942823,NA,NA,NA,NA,NA,NA,NA,NA,NA,NA,NA,NA,NA,NA,NA,NA,NA,NA,NA,NA,NA,NA,NA,NA,0.857387897963368,NA,NA,0.16146470063461,NA,0.8363668001196,NA,NA,NA,NA,NA,NA,NA,NA,NA,NA,NA,NA,NA,0.544649186015808,0.660555599369793,NA,NA,NA,NA,NA
"167",NA,NA,NA,NA,NA,NA,NA,NA,NA,NA,NA,NA,NA,NA,NA,NA,NA,NA,NA,NA,NA,NA,NA,NA,NA,NA,NA,NA,NA,NA,NA,NA,NA,NA,NA,NA,NA,NA,NA,NA,NA,NA,NA,NA,NA,NA,NA,NA,NA,NA,NA,NA,NA,NA,NA,NA,NA,NA,NA,NA,NA,NA,NA,NA,NA,NA,NA,NA,NA,NA,NA,NA,NA,NA,NA,NA,NA,NA,NA,NA,NA,NA,NA,NA,NA,NA,NA,NA,NA,NA,NA,NA,NA,NA,NA,NA,NA,NA,NA,NA,NA,NA,NA,NA,NA,NA,NA,NA,NA,NA,NA,NA,NA,NA,NA,NA,NA,NA,NA,NA,NA,NA,NA,NA,NA,NA,NA,NA,NA,NA,NA,NA,NA,NA,NA,NA,NA,NA,NA,NA,NA,NA,NA,NA,NA,NA,NA,NA,NA,NA,NA,NA,NA,NA,NA,NA,NA,NA,NA,NA,NA,NA,NA,NA,NA,NA,NA,0.446169154152599,NA,NA,NA,NA,NA,NA,NA,NA,NA,NA,NA,NA,NA,NA,NA,NA,NA,NA,NA,NA,NA,NA,NA,NA,NA,NA,0.993125234484607,NA,NA,NA,NA,NA,NA,NA,NA,NA,NA,NA,NA,NA,NA,NA,NA,NA,NA,NA,NA,0.810863999566575,NA,NA,NA,NA,NA,NA,NA,NA,NA,NA
"168",NA,NA,NA,NA,NA,NA,NA,NA,NA,NA,NA,NA,NA,NA,NA,NA,NA,NA,NA,NA,NA,NA,NA,NA,NA,NA,NA,NA,NA,NA,NA,NA,NA,NA,NA,NA,NA,NA,NA,NA,NA,NA,NA,NA,NA,NA,NA,NA,NA,NA,NA,NA,NA,NA,NA,NA,NA,NA,NA,NA,NA,NA,NA,NA,NA,NA,NA,NA,NA,NA,NA,NA,NA,NA,NA,NA,NA,NA,NA,NA,NA,NA,NA,NA,NA,NA,NA,NA,NA,NA,NA,NA,NA,NA,NA,NA,NA,NA,NA,NA,NA,NA,NA,NA,NA,NA,NA,NA,NA,NA,NA,NA,NA,NA,NA,NA,NA,NA,NA,NA,NA,NA,NA,NA,NA,NA,NA,NA,NA,NA,NA,NA,NA,NA,NA,NA,NA,NA,NA,NA,NA,NA,NA,NA,NA,NA,NA,NA,NA,NA,NA,NA,NA,NA,NA,NA,NA,NA,NA,NA,NA,NA,NA,NA,NA,NA,NA,NA,NA,NA,0.149625102289358,NA,NA,0.38244966935727,0.448817892287786,0.80515175027368,NA,0.591873145305487,NA,0.272936099903578,NA,NA,NA,NA,NA,NA,NA,NA,0.304982126598084,0.705232819295154,NA,0.871216166507459,0.639831007490027,0.23728178809866,0.63332452770992,NA,NA,NA,NA,NA,0.895586564951956,NA,NA,NA,NA,0.816338958365729,NA,NA,NA,NA,NA,0.579006961773341,0.528696562659382,0.571090155282389,NA,0.320352910475913,NA,NA,NA,NA,NA,NA,0.907708924251662,NA,NA,0.432325125985443
"169",NA,NA,NA,NA,NA,NA,NA,NA,NA,NA,NA,NA,NA,NA,NA,NA,NA,NA,NA,NA,NA,NA,NA,NA,NA,NA,NA,NA,NA,NA,NA,NA,NA,NA,NA,NA,NA,NA,NA,NA,NA,NA,NA,NA,NA,NA,NA,NA,NA,NA,NA,NA,NA,NA,NA,NA,NA,NA,NA,NA,NA,NA,NA,NA,NA,NA,NA,NA,NA,NA,NA,NA,NA,NA,NA,NA,NA,NA,NA,NA,NA,NA,NA,NA,NA,NA,NA,NA,NA,NA,NA,NA,NA,NA,NA,NA,NA,NA,NA,NA,NA,NA,NA,NA,NA,NA,NA,NA,NA,NA,NA,NA,NA,NA,NA,NA,NA,NA,NA,NA,NA,NA,NA,NA,NA,NA,NA,NA,NA,NA,NA,NA,NA,NA,NA,NA,NA,NA,NA,NA,NA,NA,NA,NA,NA,NA,NA,NA,NA,NA,NA,NA,NA,NA,NA,NA,NA,NA,NA,NA,NA,NA,NA,NA,NA,NA,NA,NA,NA,NA,NA,NA,0.998890085259645,NA,NA,NA,NA,NA,NA,NA,NA,NA,NA,NA,NA,NA,NA,NA,NA,NA,NA,NA,NA,NA,NA,NA,NA,NA,NA,NA,NA,NA,NA,NA,NA,NA,NA,0.835441994821346,0.275086720364539,NA,NA,NA,NA,NA,NA,NA,NA,NA,NA,NA,NA,0.840951616395283,NA,NA,NA,NA
"170",NA,NA,NA,NA,NA,NA,NA,NA,NA,NA,NA,NA,NA,NA,NA,NA,NA,NA,NA,NA,NA,NA,NA,NA,NA,NA,NA,NA,NA,NA,NA,NA,NA,NA,NA,NA,NA,NA,NA,NA,NA,NA,NA,NA,NA,NA,NA,NA,NA,NA,NA,NA,NA,NA,NA,NA,NA,NA,NA,NA,NA,NA,NA,NA,NA,NA,NA,NA,NA,NA,NA,NA,NA,NA,NA,NA,NA,NA,NA,NA,NA,NA,NA,NA,NA,NA,NA,NA,NA,NA,NA,NA,NA,NA,NA,NA,NA,NA,NA,NA,NA,NA,NA,NA,NA,NA,NA,NA,NA,NA,NA,NA,NA,NA,NA,NA,NA,NA,NA,NA,NA,NA,NA,NA,NA,NA,NA,NA,NA,NA,NA,NA,NA,NA,NA,NA,NA,NA,NA,NA,NA,NA,NA,NA,NA,NA,NA,NA,NA,NA,NA,NA,NA,NA,NA,NA,NA,NA,NA,NA,NA,NA,NA,NA,NA,NA,NA,NA,NA,NA,NA,NA,NA,NA,NA,NA,NA,NA,NA,NA,NA,NA,NA,NA,NA,NA,NA,NA,NA,NA,NA,NA,NA,NA,NA,NA,NA,NA,NA,NA,NA,NA,NA,NA,NA,NA,NA,NA,NA,NA,NA,NA,NA,NA,NA,NA,NA,NA,NA,NA,NA,NA,NA,NA,NA,NA
"171",NA,NA,NA,NA,NA,NA,NA,NA,NA,NA,NA,NA,NA,NA,NA,NA,NA,NA,NA,NA,NA,NA,NA,NA,NA,NA,NA,NA,NA,NA,NA,NA,NA,NA,NA,NA,NA,NA,NA,NA,NA,NA,NA,NA,NA,NA,NA,NA,NA,NA,NA,NA,NA,NA,NA,NA,NA,NA,NA,NA,NA,NA,NA,NA,NA,NA,NA,NA,NA,NA,NA,NA,NA,NA,NA,NA,NA,NA,NA,NA,NA,NA,NA,NA,NA,NA,NA,NA,NA,NA,NA,NA,NA,NA,NA,NA,NA,NA,NA,NA,NA,NA,NA,NA,NA,NA,NA,NA,NA,NA,NA,NA,NA,NA,NA,NA,NA,NA,NA,NA,NA,NA,NA,NA,NA,NA,NA,NA,NA,NA,NA,NA,NA,NA,NA,NA,NA,NA,NA,NA,NA,NA,NA,NA,NA,NA,NA,NA,NA,NA,NA,NA,NA,NA,NA,NA,NA,NA,NA,NA,NA,NA,NA,NA,NA,NA,NA,NA,NA,NA,NA,NA,NA,NA,NA,NA,NA,NA,NA,NA,NA,NA,NA,NA,NA,NA,NA,0.568702988705836,NA,NA,NA,NA,0.230132280728939,NA,NA,NA,0.86030586212565,NA,NA,NA,0.320653865212621,NA,NA,NA,NA,0.459958111032419,NA,NA,NA,NA,NA,NA,NA,NA,NA,NA,NA,NA,NA,NA,NA,NA,NA,NA,NA,NA
"172",NA,NA,NA,NA,NA,NA,NA,NA,NA,NA,NA,NA,NA,NA,NA,NA,NA,NA,NA,NA,NA,NA,NA,NA,NA,NA,NA,NA,NA,NA,NA,NA,NA,NA,NA,NA,NA,NA,NA,NA,NA,NA,NA,NA,NA,NA,NA,NA,NA,NA,NA,NA,NA,NA,NA,NA,NA,NA,NA,NA,NA,NA,NA,NA,NA,NA,NA,NA,NA,NA,NA,NA,NA,NA,NA,NA,NA,NA,NA,NA,NA,NA,NA,NA,NA,NA,NA,NA,NA,NA,NA,NA,NA,NA,NA,NA,NA,NA,NA,NA,NA,NA,NA,NA,NA,NA,NA,NA,NA,NA,NA,NA,NA,NA,NA,NA,NA,NA,NA,NA,NA,NA,NA,NA,NA,NA,NA,NA,NA,NA,NA,NA,NA,NA,NA,NA,NA,NA,NA,NA,NA,NA,NA,NA,NA,NA,NA,NA,NA,NA,NA,NA,NA,NA,NA,NA,NA,NA,NA,NA,NA,NA,NA,NA,NA,NA,NA,NA,NA,NA,NA,NA,NA,NA,NA,NA,NA,NA,NA,NA,NA,NA,NA,NA,NA,NA,NA,NA,NA,NA,NA,NA,NA,NA,NA,NA,NA,NA,NA,NA,NA,NA,NA,NA,NA,NA,NA,NA,NA,NA,NA,NA,NA,NA,NA,NA,NA,NA,NA,NA,NA,NA,NA,NA,NA,NA
"173",NA,NA,NA,NA,NA,NA,NA,NA,NA,NA,NA,NA,NA,NA,NA,NA,NA,NA,NA,NA,NA,NA,NA,NA,NA,NA,NA,NA,NA,NA,NA,NA,NA,NA,NA,NA,NA,NA,NA,NA,NA,NA,NA,NA,NA,NA,NA,NA,NA,NA,NA,NA,NA,NA,NA,NA,NA,NA,NA,NA,NA,NA,NA,NA,NA,NA,NA,NA,NA,NA,NA,NA,NA,NA,NA,NA,NA,NA,NA,NA,NA,NA,NA,NA,NA,NA,NA,NA,NA,NA,NA,NA,NA,NA,NA,NA,NA,NA,NA,NA,NA,NA,NA,NA,NA,NA,NA,NA,NA,NA,NA,NA,NA,NA,NA,NA,NA,NA,NA,NA,NA,NA,NA,NA,NA,NA,NA,NA,NA,NA,NA,NA,NA,NA,NA,NA,NA,NA,NA,NA,NA,NA,NA,NA,NA,NA,NA,NA,NA,NA,NA,NA,NA,NA,NA,NA,NA,NA,NA,NA,NA,NA,NA,NA,NA,NA,NA,NA,NA,NA,NA,NA,NA,NA,NA,NA,NA,NA,NA,0.614840109200381,NA,NA,NA,NA,NA,NA,0.38045028717899,NA,0.168220911974761,NA,NA,NA,NA,NA,NA,NA,NA,NA,NA,NA,NA,NA,NA,NA,NA,NA,NA,NA,0.389006801020172,NA,NA,NA,NA,NA,NA,NA,0.855441396114104,NA,NA,NA,NA,NA,NA,NA,NA,NA
"174",NA,NA,NA,NA,NA,NA,NA,NA,NA,NA,NA,NA,NA,NA,NA,NA,NA,NA,NA,NA,NA,NA,NA,NA,NA,NA,NA,NA,NA,NA,NA,NA,NA,NA,NA,NA,NA,NA,NA,NA,NA,NA,NA,NA,NA,NA,NA,NA,NA,NA,NA,NA,NA,NA,NA,NA,NA,NA,NA,NA,NA,NA,NA,NA,NA,NA,NA,NA,NA,NA,NA,NA,NA,NA,NA,NA,NA,NA,NA,NA,NA,NA,NA,NA,NA,NA,NA,NA,NA,NA,NA,NA,NA,NA,NA,NA,NA,NA,NA,NA,NA,NA,NA,NA,NA,NA,NA,NA,NA,NA,NA,NA,NA,NA,NA,NA,NA,NA,NA,NA,NA,NA,NA,NA,NA,NA,NA,NA,NA,NA,NA,NA,NA,NA,NA,NA,NA,NA,NA,NA,NA,NA,NA,NA,NA,NA,NA,NA,NA,NA,NA,NA,NA,NA,NA,NA,NA,NA,NA,NA,NA,NA,NA,NA,NA,NA,NA,NA,NA,NA,NA,NA,NA,NA,NA,0.408489079498047,NA,NA,NA,NA,NA,NA,NA,NA,NA,NA,NA,0.674557355016836,NA,NA,NA,NA,NA,NA,NA,NA,NA,NA,NA,NA,NA,NA,NA,NA,NA,0.798591808147236,NA,NA,NA,NA,NA,NA,NA,NA,NA,NA,NA,NA,NA,NA,NA,NA,NA,NA,NA,NA
"175",NA,NA,NA,NA,NA,NA,NA,NA,NA,NA,NA,NA,NA,NA,NA,NA,NA,NA,NA,NA,NA,NA,NA,NA,NA,NA,NA,NA,NA,NA,NA,NA,NA,NA,NA,NA,NA,NA,NA,NA,NA,NA,NA,NA,NA,NA,NA,NA,NA,NA,NA,NA,NA,NA,NA,NA,NA,NA,NA,NA,NA,NA,NA,NA,NA,NA,NA,NA,NA,NA,NA,NA,NA,NA,NA,NA,NA,NA,NA,NA,NA,NA,NA,NA,NA,NA,NA,NA,NA,NA,NA,NA,NA,NA,NA,NA,NA,NA,NA,NA,NA,NA,NA,NA,NA,NA,NA,NA,NA,NA,NA,NA,NA,NA,NA,NA,NA,NA,NA,NA,NA,NA,NA,NA,NA,NA,NA,NA,NA,NA,NA,NA,NA,NA,NA,NA,NA,NA,NA,NA,NA,NA,NA,NA,NA,NA,NA,NA,NA,NA,NA,NA,NA,NA,NA,NA,NA,NA,NA,NA,NA,NA,NA,NA,NA,NA,NA,NA,NA,NA,NA,NA,NA,NA,NA,NA,NA,0.628853137810426,NA,0.457731601536035,NA,NA,NA,NA,0.606699694948225,NA,NA,NA,NA,NA,NA,NA,0.152189034101287,NA,0.311968719767487,NA,NA,NA,NA,NA,NA,NA,NA,NA,NA,NA,0.910043394120725,0.755127454657111,NA,NA,NA,NA,0.94392784679357,NA,NA,NA,NA,NA,NA,NA,NA,NA,NA,NA,NA,NA
"176",NA,NA,NA,NA,NA,NA,NA,NA,NA,NA,NA,NA,NA,NA,NA,NA,NA,NA,NA,NA,NA,NA,NA,NA,NA,NA,NA,NA,NA,NA,NA,NA,NA,NA,NA,NA,NA,NA,NA,NA,NA,NA,NA,NA,NA,NA,NA,NA,NA,NA,NA,NA,NA,NA,NA,NA,NA,NA,NA,NA,NA,NA,NA,NA,NA,NA,NA,NA,NA,NA,NA,NA,NA,NA,NA,NA,NA,NA,NA,NA,NA,NA,NA,NA,NA,NA,NA,NA,NA,NA,NA,NA,NA,NA,NA,NA,NA,NA,NA,NA,NA,NA,NA,NA,NA,NA,NA,NA,NA,NA,NA,NA,NA,NA,NA,NA,NA,NA,NA,NA,NA,NA,NA,NA,NA,NA,NA,NA,NA,NA,NA,NA,NA,NA,NA,NA,NA,NA,NA,NA,NA,NA,NA,NA,NA,NA,NA,NA,NA,NA,NA,NA,NA,NA,NA,NA,NA,NA,NA,NA,NA,NA,NA,NA,NA,NA,NA,NA,NA,NA,NA,NA,NA,NA,NA,NA,NA,0.956665715873462,NA,0.916125112461922,NA,NA,NA,NA,NA,NA,0.37025466993004,NA,0.236396503402408,0.143705115038344,NA,0.734885806592723,0.861627663193757,0.37421832891905,0.884910356682879,NA,NA,NA,NA,NA,0.863720420097347,NA,NA,NA,NA,NA,NA,0.999424393499796,NA,NA,NA,0.966874042977536,0.49315571233198,0.349639802795175,NA,0.699500379652429,NA,NA,0.423748025130614,NA,NA,0.479825347404303,0.819699096495709,NA,NA,0.540625624568485
"177",NA,NA,NA,NA,NA,NA,NA,NA,NA,NA,NA,NA,NA,NA,NA,NA,NA,NA,NA,NA,NA,NA,NA,NA,NA,NA,NA,NA,NA,NA,NA,NA,NA,NA,NA,NA,NA,NA,NA,NA,NA,NA,NA,NA,NA,NA,NA,NA,NA,NA,NA,NA,NA,NA,NA,NA,NA,NA,NA,NA,NA,NA,NA,NA,NA,NA,NA,NA,NA,NA,NA,NA,NA,NA,NA,NA,NA,NA,NA,NA,NA,NA,NA,NA,NA,NA,NA,NA,NA,NA,NA,NA,NA,NA,NA,NA,NA,NA,NA,NA,NA,NA,NA,NA,NA,NA,NA,NA,NA,NA,NA,NA,NA,NA,NA,NA,NA,NA,NA,NA,NA,NA,NA,NA,NA,NA,NA,NA,NA,NA,NA,NA,NA,NA,NA,NA,NA,NA,NA,NA,NA,NA,NA,NA,NA,NA,NA,NA,NA,NA,NA,NA,NA,NA,NA,NA,NA,NA,NA,NA,NA,NA,NA,NA,NA,NA,NA,NA,NA,NA,NA,NA,NA,NA,NA,NA,NA,NA,NA,NA,NA,0.958753030770298,NA,NA,NA,NA,NA,NA,NA,NA,NA,NA,NA,NA,NA,NA,NA,NA,NA,NA,NA,NA,NA,NA,NA,NA,NA,NA,NA,NA,NA,NA,NA,NA,NA,NA,NA,NA,NA,NA,NA,NA,NA,NA,NA,NA
"178",NA,NA,NA,NA,NA,NA,NA,NA,NA,NA,NA,NA,NA,NA,NA,NA,NA,NA,NA,NA,NA,NA,NA,NA,NA,NA,NA,NA,NA,NA,NA,NA,NA,NA,NA,NA,NA,NA,NA,NA,NA,NA,NA,NA,NA,NA,NA,NA,NA,NA,NA,NA,NA,NA,NA,NA,NA,NA,NA,NA,NA,NA,NA,NA,NA,NA,NA,NA,NA,NA,NA,NA,NA,NA,NA,NA,NA,NA,NA,NA,NA,NA,NA,NA,NA,NA,NA,NA,NA,NA,NA,NA,NA,NA,NA,NA,NA,NA,NA,NA,NA,NA,NA,NA,NA,NA,NA,NA,NA,NA,NA,NA,NA,NA,NA,NA,NA,NA,NA,NA,NA,NA,NA,NA,NA,NA,NA,NA,NA,NA,NA,NA,NA,NA,NA,NA,NA,NA,NA,NA,NA,NA,NA,NA,NA,NA,NA,NA,NA,NA,NA,NA,NA,NA,NA,NA,NA,NA,NA,NA,NA,NA,NA,NA,NA,NA,NA,NA,NA,NA,NA,NA,NA,NA,NA,NA,NA,NA,NA,0.686645616191669,NA,NA,NA,NA,0.174935012587289,NA,NA,NA,NA,NA,NA,0.871216166507459,0.889462933481955,NA,0.559396158252357,NA,NA,NA,NA,NA,NA,NA,NA,NA,NA,NA,NA,0.445848913068272,NA,NA,NA,NA,NA,NA,NA,NA,NA,NA,NA,NA,NA,0.675300960430833,NA,NA,NA,0.304982126598084
"179",NA,NA,NA,NA,NA,NA,NA,NA,NA,NA,NA,NA,NA,NA,NA,NA,NA,NA,NA,NA,NA,NA,NA,NA,NA,NA,NA,NA,NA,NA,NA,NA,NA,NA,NA,NA,NA,NA,NA,NA,NA,NA,NA,NA,NA,NA,NA,NA,NA,NA,NA,NA,NA,NA,NA,NA,NA,NA,NA,NA,NA,NA,NA,NA,NA,NA,NA,NA,NA,NA,NA,NA,NA,NA,NA,NA,NA,NA,NA,NA,NA,NA,NA,NA,NA,NA,NA,NA,NA,NA,NA,NA,NA,NA,NA,NA,NA,NA,NA,NA,NA,NA,NA,NA,NA,NA,NA,NA,NA,NA,NA,NA,NA,NA,NA,NA,NA,NA,NA,NA,NA,NA,NA,NA,NA,NA,NA,NA,NA,NA,NA,NA,NA,NA,NA,NA,NA,NA,NA,NA,NA,NA,NA,NA,NA,NA,NA,NA,NA,NA,NA,NA,NA,NA,NA,NA,NA,NA,NA,NA,NA,NA,NA,NA,NA,NA,NA,NA,NA,NA,NA,NA,NA,NA,NA,NA,NA,NA,NA,NA,NA,NA,NA,NA,NA,NA,NA,NA,NA,0.202888448883072,NA,NA,NA,NA,NA,NA,NA,NA,0.0275279484675892,NA,NA,NA,NA,NA,NA,NA,NA,NA,NA,NA,NA,NA,NA,NA,NA,NA,NA,NA,NA,NA,NA,NA,NA,NA,NA,NA
"180",NA,NA,NA,NA,NA,NA,NA,NA,NA,NA,NA,NA,NA,NA,NA,NA,NA,NA,NA,NA,NA,NA,NA,NA,NA,NA,NA,NA,NA,NA,NA,NA,NA,NA,NA,NA,NA,NA,NA,NA,NA,NA,NA,NA,NA,NA,NA,NA,NA,NA,NA,NA,NA,NA,NA,NA,NA,NA,NA,NA,NA,NA,NA,NA,NA,NA,NA,NA,NA,NA,NA,NA,NA,NA,NA,NA,NA,NA,NA,NA,NA,NA,NA,NA,NA,NA,NA,NA,NA,NA,NA,NA,NA,NA,NA,NA,NA,NA,NA,NA,NA,NA,NA,NA,NA,NA,NA,NA,NA,NA,NA,NA,NA,NA,NA,NA,NA,NA,NA,NA,NA,NA,NA,NA,NA,NA,NA,NA,NA,NA,NA,NA,NA,NA,NA,NA,NA,NA,NA,NA,NA,NA,NA,NA,NA,NA,NA,NA,NA,NA,NA,NA,NA,NA,NA,NA,NA,NA,NA,NA,NA,NA,NA,NA,NA,NA,NA,NA,NA,NA,NA,NA,NA,NA,NA,NA,NA,NA,NA,NA,NA,NA,NA,NA,NA,NA,NA,NA,0.584326077599327,0.273793034551341,NA,0.692373930325202,0.744454545722366,0.4974201430089,0.487440612236507,NA,NA,NA,NA,NA,NA,NA,NA,NA,NA,NA,NA,0.937690221665015,NA,NA,NA,0.746051544709184,NA,0.898045695426416,0.893675275980691,0.357611865315889,NA,NA,0.330066650686384,NA,NA,NA,0.829912556976741,NA,NA,0.301472266942823
"181",NA,NA,NA,NA,NA,NA,NA,NA,NA,NA,NA,NA,NA,NA,NA,NA,NA,NA,NA,NA,NA,NA,NA,NA,NA,NA,NA,NA,NA,NA,NA,NA,NA,NA,NA,NA,NA,NA,NA,NA,NA,NA,NA,NA,NA,NA,NA,NA,NA,NA,NA,NA,NA,NA,NA,NA,NA,NA,NA,NA,NA,NA,NA,NA,NA,NA,NA,NA,NA,NA,NA,NA,NA,NA,NA,NA,NA,NA,NA,NA,NA,NA,NA,NA,NA,NA,NA,NA,NA,NA,NA,NA,NA,NA,NA,NA,NA,NA,NA,NA,NA,NA,NA,NA,NA,NA,NA,NA,NA,NA,NA,NA,NA,NA,NA,NA,NA,NA,NA,NA,NA,NA,NA,NA,NA,NA,NA,NA,NA,NA,NA,NA,NA,NA,NA,NA,NA,NA,NA,NA,NA,NA,NA,NA,NA,NA,NA,NA,NA,NA,NA,NA,NA,NA,NA,NA,NA,NA,NA,NA,NA,NA,NA,NA,NA,NA,NA,NA,NA,NA,NA,NA,NA,NA,NA,NA,NA,NA,NA,NA,NA,NA,NA,NA,NA,NA,NA,NA,NA,NA,NA,NA,0.350613527585544,NA,NA,NA,NA,NA,NA,NA,NA,NA,NA,NA,NA,NA,NA,NA,NA,NA,NA,NA,NA,NA,NA,NA,NA,NA,NA,NA,NA,NA,NA,NA,NA,NA
"182",NA,NA,NA,NA,NA,NA,NA,NA,NA,NA,NA,NA,NA,NA,NA,NA,NA,NA,NA,NA,NA,NA,NA,NA,NA,NA,NA,NA,NA,NA,NA,NA,NA,NA,NA,NA,NA,NA,NA,NA,NA,NA,NA,NA,NA,NA,NA,NA,NA,NA,NA,NA,NA,NA,NA,NA,NA,NA,NA,NA,NA,NA,NA,NA,NA,NA,NA,NA,NA,NA,NA,NA,NA,NA,NA,NA,NA,NA,NA,NA,NA,NA,NA,NA,NA,NA,NA,NA,NA,NA,NA,NA,NA,NA,NA,NA,NA,NA,NA,NA,NA,NA,NA,NA,NA,NA,NA,NA,NA,NA,NA,NA,NA,NA,NA,NA,NA,NA,NA,NA,NA,NA,NA,NA,NA,NA,NA,NA,NA,NA,NA,NA,NA,NA,NA,NA,NA,NA,NA,NA,NA,NA,NA,NA,NA,NA,NA,NA,NA,NA,NA,NA,NA,NA,NA,NA,NA,NA,NA,NA,NA,NA,NA,NA,NA,NA,NA,NA,NA,NA,NA,NA,NA,NA,NA,NA,NA,NA,NA,NA,NA,NA,NA,NA,NA,NA,NA,NA,NA,NA,NA,NA,NA,NA,NA,NA,NA,NA,NA,NA,NA,NA,NA,NA,NA,NA,NA,NA,NA,NA,NA,NA,NA,NA,NA,NA,NA,NA,NA,NA,NA,NA,NA,NA,NA,NA
"183",NA,NA,NA,NA,NA,NA,NA,NA,NA,NA,NA,NA,NA,NA,NA,NA,NA,NA,NA,NA,NA,NA,NA,NA,NA,NA,NA,NA,NA,NA,NA,NA,NA,NA,NA,NA,NA,NA,NA,NA,NA,NA,NA,NA,NA,NA,NA,NA,NA,NA,NA,NA,NA,NA,NA,NA,NA,NA,NA,NA,NA,NA,NA,NA,NA,NA,NA,NA,NA,NA,NA,NA,NA,NA,NA,NA,NA,NA,NA,NA,NA,NA,NA,NA,NA,NA,NA,NA,NA,NA,NA,NA,NA,NA,NA,NA,NA,NA,NA,NA,NA,NA,NA,NA,NA,NA,NA,NA,NA,NA,NA,NA,NA,NA,NA,NA,NA,NA,NA,NA,NA,NA,NA,NA,NA,NA,NA,NA,NA,NA,NA,NA,NA,NA,NA,NA,NA,NA,NA,NA,NA,NA,NA,NA,NA,NA,NA,NA,NA,NA,NA,NA,NA,NA,NA,NA,NA,NA,NA,NA,NA,NA,NA,NA,NA,NA,NA,NA,NA,NA,NA,NA,NA,NA,NA,NA,NA,NA,NA,NA,NA,NA,NA,0.4974201430089,NA,NA,NA,NA,NA,NA,NA,NA,NA,NA,NA,0.740125552357872,NA,NA,NA,NA,NA,0.688695769999545,NA,0.947402407273034,NA,NA,0.20797255177117,0.162215594992829,NA,NA,NA,NA,NA,NA,NA,NA,NA,NA,0.325766192144802,NA,NA,0.229893593702331,NA,NA,NA,NA
"184",NA,NA,NA,NA,NA,NA,NA,NA,NA,NA,NA,NA,NA,NA,NA,NA,NA,NA,NA,NA,NA,NA,NA,NA,NA,NA,NA,NA,NA,NA,NA,NA,NA,NA,NA,NA,NA,NA,NA,NA,NA,NA,NA,NA,NA,NA,NA,NA,NA,NA,NA,NA,NA,NA,NA,NA,NA,NA,NA,NA,NA,NA,NA,NA,NA,NA,NA,NA,NA,NA,NA,NA,NA,NA,NA,NA,NA,NA,NA,NA,NA,NA,NA,NA,NA,NA,NA,NA,NA,NA,NA,NA,NA,NA,NA,NA,NA,NA,NA,NA,NA,NA,NA,NA,NA,NA,NA,NA,NA,NA,NA,NA,NA,NA,NA,NA,NA,NA,NA,NA,NA,NA,NA,NA,NA,NA,NA,NA,NA,NA,NA,NA,NA,NA,NA,NA,NA,NA,NA,NA,NA,NA,NA,NA,NA,NA,NA,NA,NA,NA,NA,NA,NA,NA,NA,NA,NA,NA,NA,NA,NA,NA,NA,NA,NA,NA,NA,NA,NA,NA,NA,NA,NA,NA,NA,NA,NA,NA,NA,NA,NA,NA,NA,NA,NA,NA,NA,NA,NA,NA,NA,NA,NA,NA,NA,0.69356179982282,NA,NA,0.239298805840613,NA,NA,0.819699096495709,NA,0.992976983620747,NA,NA,NA,NA,NA,NA,NA,NA,NA,NA,NA,NA,NA,NA,NA,NA,NA,NA,NA,NA,NA,NA
"185",NA,NA,NA,NA,NA,NA,NA,NA,NA,NA,NA,NA,NA,NA,NA,NA,NA,NA,NA,NA,NA,NA,NA,NA,NA,NA,NA,NA,NA,NA,NA,NA,NA,NA,NA,NA,NA,NA,NA,NA,NA,NA,NA,NA,NA,NA,NA,NA,NA,NA,NA,NA,NA,NA,NA,NA,NA,NA,NA,NA,NA,NA,NA,NA,NA,NA,NA,NA,NA,NA,NA,NA,NA,NA,NA,NA,NA,NA,NA,NA,NA,NA,NA,NA,NA,NA,NA,NA,NA,NA,NA,NA,NA,NA,NA,NA,NA,NA,NA,NA,NA,NA,NA,NA,NA,NA,NA,NA,NA,NA,NA,NA,NA,NA,NA,NA,NA,NA,NA,NA,NA,NA,NA,NA,NA,NA,NA,NA,NA,NA,NA,NA,NA,NA,NA,NA,NA,NA,NA,NA,NA,NA,NA,NA,NA,NA,NA,NA,NA,NA,NA,NA,NA,NA,NA,NA,NA,NA,NA,NA,NA,NA,NA,NA,NA,NA,NA,NA,NA,NA,NA,NA,NA,NA,NA,NA,NA,NA,NA,NA,NA,NA,NA,NA,NA,NA,NA,NA,NA,NA,NA,NA,NA,NA,NA,0.193968401129788,NA,NA,NA,NA,NA,NA,NA,NA,NA,NA,NA,NA,NA,NA,NA,NA,NA,NA,NA,NA,NA,NA,NA,NA,NA,NA,NA,NA,0.249251218194241,NA
"186",NA,NA,NA,NA,NA,NA,NA,NA,NA,NA,NA,NA,NA,NA,NA,NA,NA,NA,NA,NA,NA,NA,NA,NA,NA,NA,NA,NA,NA,NA,NA,NA,NA,NA,NA,NA,NA,NA,NA,NA,NA,NA,NA,NA,NA,NA,NA,NA,NA,NA,NA,NA,NA,NA,NA,NA,NA,NA,NA,NA,NA,NA,NA,NA,NA,NA,NA,NA,NA,NA,NA,NA,NA,NA,NA,NA,NA,NA,NA,NA,NA,NA,NA,NA,NA,NA,NA,NA,NA,NA,NA,NA,NA,NA,NA,NA,NA,NA,NA,NA,NA,NA,NA,NA,NA,NA,NA,NA,NA,NA,NA,NA,NA,NA,NA,NA,NA,NA,NA,NA,NA,NA,NA,NA,NA,NA,NA,NA,NA,NA,NA,NA,NA,NA,NA,NA,NA,NA,NA,NA,NA,NA,NA,NA,NA,NA,NA,NA,NA,NA,NA,NA,NA,NA,NA,NA,NA,NA,NA,NA,NA,NA,NA,NA,NA,NA,NA,NA,NA,NA,NA,NA,NA,NA,NA,NA,NA,NA,NA,NA,NA,NA,NA,NA,NA,NA,NA,NA,NA,NA,NA,NA,NA,NA,NA,NA,NA,NA,NA,NA,NA,NA,NA,NA,NA,NA,NA,NA,NA,NA,NA,NA,NA,NA,NA,NA,NA,NA,NA,NA,NA,NA,NA,NA,NA,NA
"187",NA,NA,NA,NA,NA,NA,NA,NA,NA,NA,NA,NA,NA,NA,NA,NA,NA,NA,NA,NA,NA,NA,NA,NA,NA,NA,NA,NA,NA,NA,NA,NA,NA,NA,NA,NA,NA,NA,NA,NA,NA,NA,NA,NA,NA,NA,NA,NA,NA,NA,NA,NA,NA,NA,NA,NA,NA,NA,NA,NA,NA,NA,NA,NA,NA,NA,NA,NA,NA,NA,NA,NA,NA,NA,NA,NA,NA,NA,NA,NA,NA,NA,NA,NA,NA,NA,NA,NA,NA,NA,NA,NA,NA,NA,NA,NA,NA,NA,NA,NA,NA,NA,NA,NA,NA,NA,NA,NA,NA,NA,NA,NA,NA,NA,NA,NA,NA,NA,NA,NA,NA,NA,NA,NA,NA,NA,NA,NA,NA,NA,NA,NA,NA,NA,NA,NA,NA,NA,NA,NA,NA,NA,NA,NA,NA,NA,NA,NA,NA,NA,NA,NA,NA,NA,NA,NA,NA,NA,NA,NA,NA,NA,NA,NA,NA,NA,NA,NA,NA,NA,NA,NA,NA,NA,NA,NA,NA,NA,NA,NA,NA,NA,NA,NA,NA,NA,NA,NA,NA,0.460229988408135,NA,NA,NA,NA,NA,NA,NA,NA,NA,NA,NA,NA,NA,NA,NA,NA,NA,NA,NA,NA,NA,NA,NA,NA,NA,NA,NA,NA,NA,NA,NA,NA,NA,NA,NA,NA
"188",NA,NA,NA,NA,NA,NA,NA,NA,NA,NA,NA,NA,NA,NA,NA,NA,NA,NA,NA,NA,NA,NA,NA,NA,NA,NA,NA,NA,NA,NA,NA,NA,NA,NA,NA,NA,NA,NA,NA,NA,NA,NA,NA,NA,NA,NA,NA,NA,NA,NA,NA,NA,NA,NA,NA,NA,NA,NA,NA,NA,NA,NA,NA,NA,NA,NA,NA,NA,NA,NA,NA,NA,NA,NA,NA,NA,NA,NA,NA,NA,NA,NA,NA,NA,NA,NA,NA,NA,NA,NA,NA,NA,NA,NA,NA,NA,NA,NA,NA,NA,NA,NA,NA,NA,NA,NA,NA,NA,NA,NA,NA,NA,NA,NA,NA,NA,NA,NA,NA,NA,NA,NA,NA,NA,NA,NA,NA,NA,NA,NA,NA,NA,NA,NA,NA,NA,NA,NA,NA,NA,NA,NA,NA,NA,NA,NA,NA,NA,NA,NA,NA,NA,NA,NA,NA,NA,NA,NA,NA,NA,NA,NA,NA,NA,NA,NA,NA,NA,NA,NA,NA,NA,NA,NA,NA,NA,NA,NA,NA,NA,NA,NA,NA,NA,NA,NA,NA,NA,NA,NA,NA,NA,NA,NA,NA,NA,NA,NA,NA,NA,NA,NA,NA,NA,NA,NA,NA,NA,NA,NA,NA,NA,NA,NA,NA,NA,0.929242562427104,NA,NA,NA,NA,NA,NA,NA,NA,NA
"189",NA,NA,NA,NA,NA,NA,NA,NA,NA,NA,NA,NA,NA,NA,NA,NA,NA,NA,NA,NA,NA,NA,NA,NA,NA,NA,NA,NA,NA,NA,NA,NA,NA,NA,NA,NA,NA,NA,NA,NA,NA,NA,NA,NA,NA,NA,NA,NA,NA,NA,NA,NA,NA,NA,NA,NA,NA,NA,NA,NA,NA,NA,NA,NA,NA,NA,NA,NA,NA,NA,NA,NA,NA,NA,NA,NA,NA,NA,NA,NA,NA,NA,NA,NA,NA,NA,NA,NA,NA,NA,NA,NA,NA,NA,NA,NA,NA,NA,NA,NA,NA,NA,NA,NA,NA,NA,NA,NA,NA,NA,NA,NA,NA,NA,NA,NA,NA,NA,NA,NA,NA,NA,NA,NA,NA,NA,NA,NA,NA,NA,NA,NA,NA,NA,NA,NA,NA,NA,NA,NA,NA,NA,NA,NA,NA,NA,NA,NA,NA,NA,NA,NA,NA,NA,NA,NA,NA,NA,NA,NA,NA,NA,NA,NA,NA,NA,NA,NA,NA,NA,NA,NA,NA,NA,NA,NA,NA,NA,NA,NA,NA,NA,NA,NA,NA,NA,NA,NA,NA,0.661590595012882,NA,0.664772365662494,0.503442223619277,0.245967339409589,0.974899604452326,NA,NA,NA,NA,NA,NA,NA,NA,NA,NA,NA,NA,NA,0.186024486279693,NA,NA,0.502649559899961,NA,NA,NA,0.305502311173032,NA,NA,NA,NA,NA,NA,0.679229401938853,NA,NA,NA
"190",NA,NA,NA,NA,NA,NA,NA,NA,NA,NA,NA,NA,NA,NA,NA,NA,NA,NA,NA,NA,NA,NA,NA,NA,NA,NA,NA,NA,NA,NA,NA,NA,NA,NA,NA,NA,NA,NA,NA,NA,NA,NA,NA,NA,NA,NA,NA,NA,NA,NA,NA,NA,NA,NA,NA,NA,NA,NA,NA,NA,NA,NA,NA,NA,NA,NA,NA,NA,NA,NA,NA,NA,NA,NA,NA,NA,NA,NA,NA,NA,NA,NA,NA,NA,NA,NA,NA,NA,NA,NA,NA,NA,NA,NA,NA,NA,NA,NA,NA,NA,NA,NA,NA,NA,NA,NA,NA,NA,NA,NA,NA,NA,NA,NA,NA,NA,NA,NA,NA,NA,NA,NA,NA,NA,NA,NA,NA,NA,NA,NA,NA,NA,NA,NA,NA,NA,NA,NA,NA,NA,NA,NA,NA,NA,NA,NA,NA,NA,NA,NA,NA,NA,NA,NA,NA,NA,NA,NA,NA,NA,NA,NA,NA,NA,NA,NA,NA,NA,NA,NA,NA,NA,NA,NA,NA,NA,NA,NA,NA,NA,NA,NA,NA,NA,NA,NA,NA,NA,NA,NA,NA,0.716834713710464,0.662210227359916,NA,0.503442223619277,NA,NA,NA,NA,NA,0.515188060550887,NA,NA,NA,NA,0.29320578993263,NA,NA,NA,NA,NA,NA,0.95005978537064,0.548590620752508,NA,NA,NA,NA,NA,NA,NA,NA,NA,NA,NA,0.431535203891801
"191",NA,NA,NA,NA,NA,NA,NA,NA,NA,NA,NA,NA,NA,NA,NA,NA,NA,NA,NA,NA,NA,NA,NA,NA,NA,NA,NA,NA,NA,NA,NA,NA,NA,NA,NA,NA,NA,NA,NA,NA,NA,NA,NA,NA,NA,NA,NA,NA,NA,NA,NA,NA,NA,NA,NA,NA,NA,NA,NA,NA,NA,NA,NA,NA,NA,NA,NA,NA,NA,NA,NA,NA,NA,NA,NA,NA,NA,NA,NA,NA,NA,NA,NA,NA,NA,NA,NA,NA,NA,NA,NA,NA,NA,NA,NA,NA,NA,NA,NA,NA,NA,NA,NA,NA,NA,NA,NA,NA,NA,NA,NA,NA,NA,NA,NA,NA,NA,NA,NA,NA,NA,NA,NA,NA,NA,NA,NA,NA,NA,NA,NA,NA,NA,NA,NA,NA,NA,NA,NA,NA,NA,NA,NA,NA,NA,NA,NA,NA,NA,NA,NA,NA,NA,NA,NA,NA,NA,NA,NA,NA,NA,NA,NA,NA,NA,NA,NA,NA,NA,NA,NA,NA,NA,NA,NA,NA,NA,NA,NA,NA,NA,NA,NA,NA,NA,NA,NA,NA,NA,NA,NA,NA,NA,NA,NA,NA,NA,NA,0.85522551459465,NA,NA,NA,0.678503760773988,NA,NA,NA,NA,NA,NA,NA,NA,NA,NA,NA,NA,NA,NA,NA,NA,NA,NA,NA,NA,0.538430554994487,NA,NA
"192",NA,NA,NA,NA,NA,NA,NA,NA,NA,NA,NA,NA,NA,NA,NA,NA,NA,NA,NA,NA,NA,NA,NA,NA,NA,NA,NA,NA,NA,NA,NA,NA,NA,NA,NA,NA,NA,NA,NA,NA,NA,NA,NA,NA,NA,NA,NA,NA,NA,NA,NA,NA,NA,NA,NA,NA,NA,NA,NA,NA,NA,NA,NA,NA,NA,NA,NA,NA,NA,NA,NA,NA,NA,NA,NA,NA,NA,NA,NA,NA,NA,NA,NA,NA,NA,NA,NA,NA,NA,NA,NA,NA,NA,NA,NA,NA,NA,NA,NA,NA,NA,NA,NA,NA,NA,NA,NA,NA,NA,NA,NA,NA,NA,NA,NA,NA,NA,NA,NA,NA,NA,NA,NA,NA,NA,NA,NA,NA,NA,NA,NA,NA,NA,NA,NA,NA,NA,NA,NA,NA,NA,NA,NA,NA,NA,NA,NA,NA,NA,NA,NA,NA,NA,NA,NA,NA,NA,NA,NA,NA,NA,NA,NA,NA,NA,NA,NA,NA,NA,NA,NA,NA,NA,NA,NA,NA,NA,NA,NA,NA,NA,NA,NA,NA,NA,NA,NA,NA,NA,NA,NA,NA,0.871216166507459,NA,0.810863999566575,NA,NA,NA,NA,NA,NA,NA,NA,NA,NA,NA,NA,NA,NA,NA,NA,0.993588244632266,NA,NA,NA,NA,NA,NA,NA,NA,NA,NA,0.941994127786122,NA,NA,NA
"193",NA,NA,NA,NA,NA,NA,NA,NA,NA,NA,NA,NA,NA,NA,NA,NA,NA,NA,NA,NA,NA,NA,NA,NA,NA,NA,NA,NA,NA,NA,NA,NA,NA,NA,NA,NA,NA,NA,NA,NA,NA,NA,NA,NA,NA,NA,NA,NA,NA,NA,NA,NA,NA,NA,NA,NA,NA,NA,NA,NA,NA,NA,NA,NA,NA,NA,NA,NA,NA,NA,NA,NA,NA,NA,NA,NA,NA,NA,NA,NA,NA,NA,NA,NA,NA,NA,NA,NA,NA,NA,NA,NA,NA,NA,NA,NA,NA,NA,NA,NA,NA,NA,NA,NA,NA,NA,NA,NA,NA,NA,NA,NA,NA,NA,NA,NA,NA,NA,NA,NA,NA,NA,NA,NA,NA,NA,NA,NA,NA,NA,NA,NA,NA,NA,NA,NA,NA,NA,NA,NA,NA,NA,NA,NA,NA,NA,NA,NA,NA,NA,NA,NA,NA,NA,NA,NA,NA,NA,NA,NA,NA,NA,NA,NA,NA,NA,NA,NA,NA,NA,NA,NA,NA,NA,NA,NA,NA,NA,NA,NA,NA,NA,NA,NA,NA,NA,NA,NA,NA,NA,NA,NA,NA,0.994944497409309,0.8363668001196,NA,NA,NA,NA,NA,NA,NA,NA,NA,NA,NA,NA,NA,NA,NA,NA,0.572832565339331,NA,NA,NA,0.792086108644233,NA,NA,NA,NA,NA,NA,0.66293380117065,NA,NA,NA
"194",NA,NA,NA,NA,NA,NA,NA,NA,NA,NA,NA,NA,NA,NA,NA,NA,NA,NA,NA,NA,NA,NA,NA,NA,NA,NA,NA,NA,NA,NA,NA,NA,NA,NA,NA,NA,NA,NA,NA,NA,NA,NA,NA,NA,NA,NA,NA,NA,NA,NA,NA,NA,NA,NA,NA,NA,NA,NA,NA,NA,NA,NA,NA,NA,NA,NA,NA,NA,NA,NA,NA,NA,NA,NA,NA,NA,NA,NA,NA,NA,NA,NA,NA,NA,NA,NA,NA,NA,NA,NA,NA,NA,NA,NA,NA,NA,NA,NA,NA,NA,NA,NA,NA,NA,NA,NA,NA,NA,NA,NA,NA,NA,NA,NA,NA,NA,NA,NA,NA,NA,NA,NA,NA,NA,NA,NA,NA,NA,NA,NA,NA,NA,NA,NA,NA,NA,NA,NA,NA,NA,NA,NA,NA,NA,NA,NA,NA,NA,NA,NA,NA,NA,NA,NA,NA,NA,NA,NA,NA,NA,NA,NA,NA,NA,NA,NA,NA,NA,NA,NA,NA,NA,NA,NA,NA,NA,NA,NA,NA,NA,NA,NA,NA,NA,NA,NA,NA,NA,NA,NA,NA,NA,NA,NA,NA,NA,NA,NA,NA,NA,NA,NA,NA,NA,NA,0.434505931810252,NA,NA,NA,NA,NA,NA,NA,NA,NA,NA,NA,NA,NA,NA,NA,NA,NA,NA,NA,NA
"195",NA,NA,NA,NA,NA,NA,NA,NA,NA,NA,NA,NA,NA,NA,NA,NA,NA,NA,NA,NA,NA,NA,NA,NA,NA,NA,NA,NA,NA,NA,NA,NA,NA,NA,NA,NA,NA,NA,NA,NA,NA,NA,NA,NA,NA,NA,NA,NA,NA,NA,NA,NA,NA,NA,NA,NA,NA,NA,NA,NA,NA,NA,NA,NA,NA,NA,NA,NA,NA,NA,NA,NA,NA,NA,NA,NA,NA,NA,NA,NA,NA,NA,NA,NA,NA,NA,NA,NA,NA,NA,NA,NA,NA,NA,NA,NA,NA,NA,NA,NA,NA,NA,NA,NA,NA,NA,NA,NA,NA,NA,NA,NA,NA,NA,NA,NA,NA,NA,NA,NA,NA,NA,NA,NA,NA,NA,NA,NA,NA,NA,NA,NA,NA,NA,NA,NA,NA,NA,NA,NA,NA,NA,NA,NA,NA,NA,NA,NA,NA,NA,NA,NA,NA,NA,NA,NA,NA,NA,NA,NA,NA,NA,NA,NA,NA,NA,NA,NA,NA,NA,NA,NA,NA,NA,NA,NA,NA,NA,NA,NA,NA,NA,NA,NA,NA,NA,NA,NA,NA,NA,NA,NA,NA,NA,NA,NA,NA,0.265991487869591,NA,NA,NA,NA,NA,NA,NA,NA,NA,NA,NA,NA,NA,0.305502311173032,NA,0.309656754558584,NA,NA,NA,NA,NA,NA,NA,NA,NA,NA,NA,0.506022503321001
"196",NA,NA,NA,NA,NA,NA,NA,NA,NA,NA,NA,NA,NA,NA,NA,NA,NA,NA,NA,NA,NA,NA,NA,NA,NA,NA,NA,NA,NA,NA,NA,NA,NA,NA,NA,NA,NA,NA,NA,NA,NA,NA,NA,NA,NA,NA,NA,NA,NA,NA,NA,NA,NA,NA,NA,NA,NA,NA,NA,NA,NA,NA,NA,NA,NA,NA,NA,NA,NA,NA,NA,NA,NA,NA,NA,NA,NA,NA,NA,NA,NA,NA,NA,NA,NA,NA,NA,NA,NA,NA,NA,NA,NA,NA,NA,NA,NA,NA,NA,NA,NA,NA,NA,NA,NA,NA,NA,NA,NA,NA,NA,NA,NA,NA,NA,NA,NA,NA,NA,NA,NA,NA,NA,NA,NA,NA,NA,NA,NA,NA,NA,NA,NA,NA,NA,NA,NA,NA,NA,NA,NA,NA,NA,NA,NA,NA,NA,NA,NA,NA,NA,NA,NA,NA,NA,NA,NA,NA,NA,NA,NA,NA,NA,NA,NA,NA,NA,NA,NA,NA,NA,NA,NA,NA,NA,NA,NA,NA,NA,NA,NA,NA,NA,NA,NA,NA,NA,NA,NA,NA,NA,NA,NA,NA,NA,NA,NA,NA,0.195230652043199,NA,NA,0.738437472524488,NA,0.752285844414512,NA,NA,NA,NA,NA,NA,NA,NA,NA,NA,NA,NA,NA,NA,NA,NA,NA,NA,NA,NA,NA,NA
"197",NA,NA,NA,NA,NA,NA,NA,NA,NA,NA,NA,NA,NA,NA,NA,NA,NA,NA,NA,NA,NA,NA,NA,NA,NA,NA,NA,NA,NA,NA,NA,NA,NA,NA,NA,NA,NA,NA,NA,NA,NA,NA,NA,NA,NA,NA,NA,NA,NA,NA,NA,NA,NA,NA,NA,NA,NA,NA,NA,NA,NA,NA,NA,NA,NA,NA,NA,NA,NA,NA,NA,NA,NA,NA,NA,NA,NA,NA,NA,NA,NA,NA,NA,NA,NA,NA,NA,NA,NA,NA,NA,NA,NA,NA,NA,NA,NA,NA,NA,NA,NA,NA,NA,NA,NA,NA,NA,NA,NA,NA,NA,NA,NA,NA,NA,NA,NA,NA,NA,NA,NA,NA,NA,NA,NA,NA,NA,NA,NA,NA,NA,NA,NA,NA,NA,NA,NA,NA,NA,NA,NA,NA,NA,NA,NA,NA,NA,NA,NA,NA,NA,NA,NA,NA,NA,NA,NA,NA,NA,NA,NA,NA,NA,NA,NA,NA,NA,NA,NA,NA,NA,NA,NA,NA,NA,NA,NA,NA,NA,NA,NA,NA,NA,NA,NA,NA,NA,NA,NA,NA,NA,NA,NA,NA,NA,NA,NA,NA,NA,NA,NA,NA,NA,NA,NA,NA,NA,NA,NA,NA,NA,NA,NA,NA,NA,NA,NA,NA,NA,NA,NA,NA,NA,NA,NA,NA
"198",NA,NA,NA,NA,NA,NA,NA,NA,NA,NA,NA,NA,NA,NA,NA,NA,NA,NA,NA,NA,NA,NA,NA,NA,NA,NA,NA,NA,NA,NA,NA,NA,NA,NA,NA,NA,NA,NA,NA,NA,NA,NA,NA,NA,NA,NA,NA,NA,NA,NA,NA,NA,NA,NA,NA,NA,NA,NA,NA,NA,NA,NA,NA,NA,NA,NA,NA,NA,NA,NA,NA,NA,NA,NA,NA,NA,NA,NA,NA,NA,NA,NA,NA,NA,NA,NA,NA,NA,NA,NA,NA,NA,NA,NA,NA,NA,NA,NA,NA,NA,NA,NA,NA,NA,NA,NA,NA,NA,NA,NA,NA,NA,NA,NA,NA,NA,NA,NA,NA,NA,NA,NA,NA,NA,NA,NA,NA,NA,NA,NA,NA,NA,NA,NA,NA,NA,NA,NA,NA,NA,NA,NA,NA,NA,NA,NA,NA,NA,NA,NA,NA,NA,NA,NA,NA,NA,NA,NA,NA,NA,NA,NA,NA,NA,NA,NA,NA,NA,NA,NA,NA,NA,NA,NA,NA,NA,NA,NA,NA,NA,NA,NA,NA,NA,NA,NA,NA,NA,NA,NA,NA,NA,NA,NA,NA,NA,NA,NA,NA,NA,NA,NA,NA,NA,NA,NA,NA,NA,NA,NA,NA,NA,NA,NA,NA,NA,NA,NA,NA,NA,NA,NA,NA,NA,NA,NA
"199",NA,NA,NA,NA,NA,NA,NA,NA,NA,NA,NA,NA,NA,NA,NA,NA,NA,NA,NA,NA,NA,NA,NA,NA,NA,NA,NA,NA,NA,NA,NA,NA,NA,NA,NA,NA,NA,NA,NA,NA,NA,NA,NA,NA,NA,NA,NA,NA,NA,NA,NA,NA,NA,NA,NA,NA,NA,NA,NA,NA,NA,NA,NA,NA,NA,NA,NA,NA,NA,NA,NA,NA,NA,NA,NA,NA,NA,NA,NA,NA,NA,NA,NA,NA,NA,NA,NA,NA,NA,NA,NA,NA,NA,NA,NA,NA,NA,NA,NA,NA,NA,NA,NA,NA,NA,NA,NA,NA,NA,NA,NA,NA,NA,NA,NA,NA,NA,NA,NA,NA,NA,NA,NA,NA,NA,NA,NA,NA,NA,NA,NA,NA,NA,NA,NA,NA,NA,NA,NA,NA,NA,NA,NA,NA,NA,NA,NA,NA,NA,NA,NA,NA,NA,NA,NA,NA,NA,NA,NA,NA,NA,NA,NA,NA,NA,NA,NA,NA,NA,NA,NA,NA,NA,NA,NA,NA,NA,NA,NA,NA,NA,NA,NA,NA,NA,NA,NA,NA,NA,NA,NA,NA,NA,NA,NA,NA,NA,NA,NA,NA,NA,NA,0.919893266327848,NA,NA,NA,NA,NA,NA,NA,NA,NA,NA,NA,NA,NA,NA,NA,NA,NA,NA,NA,NA,0.572307455753936,NA,NA
"200",NA,NA,NA,NA,NA,NA,NA,NA,NA,NA,NA,NA,NA,NA,NA,NA,NA,NA,NA,NA,NA,NA,NA,NA,NA,NA,NA,NA,NA,NA,NA,NA,NA,NA,NA,NA,NA,NA,NA,NA,NA,NA,NA,NA,NA,NA,NA,NA,NA,NA,NA,NA,NA,NA,NA,NA,NA,NA,NA,NA,NA,NA,NA,NA,NA,NA,NA,NA,NA,NA,NA,NA,NA,NA,NA,NA,NA,NA,NA,NA,NA,NA,NA,NA,NA,NA,NA,NA,NA,NA,NA,NA,NA,NA,NA,NA,NA,NA,NA,NA,NA,NA,NA,NA,NA,NA,NA,NA,NA,NA,NA,NA,NA,NA,NA,NA,NA,NA,NA,NA,NA,NA,NA,NA,NA,NA,NA,NA,NA,NA,NA,NA,NA,NA,NA,NA,NA,NA,NA,NA,NA,NA,NA,NA,NA,NA,NA,NA,NA,NA,NA,NA,NA,NA,NA,NA,NA,NA,NA,NA,NA,NA,NA,NA,NA,NA,NA,NA,NA,NA,NA,NA,NA,NA,NA,NA,NA,NA,NA,NA,NA,NA,NA,NA,NA,NA,NA,NA,NA,NA,NA,NA,NA,NA,NA,NA,NA,NA,NA,NA,NA,NA,NA,NA,NA,NA,NA,NA,NA,NA,NA,NA,NA,NA,NA,NA,NA,NA,NA,NA,0.161624609637361,NA,NA,NA,NA,NA
"201",NA,NA,NA,NA,NA,NA,NA,NA,NA,NA,NA,NA,NA,NA,NA,NA,NA,NA,NA,NA,NA,NA,NA,NA,NA,NA,NA,NA,NA,NA,NA,NA,NA,NA,NA,NA,NA,NA,NA,NA,NA,NA,NA,NA,NA,NA,NA,NA,NA,NA,NA,NA,NA,NA,NA,NA,NA,NA,NA,NA,NA,NA,NA,NA,NA,NA,NA,NA,NA,NA,NA,NA,NA,NA,NA,NA,NA,NA,NA,NA,NA,NA,NA,NA,NA,NA,NA,NA,NA,NA,NA,NA,NA,NA,NA,NA,NA,NA,NA,NA,NA,NA,NA,NA,NA,NA,NA,NA,NA,NA,NA,NA,NA,NA,NA,NA,NA,NA,NA,NA,NA,NA,NA,NA,NA,NA,NA,NA,NA,NA,NA,NA,NA,NA,NA,NA,NA,NA,NA,NA,NA,NA,NA,NA,NA,NA,NA,NA,NA,NA,NA,NA,NA,NA,NA,NA,NA,NA,NA,NA,NA,NA,NA,NA,NA,NA,NA,NA,NA,NA,NA,NA,NA,NA,NA,NA,NA,NA,NA,NA,NA,NA,NA,NA,NA,NA,NA,NA,NA,NA,NA,NA,NA,NA,NA,NA,NA,NA,NA,NA,NA,NA,NA,NA,NA,NA,NA,NA,NA,NA,NA,NA,NA,0.662056185100676,NA,NA,NA,NA,NA,NA,NA,NA,NA,NA,NA,NA
"202",NA,NA,NA,NA,NA,NA,NA,NA,NA,NA,NA,NA,NA,NA,NA,NA,NA,NA,NA,NA,NA,NA,NA,NA,NA,NA,NA,NA,NA,NA,NA,NA,NA,NA,NA,NA,NA,NA,NA,NA,NA,NA,NA,NA,NA,NA,NA,NA,NA,NA,NA,NA,NA,NA,NA,NA,NA,NA,NA,NA,NA,NA,NA,NA,NA,NA,NA,NA,NA,NA,NA,NA,NA,NA,NA,NA,NA,NA,NA,NA,NA,NA,NA,NA,NA,NA,NA,NA,NA,NA,NA,NA,NA,NA,NA,NA,NA,NA,NA,NA,NA,NA,NA,NA,NA,NA,NA,NA,NA,NA,NA,NA,NA,NA,NA,NA,NA,NA,NA,NA,NA,NA,NA,NA,NA,NA,NA,NA,NA,NA,NA,NA,NA,NA,NA,NA,NA,NA,NA,NA,NA,NA,NA,NA,NA,NA,NA,NA,NA,NA,NA,NA,NA,NA,NA,NA,NA,NA,NA,NA,NA,NA,NA,NA,NA,NA,NA,NA,NA,NA,NA,NA,NA,NA,NA,NA,NA,NA,NA,NA,NA,NA,NA,NA,NA,NA,NA,NA,NA,NA,NA,NA,NA,NA,NA,NA,NA,NA,NA,NA,NA,NA,NA,0.897795067355006,NA,NA,NA,NA,NA,NA,NA,NA,NA,NA,NA,NA,NA,NA,NA,NA,NA,NA,NA,NA,NA,NA
"203",NA,NA,NA,NA,NA,NA,NA,NA,NA,NA,NA,NA,NA,NA,NA,NA,NA,NA,NA,NA,NA,NA,NA,NA,NA,NA,NA,NA,NA,NA,NA,NA,NA,NA,NA,NA,NA,NA,NA,NA,NA,NA,NA,NA,NA,NA,NA,NA,NA,NA,NA,NA,NA,NA,NA,NA,NA,NA,NA,NA,NA,NA,NA,NA,NA,NA,NA,NA,NA,NA,NA,NA,NA,NA,NA,NA,NA,NA,NA,NA,NA,NA,NA,NA,NA,NA,NA,NA,NA,NA,NA,NA,NA,NA,NA,NA,NA,NA,NA,NA,NA,NA,NA,NA,NA,NA,NA,NA,NA,NA,NA,NA,NA,NA,NA,NA,NA,NA,NA,NA,NA,NA,NA,NA,NA,NA,NA,NA,NA,NA,NA,NA,NA,NA,NA,NA,NA,NA,NA,NA,NA,NA,NA,NA,NA,NA,NA,NA,NA,NA,NA,NA,NA,NA,NA,NA,NA,NA,NA,NA,NA,NA,NA,NA,NA,NA,NA,NA,NA,NA,NA,NA,NA,NA,NA,NA,NA,NA,NA,NA,NA,NA,NA,NA,NA,NA,NA,NA,NA,NA,NA,NA,NA,NA,NA,NA,NA,NA,NA,NA,NA,NA,NA,NA,NA,NA,NA,NA,NA,NA,NA,NA,NA,NA,NA,NA,NA,NA,NA,NA,NA,NA,NA,0.922603359928005,NA,NA
"204",NA,NA,NA,NA,NA,NA,NA,NA,NA,NA,NA,NA,NA,NA,NA,NA,NA,NA,NA,NA,NA,NA,NA,NA,NA,NA,NA,NA,NA,NA,NA,NA,NA,NA,NA,NA,NA,NA,NA,NA,NA,NA,NA,NA,NA,NA,NA,NA,NA,NA,NA,NA,NA,NA,NA,NA,NA,NA,NA,NA,NA,NA,NA,NA,NA,NA,NA,NA,NA,NA,NA,NA,NA,NA,NA,NA,NA,NA,NA,NA,NA,NA,NA,NA,NA,NA,NA,NA,NA,NA,NA,NA,NA,NA,NA,NA,NA,NA,NA,NA,NA,NA,NA,NA,NA,NA,NA,NA,NA,NA,NA,NA,NA,NA,NA,NA,NA,NA,NA,NA,NA,NA,NA,NA,NA,NA,NA,NA,NA,NA,NA,NA,NA,NA,NA,NA,NA,NA,NA,NA,NA,NA,NA,NA,NA,NA,NA,NA,NA,NA,NA,NA,NA,NA,NA,NA,NA,NA,NA,NA,NA,NA,NA,NA,NA,NA,NA,NA,NA,NA,NA,NA,NA,NA,NA,NA,NA,NA,NA,NA,NA,NA,NA,NA,NA,NA,NA,NA,NA,NA,NA,NA,NA,NA,NA,NA,NA,NA,NA,NA,NA,NA,NA,NA,NA,NA,NA,NA,NA,NA,NA,NA,NA,NA,NA,NA,NA,NA,NA,NA,NA,NA,NA,NA,NA,NA
"205",NA,NA,NA,NA,NA,NA,NA,NA,NA,NA,NA,NA,NA,NA,NA,NA,NA,NA,NA,NA,NA,NA,NA,NA,NA,NA,NA,NA,NA,NA,NA,NA,NA,NA,NA,NA,NA,NA,NA,NA,NA,NA,NA,NA,NA,NA,NA,NA,NA,NA,NA,NA,NA,NA,NA,NA,NA,NA,NA,NA,NA,NA,NA,NA,NA,NA,NA,NA,NA,NA,NA,NA,NA,NA,NA,NA,NA,NA,NA,NA,NA,NA,NA,NA,NA,NA,NA,NA,NA,NA,NA,NA,NA,NA,NA,NA,NA,NA,NA,NA,NA,NA,NA,NA,NA,NA,NA,NA,NA,NA,NA,NA,NA,NA,NA,NA,NA,NA,NA,NA,NA,NA,NA,NA,NA,NA,NA,NA,NA,NA,NA,NA,NA,NA,NA,NA,NA,NA,NA,NA,NA,NA,NA,NA,NA,NA,NA,NA,NA,NA,NA,NA,NA,NA,NA,NA,NA,NA,NA,NA,NA,NA,NA,NA,NA,NA,NA,NA,NA,NA,NA,NA,NA,NA,NA,NA,NA,NA,NA,NA,NA,NA,NA,NA,NA,NA,NA,NA,NA,NA,NA,NA,NA,NA,NA,NA,NA,NA,NA,NA,NA,NA,NA,NA,NA,NA,NA,NA,NA,NA,NA,NA,NA,NA,NA,NA,NA,NA,NA,NA,NA,NA,NA,NA,NA,NA
"206",NA,NA,NA,NA,NA,NA,NA,NA,NA,NA,NA,NA,NA,NA,NA,NA,NA,NA,NA,NA,NA,NA,NA,NA,NA,NA,NA,NA,NA,NA,NA,NA,NA,NA,NA,NA,NA,NA,NA,NA,NA,NA,NA,NA,NA,NA,NA,NA,NA,NA,NA,NA,NA,NA,NA,NA,NA,NA,NA,NA,NA,NA,NA,NA,NA,NA,NA,NA,NA,NA,NA,NA,NA,NA,NA,NA,NA,NA,NA,NA,NA,NA,NA,NA,NA,NA,NA,NA,NA,NA,NA,NA,NA,NA,NA,NA,NA,NA,NA,NA,NA,NA,NA,NA,NA,NA,NA,NA,NA,NA,NA,NA,NA,NA,NA,NA,NA,NA,NA,NA,NA,NA,NA,NA,NA,NA,NA,NA,NA,NA,NA,NA,NA,NA,NA,NA,NA,NA,NA,NA,NA,NA,NA,NA,NA,NA,NA,NA,NA,NA,NA,NA,NA,NA,NA,NA,NA,NA,NA,NA,NA,NA,NA,NA,NA,NA,NA,NA,NA,NA,NA,NA,NA,NA,NA,NA,NA,NA,NA,NA,NA,NA,NA,NA,NA,NA,NA,NA,NA,NA,NA,NA,NA,NA,NA,NA,NA,NA,NA,NA,NA,NA,NA,NA,NA,NA,NA,NA,NA,NA,NA,NA,NA,NA,NA,NA,NA,NA,NA,NA,NA,NA,NA,NA,NA,NA
"207",NA,NA,NA,NA,NA,NA,NA,NA,NA,NA,NA,NA,NA,NA,NA,NA,NA,NA,NA,NA,NA,NA,NA,NA,NA,NA,NA,NA,NA,NA,NA,NA,NA,NA,NA,NA,NA,NA,NA,NA,NA,NA,NA,NA,NA,NA,NA,NA,NA,NA,NA,NA,NA,NA,NA,NA,NA,NA,NA,NA,NA,NA,NA,NA,NA,NA,NA,NA,NA,NA,NA,NA,NA,NA,NA,NA,NA,NA,NA,NA,NA,NA,NA,NA,NA,NA,NA,NA,NA,NA,NA,NA,NA,NA,NA,NA,NA,NA,NA,NA,NA,NA,NA,NA,NA,NA,NA,NA,NA,NA,NA,NA,NA,NA,NA,NA,NA,NA,NA,NA,NA,NA,NA,NA,NA,NA,NA,NA,NA,NA,NA,NA,NA,NA,NA,NA,NA,NA,NA,NA,NA,NA,NA,NA,NA,NA,NA,NA,NA,NA,NA,NA,NA,NA,NA,NA,NA,NA,NA,NA,NA,NA,NA,NA,NA,NA,NA,NA,NA,NA,NA,NA,NA,NA,NA,NA,NA,NA,NA,NA,NA,NA,NA,NA,NA,NA,NA,NA,NA,NA,NA,NA,NA,NA,NA,NA,NA,NA,NA,NA,NA,NA,NA,NA,NA,NA,NA,0.638559130940529,0.498339991058011,NA,0.606699694948225,NA,NA,NA,NA,NA,NA,NA,0.500323511210062,NA,NA,0.999807399048696,NA,NA,NA,NA
"208",NA,NA,NA,NA,NA,NA,NA,NA,NA,NA,NA,NA,NA,NA,NA,NA,NA,NA,NA,NA,NA,NA,NA,NA,NA,NA,NA,NA,NA,NA,NA,NA,NA,NA,NA,NA,NA,NA,NA,NA,NA,NA,NA,NA,NA,NA,NA,NA,NA,NA,NA,NA,NA,NA,NA,NA,NA,NA,NA,NA,NA,NA,NA,NA,NA,NA,NA,NA,NA,NA,NA,NA,NA,NA,NA,NA,NA,NA,NA,NA,NA,NA,NA,NA,NA,NA,NA,NA,NA,NA,NA,NA,NA,NA,NA,NA,NA,NA,NA,NA,NA,NA,NA,NA,NA,NA,NA,NA,NA,NA,NA,NA,NA,NA,NA,NA,NA,NA,NA,NA,NA,NA,NA,NA,NA,NA,NA,NA,NA,NA,NA,NA,NA,NA,NA,NA,NA,NA,NA,NA,NA,NA,NA,NA,NA,NA,NA,NA,NA,NA,NA,NA,NA,NA,NA,NA,NA,NA,NA,NA,NA,NA,NA,NA,NA,NA,NA,NA,NA,NA,NA,NA,NA,NA,NA,NA,NA,NA,NA,NA,NA,NA,NA,NA,NA,NA,NA,NA,NA,NA,NA,NA,NA,NA,NA,NA,NA,NA,NA,NA,NA,NA,NA,NA,NA,NA,NA,NA,0.941004885954439,NA,0.672368525884019,NA,NA,NA,NA,NA,NA,NA,0.583328574734455,NA,NA,0.4974201430089,0.500748848682227,NA,NA,NA
"209",NA,NA,NA,NA,NA,NA,NA,NA,NA,NA,NA,NA,NA,NA,NA,NA,NA,NA,NA,NA,NA,NA,NA,NA,NA,NA,NA,NA,NA,NA,NA,NA,NA,NA,NA,NA,NA,NA,NA,NA,NA,NA,NA,NA,NA,NA,NA,NA,NA,NA,NA,NA,NA,NA,NA,NA,NA,NA,NA,NA,NA,NA,NA,NA,NA,NA,NA,NA,NA,NA,NA,NA,NA,NA,NA,NA,NA,NA,NA,NA,NA,NA,NA,NA,NA,NA,NA,NA,NA,NA,NA,NA,NA,NA,NA,NA,NA,NA,NA,NA,NA,NA,NA,NA,NA,NA,NA,NA,NA,NA,NA,NA,NA,NA,NA,NA,NA,NA,NA,NA,NA,NA,NA,NA,NA,NA,NA,NA,NA,NA,NA,NA,NA,NA,NA,NA,NA,NA,NA,NA,NA,NA,NA,NA,NA,NA,NA,NA,NA,NA,NA,NA,NA,NA,NA,NA,NA,NA,NA,NA,NA,NA,NA,NA,NA,NA,NA,NA,NA,NA,NA,NA,NA,NA,NA,NA,NA,NA,NA,NA,NA,NA,NA,NA,NA,NA,NA,NA,NA,NA,NA,NA,NA,NA,NA,NA,NA,NA,NA,NA,NA,NA,NA,NA,NA,NA,NA,NA,NA,NA,NA,NA,NA,NA,NA,NA,NA,NA,NA,NA,NA,NA,NA,NA,NA,NA
"210",NA,NA,NA,NA,NA,NA,NA,NA,NA,NA,NA,NA,NA,NA,NA,NA,NA,NA,NA,NA,NA,NA,NA,NA,NA,NA,NA,NA,NA,NA,NA,NA,NA,NA,NA,NA,NA,NA,NA,NA,NA,NA,NA,NA,NA,NA,NA,NA,NA,NA,NA,NA,NA,NA,NA,NA,NA,NA,NA,NA,NA,NA,NA,NA,NA,NA,NA,NA,NA,NA,NA,NA,NA,NA,NA,NA,NA,NA,NA,NA,NA,NA,NA,NA,NA,NA,NA,NA,NA,NA,NA,NA,NA,NA,NA,NA,NA,NA,NA,NA,NA,NA,NA,NA,NA,NA,NA,NA,NA,NA,NA,NA,NA,NA,NA,NA,NA,NA,NA,NA,NA,NA,NA,NA,NA,NA,NA,NA,NA,NA,NA,NA,NA,NA,NA,NA,NA,NA,NA,NA,NA,NA,NA,NA,NA,NA,NA,NA,NA,NA,NA,NA,NA,NA,NA,NA,NA,NA,NA,NA,NA,NA,NA,NA,NA,NA,NA,NA,NA,NA,NA,NA,NA,NA,NA,NA,NA,NA,NA,NA,NA,NA,NA,NA,NA,NA,NA,NA,NA,NA,NA,NA,NA,NA,NA,NA,NA,NA,NA,NA,NA,NA,NA,NA,NA,NA,NA,NA,NA,NA,NA,NA,NA,NA,NA,NA,NA,NA,NA,NA,NA,NA,NA,NA,NA,NA
"211",NA,NA,NA,NA,NA,NA,NA,NA,NA,NA,NA,NA,NA,NA,NA,NA,NA,NA,NA,NA,NA,NA,NA,NA,NA,NA,NA,NA,NA,NA,NA,NA,NA,NA,NA,NA,NA,NA,NA,NA,NA,NA,NA,NA,NA,NA,NA,NA,NA,NA,NA,NA,NA,NA,NA,NA,NA,NA,NA,NA,NA,NA,NA,NA,NA,NA,NA,NA,NA,NA,NA,NA,NA,NA,NA,NA,NA,NA,NA,NA,NA,NA,NA,NA,NA,NA,NA,NA,NA,NA,NA,NA,NA,NA,NA,NA,NA,NA,NA,NA,NA,NA,NA,NA,NA,NA,NA,NA,NA,NA,NA,NA,NA,NA,NA,NA,NA,NA,NA,NA,NA,NA,NA,NA,NA,NA,NA,NA,NA,NA,NA,NA,NA,NA,NA,NA,NA,NA,NA,NA,NA,NA,NA,NA,NA,NA,NA,NA,NA,NA,NA,NA,NA,NA,NA,NA,NA,NA,NA,NA,NA,NA,NA,NA,NA,NA,NA,NA,NA,NA,NA,NA,NA,NA,NA,NA,NA,NA,NA,NA,NA,NA,NA,NA,NA,NA,NA,NA,NA,NA,NA,NA,NA,NA,NA,NA,NA,NA,NA,NA,NA,NA,NA,NA,NA,NA,NA,NA,NA,NA,NA,NA,NA,NA,NA,NA,NA,NA,0.977413508958859,NA,NA,0.883332854595255,NA,NA,NA,NA
"212",NA,NA,NA,NA,NA,NA,NA,NA,NA,NA,NA,NA,NA,NA,NA,NA,NA,NA,NA,NA,NA,NA,NA,NA,NA,NA,NA,NA,NA,NA,NA,NA,NA,NA,NA,NA,NA,NA,NA,NA,NA,NA,NA,NA,NA,NA,NA,NA,NA,NA,NA,NA,NA,NA,NA,NA,NA,NA,NA,NA,NA,NA,NA,NA,NA,NA,NA,NA,NA,NA,NA,NA,NA,NA,NA,NA,NA,NA,NA,NA,NA,NA,NA,NA,NA,NA,NA,NA,NA,NA,NA,NA,NA,NA,NA,NA,NA,NA,NA,NA,NA,NA,NA,NA,NA,NA,NA,NA,NA,NA,NA,NA,NA,NA,NA,NA,NA,NA,NA,NA,NA,NA,NA,NA,NA,NA,NA,NA,NA,NA,NA,NA,NA,NA,NA,NA,NA,NA,NA,NA,NA,NA,NA,NA,NA,NA,NA,NA,NA,NA,NA,NA,NA,NA,NA,NA,NA,NA,NA,NA,NA,NA,NA,NA,NA,NA,NA,NA,NA,NA,NA,NA,NA,NA,NA,NA,NA,NA,NA,NA,NA,NA,NA,NA,NA,NA,NA,NA,NA,NA,NA,NA,NA,NA,NA,NA,NA,NA,NA,NA,NA,NA,NA,NA,NA,NA,NA,NA,NA,NA,NA,NA,NA,0.864162977348381,NA,0.382839361268956,NA,NA,NA,NA,NA,0.68461973674823,0.558271507482124,NA,NA,NA
"213",NA,NA,NA,NA,NA,NA,NA,NA,NA,NA,NA,NA,NA,NA,NA,NA,NA,NA,NA,NA,NA,NA,NA,NA,NA,NA,NA,NA,NA,NA,NA,NA,NA,NA,NA,NA,NA,NA,NA,NA,NA,NA,NA,NA,NA,NA,NA,NA,NA,NA,NA,NA,NA,NA,NA,NA,NA,NA,NA,NA,NA,NA,NA,NA,NA,NA,NA,NA,NA,NA,NA,NA,NA,NA,NA,NA,NA,NA,NA,NA,NA,NA,NA,NA,NA,NA,NA,NA,NA,NA,NA,NA,NA,NA,NA,NA,NA,NA,NA,NA,NA,NA,NA,NA,NA,NA,NA,NA,NA,NA,NA,NA,NA,NA,NA,NA,NA,NA,NA,NA,NA,NA,NA,NA,NA,NA,NA,NA,NA,NA,NA,NA,NA,NA,NA,NA,NA,NA,NA,NA,NA,NA,NA,NA,NA,NA,NA,NA,NA,NA,NA,NA,NA,NA,NA,NA,NA,NA,NA,NA,NA,NA,NA,NA,NA,NA,NA,NA,NA,NA,NA,NA,NA,NA,NA,NA,NA,NA,NA,NA,NA,NA,NA,NA,NA,NA,NA,NA,NA,NA,NA,NA,NA,NA,NA,NA,NA,NA,NA,NA,NA,NA,NA,NA,NA,NA,NA,NA,NA,NA,NA,NA,NA,NA,NA,NA,NA,NA,NA,NA,NA,NA,NA,NA,NA,0.301840584007916
"214",NA,NA,NA,NA,NA,NA,NA,NA,NA,NA,NA,NA,NA,NA,NA,NA,NA,NA,NA,NA,NA,NA,NA,NA,NA,NA,NA,NA,NA,NA,NA,NA,NA,NA,NA,NA,NA,NA,NA,NA,NA,NA,NA,NA,NA,NA,NA,NA,NA,NA,NA,NA,NA,NA,NA,NA,NA,NA,NA,NA,NA,NA,NA,NA,NA,NA,NA,NA,NA,NA,NA,NA,NA,NA,NA,NA,NA,NA,NA,NA,NA,NA,NA,NA,NA,NA,NA,NA,NA,NA,NA,NA,NA,NA,NA,NA,NA,NA,NA,NA,NA,NA,NA,NA,NA,NA,NA,NA,NA,NA,NA,NA,NA,NA,NA,NA,NA,NA,NA,NA,NA,NA,NA,NA,NA,NA,NA,NA,NA,NA,NA,NA,NA,NA,NA,NA,NA,NA,NA,NA,NA,NA,NA,NA,NA,NA,NA,NA,NA,NA,NA,NA,NA,NA,NA,NA,NA,NA,NA,NA,NA,NA,NA,NA,NA,NA,NA,NA,NA,NA,NA,NA,NA,NA,NA,NA,NA,NA,NA,NA,NA,NA,NA,NA,NA,NA,NA,NA,NA,NA,NA,NA,NA,NA,NA,NA,NA,NA,NA,NA,NA,NA,NA,NA,NA,NA,NA,NA,NA,NA,NA,NA,NA,NA,NA,NA,NA,NA,NA,NA,NA,NA,0.494438815861921,NA,NA,NA
"215",NA,NA,NA,NA,NA,NA,NA,NA,NA,NA,NA,NA,NA,NA,NA,NA,NA,NA,NA,NA,NA,NA,NA,NA,NA,NA,NA,NA,NA,NA,NA,NA,NA,NA,NA,NA,NA,NA,NA,NA,NA,NA,NA,NA,NA,NA,NA,NA,NA,NA,NA,NA,NA,NA,NA,NA,NA,NA,NA,NA,NA,NA,NA,NA,NA,NA,NA,NA,NA,NA,NA,NA,NA,NA,NA,NA,NA,NA,NA,NA,NA,NA,NA,NA,NA,NA,NA,NA,NA,NA,NA,NA,NA,NA,NA,NA,NA,NA,NA,NA,NA,NA,NA,NA,NA,NA,NA,NA,NA,NA,NA,NA,NA,NA,NA,NA,NA,NA,NA,NA,NA,NA,NA,NA,NA,NA,NA,NA,NA,NA,NA,NA,NA,NA,NA,NA,NA,NA,NA,NA,NA,NA,NA,NA,NA,NA,NA,NA,NA,NA,NA,NA,NA,NA,NA,NA,NA,NA,NA,NA,NA,NA,NA,NA,NA,NA,NA,NA,NA,NA,NA,NA,NA,NA,NA,NA,NA,NA,NA,NA,NA,NA,NA,NA,NA,NA,NA,NA,NA,NA,NA,NA,NA,NA,NA,NA,NA,NA,NA,NA,NA,NA,NA,NA,NA,NA,NA,NA,NA,NA,NA,NA,NA,NA,NA,NA,NA,NA,NA,NA,NA,NA,NA,NA,NA,NA
"216",NA,NA,NA,NA,NA,NA,NA,NA,NA,NA,NA,NA,NA,NA,NA,NA,NA,NA,NA,NA,NA,NA,NA,NA,NA,NA,NA,NA,NA,NA,NA,NA,NA,NA,NA,NA,NA,NA,NA,NA,NA,NA,NA,NA,NA,NA,NA,NA,NA,NA,NA,NA,NA,NA,NA,NA,NA,NA,NA,NA,NA,NA,NA,NA,NA,NA,NA,NA,NA,NA,NA,NA,NA,NA,NA,NA,NA,NA,NA,NA,NA,NA,NA,NA,NA,NA,NA,NA,NA,NA,NA,NA,NA,NA,NA,NA,NA,NA,NA,NA,NA,NA,NA,NA,NA,NA,NA,NA,NA,NA,NA,NA,NA,NA,NA,NA,NA,NA,NA,NA,NA,NA,NA,NA,NA,NA,NA,NA,NA,NA,NA,NA,NA,NA,NA,NA,NA,NA,NA,NA,NA,NA,NA,NA,NA,NA,NA,NA,NA,NA,NA,NA,NA,NA,NA,NA,NA,NA,NA,NA,NA,NA,NA,NA,NA,NA,NA,NA,NA,NA,NA,NA,NA,NA,NA,NA,NA,NA,NA,NA,NA,NA,NA,NA,NA,NA,NA,NA,NA,NA,NA,NA,NA,NA,NA,NA,NA,NA,NA,NA,NA,NA,NA,NA,NA,NA,NA,NA,NA,NA,NA,NA,NA,NA,NA,NA,NA,NA,NA,NA,NA,NA,NA,NA,NA,NA
"217",NA,NA,NA,NA,NA,NA,NA,NA,NA,NA,NA,NA,NA,NA,NA,NA,NA,NA,NA,NA,NA,NA,NA,NA,NA,NA,NA,NA,NA,NA,NA,NA,NA,NA,NA,NA,NA,NA,NA,NA,NA,NA,NA,NA,NA,NA,NA,NA,NA,NA,NA,NA,NA,NA,NA,NA,NA,NA,NA,NA,NA,NA,NA,NA,NA,NA,NA,NA,NA,NA,NA,NA,NA,NA,NA,NA,NA,NA,NA,NA,NA,NA,NA,NA,NA,NA,NA,NA,NA,NA,NA,NA,NA,NA,NA,NA,NA,NA,NA,NA,NA,NA,NA,NA,NA,NA,NA,NA,NA,NA,NA,NA,NA,NA,NA,NA,NA,NA,NA,NA,NA,NA,NA,NA,NA,NA,NA,NA,NA,NA,NA,NA,NA,NA,NA,NA,NA,NA,NA,NA,NA,NA,NA,NA,NA,NA,NA,NA,NA,NA,NA,NA,NA,NA,NA,NA,NA,NA,NA,NA,NA,NA,NA,NA,NA,NA,NA,NA,NA,NA,NA,NA,NA,NA,NA,NA,NA,NA,NA,NA,NA,NA,NA,NA,NA,NA,NA,NA,NA,NA,NA,NA,NA,NA,NA,NA,NA,NA,NA,NA,NA,NA,NA,NA,NA,NA,NA,NA,NA,NA,NA,NA,NA,NA,NA,NA,NA,NA,NA,NA,NA,NA,NA,NA,NA,NA
"218",NA,NA,NA,NA,NA,NA,NA,NA,NA,NA,NA,NA,NA,NA,NA,NA,NA,NA,NA,NA,NA,NA,NA,NA,NA,NA,NA,NA,NA,NA,NA,NA,NA,NA,NA,NA,NA,NA,NA,NA,NA,NA,NA,NA,NA,NA,NA,NA,NA,NA,NA,NA,NA,NA,NA,NA,NA,NA,NA,NA,NA,NA,NA,NA,NA,NA,NA,NA,NA,NA,NA,NA,NA,NA,NA,NA,NA,NA,NA,NA,NA,NA,NA,NA,NA,NA,NA,NA,NA,NA,NA,NA,NA,NA,NA,NA,NA,NA,NA,NA,NA,NA,NA,NA,NA,NA,NA,NA,NA,NA,NA,NA,NA,NA,NA,NA,NA,NA,NA,NA,NA,NA,NA,NA,NA,NA,NA,NA,NA,NA,NA,NA,NA,NA,NA,NA,NA,NA,NA,NA,NA,NA,NA,NA,NA,NA,NA,NA,NA,NA,NA,NA,NA,NA,NA,NA,NA,NA,NA,NA,NA,NA,NA,NA,NA,NA,NA,NA,NA,NA,NA,NA,NA,NA,NA,NA,NA,NA,NA,NA,NA,NA,NA,NA,NA,NA,NA,NA,NA,NA,NA,NA,NA,NA,NA,NA,NA,NA,NA,NA,NA,NA,NA,NA,NA,NA,NA,NA,NA,NA,NA,NA,NA,NA,NA,NA,NA,NA,NA,NA,NA,NA,NA,NA,NA,NA
"219",NA,NA,NA,NA,NA,NA,NA,NA,NA,NA,NA,NA,NA,NA,NA,NA,NA,NA,NA,NA,NA,NA,NA,NA,NA,NA,NA,NA,NA,NA,NA,NA,NA,NA,NA,NA,NA,NA,NA,NA,NA,NA,NA,NA,NA,NA,NA,NA,NA,NA,NA,NA,NA,NA,NA,NA,NA,NA,NA,NA,NA,NA,NA,NA,NA,NA,NA,NA,NA,NA,NA,NA,NA,NA,NA,NA,NA,NA,NA,NA,NA,NA,NA,NA,NA,NA,NA,NA,NA,NA,NA,NA,NA,NA,NA,NA,NA,NA,NA,NA,NA,NA,NA,NA,NA,NA,NA,NA,NA,NA,NA,NA,NA,NA,NA,NA,NA,NA,NA,NA,NA,NA,NA,NA,NA,NA,NA,NA,NA,NA,NA,NA,NA,NA,NA,NA,NA,NA,NA,NA,NA,NA,NA,NA,NA,NA,NA,NA,NA,NA,NA,NA,NA,NA,NA,NA,NA,NA,NA,NA,NA,NA,NA,NA,NA,NA,NA,NA,NA,NA,NA,NA,NA,NA,NA,NA,NA,NA,NA,NA,NA,NA,NA,NA,NA,NA,NA,NA,NA,NA,NA,NA,NA,NA,NA,NA,NA,NA,NA,NA,NA,NA,NA,NA,NA,NA,NA,NA,NA,NA,NA,NA,NA,NA,NA,NA,NA,NA,NA,NA,NA,0.619624084192289,NA,NA,NA,NA
"220",NA,NA,NA,NA,NA,NA,NA,NA,NA,NA,NA,NA,NA,NA,NA,NA,NA,NA,NA,NA,NA,NA,NA,NA,NA,NA,NA,NA,NA,NA,NA,NA,NA,NA,NA,NA,NA,NA,NA,NA,NA,NA,NA,NA,NA,NA,NA,NA,NA,NA,NA,NA,NA,NA,NA,NA,NA,NA,NA,NA,NA,NA,NA,NA,NA,NA,NA,NA,NA,NA,NA,NA,NA,NA,NA,NA,NA,NA,NA,NA,NA,NA,NA,NA,NA,NA,NA,NA,NA,NA,NA,NA,NA,NA,NA,NA,NA,NA,NA,NA,NA,NA,NA,NA,NA,NA,NA,NA,NA,NA,NA,NA,NA,NA,NA,NA,NA,NA,NA,NA,NA,NA,NA,NA,NA,NA,NA,NA,NA,NA,NA,NA,NA,NA,NA,NA,NA,NA,NA,NA,NA,NA,NA,NA,NA,NA,NA,NA,NA,NA,NA,NA,NA,NA,NA,NA,NA,NA,NA,NA,NA,NA,NA,NA,NA,NA,NA,NA,NA,NA,NA,NA,NA,NA,NA,NA,NA,NA,NA,NA,NA,NA,NA,NA,NA,NA,NA,NA,NA,NA,NA,NA,NA,NA,NA,NA,NA,NA,NA,NA,NA,NA,NA,NA,NA,NA,NA,NA,NA,NA,NA,NA,NA,NA,NA,NA,NA,NA,NA,NA,0.304982126598084,NA,NA,NA,NA,NA
"221",NA,NA,NA,NA,NA,NA,NA,NA,NA,NA,NA,NA,NA,NA,NA,NA,NA,NA,NA,NA,NA,NA,NA,NA,NA,NA,NA,NA,NA,NA,NA,NA,NA,NA,NA,NA,NA,NA,NA,NA,NA,NA,NA,NA,NA,NA,NA,NA,NA,NA,NA,NA,NA,NA,NA,NA,NA,NA,NA,NA,NA,NA,NA,NA,NA,NA,NA,NA,NA,NA,NA,NA,NA,NA,NA,NA,NA,NA,NA,NA,NA,NA,NA,NA,NA,NA,NA,NA,NA,NA,NA,NA,NA,NA,NA,NA,NA,NA,NA,NA,NA,NA,NA,NA,NA,NA,NA,NA,NA,NA,NA,NA,NA,NA,NA,NA,NA,NA,NA,NA,NA,NA,NA,NA,NA,NA,NA,NA,NA,NA,NA,NA,NA,NA,NA,NA,NA,NA,NA,NA,NA,NA,NA,NA,NA,NA,NA,NA,NA,NA,NA,NA,NA,NA,NA,NA,NA,NA,NA,NA,NA,NA,NA,NA,NA,NA,NA,NA,NA,NA,NA,NA,NA,NA,NA,NA,NA,NA,NA,NA,NA,NA,NA,NA,NA,NA,NA,NA,NA,NA,NA,NA,NA,NA,NA,NA,NA,NA,NA,NA,NA,NA,NA,NA,NA,NA,NA,NA,NA,NA,NA,NA,NA,NA,NA,NA,NA,NA,NA,NA,NA,NA,NA,NA,NA,NA
"222",NA,NA,NA,NA,NA,NA,NA,NA,NA,NA,NA,NA,NA,NA,NA,NA,NA,NA,NA,NA,NA,NA,NA,NA,NA,NA,NA,NA,NA,NA,NA,NA,NA,NA,NA,NA,NA,NA,NA,NA,NA,NA,NA,NA,NA,NA,NA,NA,NA,NA,NA,NA,NA,NA,NA,NA,NA,NA,NA,NA,NA,NA,NA,NA,NA,NA,NA,NA,NA,NA,NA,NA,NA,NA,NA,NA,NA,NA,NA,NA,NA,NA,NA,NA,NA,NA,NA,NA,NA,NA,NA,NA,NA,NA,NA,NA,NA,NA,NA,NA,NA,NA,NA,NA,NA,NA,NA,NA,NA,NA,NA,NA,NA,NA,NA,NA,NA,NA,NA,NA,NA,NA,NA,NA,NA,NA,NA,NA,NA,NA,NA,NA,NA,NA,NA,NA,NA,NA,NA,NA,NA,NA,NA,NA,NA,NA,NA,NA,NA,NA,NA,NA,NA,NA,NA,NA,NA,NA,NA,NA,NA,NA,NA,NA,NA,NA,NA,NA,NA,NA,NA,NA,NA,NA,NA,NA,NA,NA,NA,NA,NA,NA,NA,NA,NA,NA,NA,NA,NA,NA,NA,NA,NA,NA,NA,NA,NA,NA,NA,NA,NA,NA,NA,NA,NA,NA,NA,NA,NA,NA,NA,NA,NA,NA,NA,NA,NA,NA,NA,NA,NA,NA,0.559396158252357,NA,NA,NA
"223",NA,NA,NA,NA,NA,NA,NA,NA,NA,NA,NA,NA,NA,NA,NA,NA,NA,NA,NA,NA,NA,NA,NA,NA,NA,NA,NA,NA,NA,NA,NA,NA,NA,NA,NA,NA,NA,NA,NA,NA,NA,NA,NA,NA,NA,NA,NA,NA,NA,NA,NA,NA,NA,NA,NA,NA,NA,NA,NA,NA,NA,NA,NA,NA,NA,NA,NA,NA,NA,NA,NA,NA,NA,NA,NA,NA,NA,NA,NA,NA,NA,NA,NA,NA,NA,NA,NA,NA,NA,NA,NA,NA,NA,NA,NA,NA,NA,NA,NA,NA,NA,NA,NA,NA,NA,NA,NA,NA,NA,NA,NA,NA,NA,NA,NA,NA,NA,NA,NA,NA,NA,NA,NA,NA,NA,NA,NA,NA,NA,NA,NA,NA,NA,NA,NA,NA,NA,NA,NA,NA,NA,NA,NA,NA,NA,NA,NA,NA,NA,NA,NA,NA,NA,NA,NA,NA,NA,NA,NA,NA,NA,NA,NA,NA,NA,NA,NA,NA,NA,NA,NA,NA,NA,NA,NA,NA,NA,NA,NA,NA,NA,NA,NA,NA,NA,NA,NA,NA,NA,NA,NA,NA,NA,NA,NA,NA,NA,NA,NA,NA,NA,NA,NA,NA,NA,NA,NA,NA,NA,NA,NA,NA,NA,NA,NA,NA,NA,NA,NA,NA,NA,NA,NA,NA,NA,NA
"224",NA,NA,NA,NA,NA,NA,NA,NA,NA,NA,NA,NA,NA,NA,NA,NA,NA,NA,NA,NA,NA,NA,NA,NA,NA,NA,NA,NA,NA,NA,NA,NA,NA,NA,NA,NA,NA,NA,NA,NA,NA,NA,NA,NA,NA,NA,NA,NA,NA,NA,NA,NA,NA,NA,NA,NA,NA,NA,NA,NA,NA,NA,NA,NA,NA,NA,NA,NA,NA,NA,NA,NA,NA,NA,NA,NA,NA,NA,NA,NA,NA,NA,NA,NA,NA,NA,NA,NA,NA,NA,NA,NA,NA,NA,NA,NA,NA,NA,NA,NA,NA,NA,NA,NA,NA,NA,NA,NA,NA,NA,NA,NA,NA,NA,NA,NA,NA,NA,NA,NA,NA,NA,NA,NA,NA,NA,NA,NA,NA,NA,NA,NA,NA,NA,NA,NA,NA,NA,NA,NA,NA,NA,NA,NA,NA,NA,NA,NA,NA,NA,NA,NA,NA,NA,NA,NA,NA,NA,NA,NA,NA,NA,NA,NA,NA,NA,NA,NA,NA,NA,NA,NA,NA,NA,NA,NA,NA,NA,NA,NA,NA,NA,NA,NA,NA,NA,NA,NA,NA,NA,NA,NA,NA,NA,NA,NA,NA,NA,NA,NA,NA,NA,NA,NA,NA,NA,NA,NA,NA,NA,NA,NA,NA,NA,NA,NA,NA,NA,NA,NA,NA,NA,NA,NA,NA,NA
"225",NA,NA,NA,NA,NA,NA,NA,NA,NA,NA,NA,NA,NA,NA,NA,NA,NA,NA,NA,NA,NA,NA,NA,NA,NA,NA,NA,NA,NA,NA,NA,NA,NA,NA,NA,NA,NA,NA,NA,NA,NA,NA,NA,NA,NA,NA,NA,NA,NA,NA,NA,NA,NA,NA,NA,NA,NA,NA,NA,NA,NA,NA,NA,NA,NA,NA,NA,NA,NA,NA,NA,NA,NA,NA,NA,NA,NA,NA,NA,NA,NA,NA,NA,NA,NA,NA,NA,NA,NA,NA,NA,NA,NA,NA,NA,NA,NA,NA,NA,NA,NA,NA,NA,NA,NA,NA,NA,NA,NA,NA,NA,NA,NA,NA,NA,NA,NA,NA,NA,NA,NA,NA,NA,NA,NA,NA,NA,NA,NA,NA,NA,NA,NA,NA,NA,NA,NA,NA,NA,NA,NA,NA,NA,NA,NA,NA,NA,NA,NA,NA,NA,NA,NA,NA,NA,NA,NA,NA,NA,NA,NA,NA,NA,NA,NA,NA,NA,NA,NA,NA,NA,NA,NA,NA,NA,NA,NA,NA,NA,NA,NA,NA,NA,NA,NA,NA,NA,NA,NA,NA,NA,NA,NA,NA,NA,NA,NA,NA,NA,NA,NA,NA,NA,NA,NA,NA,NA,NA,NA,NA,NA,NA,NA,NA,NA,NA,NA,NA,NA,NA,NA,NA,NA,NA,NA,NA
"226",NA,NA,NA,NA,NA,NA,NA,NA,NA,NA,NA,NA,NA,NA,NA,NA,NA,NA,NA,NA,NA,NA,NA,NA,NA,NA,NA,NA,NA,NA,NA,NA,NA,NA,NA,NA,NA,NA,NA,NA,NA,NA,NA,NA,NA,NA,NA,NA,NA,NA,NA,NA,NA,NA,NA,NA,NA,NA,NA,NA,NA,NA,NA,NA,NA,NA,NA,NA,NA,NA,NA,NA,NA,NA,NA,NA,NA,NA,NA,NA,NA,NA,NA,NA,NA,NA,NA,NA,NA,NA,NA,NA,NA,NA,NA,NA,NA,NA,NA,NA,NA,NA,NA,NA,NA,NA,NA,NA,NA,NA,NA,NA,NA,NA,NA,NA,NA,NA,NA,NA,NA,NA,NA,NA,NA,NA,NA,NA,NA,NA,NA,NA,NA,NA,NA,NA,NA,NA,NA,NA,NA,NA,NA,NA,NA,NA,NA,NA,NA,NA,NA,NA,NA,NA,NA,NA,NA,NA,NA,NA,NA,NA,NA,NA,NA,NA,NA,NA,NA,NA,NA,NA,NA,NA,NA,NA,NA,NA,NA,NA,NA,NA,NA,NA,NA,NA,NA,NA,NA,NA,NA,NA,NA,NA,NA,NA,NA,NA,NA,NA,NA,NA,NA,NA,NA,NA,NA,NA,NA,NA,NA,NA,NA,NA,NA,NA,NA,NA,NA,NA,NA,NA,NA,NA,NA,NA
