"t1","t2","r1","r2","n1","n2","p","BH_p","Metabolites","smiles","kingdom","super_class","class","sub_class","direct_parent"
"s__Rothia_aeria","HMDB0000243",0.290463799173427,-0.0378872022707639,140,73,0.0223280641323147,0.0737797824204526,"Pyruvic acid","CC(=O)C(O)=O","Organic compounds","Organic acids and derivatives","Keto acids and derivatives","Alpha-keto acids and derivatives","Alpha-keto acids and derivatives"
"s__Neisseria_subflava","HMDB0000228",0.37554247634134,0.23065057008719,130,71,0.28644815399526,0.37562540948435,"Phenol","OC1=CC=CC=C1","Organic compounds","Benzenoids","Phenols","1-hydroxy-4-unsubstituted benzenoids","1-hydroxy-4-unsubstituted benzenoids"
"s__Neisseria_flavescens","HMDB0000228",0.298661886014248,0.262810194500335,127,71,0.792904120280903,0.832848912234601,"Phenol","OC1=CC=CC=C1","Organic compounds","Benzenoids","Phenols","1-hydroxy-4-unsubstituted benzenoids","1-hydroxy-4-unsubstituted benzenoids"
"s__Abiotrophia_sp._HMSC24B09","HMDB0000228",-0.11344868691977,0.458858011289622,94,48,0.000913061643392263,0.0108784772941307,"Phenol","OC1=CC=CC=C1","Organic compounds","Benzenoids","Phenols","1-hydroxy-4-unsubstituted benzenoids","1-hydroxy-4-unsubstituted benzenoids"
"s__Streptococcus_salivarius","HMDB0000710",-0.273098724610298,0.0113193768257059,145,79,0.040953387132097,0.0981469105407153,"4-Hydroxybutyric acid","OCCCC(O)=O","Organic compounds","Lipids and lipid-like molecules","Fatty Acyls","Fatty acids and conjugates","Hydroxy fatty acids"
"s__Streptococcus_salivarius","HMDB0000011",-0.286643835616438,-0.0552336903602726,145,79,0.0926826583419424,0.165874113856609,"3-Hydroxybutyric acid","C[C@@H](O)CC(O)=O","Organic compounds","Organic acids and derivatives","Hydroxy acids and derivatives","Beta hydroxy acids and derivatives","Beta hydroxy acids and derivatives"
"s__Neisseria_sicca","HMDB0006372",0.0610543804954543,-0.451838825126496,137,73,0.000220695557372762,0.00722064750283691,"Glyceric acid","OC[C@H](O)C(O)=O","Organic compounds","Organic oxygen compounds","Organooxygen compounds","Carbohydrates and carbohydrate conjugates","Sugar acids and derivatives"
"s__Neisseria_meningitidis","HMDB0006372",0.0835820895522388,-0.392603129445235,135,75,0.000716103129595612,0.0102970691393576,"Glyceric acid","OC[C@H](O)C(O)=O","Organic compounds","Organic oxygen compounds","Organooxygen compounds","Carbohydrates and carbohydrate conjugates","Sugar acids and derivatives"
"s__Streptococcus_sp._SK140","HMDB0006372",0.122526649257246,0.369183448130817,141,77,0.0686430327219327,0.138952158471097,"Glyceric acid","OC[C@H](O)C(O)=O","Organic compounds","Organic oxygen compounds","Organooxygen compounds","Carbohydrates and carbohydrate conjugates","Sugar acids and derivatives"
"s__Gemella_morbillorum","HMDB0001858",0.0422592917764121,0.444903178662769,135,69,0.00408233335591499,0.0270211588796278,"p-Cresol","CC1=CC=C(O)C=C1","Organic compounds","Benzenoids","Phenols","Cresols","Para cresols"
"s__Aggregatibacter_sp._oral_taxon_458","HMDB0252815",0.312271275533968,0.0716326530612245,113,49,0.153420564265477,0.23349042079819,"Glutaric anhydride","O=C1CCCC(=O)O1","Organic compounds","Organoheterocyclic compounds","Lactones","Delta valerolactones","Delta valerolactones"
"s__Lachnoanaerobaculum_sp._ICM7","HMDB0001863",0.369109055501461,-0.165891472868217,79,44,0.00449542880469285,0.0282536044128896,"2-Hydroxyvaleric acid","CCCC(O)C(O)=O","Organic compounds","Lipids and lipid-like molecules","Fatty Acyls","Fatty acids and conjugates","Hydroxy fatty acids"
"s__Rothia_aeria","HMDB0000360",0.0605890971113687,0.424071331605578,140,73,0.0080618643567543,0.0420224679595818,"2,4-Dihydroxybutanoic acid","OCCC(O)C(O)=O","Organic compounds","Organic acids and derivatives","Hydroxy acids and derivatives","Short-chain hydroxy acids and derivatives","Short-chain hydroxy acids and derivatives"
"s__Streptococcus_salivarius","HMDB0029697",0.281640686506062,0.0863680623174294,145,79,0.154312105647272,0.233993265654227,"Cinnamyl alcohol","OCC=CC1=CC=CC=C1","Organic compounds","Phenylpropanoids and polyketides","Cinnamyl alcohols",NA,"Cinnamyl alcohols"
"s__Streptococcus_parasanguinis","HMDB0029697",0.40662100456621,0.209737098344693,145,79,0.124047310160234,0.202061438815694,"Cinnamyl alcohol","OCC=CC1=CC=CC=C1","Organic compounds","Phenylpropanoids and polyketides","Cinnamyl alcohols",NA,"Cinnamyl alcohols"
"s__Rothia_mucilaginosa","HMDB0029697",0.278629349708707,0.329050696139304,145,78,0.703132923715017,0.75763935190998,"Cinnamyl alcohol","OCC=CC1=CC=CC=C1","Organic compounds","Phenylpropanoids and polyketides","Cinnamyl alcohols",NA,"Cinnamyl alcohols"
"s__Neisseria_mucosa","HMDB0029697",-0.30723673156981,0.100777489818586,137,74,0.00452006453513226,0.0282536044128896,"Cinnamyl alcohol","OCC=CC1=CC=CC=C1","Organic compounds","Phenylpropanoids and polyketides","Cinnamyl alcohols",NA,"Cinnamyl alcohols"
"s__Haemophilus_parainfluenzae","HMDB0029697",-0.302443448570209,-0.0557543722100684,143,78,0.0739590702788904,0.145476095784421,"Cinnamyl alcohol","OCC=CC1=CC=CC=C1","Organic compounds","Phenylpropanoids and polyketides","Cinnamyl alcohols",NA,"Cinnamyl alcohols"
"s__Neisseria_sicca","HMDB0029697",-0.31182444415405,-0.16913488831297,137,73,0.303265710915702,0.39152260511408,"Cinnamyl alcohol","OCC=CC1=CC=CC=C1","Organic compounds","Phenylpropanoids and polyketides","Cinnamyl alcohols",NA,"Cinnamyl alcohols"
"s__Prevotella_histicola","HMDB0029697",0.303991588032064,-0.0582076813655761,130,75,0.0119963546995639,0.0535199280504782,"Cinnamyl alcohol","OCC=CC1=CC=CC=C1","Organic compounds","Phenylpropanoids and polyketides","Cinnamyl alcohols",NA,"Cinnamyl alcohols"
"s__Neisseria_subflava","HMDB0029697",-0.428587035190976,-0.22813547954393,130,71,0.132734040737132,0.211041382784466,"Cinnamyl alcohol","OCC=CC1=CC=CC=C1","Organic compounds","Phenylpropanoids and polyketides","Cinnamyl alcohols",NA,"Cinnamyl alcohols"
"s__Streptococcus_australis","HMDB0029697",-0.307447150550599,-0.08047711781889,144,79,0.0965047791554154,0.171177759583937,"Cinnamyl alcohol","OCC=CC1=CC=CC=C1","Organic compounds","Phenylpropanoids and polyketides","Cinnamyl alcohols",NA,"Cinnamyl alcohols"
"s__Veillonella_dispar","HMDB0029697",0.296423060507568,0.152189582569329,143,78,0.287633629568082,0.375997565924421,"Cinnamyl alcohol","OCC=CC1=CC=CC=C1","Organic compounds","Phenylpropanoids and polyketides","Cinnamyl alcohols",NA,"Cinnamyl alcohols"
"s__Streptococcus_rubneri","HMDB0029697",-0.33940665268205,-0.144855144855145,141,78,0.148507596619617,0.229306381668103,"Cinnamyl alcohol","OCC=CC1=CC=CC=C1","Organic compounds","Phenylpropanoids and polyketides","Cinnamyl alcohols",NA,"Cinnamyl alcohols"
"s__Lancefieldella_parvula","HMDB0029697",0.321752944307672,-0.0924328580176712,113,70,0.00619603575355475,0.0340022036887672,"Cinnamyl alcohol","OCC=CC1=CC=CC=C1","Organic compounds","Phenylpropanoids and polyketides","Cinnamyl alcohols",NA,"Cinnamyl alcohols"
"s__Streptococcus_sp._HSISS2","HMDB0029697",0.297485806974858,0.168366370471634,136,76,0.347666823100638,0.434063069559778,"Cinnamyl alcohol","OCC=CC1=CC=CC=C1","Organic compounds","Phenylpropanoids and polyketides","Cinnamyl alcohols",NA,"Cinnamyl alcohols"
"s__Lautropia_mirabilis","HMDB0029697",-0.406071684832747,-0.29679802955665,112,57,0.449983611898448,0.531567042950858,"Cinnamyl alcohol","OCC=CC1=CC=CC=C1","Organic compounds","Phenylpropanoids and polyketides","Cinnamyl alcohols",NA,"Cinnamyl alcohols"
"s__Streptococcus_sp._Marseille_Q3533","HMDB0029697",-0.312489129090867,-0.0441831852358168,142,76,0.0542038971735109,0.119247039466533,"Cinnamyl alcohol","OCC=CC1=CC=CC=C1","Organic compounds","Phenylpropanoids and polyketides","Cinnamyl alcohols",NA,"Cinnamyl alcohols"
"s__Neisseria_sp._HMSC071A01","HMDB0029697",-0.356083186560087,-0.264076039241134,121,68,0.507390947857631,0.578092965182055,"Cinnamyl alcohol","OCC=CC1=CC=CC=C1","Organic compounds","Phenylpropanoids and polyketides","Cinnamyl alcohols",NA,"Cinnamyl alcohols"
"s__Megasphaera_micronuciformis","HMDB0029697",0.34989134287872,-0.0570306497054555,92,52,0.0182430021506401,0.0635392905382519,"Cinnamyl alcohol","OCC=CC1=CC=CC=C1","Organic compounds","Phenylpropanoids and polyketides","Cinnamyl alcohols",NA,"Cinnamyl alcohols"
"s__Neisseria_meningitidis","HMDB0029697",-0.344288362111014,-0.169758179231863,135,75,0.200872521377316,0.290846671577572,"Cinnamyl alcohol","OCC=CC1=CC=CC=C1","Organic compounds","Phenylpropanoids and polyketides","Cinnamyl alcohols",NA,"Cinnamyl alcohols"
"s__Rothia_sp._HMSC062F03","HMDB0029697",0.429093204906785,0.328677098150782,132,75,0.422385658820753,0.504684297215628,"Cinnamyl alcohol","OCC=CC1=CC=CC=C1","Organic compounds","Phenylpropanoids and polyketides","Cinnamyl alcohols",NA,"Cinnamyl alcohols"
"s__Neisseria_flavescens","HMDB0029697",-0.344898293963255,-0.217538564721663,127,71,0.357818355382816,0.44407813748403,"Cinnamyl alcohol","OCC=CC1=CC=CC=C1","Organic compounds","Phenylpropanoids and polyketides","Cinnamyl alcohols",NA,"Cinnamyl alcohols"
"s__Rothia_sp._HMSC072E10","HMDB0029697",0.382987025656034,0.295934838948538,135,74,0.500745357356637,0.574776994975444,"Cinnamyl alcohol","OCC=CC1=CC=CC=C1","Organic compounds","Phenylpropanoids and polyketides","Cinnamyl alcohols",NA,"Cinnamyl alcohols"
"s__Candidatus_Nanosynbacter_sp._HMT_352","HMDB0029697",0.328640922160804,0.0452490079670245,98,58,0.0819519611457541,0.154934757571267,"Cinnamyl alcohol","OCC=CC1=CC=CC=C1","Organic compounds","Phenylpropanoids and polyketides","Cinnamyl alcohols",NA,"Cinnamyl alcohols"
"s__Streptococcus_sp._1001283B150225_161107_H12","HMDB0029697",-0.366472673971264,-0.0471430334444033,138,73,0.0224701016004736,0.0737797824204526,"Cinnamyl alcohol","OCC=CC1=CC=CC=C1","Organic compounds","Phenylpropanoids and polyketides","Cinnamyl alcohols",NA,"Cinnamyl alcohols"
"s__Streptococcus_sp._343_SSPC","HMDB0029697",-0.320070607318353,-0.123306505700872,136,71,0.163992894158072,0.246877389400419,"Cinnamyl alcohol","OCC=CC1=CC=CC=C1","Organic compounds","Phenylpropanoids and polyketides","Cinnamyl alcohols",NA,"Cinnamyl alcohols"
"s__Streptococcus_sp._A12","HMDB0029697",-0.315983806457907,-0.0118349928876245,135,75,0.0319613393563956,0.0842905564076443,"Cinnamyl alcohol","OCC=CC1=CC=CC=C1","Organic compounds","Phenylpropanoids and polyketides","Cinnamyl alcohols",NA,"Cinnamyl alcohols"
"s__Veillonella_sp._CLA_AA_H247","HMDB0029697",0.375229117570045,0.355053683820807,134,74,0.869019978569096,0.894768718674847,"Cinnamyl alcohol","OCC=CC1=CC=CC=C1","Organic compounds","Phenylpropanoids and polyketides","Cinnamyl alcohols",NA,"Cinnamyl alcohols"
"s__Candidatus_Nanosynbacter_sp._TM7_008","HMDB0029697",0.37032967032967,-0.0056998556998557,91,55,0.0248724983734919,0.0771276109514064,"Cinnamyl alcohol","OCC=CC1=CC=CC=C1","Organic compounds","Phenylpropanoids and polyketides","Cinnamyl alcohols",NA,"Cinnamyl alcohols"
"s__Candidatus_Nanosynbacter_sp._TM7_076","HMDB0029697",0.348654244306418,-0.146357272491574,91,57,0.00329062854575185,0.022553627132027,"Cinnamyl alcohol","OCC=CC1=CC=CC=C1","Organic compounds","Phenylpropanoids and polyketides","Cinnamyl alcohols",NA,"Cinnamyl alcohols"
"s__Actinomyces_sp._oral_taxon_181","HMDB0029697",0.441055431131019,0.151587301587302,95,55,0.0652592533539134,0.136014706227476,"Cinnamyl alcohol","OCC=CC1=CC=CC=C1","Organic compounds","Phenylpropanoids and polyketides","Cinnamyl alcohols",NA,"Cinnamyl alcohols"
"s__Actinomyces_sp._ph3","HMDB0029697",0.397400820793434,0.132156103854217,85,53,0.110290070060964,0.186198215447052,"Cinnamyl alcohol","OCC=CC1=CC=CC=C1","Organic compounds","Phenylpropanoids and polyketides","Cinnamyl alcohols",NA,"Cinnamyl alcohols"
"s__Candidatus_Nanosynbacter_sp._TM7_053","HMDB0029697",0.349087887873424,0.0289815447710185,94,56,0.0533821435144245,0.118975486642583,"Cinnamyl alcohol","OCC=CC1=CC=CC=C1","Organic compounds","Phenylpropanoids and polyketides","Cinnamyl alcohols",NA,"Cinnamyl alcohols"
"s__Prevotella_histicola","HMDB0002340",0.286872687050212,-0.0318349928876245,130,75,0.0272707002787097,0.0795236504630906,"2-Methylbenzoic acid","CC1=CC=CC=C1C(O)=O","Organic compounds","Benzenoids","Benzene and substituted derivatives","Benzoic acids and derivatives","Benzoic acids"
"s__Prevotella_pallens","HMDB0002340",0.12893128547885,-0.402431983203569,128,70,0.000261395291096836,0.00778584545624148,"2-Methylbenzoic acid","CC1=CC=CC=C1C(O)=O","Organic compounds","Benzenoids","Benzene and substituted derivatives","Benzoic acids and derivatives","Benzoic acids"
"s__Megasphaera_micronuciformis","HMDB0002340",0.387605381995284,0.0239904379748997,92,52,0.0312759865819144,0.0841424929332794,"2-Methylbenzoic acid","CC1=CC=CC=C1C(O)=O","Organic compounds","Benzenoids","Benzene and substituted derivatives","Benzoic acids and derivatives","Benzoic acids"
"s__Prevotella_salivae","HMDB0002340",0.296067588325653,-0.287831335841134,125,70,8.37217508388145e-05,0.00527588794071099,"2-Methylbenzoic acid","CC1=CC=CC=C1C(O)=O","Organic compounds","Benzenoids","Benzene and substituted derivatives","Benzoic acids and derivatives","Benzoic acids"
"s__Rothia_aeria","HMDB0002340",-0.289488530755942,-0.38757250401086,140,73,0.456979469820794,0.538306324619409,"2-Methylbenzoic acid","CC1=CC=CC=C1C(O)=O","Organic compounds","Benzenoids","Benzene and substituted derivatives","Benzoic acids and derivatives","Benzoic acids"
"s__Neisseria_flavescens","HMDB0002340",-0.312822225346832,-0.184473507712944,127,71,0.36345404615631,0.449733938418935,"2-Methylbenzoic acid","CC1=CC=CC=C1C(O)=O","Organic compounds","Benzenoids","Benzene and substituted derivatives","Benzoic acids and derivatives","Benzoic acids"
"s__Veillonella_sp._CLA_AA_H247","HMDB0002340",0.300928939263582,0.328041466123658,134,74,0.844126643329151,0.879723082801171,"2-Methylbenzoic acid","CC1=CC=CC=C1C(O)=O","Organic compounds","Benzenoids","Benzene and substituted derivatives","Benzoic acids and derivatives","Benzoic acids"
"s__Rothia_sp._HMSC065C12","HMDB0032036",-0.273951101340973,-0.0250538934749461,142,77,0.0760829254726475,0.14756548800974,"4-Ethoxyphenol","CCOC1=CC=C(O)C=C1","Organic compounds","Benzenoids","Phenols","4-alkoxyphenols","4-alkoxyphenols"
"s__Neisseria_flavescens","HMDB0032036",-0.32427001312336,-0.153018108651911,127,71,0.227805910734678,0.320929272893111,"4-Ethoxyphenol","CCOC1=CC=C(O)C=C1","Organic compounds","Benzenoids","Phenols","4-alkoxyphenols","4-alkoxyphenols"
"s__Streptococcus_sp._HMSC056C01","HMDB0032036",0.0348686375057367,0.380908565119091,142,77,0.0114549025695047,0.0519205909943852,"4-Ethoxyphenol","CCOC1=CC=C(O)C=C1","Organic compounds","Benzenoids","Phenols","4-alkoxyphenols","4-alkoxyphenols"
"s__Campylobacter_concisus","HMDB0032036",0.10139084861923,-0.429829871620916,122,66,0.000344374638586638,0.00797801246059045,"4-Ethoxyphenol","CCOC1=CC=C(O)C=C1","Organic compounds","Benzenoids","Phenols","4-alkoxyphenols","4-alkoxyphenols"
"s__Streptococcus_parasanguinis","HMDB0012322",0.328011336797355,0.275292112950341,145,79,0.679892845893847,0.736403420098011,"2-Naphthol","OC1=CC2=CC=CC=C2C=C1","Organic compounds","Benzenoids","Naphthalenes","Naphthols and derivatives","Naphthols and derivatives"
"s__Haemophilus_parainfluenzae","HMDB0012322",-0.321337699858827,-0.000872545176342645,143,78,0.0206608785389542,0.0689246908059514,"2-Naphthol","OC1=CC2=CC=CC=C2C=C1","Organic compounds","Benzenoids","Naphthalenes","Naphthols and derivatives","Naphthols and derivatives"
"s__Neisseria_sicca","HMDB0012322",-0.312846528646368,-0.274805627545354,137,73,0.77371588569735,0.816808922369102,"2-Naphthol","OC1=CC2=CC=CC=C2C=C1","Organic compounds","Benzenoids","Naphthalenes","Naphthols and derivatives","Naphthols and derivatives"
"s__Neisseria_subflava","HMDB0012322",-0.322623550779063,-0.276894701542589,130,71,0.734388812420862,0.78724970380334,"2-Naphthol","OC1=CC2=CC=CC=C2C=C1","Organic compounds","Benzenoids","Naphthalenes","Naphthols and derivatives","Naphthols and derivatives"
"s__Streptococcus_australis","HMDB0012322",-0.274921630094044,-0.0668695228821811,144,79,0.131401017810228,0.209939557191054,"2-Naphthol","OC1=CC2=CC=CC=C2C=C1","Organic compounds","Benzenoids","Naphthalenes","Naphthols and derivatives","Naphthols and derivatives"
"s__Haemophilus_haemolyticus","HMDB0012322",-0.29384229096272,-0.133448829651361,137,78,0.243176392544627,0.333567617404965,"2-Naphthol","OC1=CC2=CC=CC=C2C=C1","Organic compounds","Benzenoids","Naphthalenes","Naphthols and derivatives","Naphthols and derivatives"
"s__Streptococcus_rubneri","HMDB0012322",-0.283111434564836,-0.0796545226924974,141,78,0.141820330202641,0.222327359753764,"2-Naphthol","OC1=CC2=CC=CC=C2C=C1","Organic compounds","Benzenoids","Naphthalenes","Naphthols and derivatives","Naphthols and derivatives"
"s__Lancefieldella_parvula","HMDB0012322",0.427706434227161,-0.000192459102440731,113,70,0.00329921164281451,0.022553627132027,"2-Naphthol","OC1=CC2=CC=CC=C2C=C1","Organic compounds","Benzenoids","Naphthalenes","Naphthols and derivatives","Naphthols and derivatives"
"s__Haemophilus_sputorum","HMDB0012322",-0.331882963854684,-0.118851674641148,133,76,0.123848841028599,0.202061438815694,"2-Naphthol","OC1=CC2=CC=CC=C2C=C1","Organic compounds","Benzenoids","Naphthalenes","Naphthols and derivatives","Naphthols and derivatives"
"s__Streptococcus_sp._HSISS2","HMDB0012322",0.29480463718334,0.288147641831852,136,76,0.955630820786992,0.962208303705382,"2-Naphthol","OC1=CC2=CC=CC=C2C=C1","Organic compounds","Benzenoids","Naphthalenes","Naphthols and derivatives","Naphthols and derivatives"
"s__Lautropia_mirabilis","HMDB0012322",-0.3416475894352,-0.327910292973814,112,57,0.919298002958715,0.937279381989692,"2-Naphthol","OC1=CC2=CC=CC=C2C=C1","Organic compounds","Benzenoids","Naphthalenes","Naphthols and derivatives","Naphthols and derivatives"
"s__Neisseria_sp._HMSC071A01","HMDB0012322",-0.350467416339249,-0.248807115318548,121,68,0.467476934501116,0.547578319345408,"2-Naphthol","OC1=CC2=CC=CC=C2C=C1","Organic compounds","Benzenoids","Naphthalenes","Naphthols and derivatives","Naphthols and derivatives"
"s__Megasphaera_micronuciformis","HMDB0012322",0.369526686497233,-0.157346538034662,92,52,0.00227098446462014,0.0184141934389574,"2-Naphthol","OC1=CC2=CC=CC=C2C=C1","Organic compounds","Benzenoids","Naphthalenes","Naphthols and derivatives","Naphthols and derivatives"
"s__Neisseria_meningitidis","HMDB0012322",-0.280240952102234,-0.279402560455192,135,75,0.9904599412427,0.9904599412427,"2-Naphthol","OC1=CC2=CC=CC=C2C=C1","Organic compounds","Benzenoids","Naphthalenes","Naphthols and derivatives","Naphthols and derivatives"
"s__Rothia_sp._HMSC062F03","HMDB0012322",0.36500863539835,0.509786628733997,132,75,0.226966082210432,0.320830021294069,"2-Naphthol","OC1=CC2=CC=CC=C2C=C1","Organic compounds","Benzenoids","Naphthalenes","Naphthols and derivatives","Naphthols and derivatives"
"s__Neisseria_flavescens","HMDB0012322",-0.308229049493813,-0.218745808182428,127,71,0.522116305011441,0.593249316593382,"2-Naphthol","OC1=CC2=CC=CC=C2C=C1","Organic compounds","Benzenoids","Naphthalenes","Naphthols and derivatives","Naphthols and derivatives"
"s__Rothia_sp._HMSC072E10","HMDB0012322",0.355179982440738,0.37972602739726,135,74,0.853881853519191,0.884974602411351,"2-Naphthol","OC1=CC2=CC=CC=C2C=C1","Organic compounds","Benzenoids","Naphthalenes","Naphthols and derivatives","Naphthols and derivatives"
"s__Streptococcus_sp._SK140","HMDB0012322",0.136153088745237,0.373205741626794,141,77,0.0788991095146437,0.150921691135809,"2-Naphthol","OC1=CC2=CC=CC=C2C=C1","Organic compounds","Benzenoids","Naphthalenes","Naphthols and derivatives","Naphthols and derivatives"
"s__Streptococcus_sp._1001283B150225_161107_H12","HMDB0012322",-0.289050638258038,-0.12088115512773,138,73,0.232530811632232,0.322735817889115,"2-Naphthol","OC1=CC2=CC=CC=C2C=C1","Organic compounds","Benzenoids","Naphthalenes","Naphthols and derivatives","Naphthols and derivatives"
"s__Veillonella_sp._CLA_AA_H247","HMDB0012322",0.379747877155576,0.382599037393558,134,74,0.988398342204453,0.9904599412427,"2-Naphthol","OC1=CC2=CC=CC=C2C=C1","Organic compounds","Benzenoids","Naphthalenes","Naphthols and derivatives","Naphthols and derivatives"
"s__Actinomyces_sp._S6_Spd3","HMDB0012322",0.369240479697033,0.0332149782176223,98,62,0.0333602481345212,0.0857534690716914,"2-Naphthol","OC1=CC2=CC=CC=C2C=C1","Organic compounds","Benzenoids","Naphthalenes","Naphthols and derivatives","Naphthols and derivatives"
"s__Actinomyces_sp._ph3","HMDB0012322",0.42311901504788,-0.0194323496210289,85,53,0.00906865467359271,0.0455617951673273,"2-Naphthol","OC1=CC2=CC=CC=C2C=C1","Organic compounds","Benzenoids","Naphthalenes","Naphthols and derivatives","Naphthols and derivatives"
"s__Schaalia_odontolytica","HMDB0029737",-0.0416713044222784,-0.397497239602503,141,77,0.00897101899939616,0.0455617951673273,"Indole-3-carboxaldehyde","O=CC1=CNC2=C1C=CC=C2","Organic compounds","Organoheterocyclic compounds","Indoles and derivatives","Indoles","Indoles"
"s__Streptococcus_mitis","HMDB0000182",-0.0655054322153991,-0.410637779941577,145,79,0.00954585386386989,0.0462862914096947,"Lysine","NCCCC[C@H](N)C(O)=O","Organic compounds","Organic acids and derivatives","Carboxylic acids and derivatives","Amino acids, peptides, and analogues","L-alpha-amino acids"
"s__Streptococcus_pneumoniae","HMDB0059655",-0.303377420878602,0.00416260954235638,145,79,0.0260412631177573,0.0781237893532719,"2-Hydroxyglutarate","OC(CCC(O)=O)C(O)=O","Organic compounds","Organic acids and derivatives","Hydroxy acids and derivatives","Short-chain hydroxy acids and derivatives","Short-chain hydroxy acids and derivatives"
"s__Fusobacterium_pseudoperiodonticum","HMDB0059655",0.318411000763942,0.111686938127975,120,61,0.175974495614653,0.261143646517119,"2-Hydroxyglutarate","OC(CCC(O)=O)C(O)=O","Organic compounds","Organic acids and derivatives","Hydroxy acids and derivatives","Short-chain hydroxy acids and derivatives","Short-chain hydroxy acids and derivatives"
"s__Porphyromonas_pasteri","HMDB0059655",0.323692486895748,-0.0829012185636505,101,57,0.0139887663358703,0.0571186048578314,"2-Hydroxyglutarate","OC(CCC(O)=O)C(O)=O","Organic compounds","Organic acids and derivatives","Hydroxy acids and derivatives","Short-chain hydroxy acids and derivatives","Short-chain hydroxy acids and derivatives"
"s__Fusobacterium_periodonticum","HMDB0059655",0.343942001984569,0.0562542720437457,114,56,0.0712035417373054,0.1411604900142,"2-Hydroxyglutarate","OC(CCC(O)=O)C(O)=O","Organic compounds","Organic acids and derivatives","Hydroxy acids and derivatives","Short-chain hydroxy acids and derivatives","Short-chain hydroxy acids and derivatives"
"s__Veillonella_rogosae","HMDB0032063",0.0728316725501586,-0.371932814021422,139,79,0.00128749142818277,0.0139207329432867,"4-tert-Butylphenol","CC(C)(C)C1=CC=C(O)C=C1","Organic compounds","Benzenoids","Benzene and substituted derivatives","Phenylpropanes","Phenylpropanes"
"s__Lautropia_mirabilis","HMDB0001859",0.0789028598763112,-0.425071298936998,112,57,0.00148522648293437,0.0154834860845908,"Acetaminophen","CC(=O)NC1=CC=C(O)C=C1","Organic compounds","Benzenoids","Phenols","1-hydroxy-2-unsubstituted benzenoids","1-hydroxy-2-unsubstituted benzenoids"
"s__Streptococcus_gordonii","HMDB0000991",-0.310931349393796,-0.145180136319377,145,79,0.217651839188315,0.309763880346509,"2-Aminooctanoic acid","CCCCCCC(N)C(O)=O","Organic compounds","Organic acids and derivatives","Carboxylic acids and derivatives","Amino acids, peptides, and analogues","Alpha amino acids"
"s__Prevotella_sp._oral_taxon_306","HMDB0000991",0.0681588542810702,0.395470201440351,103,66,0.0308414446692714,0.0841424929332794,"2-Aminooctanoic acid","CCCCCCC(N)C(O)=O","Organic compounds","Organic acids and derivatives","Carboxylic acids and derivatives","Amino acids, peptides, and analogues","Alpha amino acids"
"s__Streptococcus_parasanguinis","HMDB0033830",0.299118249094631,0.000900681596884129,145,79,0.030978817501857,0.0841424929332794,"Cassiastearoptene","COC1=CC=CC=C1\C=C\C=O","Organic compounds","Phenylpropanoids and polyketides","Cinnamaldehydes",NA,"Cinnamaldehydes"
"s__Streptococcus_rubneri","HMDB0033830",-0.287683548097093,0.0244944928489232,141,78,0.0260057172620448,0.0781237893532719,"Cassiastearoptene","COC1=CC=CC=C1\C=C\C=O","Organic compounds","Phenylpropanoids and polyketides","Cinnamaldehydes",NA,"Cinnamaldehydes"
"s__Neisseria_flavescens","HMDB0033830",-0.290313320209974,-0.117873910127431,127,71,0.232475622711483,0.322735817889115,"Cassiastearoptene","COC1=CC=CC=C1\C=C\C=O","Organic compounds","Phenylpropanoids and polyketides","Cinnamaldehydes",NA,"Cinnamaldehydes"
"s__Veillonella_sp._CLA_AA_H247","HMDB0033830",0.313886706816793,0.0532691595705294,134,74,0.0662133941586993,0.136014706227476,"Cassiastearoptene","COC1=CC=CC=C1\C=C\C=O","Organic compounds","Phenylpropanoids and polyketides","Cinnamaldehydes",NA,"Cinnamaldehydes"
"s__Streptococcus_salivarius","HMDB0000849",0.271252558652181,0.0627799415774099,145,79,0.130682541154435,0.209594691005382,"Rhamnose","C[C@@H]1OC(O)[C@H](O)[C@H](O)[C@H]1O","Organic compounds","Organic oxygen compounds","Organooxygen compounds","Carbohydrates and carbohydrate conjugates","Hexoses"
"s__Streptococcus_parasanguinis","HMDB0000849",0.312009919697685,-0.0236124634858812,145,79,0.015162392551851,0.0580065843497418,"Rhamnose","C[C@@H]1OC(O)[C@H](O)[C@H](O)[C@H]1O","Organic compounds","Organic oxygen compounds","Organooxygen compounds","Carbohydrates and carbohydrate conjugates","Hexoses"
"s__Streptococcus_sp._HSISS2","HMDB0000849",0.299699441820524,0.139986329460014,136,76,0.248480517974611,0.337512625392224,"Rhamnose","C[C@@H]1OC(O)[C@H](O)[C@H](O)[C@H]1O","Organic compounds","Organic oxygen compounds","Organooxygen compounds","Carbohydrates and carbohydrate conjugates","Hexoses"
"s__Rothia_sp._HMSC062F03","HMDB0000849",0.340333832499361,0.0365860597439545,132,75,0.0312696250605023,0.0841424929332794,"Rhamnose","C[C@@H]1OC(O)[C@H](O)[C@H](O)[C@H]1O","Organic compounds","Organic oxygen compounds","Organooxygen compounds","Carbohydrates and carbohydrate conjugates","Hexoses"
"s__Rothia_sp._HMSC072E10","HMDB0000849",0.372475856014047,0.103917067752684,135,74,0.0517184738415874,0.117209802130119,"Rhamnose","C[C@@H]1OC(O)[C@H](O)[C@H](O)[C@H]1O","Organic compounds","Organic oxygen compounds","Organooxygen compounds","Carbohydrates and carbohydrate conjugates","Hexoses"
"s__Campylobacter_concisus","HMDB0059713",-0.0375221812101606,-0.428911387120342,122,66,0.00731853454655931,0.0391260116142978,"3-Methoxysalicylic acid","COC1=CC=CC(C(O)=O)=C1O","Organic compounds","Benzenoids","Benzene and substituted derivatives","Benzoic acids and derivatives","M-methoxybenzoic acids and derivatives"
"s__Streptococcus_salivarius","HMDB0000126",0.284955125177137,-0.0732716650438169,145,79,0.0102228483652292,0.0487952144307199,"Glycerol 3-phosphate","OC[C@@H](O)COP(O)(O)=O","Organic compounds","Lipids and lipid-like molecules","Glycerophospholipids","Glycerophosphates","Glycerophosphates"
"s__Candidatus_Nanosynbacter_sp._TM7_057","HMDB0000517",-0.147190474769479,0.498845598845599,93,55,7.34728308247399e-05,0.00527588794071099,"Arginine","N[C@@H](CCCNC(N)=N)C(O)=O","Organic compounds","Organic acids and derivatives","Carboxylic acids and derivatives","Amino acids, peptides, and analogues","L-alpha-amino acids"
"s__Candidatus_Nanosynbacter_sp._TM7_076","HMDB0000517",-0.0524446567924829,0.433367902514908,91,57,0.00303682528515054,0.0218337266190996,"Arginine","N[C@@H](CCCNC(N)=N)C(O)=O","Organic compounds","Organic acids and derivatives","Carboxylic acids and derivatives","Amino acids, peptides, and analogues","L-alpha-amino acids"
"s__Lachnoanaerobaculum_orale","HMDB0240652",0.34340865127382,-0.204729787415692,90,52,0.0016626660747759,0.0167233590181174,"3-Hydroxypyridine sulfate","OS(=O)(=O)OC1=CN=CC=C1","Organic compounds","Organic acids and derivatives","Organic sulfuric acids and derivatives","Arylsulfates","Arylsulfates"
"s__Porphyromonas_bobii","HMDB0003363",0.0343622597553873,-0.447474747474747,101,55,0.00286428928419755,0.0218337266190996,"Pectic acid","O[C@H]1O[C@@H]([C@H](O)[C@H](O)[C@H]1O)C(O)=O","Organic compounds","Organic oxygen compounds","Organooxygen compounds","Carbohydrates and carbohydrate conjugates","Glucuronic acid derivatives"
"s__Porphyromonas_pasteri","HMDB0003363",0.0844263249854397,-0.487619911848587,101,57,0.000299500511777937,0.00780573208821249,"Pectic acid","O[C@H]1O[C@@H]([C@H](O)[C@H](O)[C@H]1O)C(O)=O","Organic compounds","Organic oxygen compounds","Organooxygen compounds","Carbohydrates and carbohydrate conjugates","Glucuronic acid derivatives"
"s__Neisseria_mucosa","HMDB0032574",-0.293949633169675,0.100333209922251,137,74,0.00619704431737724,0.0340022036887672,"Propylparaben","CCCOC(=O)C1=CC=C(O)C=C1","Organic compounds","Benzenoids","Benzene and substituted derivatives","Benzoic acids and derivatives","p-Hydroxybenzoic acid alkyl esters"
"s__Prevotella_jejuni","HMDB0032574",0.314181259600614,0.114020689391915,125,68,0.170965420910837,0.255528962436628,"Propylparaben","CCCOC(=O)C1=CC=C(O)C=C1","Organic compounds","Benzenoids","Benzene and substituted derivatives","Benzoic acids and derivatives","p-Hydroxybenzoic acid alkyl esters"
"s__Gemella_morbillorum","HMDB0011635",0.0476685201443762,0.445158933138473,135,69,0.00453954795123167,0.0282536044128896,"p-Cresol sulfate","CC1=CC=C(OS(O)(=O)=O)C=C1","Organic compounds","Organic acids and derivatives","Organic sulfuric acids and derivatives","Arylsulfates","Phenylsulfates"
"s__Prevotella_pallens","HMDB0033201",-0.0941562900567662,0.41572915755402,128,70,0.000425114474436297,0.0080843503357906,"9-Hydroxydecanoic acid","CC(O)CCCCCCCC(O)=O","Organic compounds","Organic acids and derivatives","Hydroxy acids and derivatives","Medium-chain hydroxy acids and derivatives","Medium-chain hydroxy acids and derivatives"
"s__Streptococcus_australis","HMDB0000094",0.307097500200949,0.0300389483933788,144,79,0.0441495897245241,0.104604425654128,"Citric acid","OC(=O)CC(O)(CC(O)=O)C(O)=O","Organic compounds","Organic acids and derivatives","Carboxylic acids and derivatives","Tricarboxylic acids and derivatives","Tricarboxylic acids and derivatives"
"s__Streptococcus_sp._F0442","HMDB0000094",0.276552010671098,0.00698636806231743,140,79,0.0536388285103251,0.118975486642583,"Citric acid","OC(=O)CC(O)(CC(O)=O)C(O)=O","Organic compounds","Organic acids and derivatives","Carboxylic acids and derivatives","Tricarboxylic acids and derivatives","Tricarboxylic acids and derivatives"
"s__Streptococcus_sp._XMC","HMDB0000094",0.324211338640925,0.0573541963015647,138,75,0.0566629347176651,0.122427169830396,"Citric acid","OC(=O)CC(O)(CC(O)=O)C(O)=O","Organic compounds","Organic acids and derivatives","Carboxylic acids and derivatives","Tricarboxylic acids and derivatives","Tricarboxylic acids and derivatives"
"s__Streptococcus_sp._343_SSPC","HMDB0000094",0.288922284242164,0.0408115358819584,136,71,0.0862149904561672,0.157843623710247,"Citric acid","OC(=O)CC(O)(CC(O)=O)C(O)=O","Organic compounds","Organic acids and derivatives","Carboxylic acids and derivatives","Tricarboxylic acids and derivatives","Tricarboxylic acids and derivatives"
"s__Streptococcus_sp._oral_taxon_061","HMDB0000094",0.297137230011014,0.0265718349928876,137,75,0.0563157831660574,0.122310841563781,"Citric acid","OC(=O)CC(O)(CC(O)=O)C(O)=O","Organic compounds","Organic acids and derivatives","Carboxylic acids and derivatives","Tricarboxylic acids and derivatives","Tricarboxylic acids and derivatives"
"s__Streptococcus_australis","HMDB0013292",-0.308319266939957,-0.125681596884129,144,79,0.177114810264454,0.261903815178289,"p-Methylhippuric acid","CC1=CC=C(C=C1)C(=O)NCC(O)=O","Organic compounds","Benzenoids","Benzene and substituted derivatives","Benzoic acids and derivatives","Hippuric acids"
"s__Streptococcus_rubneri","HMDB0013292",-0.283316922813477,-0.17732900011381,141,78,0.434140797586386,0.516019756338127,"p-Methylhippuric acid","CC1=CC=C(C=C1)C(=O)NCC(O)=O","Organic compounds","Benzenoids","Benzene and substituted derivatives","Benzoic acids and derivatives","Hippuric acids"
"s__Streptococcus_sp._XMC","HMDB0013292",-0.294922931854453,0.0438691322901849,138,75,0.0175866131850269,0.0629972740223714,"p-Methylhippuric acid","CC1=CC=C(C=C1)C(=O)NCC(O)=O","Organic compounds","Benzenoids","Benzene and substituted derivatives","Benzoic acids and derivatives","Hippuric acids"
"s__Rothia_sp._HMSC062F03","HMDB0013292",0.344617616212634,0.241706970128023,132,75,0.442182111605332,0.523835058350634,"p-Methylhippuric acid","CC1=CC=C(C=C1)C(=O)NCC(O)=O","Organic compounds","Benzenoids","Benzene and substituted derivatives","Benzoic acids and derivatives","Hippuric acids"
"s__Fusobacterium_pseudoperiodonticum","HMDB0013292",-0.0358080422251545,-0.410153358011634,120,61,0.0134987786900378,0.0568584920580379,"p-Methylhippuric acid","CC1=CC=C(C=C1)C(=O)NCC(O)=O","Organic compounds","Benzenoids","Benzene and substituted derivatives","Benzoic acids and derivatives","Hippuric acids"
"s__Streptococcus_sp._1001283B150225_161107_H12","HMDB0013292",-0.323129119681088,-0.169073182771813,138,73,0.264281206557354,0.355500848820699,"p-Methylhippuric acid","CC1=CC=C(C=C1)C(=O)NCC(O)=O","Organic compounds","Benzenoids","Benzene and substituted derivatives","Benzoic acids and derivatives","Hippuric acids"
"s__Streptococcus_sp._A12","HMDB0013292",-0.296141839820505,-0.00301564722617354,135,75,0.039806124525075,0.0959488666298052,"p-Methylhippuric acid","CC1=CC=C(C=C1)C(=O)NCC(O)=O","Organic compounds","Benzenoids","Benzene and substituted derivatives","Benzoic acids and derivatives","Hippuric acids"
"s__Actinomyces_sp._ph3","HMDB0013292",0.36202853234317,0.266408643767134,85,53,0.552327187401275,0.617481064735473,"p-Methylhippuric acid","CC1=CC=C(C=C1)C(=O)NCC(O)=O","Organic compounds","Benzenoids","Benzene and substituted derivatives","Benzoic acids and derivatives","Hippuric acids"
"s__Granulicatella_adiacens","HMDB0002404",0.275932188877949,0.0172984909827015,141,77,0.0657792805480738,0.136014706227476,"Alpha-Hydroxyhippuric acid","OC(NC(=O)C1=CC=CC=C1)C(O)=O","Organic compounds","Benzenoids","Benzene and substituted derivatives","Benzoic acids and derivatives","Hippuric acids"
"s__Leptotrichia_sp._oral_taxon_221","HMDB0002404",-0.378584231924049,0.100467666505402,102,53,0.00422305137591191,0.027515819121176,"Alpha-Hydroxyhippuric acid","OC(NC(=O)C1=CC=CC=C1)C(O)=O","Organic compounds","Benzenoids","Benzene and substituted derivatives","Benzoic acids and derivatives","Hippuric acids"
"s__Mogibacterium_diversum","HMDB0001229",0.0745358608559703,-0.526270082501086,85,48,0.000426512487739552,0.0080843503357906,"Dopaquinone","N[C@@H](CC1=CC(=O)C(=O)C=C1)C(O)=O","Organic compounds","Organic acids and derivatives","Carboxylic acids and derivatives","Amino acids, peptides, and analogues","L-alpha-amino acids"
"s__Lachnoanaerobaculum_saburreum","HMDB0001229",0.147087994464306,-0.539509059029807,116,59,4.94934139827054e-06,0.00150262588718538,"Dopaquinone","N[C@@H](CC1=CC(=O)C(=O)C=C1)C(O)=O","Organic compounds","Organic acids and derivatives","Carboxylic acids and derivatives","Amino acids, peptides, and analogues","L-alpha-amino acids"
"s__Streptococcus_parasanguinis","HMDB0062551",0.368851361990238,0.256645569620253,145,79,0.379350154273535,0.46331903216873,"4-Ethylphenylsulfate","CCC1=CC=C(OS(O)(=O)=O)C=C1",NA,NA,NA,NA,NA
"s__Rothia_mucilaginosa","HMDB0062551",0.174716580066131,0.387776780181843,145,78,0.105990112313757,0.181138839487035,"4-Ethylphenylsulfate","CCC1=CC=C(OS(O)(=O)=O)C=C1",NA,NA,NA,NA,NA
"s__Haemophilus_parainfluenzae","HMDB0062551",-0.309071210479661,-0.0314748542596644,143,78,0.0447814427211999,0.105502043021132,"4-Ethylphenylsulfate","CCC1=CC=C(OS(O)(=O)=O)C=C1",NA,NA,NA,NA,NA
"s__Neisseria_sicca","HMDB0062551",-0.29539641943734,-0.210045662100457,137,73,0.534417203544653,0.600064780240059,"4-Ethylphenylsulfate","CCC1=CC=C(OS(O)(=O)=O)C=C1",NA,NA,NA,NA,NA
"s__Veillonella_atypica","HMDB0062551",0.322224137364982,0.126645506392342,143,78,0.149021653314283,0.229306381668103,"4-Ethylphenylsulfate","CCC1=CC=C(OS(O)(=O)=O)C=C1",NA,NA,NA,NA,NA
"s__Prevotella_histicola","HMDB0062551",0.386325089786833,0.057524893314367,130,75,0.018068001103159,0.0635392905382519,"4-Ethylphenylsulfate","CCC1=CC=C(OS(O)(=O)=O)C=C1",NA,NA,NA,NA,NA
"s__Streptococcus_australis","HMDB0062551",-0.384237601478981,-0.0400438169425511,144,79,0.0105576108369318,0.0491738769410597,"4-Ethylphenylsulfate","CCC1=CC=C(OS(O)(=O)=O)C=C1",NA,NA,NA,NA,NA
"s__Veillonella_dispar","HMDB0062551",0.283898026855773,0.2540623933029,143,78,0.818611818377695,0.855541674845862,"4-Ethylphenylsulfate","CCC1=CC=C(OS(O)(=O)=O)C=C1",NA,NA,NA,NA,NA
"s__Streptococcus_rubneri","HMDB0062551",-0.39988441286014,-0.100216239456746,141,78,0.0247141437605684,0.0771276109514064,"4-Ethylphenylsulfate","CCC1=CC=C(OS(O)(=O)=O)C=C1",NA,NA,NA,NA,NA
"s__Haemophilus_sputorum","HMDB0062551",-0.286708970526724,-0.263622693096377,133,76,0.860780581063377,0.888478966097595,"4-Ethylphenylsulfate","CCC1=CC=C(OS(O)(=O)=O)C=C1",NA,NA,NA,NA,NA
"s__Lautropia_mirabilis","HMDB0062551",-0.318011753852462,-0.311252268602541,112,57,0.957593395773941,0.962208303705382,"4-Ethylphenylsulfate","CCC1=CC=C(OS(O)(=O)=O)C=C1",NA,NA,NA,NA,NA
"s__Megasphaera_micronuciformis","HMDB0062551",0.422899680964197,0.14044224366089,92,52,0.0824832522321854,0.154934757571267,"4-Ethylphenylsulfate","CCC1=CC=C(OS(O)(=O)=O)C=C1",NA,NA,NA,NA,NA
"s__Prevotella_salivae","HMDB0062551",0.318599078341014,-0.209098066660835,125,70,0.000388089553968127,0.0080843503357906,"4-Ethylphenylsulfate","CCC1=CC=C(OS(O)(=O)=O)C=C1",NA,NA,NA,NA,NA
"s__Streptococcus_sp._XMC","HMDB0062551",-0.344458422471797,0.0490184921763869,138,75,0.00533133645765526,0.0304543466142773,"4-Ethylphenylsulfate","CCC1=CC=C(OS(O)(=O)=O)C=C1",NA,NA,NA,NA,NA
"s__Rothia_sp._HMSC062F03","HMDB0062551",0.423958925766881,0.527254623044097,132,75,0.369987474275004,0.455117335612616,"4-Ethylphenylsulfate","CCC1=CC=C(OS(O)(=O)=O)C=C1",NA,NA,NA,NA,NA
"s__Rothia_sp._HMSC072E10","HMDB0062551",0.397961174519559,0.43360236949278,135,74,0.777357606852433,0.818581116306729,"4-Ethylphenylsulfate","CCC1=CC=C(OS(O)(=O)=O)C=C1",NA,NA,NA,NA,NA
"s__Prevotella_vespertina","HMDB0062551",0.320148237064982,-0.20823732718894,108,63,0.00084833943284286,0.0107199255604689,"4-Ethylphenylsulfate","CCC1=CC=C(OS(O)(=O)=O)C=C1",NA,NA,NA,NA,NA
"s__Prevotella_sp._oral_taxon_306","HMDB0062551",0.345099503580372,-0.194196847928191,103,66,0.000581017240349979,0.00969136756903765,"4-Ethylphenylsulfate","CCC1=CC=C(OS(O)(=O)=O)C=C1",NA,NA,NA,NA,NA
"s__Streptococcus_sp._1001283B150225_161107_H12","HMDB0062551",-0.385053049277493,-0.129273108725164,138,73,0.0614402616358202,0.130076764293652,"4-Ethylphenylsulfate","CCC1=CC=C(OS(O)(=O)=O)C=C1",NA,NA,NA,NA,NA
"s__Schaalia_sp._ORNL0103","HMDB0062551",0.195458231954582,0.393176410058525,136,72,0.146355670754186,0.226979681051848,"4-Ethylphenylsulfate","CCC1=CC=C(OS(O)(=O)=O)C=C1",NA,NA,NA,NA,NA
"s__Streptococcus_sp._343_SSPC","HMDB0062551",-0.30167453842851,-0.0758551307847082,136,71,0.11528115599208,0.192288968194789,"4-Ethylphenylsulfate","CCC1=CC=C(OS(O)(=O)=O)C=C1",NA,NA,NA,NA,NA
"s__Streptococcus_sp._A12","HMDB0062551",-0.339620524826846,-0.0387197724039829,135,75,0.0321395646734183,0.0842905564076443,"4-Ethylphenylsulfate","CCC1=CC=C(OS(O)(=O)=O)C=C1",NA,NA,NA,NA,NA
"s__Veillonella_sp._CLA_AA_H247","HMDB0062551",0.439279791518597,0.382747130692336,134,74,0.639472233871403,0.69989480715059,"4-Ethylphenylsulfate","CCC1=CC=C(OS(O)(=O)=O)C=C1",NA,NA,NA,NA,NA
"s__Actinomyces_sp._oral_taxon_181","HMDB0062551",0.386310190369541,0.223953823953824,95,55,0.300419078791209,0.390264036934374,"4-Ethylphenylsulfate","CCC1=CC=C(OS(O)(=O)=O)C=C1",NA,NA,NA,NA,NA
"s__Actinomyces_sp._ph3","HMDB0062551",0.40812976353332,0.245202386711821,85,53,0.307799654502488,0.393794175622999,"4-Ethylphenylsulfate","CCC1=CC=C(OS(O)(=O)=O)C=C1",NA,NA,NA,NA,NA
"s__Actinomyces_sp._ph3","HMDB0000512",0.36531170607778,0.114336397355265,85,53,0.136609075178909,0.215780243748505,"N-Acetylphenylalanine","CC(=O)N[C@@H](CC1=CC=CC=C1)C(O)=O","Organic compounds","Organic acids and derivatives","Carboxylic acids and derivatives","Amino acids, peptides, and analogues","Phenylalanine and derivatives"
"s__Lachnoanaerobaculum_saburreum","HMDB0304809",0.0953600123015415,-0.537346580946815,116,59,2.35305970894948e-05,0.00245306474657983,"Pretyrosine","[H][C@](N)(CC1(C=CC([H])(O)C=C1)C(O)=O)C(O)=O","Organic compounds","Organic acids and derivatives","Carboxylic acids and derivatives","Amino acids, peptides, and analogues","L-alpha-amino acids"
"s__Veillonella_rogosae","HMDB0004186",0.275990884311185,0.123904576436222,139,79,0.26815284808133,0.357251557986947,"3-Methyldioxyindole","CC1(O)C(=O)NC2=CC=CC=C12","Organic compounds","Organoheterocyclic compounds","Indoles and derivatives","Indolines","Indolines"
"s__Leptotrichia_sp._oral_taxon_218","HMDB0029952",0.339799331103679,0.284982498079057,91,52,0.729334840657606,0.783846980809849,"altromanno-Heptose","OCC(O)C1OC(O)C(O)C(O)C1O","Organic compounds","Organic oxygen compounds","Organooxygen compounds","Carbohydrates and carbohydrate conjugates","Monosaccharides"
"s__Streptococcus_parasanguinis","HMDB0304934",0.341910722720831,0.356815968841285,145,79,0.911048586376235,0.933433072527985,"4-Allylpyrocatechol sulfate","OC1=C(OS(O)(=O)=O)C=CC(CC=C)=C1","Organic compounds","Organic acids and derivatives","Organic sulfuric acids and derivatives","Arylsulfates","Phenylsulfates"
"s__Haemophilus_parainfluenzae","HMDB0304934",-0.335812075248695,-0.0489763401155806,143,78,0.0363573318866249,0.0897101029391869,"4-Allylpyrocatechol sulfate","OC1=C(OS(O)(=O)=O)C=CC(CC=C)=C1","Organic compounds","Organic acids and derivatives","Organic sulfuric acids and derivatives","Arylsulfates","Phenylsulfates"
"s__Neisseria_sicca","HMDB0304934",-0.306928706106371,-0.185116623472788,137,73,0.377919816097392,0.46331903216873,"4-Allylpyrocatechol sulfate","OC1=C(OS(O)(=O)=O)C=CC(CC=C)=C1","Organic compounds","Organic acids and derivatives","Organic sulfuric acids and derivatives","Arylsulfates","Phenylsulfates"
"s__Veillonella_atypica","HMDB0304934",0.309058898847631,0.11389875946838,143,78,0.152446658170204,0.232858082259982,"4-Allylpyrocatechol sulfate","OC1=C(OS(O)(=O)=O)C=CC(CC=C)=C1","Organic compounds","Organic acids and derivatives","Organic sulfuric acids and derivatives","Arylsulfates","Phenylsulfates"
"s__Prevotella_histicola","HMDB0304934",0.40071283234784,-0.00554765291607397,130,75,0.00368034294780347,0.0247532743424846,"4-Allylpyrocatechol sulfate","OC1=C(OS(O)(=O)=O)C=CC(CC=C)=C1","Organic compounds","Organic acids and derivatives","Organic sulfuric acids and derivatives","Arylsulfates","Phenylsulfates"
"s__Neisseria_subflava","HMDB0304934",-0.327982083600759,-0.252682763246144,130,71,0.581515304015214,0.643859803734344,"4-Allylpyrocatechol sulfate","OC1=C(OS(O)(=O)=O)C=CC(CC=C)=C1","Organic compounds","Organic acids and derivatives","Organic sulfuric acids and derivatives","Arylsulfates","Phenylsulfates"
"s__Streptococcus_australis","HMDB0304934",-0.378615063097822,-0.0661148977604674,144,79,0.0198936406680582,0.0669003883756474,"4-Allylpyrocatechol sulfate","OC1=C(OS(O)(=O)=O)C=CC(CC=C)=C1","Organic compounds","Organic acids and derivatives","Organic sulfuric acids and derivatives","Arylsulfates","Phenylsulfates"
"s__Streptococcus_rubneri","HMDB0304934",-0.376154801147309,-0.141870787440408,141,78,0.0786046883316033,0.150921691135809,"4-Allylpyrocatechol sulfate","OC1=C(OS(O)(=O)=O)C=CC(CC=C)=C1","Organic compounds","Organic acids and derivatives","Organic sulfuric acids and derivatives","Arylsulfates","Phenylsulfates"
"s__Haemophilus_sputorum","HMDB0304934",-0.309438793727875,-0.195953520164046,133,76,0.405978176911256,0.487875791850126,"4-Allylpyrocatechol sulfate","OC1=C(OS(O)(=O)=O)C=CC(CC=C)=C1","Organic compounds","Organic acids and derivatives","Organic sulfuric acids and derivatives","Arylsulfates","Phenylsulfates"
"s__Streptococcus_sp._HSISS2","HMDB0304934",0.298826391870617,0.313465481886535,136,76,0.917051494178282,0.937279381989692,"4-Allylpyrocatechol sulfate","OC1=C(OS(O)(=O)=O)C=CC(CC=C)=C1","Organic compounds","Organic acids and derivatives","Organic sulfuric acids and derivatives","Arylsulfates","Phenylsulfates"
"s__Lautropia_mirabilis","HMDB0304934",-0.359884853247685,-0.458257713248639,112,57,0.486214225918742,0.564766942083887,"4-Allylpyrocatechol sulfate","OC1=C(OS(O)(=O)=O)C=CC(CC=C)=C1","Organic compounds","Organic acids and derivatives","Organic sulfuric acids and derivatives","Arylsulfates","Phenylsulfates"
"s__Streptococcus_sp._Marseille_Q3533","HMDB0304934",-0.274822869668539,-0.109829118250171,142,76,0.235272254618766,0.324862682702071,"4-Allylpyrocatechol sulfate","OC1=C(OS(O)(=O)=O)C=CC(CC=C)=C1","Organic compounds","Organic acids and derivatives","Organic sulfuric acids and derivatives","Arylsulfates","Phenylsulfates"
"s__Megasphaera_micronuciformis","HMDB0304934",0.41886164326557,0.102450268931956,92,52,0.0543924663675773,0.119247039466533,"4-Allylpyrocatechol sulfate","OC1=C(OS(O)(=O)=O)C=CC(CC=C)=C1","Organic compounds","Organic acids and derivatives","Organic sulfuric acids and derivatives","Arylsulfates","Phenylsulfates"
"s__Prevotella_salivae","HMDB0304934",0.309155145929339,-0.23957658997463,125,70,0.000225104118793477,0.00722064750283691,"4-Allylpyrocatechol sulfate","OC1=C(OS(O)(=O)=O)C=CC(CC=C)=C1","Organic compounds","Organic acids and derivatives","Organic sulfuric acids and derivatives","Arylsulfates","Phenylsulfates"
"s__Streptococcus_sp._XMC","HMDB0304934",-0.288434184420157,-0.0218492176386913,138,75,0.0603450593808514,0.129045588522128,"4-Allylpyrocatechol sulfate","OC1=C(OS(O)(=O)=O)C=CC(CC=C)=C1","Organic compounds","Organic acids and derivatives","Organic sulfuric acids and derivatives","Arylsulfates","Phenylsulfates"
"s__Rothia_sp._HMSC062F03","HMDB0304934",0.400839016347253,0.515817923186344,132,75,0.327572333271248,0.412681761251089,"4-Allylpyrocatechol sulfate","OC1=C(OS(O)(=O)=O)C=CC(CC=C)=C1","Organic compounds","Organic acids and derivatives","Organic sulfuric acids and derivatives","Arylsulfates","Phenylsulfates"
"s__Rothia_sp._HMSC072E10","HMDB0304934",0.423222124670764,0.431677156608663,135,74,0.951411961421694,0.960626605115851,"4-Allylpyrocatechol sulfate","OC1=C(OS(O)(=O)=O)C=CC(CC=C)=C1","Organic compounds","Organic acids and derivatives","Organic sulfuric acids and derivatives","Arylsulfates","Phenylsulfates"
"s__Streptococcus_sp._1001283B150225_161107_H12","HMDB0304934",-0.382975371527595,-0.132111563618413,138,73,0.0666026630518646,0.136143678885429,"4-Allylpyrocatechol sulfate","OC1=C(OS(O)(=O)=O)C=CC(CC=C)=C1","Organic compounds","Organic acids and derivatives","Organic sulfuric acids and derivatives","Arylsulfates","Phenylsulfates"
"s__Streptococcus_sp._343_SSPC","HMDB0304934",-0.301316731071991,-0.12092555331992,136,71,0.204410114243924,0.293927647033505,"4-Allylpyrocatechol sulfate","OC1=C(OS(O)(=O)=O)C=CC(CC=C)=C1","Organic compounds","Organic acids and derivatives","Organic sulfuric acids and derivatives","Arylsulfates","Phenylsulfates"
"s__Streptococcus_sp._A12","HMDB0304934",-0.335352648522095,-0.061479374110953,135,75,0.0505583967026912,0.116479842127195,"4-Allylpyrocatechol sulfate","OC1=C(OS(O)(=O)=O)C=CC(CC=C)=C1","Organic compounds","Organic acids and derivatives","Organic sulfuric acids and derivatives","Arylsulfates","Phenylsulfates"
"s__Veillonella_sp._CLA_AA_H247","HMDB0304934",0.384525991595905,0.46088115512773,134,74,0.535309588127822,0.600064780240059,"4-Allylpyrocatechol sulfate","OC1=C(OS(O)(=O)=O)C=CC(CC=C)=C1","Organic compounds","Organic acids and derivatives","Organic sulfuric acids and derivatives","Arylsulfates","Phenylsulfates"
"s__Actinomyces_sp._oral_taxon_181","HMDB0304934",0.407488801791713,0.3001443001443,95,55,0.476458768971427,0.556535873000239,"4-Allylpyrocatechol sulfate","OC1=C(OS(O)(=O)=O)C=CC(CC=C)=C1","Organic compounds","Organic acids and derivatives","Organic sulfuric acids and derivatives","Arylsulfates","Phenylsulfates"
"s__Actinomyces_sp._ph3","HMDB0304934",0.44438147351964,0.271649733913885,85,53,0.267400982042112,0.357251557986947,"4-Allylpyrocatechol sulfate","OC1=C(OS(O)(=O)=O)C=CC(CC=C)=C1","Organic compounds","Organic acids and derivatives","Organic sulfuric acids and derivatives","Arylsulfates","Phenylsulfates"
"s__Streptococcus_sp._HMSC056C01","HMDB0000682",-0.0297050866424555,-0.372522214627478,142,77,0.0125331956370404,0.0543779407155142,"Indoxyl sulfate","OS(=O)(=O)OC1=CNC2=CC=CC=C12","Organic compounds","Organic acids and derivatives","Organic sulfuric acids and derivatives","Arylsulfates","Arylsulfates"
"s__Rothia_sp._HMSC062F03","HMDB0170765",0.0963825246669762,0.430327169274538,132,75,0.014108432374956,0.0571186048578314,"4-Allylphenol sulfate","OS(=O)(=O)OC1=CC=C(CC=C)C=C1","Organic compounds","Organic acids and derivatives","Organic sulfuric acids and derivatives","Arylsulfates","Phenylsulfates"
"s__Porphyromonas_somerae","HMDB0170765",-0.319176503091448,-0.0618597926727983,108,58,0.10758477202415,0.182369308675083,"4-Allylphenol sulfate","OS(=O)(=O)OC1=CC=C(CC=C)C=C1","Organic compounds","Organic acids and derivatives","Organic sulfuric acids and derivatives","Arylsulfates","Phenylsulfates"
"s__Porphyromonas_sp._KLE_1280","HMDB0170765",-0.363266745597904,-0.0729721012739881,106,53,0.0753525271425356,0.147521144687499,"4-Allylphenol sulfate","OS(=O)(=O)OC1=CC=C(CC=C)C=C1","Organic compounds","Organic acids and derivatives","Organic sulfuric acids and derivatives","Arylsulfates","Phenylsulfates"
"s__Streptococcus_parasanguinis","HMDB0304930",0.285073216816249,0.192015579357352,145,79,0.486046308474954,0.564766942083887,"3- Acetylphenol sulfate","CC(=O)C1=CC(OS(O)(=O)=O)=CC=C1","Organic compounds","Organic oxygen compounds","Organooxygen compounds","Carbonyl compounds","Alkyl-phenylketones"
"s__Prevotella_histicola","HMDB0304930",0.296579224077893,-0.0225035561877667,130,75,0.0266634212916787,0.0789857410567065,"3- Acetylphenol sulfate","CC(=O)C1=CC(OS(O)(=O)=O)=CC=C1","Organic compounds","Organic oxygen compounds","Organooxygen compounds","Carbonyl compounds","Alkyl-phenylketones"
"s__Prevotella_pallens","HMDB0304930",0.120153131294635,-0.390219578339603,128,70,0.000470411302041939,0.00817339637297869,"3- Acetylphenol sulfate","CC(=O)C1=CC(OS(O)(=O)=O)=CC=C1","Organic compounds","Organic oxygen compounds","Organooxygen compounds","Carbonyl compounds","Alkyl-phenylketones"
"s__Rothia_sp._HMSC065C12","HMDB0304930",-0.284194379189884,-0.110205583889794,142,77,0.207707125765458,0.297642169911327,"3- Acetylphenol sulfate","CC(=O)C1=CC(OS(O)(=O)=O)=CC=C1","Organic compounds","Organic oxygen compounds","Organooxygen compounds","Carbonyl compounds","Alkyl-phenylketones"
"s__Megasphaera_micronuciformis","HMDB0304930",0.379945440253996,0.0121232818236148,92,52,0.0300552459313872,0.0835535836892563,"3- Acetylphenol sulfate","CC(=O)C1=CC(OS(O)(=O)=O)=CC=C1","Organic compounds","Organic oxygen compounds","Organooxygen compounds","Carbonyl compounds","Alkyl-phenylketones"
"s__Rothia_aeria","HMDB0304930",-0.309120727733922,-0.35267802048624,140,73,0.746003893216164,0.794695454819834,"3- Acetylphenol sulfate","CC(=O)C1=CC(OS(O)(=O)=O)=CC=C1","Organic compounds","Organic oxygen compounds","Organooxygen compounds","Carbonyl compounds","Alkyl-phenylketones"
"s__Rothia_sp._HMSC062F03","HMDB0304930",0.287164823926576,0.275078236130868,132,75,0.924793824118742,0.937394314378391,"3- Acetylphenol sulfate","CC(=O)C1=CC(OS(O)(=O)=O)=CC=C1","Organic compounds","Organic oxygen compounds","Organooxygen compounds","Carbonyl compounds","Alkyl-phenylketones"
"s__Neisseria_flavescens","HMDB0304930",-0.305932461567304,-0.181656606304494,127,71,0.380120353994322,0.46331903216873,"3- Acetylphenol sulfate","CC(=O)C1=CC(OS(O)(=O)=O)=CC=C1","Organic compounds","Organic oxygen compounds","Organooxygen compounds","Carbonyl compounds","Alkyl-phenylketones"
"s__Veillonella_sp._CLA_AA_H247","HMDB0304930",0.301342909512587,0.315275823768974,134,74,0.922320620891404,0.937394314378391,"3- Acetylphenol sulfate","CC(=O)C1=CC(OS(O)(=O)=O)=CC=C1","Organic compounds","Organic oxygen compounds","Organooxygen compounds","Carbonyl compounds","Alkyl-phenylketones"
"s__Rothia_sp._HMSC065C12","HMDB0041785",-0.288046086367932,-0.128319049371681,142,77,0.245199835313459,0.335240430576106,"Tyrosol 4-sulfate","OCCC1=CC=C(OS(O)(=O)=O)C=C1","Organic compounds","Organic acids and derivatives","Organic sulfuric acids and derivatives","Arylsulfates","Phenylsulfates"
"s__Neisseria_flavescens","HMDB0041785",-0.293377390326209,-0.170154258886653,127,71,0.387198517468115,0.467135485835241,"Tyrosol 4-sulfate","OCCC1=CC=C(OS(O)(=O)=O)C=C1","Organic compounds","Organic acids and derivatives","Organic sulfuric acids and derivatives","Arylsulfates","Phenylsulfates"
"s__Prevotella_intermedia","HMDB0039539",-0.284848938266063,-0.189559032716927,134,75,0.489959295314594,0.567536183739405,"13-Tetradecene-1,3-diyne-6,7-diol","OC(CCCCCC=C)C(O)CC#CC#C","Organic compounds","Lipids and lipid-like molecules","Fatty Acyls","Fatty alcohols","Fatty alcohols"
"s__Porphyromonas_bobii","HMDB0039539",0.04703552708212,0.467532467532468,101,55,0.00789850747518804,0.0416921217361192,"13-Tetradecene-1,3-diyne-6,7-diol","OC(CCCCCC=C)C(O)CC#CC#C","Organic compounds","Lipids and lipid-like molecules","Fatty Acyls","Fatty alcohols","Fatty alcohols"
"s__Streptococcus_sp._1001283B150225_161107_H12","HMDB0039539",0.145293603264009,0.383777613229668,138,73,0.0821684067148864,0.154934757571267,"13-Tetradecene-1,3-diyne-6,7-diol","OC(CCCCCC=C)C(O)CC#CC#C","Organic compounds","Lipids and lipid-like molecules","Fatty Acyls","Fatty alcohols","Fatty alcohols"
"s__Streptococcus_sp._343_SSPC","HMDB0039539",0.139750011926912,0.394366197183099,136,71,0.0660802495629244,0.136014706227476,"13-Tetradecene-1,3-diyne-6,7-diol","OC(CCCCCC=C)C(O)CC#CC#C","Organic compounds","Lipids and lipid-like molecules","Fatty Acyls","Fatty alcohols","Fatty alcohols"
"s__Porphyromonas_pasteri","HMDB0039539",0.120093185789167,0.479388125486129,101,57,0.0189040972584494,0.0646148242358475,"13-Tetradecene-1,3-diyne-6,7-diol","OC(CCCCCC=C)C(O)CC#CC#C","Organic compounds","Lipids and lipid-like molecules","Fatty Acyls","Fatty alcohols","Fatty alcohols"
"s__Streptococcus_sp._HMSC062D07","HMDB0039539",0.283835895422031,0.147004893840337,138,78,0.318408562850338,0.403575594858939,"13-Tetradecene-1,3-diyne-6,7-diol","OC(CCCCCC=C)C(O)CC#CC#C","Organic compounds","Lipids and lipid-like molecules","Fatty Acyls","Fatty alcohols","Fatty alcohols"
"s__Streptococcus_sp._A12","HMDB0039539",0.185328260657497,0.406429587482219,135,75,0.0988887032895707,0.172538030425736,"13-Tetradecene-1,3-diyne-6,7-diol","OC(CCCCCC=C)C(O)CC#CC#C","Organic compounds","Lipids and lipid-like molecules","Fatty Acyls","Fatty alcohols","Fatty alcohols"
"s__Streptococcus_sp._Marseille_Q4154","HMDB0039539",0.284013032734906,0.243493348756507,140,77,0.759645107839876,0.803989873018346,"13-Tetradecene-1,3-diyne-6,7-diol","OC(CCCCCC=C)C(O)CC#CC#C","Organic compounds","Lipids and lipid-like molecules","Fatty Acyls","Fatty alcohols","Fatty alcohols"
"s__Actinomyces_sp._S6_Spd3","HMDB0245432",-0.372670530255214,0.116214650852409,98,62,0.00229625433771171,0.0184141934389574,"2,3,4,6-Tetrachlorophenol","OC1=C(Cl)C(Cl)=C(Cl)C=C1Cl","Organic compounds","Benzenoids","Phenols","Halophenols","P-chlorophenols"
"s__Veillonella_rogosae","HMDB0062720",0.0893516242906296,-0.380550146056475,139,79,0.000663681040763648,0.0102501849629052,"Thymol Sulfate","CC(C)C1=C(OS(O)(=O)=O)C=C(C)C=C1","Organic compounds","Organic acids and derivatives","Organic sulfuric acids and derivatives","Arylsulfates","Phenylsulfates"
"s__Actinomyces_sp._oral_taxon_181","HMDB0000623",-0.347536394176932,-0.27950937950938,95,55,0.660391944644653,0.720899059991676,"Dodecanedioic acid","OC(=O)CCCCCCCCCCC(O)=O","Organic compounds","Lipids and lipid-like molecules","Fatty Acyls","Fatty acids and conjugates","Medium-chain fatty acids"
"s__Schaalia_sp._ORNL0103","HMDB0304915",0.0157101283335719,-0.422149334362338,136,72,0.00180467903073209,0.0167233590181174,"2-(4-Methoxyphenyl)ethyl hydrogen sulfate","COC1=CC=C(CCOS(O)(=O)=O)C=C1","Organic compounds","Benzenoids","Phenols","Tyrosols and derivatives","Tyrosols and derivatives"
"s__Gemella_sanguinis","HMDB0038978",-0.278082701012442,-0.0269230769230769,140,79,0.071426530918456,0.1411604900142,"(1beta,2beta,5beta)-p-Menth-3-ene-1,2,5-triol","CC(C)C1=CC(O)C(C)(O)CC1O","Organic compounds","Lipids and lipid-like molecules","Prenol lipids","Monoterpenoids","Menthane monoterpenoids"
"s__Veillonella_dispar","HMDB0034450",-0.288211201943596,-0.120727373891931,143,78,0.221173730358234,0.31370559714076,"Neocnidilide","CCCCC1OC(=O)C2=CCCCC12","Organic compounds","Organoheterocyclic compounds","Isobenzofurans",NA,"Isobenzofurans"
"s__Streptococcus_sp._HSISS2","HMDB0034450",-0.092099613568055,-0.465099111414901,136,76,0.00502143816110178,0.0294921086363302,"Neocnidilide","CCCCC1OC(=O)C2=CCCCC12","Organic compounds","Organoheterocyclic compounds","Isobenzofurans",NA,"Isobenzofurans"
"s__Rothia_sp._HMSC062F03","HMDB0034450",-0.29155296290692,-0.072176386913229,132,75,0.122258756437885,0.201509491836355,"Neocnidilide","CCCCC1OC(=O)C2=CCCCC12","Organic compounds","Organoheterocyclic compounds","Isobenzofurans",NA,"Isobenzofurans"
"s__Actinomyces_sp._oral_taxon_181","HMDB0034450",-0.35793673012318,-0.127561327561328,95,55,0.157001079032349,0.237208152016267,"Neocnidilide","CCCCC1OC(=O)C2=CCCCC12","Organic compounds","Organoheterocyclic compounds","Isobenzofurans",NA,"Isobenzofurans"
"s__Actinomyces_sp._ph3","HMDB0034450",-0.35421145202267,-0.0716819867763264,85,53,0.0978450344490805,0.171434367080952,"Neocnidilide","CCCCC1OC(=O)C2=CCCCC12","Organic compounds","Organoheterocyclic compounds","Isobenzofurans",NA,"Isobenzofurans"
"s__Haemophilus_haemolyticus","HMDB0030987",0.316888196090877,0.0459666915363118,137,78,0.0510832998158243,0.116869004520658,"2-Carboxy-4-dodecanolide","CCCCCCCCC1CC(C(O)=O)C(=O)O1","Organic compounds","Organoheterocyclic compounds","Lactones","Gamma butyrolactones","Gamma butyrolactones"
"s__Lachnoanaerobaculum_sp._ICM7","HMDB0002261",-0.387268743914314,0.00112755461592671,79,44,0.0355971105054531,0.0890706704018841,"2-Hydroxymyristic acid","CCCCCCCCCCCCC(O)C(O)=O","Organic compounds","Lipids and lipid-like molecules","Fatty Acyls","Fatty acids and conjugates","Long-chain fatty acids"
"s__Streptococcus_anginosus","HMDB0125171",0.0226669881842296,-0.394109055501461,144,79,0.00214810348612712,0.0182807990554083,"3-[4-(sulfooxy)phenyl]propanoic acid","OC(=O)CCC1=CC=C(OS(O)(=O)=O)C=C1","Organic compounds","Organic acids and derivatives","Organic sulfuric acids and derivatives","Arylsulfates","Phenylsulfates"
"s__Lachnoanaerobaculum_saburreum","HMDB0062775",0.302640987198708,-0.0420222092343659,116,59,0.03086657953753,0.0841424929332794,"4-Vinylphenol sulfate","OS(=O)(=O)OC1=CC=C(C=C)C=C1","Organic compounds","Organic acids and derivatives","Organic sulfuric acids and derivatives","Arylsulfates","Phenylsulfates"
"s__Prevotella_histicola","HMDB0013713",0.318816315940406,0.0803698435277383,130,75,0.091314168144676,0.164129345329008,"N-Acetyltryptophan","CC(=O)N[C@@H](CC1=CNC2=C1C=CC=C2)C(O)=O","Organic compounds","Organic acids and derivatives","Carboxylic acids and derivatives","Amino acids, peptides, and analogues","N-acyl-L-alpha-amino acids"
"s__Veillonella_parvula","HMDB0013713",0.331084408549197,0.170881749829118,143,77,0.232957988452335,0.322735817889115,"N-Acetyltryptophan","CC(=O)N[C@@H](CC1=CNC2=C1C=CC=C2)C(O)=O","Organic compounds","Organic acids and derivatives","Carboxylic acids and derivatives","Amino acids, peptides, and analogues","N-acyl-L-alpha-amino acids"
"s__Megasphaera_micronuciformis","HMDB0013713",0.468489434828846,-0.0509690087936481,92,52,0.0017721866632408,0.0167233590181174,"N-Acetyltryptophan","CC(=O)N[C@@H](CC1=CNC2=C1C=CC=C2)C(O)=O","Organic compounds","Organic acids and derivatives","Carboxylic acids and derivatives","Amino acids, peptides, and analogues","N-acyl-L-alpha-amino acids"
"s__Actinomyces_sp._oral_taxon_181","HMDB0013713",0.36959686450168,0.0885281385281385,95,55,0.0858114967235092,0.157843623710247,"N-Acetyltryptophan","CC(=O)N[C@@H](CC1=CNC2=C1C=CC=C2)C(O)=O","Organic compounds","Organic acids and derivatives","Carboxylic acids and derivatives","Amino acids, peptides, and analogues","N-acyl-L-alpha-amino acids"
"s__Streptococcus_pneumoniae","HMDB0000413",-0.148964729963785,0.425754625121714,145,79,2.31242108931607e-05,0.00245306474657983,"3-Hydroxydodecanedioic acid","OC(CCCCCCCCC(O)=O)CC(O)=O","Organic compounds","Organic acids and derivatives","Hydroxy acids and derivatives","Medium-chain hydroxy acids and derivatives","Medium-chain hydroxy acids and derivatives"
"s__Haemophilus_haemolyticus","HMDB0000413",-0.16473761830978,0.449765424448969,137,78,7.20683878745988e-06,0.00150262588718538,"3-Hydroxydodecanedioic acid","OC(CCCCCCCCC(O)=O)CC(O)=O","Organic compounds","Organic acids and derivatives","Hydroxy acids and derivatives","Medium-chain hydroxy acids and derivatives","Medium-chain hydroxy acids and derivatives"
"s__Alloprevotella_sp._oral_taxon_473","HMDB0038804",0.326236239514321,0.0687501922544526,106,58,0.107497722766994,0.182369308675083,"3,4-Dihydro-6-hydroxy-2,5,7,8-tetramethyl-2H-1-benzopyran-2-carboxylic acid","CC1=C(O)C(C)=C2CCC(C)(OC2=C1C)C(O)=O","Organic compounds","Organoheterocyclic compounds","Benzopyrans","1-benzopyrans","1-benzopyrans"
"s__Neisseria_sp._HMSC071A01","HMDB0254432",-0.300013548299688,-0.219872504485246,121,68,0.57590702858975,0.640408615791802,"Menadione bisulfite","CC1(CC(=O)C2=CC=CC=C2C1=O)S(O)(=O)=O","Organic compounds","Benzenoids","Naphthalenes","Naphthoquinones","Naphthoquinones"
"s__Neisseria_flavescens","HMDB0254432",-0.318235611173603,-0.231354795439302,127,71,0.53136097197898,0.600064780240059,"Menadione bisulfite","CC1(CC(=O)C2=CC=CC=C2C1=O)S(O)(=O)=O","Organic compounds","Benzenoids","Naphthalenes","Naphthoquinones","Naphthoquinones"
"s__Streptococcus_sp._HMSC074B11","HMDB0247904",0.127447919177017,0.38651222195526,142,78,0.0527727808359107,0.118952700586891,"2-(p-Acetamidophenyl)-2-ethylglutarimide","CCC1(CCC(=O)NC1=O)C1=CC=C(NC(C)=O)C=C1","Organic compounds","Organoheterocyclic compounds","Piperidines","Phenylpiperidines","Phenylpiperidines"
"s__Streptococcus_sp._SK140","HMDB0247904",0.0737360332206002,0.395262632104737,141,77,0.0176754941501618,0.0629972740223714,"2-(p-Acetamidophenyl)-2-ethylglutarimide","CCC1(CCC(=O)NC1=O)C1=CC=C(NC(C)=O)C=C1","Organic compounds","Organoheterocyclic compounds","Piperidines","Phenylpiperidines","Phenylpiperidines"
"s__Streptococcus_salivarius","HMDB0062363",-0.313194772476775,0.0762658227848101,145,79,0.00500375240211951,0.0294921086363302,"6-Hydroxy-3-oxotetradecenoic acid","CCCCC\C=C/C[C@H](O)CCC(=O)CC(O)=O","Organic compounds","Lipids and lipid-like molecules","Fatty Acyls","Fatty acids and conjugates","Long-chain fatty acids"
"s__Streptococcus_gordonii","HMDB0000394",-0.276499763816722,-0.205306718597858,145,79,0.592944419743267,0.654121224954874,"3-Hydroxytetradecanedioic acid","OC(CCCCCCCCCCC(O)=O)CC(O)=O","Organic compounds","Lipids and lipid-like molecules","Fatty Acyls","Fatty acids and conjugates","Long-chain fatty acids"
"s__Haemophilus_parahaemolyticus","HMDB0013272",-0.325441636851521,-0.00736381760884944,129,72,0.0279697003013818,0.0798860618196999,"N-Lauroylglycine","CCCCCCCCCCCC(=O)NCC(O)=O","Organic compounds","Organic acids and derivatives","Carboxylic acids and derivatives","Amino acids, peptides, and analogues","N-acyl-alpha amino acids"
"s__Neisseria_meningitidis","HMDB0013272",-0.290869183494293,-0.131180654338549,135,75,0.253274718115147,0.342907654071482,"N-Lauroylglycine","CCCCCCCCCCCC(=O)NCC(O)=O","Organic compounds","Organic acids and derivatives","Carboxylic acids and derivatives","Amino acids, peptides, and analogues","N-acyl-alpha amino acids"
"s__Prevotella_pallens","HMDB0240719",-0.119300494414942,0.424792231650774,128,70,0.000167498010658872,0.00706751391187656,"Metanephrine sulfate","CNCC(O)C1=CC(OC)=C(OS(O)(=O)=O)C=C1","Organic compounds","Organic acids and derivatives","Organic sulfuric acids and derivatives","Arylsulfates","Phenylsulfates"
"s__Campylobacter_concisus","HMDB0061117",0.0112054351812994,-0.441978916605782,122,66,0.0019588202264811,0.0173793198817578,"3-(3,5-dihydroxyphenyl)-1-propanoic acid sulphate","OC1=CC(CCC(=O)OS(O)(=O)=O)=CC(O)=C1","Organic compounds","Benzenoids","Phenols","Benzenediols","Resorcinols"
"s__Streptococcus_intermedius","HMDB0061117",0.357813579255885,0.125355657001227,137,78,0.0856621341359396,0.157843623710247,"3-(3,5-dihydroxyphenyl)-1-propanoic acid sulphate","OC1=CC(CCC(=O)OS(O)(=O)=O)=CC(O)=C1","Organic compounds","Benzenoids","Phenols","Benzenediols","Resorcinols"
"s__Gemella_morbillorum","HMDB0006344",0.146678372841674,0.45239313116551,135,69,0.0253117063551874,0.0776101584567145,"Phenylacetylglutamine","NC(=O)CC[C@H](NC(=O)CC1=CC=CC=C1)C(O)=O","Organic compounds","Organic acids and derivatives","Carboxylic acids and derivatives","Amino acids, peptides, and analogues","N-acyl-alpha amino acids"
"s__Porphyromonas_bobii","HMDB0036093",0.0573558532323821,0.467388167388167,101,55,0.00945107291291251,0.0462862914096947,"Abscisic acid","C\C(\C=C\C1(O)C(C)=CC(=O)CC1(C)C)=C/C(O)=O","Organic compounds","Lipids and lipid-like molecules","Prenol lipids","Sesquiterpenoids","Abscisic acids and derivatives"
"s__Streptococcus_sp._343_SSPC","HMDB0036093",0.129597824531272,0.383501006036217,136,71,0.0685108866474543,0.138952158471097,"Abscisic acid","C\C(\C=C\C1(O)C(C)=CC(=O)CC1(C)C)=C/C(O)=O","Organic compounds","Lipids and lipid-like molecules","Prenol lipids","Sesquiterpenoids","Abscisic acids and derivatives"
"s__Porphyromonas_pasteri","HMDB0036093",0.121129877693652,0.486647653616801,101,57,0.0165422084009085,0.0625495472199085,"Abscisic acid","C\C(\C=C\C1(O)C(C)=CC(=O)CC1(C)C)=C/C(O)=O","Organic compounds","Lipids and lipid-like molecules","Prenol lipids","Sesquiterpenoids","Abscisic acids and derivatives"
"s__Streptococcus_sp._HMSC062D07","HMDB0036093",0.277899673279466,0.137849492279872,138,78,0.308863068198765,0.393871252106682,"Abscisic acid","C\C(\C=C\C1(O)C(C)=CC(=O)CC1(C)C)=C/C(O)=O","Organic compounds","Lipids and lipid-like molecules","Prenol lipids","Sesquiterpenoids","Abscisic acids and derivatives"
"s__Streptococcus_sp._A12","HMDB0036093",0.170836991513023,0.385263157894737,135,75,0.113719304858317,0.190445582835013,"Abscisic acid","C\C(\C=C\C1(O)C(C)=CC(=O)CC1(C)C)=C/C(O)=O","Organic compounds","Lipids and lipid-like molecules","Prenol lipids","Sesquiterpenoids","Abscisic acids and derivatives"
"s__Streptococcus_sp._Marseille_Q4154","HMDB0036093",0.278502547506068,0.226536621273463,140,77,0.697834007741477,0.753877671575637,"Abscisic acid","C\C(\C=C\C1(O)C(C)=CC(=O)CC1(C)C)=C/C(O)=O","Organic compounds","Lipids and lipid-like molecules","Prenol lipids","Sesquiterpenoids","Abscisic acids and derivatives"
"s__Gemella_morbillorum","HMDB0059772",0.128363086528144,0.397990500548045,135,69,0.0546191475733998,0.119247039466533,"N-Phenylacetylglutamic acid","OC(=O)CC[C@H](NC(=O)CC1=CC=CC=C1)C(O)=O","Organic compounds","Organic acids and derivatives","Carboxylic acids and derivatives","Amino acids, peptides, and analogues","Glutamic acid and derivatives"
"s__Prevotella_histicola","HMDB0240474",0.310770323232599,-0.121706970128023,130,75,0.00275335288524157,0.0216631727008629,"5-(3',5'-Dihydroxyphenyl)-valerolactone sulfate","OC1=CC(OS(O)(=O)=O)=CC(CC2CCC(=O)O2)=C1","Organic compounds","Organic acids and derivatives","Organic sulfuric acids and derivatives","Arylsulfates","Phenylsulfates"
"s__Streptococcus_rubneri","HMDB0240474",-0.280568517487906,-0.109776299649717,141,78,0.215224126577095,0.307357742406331,"5-(3',5'-Dihydroxyphenyl)-valerolactone sulfate","OC1=CC(OS(O)(=O)=O)=CC(CC2CCC(=O)O2)=C1","Organic compounds","Organic acids and derivatives","Organic sulfuric acids and derivatives","Arylsulfates","Phenylsulfates"
"s__Prevotella_salivae","HMDB0240474",0.357658986175115,-0.135963607733357,125,70,0.000823933136462384,0.0107199255604689,"5-(3',5'-Dihydroxyphenyl)-valerolactone sulfate","OC1=CC(OS(O)(=O)=O)=CC(CC2CCC(=O)O2)=C1","Organic compounds","Organic acids and derivatives","Organic sulfuric acids and derivatives","Arylsulfates","Phenylsulfates"
"s__Prevotella_intermedia","HMDB0240474",0.298370303869126,0.0404836415362731,134,75,0.0694135317743496,0.13916078245146,"5-(3',5'-Dihydroxyphenyl)-valerolactone sulfate","OC1=CC(OS(O)(=O)=O)=CC(CC2CCC(=O)O2)=C1","Organic compounds","Organic acids and derivatives","Organic sulfuric acids and derivatives","Arylsulfates","Phenylsulfates"
"s__Rothia_aeria","HMDB0240474",-0.281358378342918,-0.255584351474762,140,73,0.845968719911917,0.879723082801171,"5-(3',5'-Dihydroxyphenyl)-valerolactone sulfate","OC1=CC(OS(O)(=O)=O)=CC(CC2CCC(=O)O2)=C1","Organic compounds","Organic acids and derivatives","Organic sulfuric acids and derivatives","Arylsulfates","Phenylsulfates"
"s__Streptococcus_sp._XMC","HMDB0240474",-0.28558936411645,-0.0287339971550498,138,75,0.0702645308534397,0.140192867779351,"5-(3',5'-Dihydroxyphenyl)-valerolactone sulfate","OC1=CC(OS(O)(=O)=O)=CC(CC2CCC(=O)O2)=C1","Organic compounds","Organic acids and derivatives","Organic sulfuric acids and derivatives","Arylsulfates","Phenylsulfates"
"s__Veillonella_sp._CLA_AA_H247","HMDB0240474",0.363328719809474,0.164457608293225,134,74,0.145505813655528,0.226979681051848,"5-(3',5'-Dihydroxyphenyl)-valerolactone sulfate","OC1=CC(OS(O)(=O)=O)=CC(CC2CCC(=O)O2)=C1","Organic compounds","Organic acids and derivatives","Organic sulfuric acids and derivatives","Arylsulfates","Phenylsulfates"
"s__Actinomyces_sp._S6_Spd3","HMDB0029156",0.121537274703696,0.440558031779608,98,62,0.0358845866367303,0.0890706704018841,"Glutamylphenylalanine","N[C@@H](CCC(O)=O)C(=O)N[C@@H](CC1=CC=CC=C1)C(O)=O","Organic compounds","Organic acids and derivatives","Carboxylic acids and derivatives","Amino acids, peptides, and analogues","Dipeptides"
"s__Prevotella_histicola","HMDB0240516",0.290608911769927,-0.0693598862019915,130,75,0.0128288792048375,0.0545881900858903,"Ethyl gallate 3-sulfate","CCOC(=O)C1=CC(O)=C(O)C(OS(O)(=O)=O)=C1","Organic compounds","Benzenoids","Benzene and substituted derivatives","Benzoic acids and derivatives","Gallic acid and derivatives"
"s__Veillonella_dispar","HMDB0240516",0.277106109852589,0.0689816512601323,143,78,0.133102838542721,0.211041382784466,"Ethyl gallate 3-sulfate","CCOC(=O)C1=CC(O)=C(O)C(OS(O)(=O)=O)=C1","Organic compounds","Benzenoids","Benzene and substituted derivatives","Benzoic acids and derivatives","Gallic acid and derivatives"
"s__Veillonella_sp._CLA_AA_H247","HMDB0240516",0.302804274367511,0.0190596075527582,134,74,0.0471416746411609,0.10955126103813,"Ethyl gallate 3-sulfate","CCOC(=O)C1=CC(O)=C(O)C(OS(O)(=O)=O)=C1","Organic compounds","Benzenoids","Benzene and substituted derivatives","Benzoic acids and derivatives","Gallic acid and derivatives"
"s__Actinomyces_sp._oral_taxon_181","HMDB0240516",0.355361142217245,0.0549062049062049,95,55,0.0692314919951666,0.13916078245146,"Ethyl gallate 3-sulfate","CCOC(=O)C1=CC(O)=C(O)C(OS(O)(=O)=O)=C1","Organic compounds","Benzenoids","Benzene and substituted derivatives","Benzoic acids and derivatives","Gallic acid and derivatives"
"s__Haemophilus_sputorum","HMDB0251802",-0.0068607747319452,-0.417334244702666,133,76,0.00294758240630828,0.0218337266190996,"Endothion","COC1=COC(CSP(=O)(OC)OC)=CC1=O","Organic compounds","Organoheterocyclic compounds","Pyrans","Pyranones and derivatives","Pyranones and derivatives"
"s__Porphyromonas_somerae","HMDB0030916",0.000809778311278783,0.5033990587222,108,58,0.000980566606184274,0.0113582298549678,"2-Hydroxyacorenone","CC(C)C1C(O)CC(C)C11CC=C(C)C(=O)C1","Organic compounds","Organic oxygen compounds","Organooxygen compounds","Carbonyl compounds","Cyclohexenones"
"s__Gemella_morbillorum","HMDB0011686",0.139771729587357,0.477383997077092,135,69,0.0126490653462947,0.0543779407155142,"p-Cresol glucuronide","CC1=CC=C(O[C@@H]2O[C@@H]([C@@H](O)[C@H](O)[C@H]2O)C(O)=O)C=C1","Organic compounds","Organic oxygen compounds","Organooxygen compounds","Carbohydrates and carbohydrate conjugates","Phenolic glycosides"
"s__Actinomyces_sp._S6_Spd3","HMDB0000672",-0.331573679143635,-0.0879101508398177,98,62,0.123262304093924,0.202061438815694,"Hexadecanedioic acid","OC(=O)CCCCCCCCCCCCCCC(O)=O","Organic compounds","Lipids and lipid-like molecules","Fatty Acyls","Fatty acids and conjugates","Long-chain fatty acids"
"s__Prevotella_nanceiensis","HMDB0112102",-0.311799430516008,-0.171072094668467,120,72,0.324140686781921,0.4095959587517,"5-pentyl-2-furannonanoic acid","CCCCCC1=CC=C(CCCCCCCCC(O)=O)O1","Organic compounds","Lipids and lipid-like molecules","Fatty Acyls","Fatty acids and conjugates","Furanoid fatty acids"
"s__Solobacterium_moorei","HMDB0034750",0.0879891497002296,0.422006112809114,92,60,0.0344206236721367,0.087164920993833,"Isopentyl betaglucoside","CC(C)CCOC1OC(CO)C(O)C(O)C1O","Organic compounds","Lipids and lipid-like molecules","Fatty Acyls","Fatty acyl glycosides","Fatty acyl glycosides of mono- and disaccharides"
"s__Lancefieldella_parvula","HMDB0029978",-0.312928338545479,0.193631353337416,113,70,0.00084777822714893,0.0107199255604689,"Avenoleic acid","CCCC(O)C\C=C/C\C=C/CCCCCCCC(O)=O","Organic compounds","Lipids and lipid-like molecules","Fatty Acyls","Lineolic acids and derivatives","Lineolic acids and derivatives"
"s__Porphyromonas_somerae","HMDB0029978",-0.0418512484876199,-0.424036420683503,108,58,0.0144291071622164,0.0572669423561758,"Avenoleic acid","CCCC(O)C\C=C/C\C=C/CCCCCCCC(O)=O","Organic compounds","Lipids and lipid-like molecules","Fatty Acyls","Lineolic acids and derivatives","Lineolic acids and derivatives"
"s__Streptococcus_sp._1001283B150225_161107_H12","HMDB0029978",0.0849998515944464,-0.393897321979514,138,73,0.000711747453928871,0.0102970691393576,"Avenoleic acid","CCCC(O)C\C=C/C\C=C/CCCCCCCC(O)=O","Organic compounds","Lipids and lipid-like molecules","Fatty Acyls","Lineolic acids and derivatives","Lineolic acids and derivatives"
"s__Streptococcus_sp._A12","HMDB0029978",0.0681348161155009,-0.374110953058321,135,75,0.00174471552713329,0.0167233590181174,"Avenoleic acid","CCCC(O)C\C=C/C\C=C/CCCCCCCC(O)=O","Organic compounds","Lipids and lipid-like molecules","Fatty Acyls","Lineolic acids and derivatives","Lineolic acids and derivatives"
"s__Rothia_mucilaginosa","HMDB0004667",0.27766887104393,-0.022977022977023,145,78,0.0314862681561089,0.0841652168019063,"13-HODE","CCCCC[C@H](O)\C=C\C=C/CCCCCCCC(O)=O","Organic compounds","Lipids and lipid-like molecules","Fatty Acyls","Lineolic acids and derivatives","Lineolic acids and derivatives"
"s__Haemophilus_haemolyticus","HMDB0000477",0.290962719584819,0.217086710757597,137,78,0.582098671481649,0.643859803734344,"7,10-Hexadecadienoic acid","CCCCC\C=C/C\C=C/CCCCCC(O)=O","Organic compounds","Lipids and lipid-like molecules","Fatty Acyls","Fatty acids and conjugates","Long-chain fatty acids"
"s__Streptococcus_sp._HPH0090","HMDB0000477",-0.273687580025608,-0.110889110889111,143,77,0.238911681397179,0.328799244695128,"7,10-Hexadecadienoic acid","CCCCC\C=C/C\C=C/CCCCCC(O)=O","Organic compounds","Lipids and lipid-like molecules","Fatty Acyls","Fatty acids and conjugates","Long-chain fatty acids"
"s__Actinomyces_sp._S6_Spd3","HMDB0246847",0.150941351235902,0.485986250661026,98,62,0.0234968570766222,0.0753706876996266,"5,11,14-Eicosatrienoic acid","CCCCCC=CCC=CCCCCC=CCCCC(O)=O","Organic compounds","Lipids and lipid-like molecules","Fatty Acyls","Fatty acids and conjugates","Long-chain fatty acids"
"s__Actinomyces_sp._oral_taxon_181","HMDB0246847",0.0563129899216125,0.466450216450216,95,55,0.0102973114386171,0.0487952144307199,"5,11,14-Eicosatrienoic acid","CCCCCC=CCC=CCCCCC=CCCCC(O)=O","Organic compounds","Lipids and lipid-like molecules","Fatty Acyls","Fatty acids and conjugates","Long-chain fatty acids"
"s__Actinomyces_sp._ph3","HMDB0246847",0.0770373265585304,0.476213513949363,85,53,0.0149255313301617,0.0576291348581242,"5,11,14-Eicosatrienoic acid","CCCCCC=CCC=CCCCCC=CCCCC(O)=O","Organic compounds","Lipids and lipid-like molecules","Fatty Acyls","Fatty acids and conjugates","Long-chain fatty acids"
"s__Streptococcus_parasanguinis","HMDB0033243",-0.280751062824752,-0.218330087633885,145,79,0.637248499969893,0.699296380230119,"Corchorifatty acid D","CCC(O)\C=C\C=C\C=C\C(=O)CCCCCCCC(O)=O","Organic compounds","Lipids and lipid-like molecules","Fatty Acyls","Lineolic acids and derivatives","Lineolic acids and derivatives"
"s__Neisseria_mucosa","HMDB0033243",0.35385591875595,0.172365790447982,137,74,0.182643688818696,0.269125152782319,"Corchorifatty acid D","CCC(O)\C=C\C=C\C=C\C(=O)CCCCCCCC(O)=O","Organic compounds","Lipids and lipid-like molecules","Fatty Acyls","Lineolic acids and derivatives","Lineolic acids and derivatives"
"s__Neisseria_sicca","HMDB0033243",0.360035096234622,0.0507836603727015,137,73,0.0274783619299152,0.079572756422046,"Corchorifatty acid D","CCC(O)\C=C\C=C\C=C\C(=O)CCCCCCCC(O)=O","Organic compounds","Lipids and lipid-like molecules","Fatty Acyls","Lineolic acids and derivatives","Lineolic acids and derivatives"
"s__Neisseria_subflava","HMDB0033243",0.395944229745046,0.208920187793427,130,71,0.168864090215567,0.25329613532335,"Corchorifatty acid D","CCC(O)\C=C\C=C\C=C\C(=O)CCCCCCCC(O)=O","Organic compounds","Lipids and lipid-like molecules","Fatty Acyls","Lineolic acids and derivatives","Lineolic acids and derivatives"
"s__Veillonella_dispar","HMDB0033243",-0.338192324107817,-0.0384552156704055,143,78,0.0289031821239949,0.0814366685520667,"Corchorifatty acid D","CCC(O)\C=C\C=C\C=C\C(=O)CCCCCCCC(O)=O","Organic compounds","Lipids and lipid-like molecules","Fatty Acyls","Lineolic acids and derivatives","Lineolic acids and derivatives"
"s__Haemophilus_haemolyticus","HMDB0033243",0.290785371590718,0.16824947204694,137,78,0.368875722615915,0.455092237665196,"Corchorifatty acid D","CCC(O)\C=C\C=C\C=C\C(=O)CCCCCCCC(O)=O","Organic compounds","Lipids and lipid-like molecules","Fatty Acyls","Lineolic acids and derivatives","Lineolic acids and derivatives"
"s__Veillonella_parvula","HMDB0033243",-0.274286746117732,-0.175193227824807,143,77,0.466484259785324,0.547578319345408,"Corchorifatty acid D","CCC(O)\C=C\C=C\C=C\C(=O)CCCCCCCC(O)=O","Organic compounds","Lipids and lipid-like molecules","Fatty Acyls","Lineolic acids and derivatives","Lineolic acids and derivatives"
"s__Streptococcus_timonensis","HMDB0033243",0.289072928869153,0.247370983446933,142,79,0.74974950817408,0.795535737680894,"Corchorifatty acid D","CCC(O)\C=C\C=C\C=C\C(=O)CCCCCCCC(O)=O","Organic compounds","Lipids and lipid-like molecules","Fatty Acyls","Lineolic acids and derivatives","Lineolic acids and derivatives"
"s__Streptococcus_sp._Marseille_Q3533","HMDB0033243",0.27646162647661,0.311414900888585,142,76,0.79706533988438,0.83511619781856,"Corchorifatty acid D","CCC(O)\C=C\C=C\C=C\C(=O)CCCCCCCC(O)=O","Organic compounds","Lipids and lipid-like molecules","Fatty Acyls","Lineolic acids and derivatives","Lineolic acids and derivatives"
"s__Neisseria_sp._HMSC071A01","HMDB0033243",0.372923723072754,0.214452036492728,121,68,0.259888022633992,0.350722671321601,"Corchorifatty acid D","CCC(O)\C=C\C=C\C=C\C(=O)CCCCCCCC(O)=O","Organic compounds","Lipids and lipid-like molecules","Fatty Acyls","Lineolic acids and derivatives","Lineolic acids and derivatives"
"s__Neisseria_meningitidis","HMDB0033243",0.374675641400839,0.0619630156472262,135,75,0.0239397210475845,0.0756277551275966,"Corchorifatty acid D","CCC(O)\C=C\C=C\C=C\C(=O)CCCCCCCC(O)=O","Organic compounds","Lipids and lipid-like molecules","Fatty Acyls","Lineolic acids and derivatives","Lineolic acids and derivatives"
"s__Streptococcus_sp._XMC","HMDB0033243",0.280233065213967,0.256187766714082,138,75,0.85526322487236,0.884974602411351,"Corchorifatty acid D","CCC(O)\C=C\C=C\C=C\C(=O)CCCCCCCC(O)=O","Organic compounds","Lipids and lipid-like molecules","Fatty Acyls","Lineolic acids and derivatives","Lineolic acids and derivatives"
"s__Neisseria_flavescens","HMDB0033243",0.392007639670041,0.14916163648558,127,71,0.0808939474827335,0.15403094109726,"Corchorifatty acid D","CCC(O)\C=C\C=C\C=C\C(=O)CCCCCCCC(O)=O","Organic compounds","Lipids and lipid-like molecules","Fatty Acyls","Lineolic acids and derivatives","Lineolic acids and derivatives"
"s__Veillonella_sp._CLA_AA_H247","HMDB0033243",-0.335976757814935,-0.148552388004443,134,74,0.17550877501879,0.261143646517119,"Corchorifatty acid D","CCC(O)\C=C\C=C\C=C\C(=O)CCCCCCCC(O)=O","Organic compounds","Lipids and lipid-like molecules","Fatty Acyls","Lineolic acids and derivatives","Lineolic acids and derivatives"
"s__Veillonella_sp._S13053_19","HMDB0240502",0.28284043663197,0.0488311688311688,138,76,0.0968775809635713,0.171177759583937,"Dihydroresveratrol 4'-sulfate","OC1=CC(CCC2=CC=C(OS(O)(=O)=O)C=C2)=CC(O)=C1","Organic compounds","Phenylpropanoids and polyketides","Stilbenes",NA,"Stilbenes"
"s__Veillonella_sp._CLA_AA_H247","HMDB0240502",0.327273407399095,-0.123465383191411,134,74,0.00172701869041771,0.0167233590181174,"Dihydroresveratrol 4'-sulfate","OC1=CC(CCC2=CC=C(OS(O)(=O)=O)C=C2)=CC(O)=C1","Organic compounds","Phenylpropanoids and polyketides","Stilbenes",NA,"Stilbenes"
"s__Streptococcus_sp._HMSC056C01","HMDB0028831",0.0949871225567959,-0.392791419107209,142,77,0.000421315157699175,0.0080843503357906,"Glutamyltyrosine","N[C@@H](CCC(O)=O)C(=O)N[C@@H](CC1=CC=C(O)C=C1)C(O)=O","Organic compounds","Organic acids and derivatives","Carboxylic acids and derivatives","Amino acids, peptides, and analogues","Dipeptides"
"s__Granulicatella_adiacens","HMDB0010314",0.290089473008262,0.107103422892897,141,77,0.185385623200978,0.272203538291576,"BetaGlucopyranuronic acid","O[C@@H]1[C@@H](O)[C@H](OC(=O)C2=CC=CC=C2O)O[C@@H]([C@H]1O)C(O)=O","Organic compounds","Organic oxygen compounds","Organooxygen compounds","Carbohydrates and carbohydrate conjugates","O-glucuronides"
"s__Granulicatella_sp._HMSC30F09","HMDB0010314",0.305841282879385,0.0528651360216091,137,72,0.0767079643813662,0.148088986791804,"BetaGlucopyranuronic acid","O[C@@H]1[C@@H](O)[C@H](OC(=O)C2=CC=CC=C2O)O[C@@H]([C@H]1O)C(O)=O","Organic compounds","Organic oxygen compounds","Organooxygen compounds","Carbohydrates and carbohydrate conjugates","O-glucuronides"
"s__Granulicatella_adiacens","HMDB0302281",0.0487135579434051,-0.381986434618014,141,77,0.00185552002416653,0.0168206923929879,"9,10-Dihydroxystearic acid","CCCCCCCCC(O)C(O)CCCCCCCC(O)=O","Organic compounds","Lipids and lipid-like molecules","Fatty Acyls","Fatty acids and conjugates","Long-chain fatty acids"
"s__Streptococcus_cristatus","HMDB0011134",0.0613616268788683,0.363218111002921,144,79,0.0258876152855377,0.0781237893532719,"5-HETE","CCCCC\C=C/C\C=C/C\C=C/C=C/[C@@H](O)CCCC(O)=O","Organic compounds","Lipids and lipid-like molecules","Fatty Acyls","Eicosanoids","Hydroxyeicosatetraenoic acids"
"s__Neisseria_flavescens","HMDB0240527",-0.329126827896513,-0.0942655935613682,127,71,0.102118000082928,0.176663576323334,"Homovanillyl alcohol glucuronide","[H][C@@]1(OC2=C(OC)C=C(CCO)C=C2)O[C@]([H])(C(O)=O)[C@@]([H])(O)[C@]([H])(O)[C@@]1([H])O","Organic compounds","Organic oxygen compounds","Organooxygen compounds","Carbohydrates and carbohydrate conjugates","Phenolic glycosides"
"s__Fusobacterium_pseudoperiodonticum","HMDB0000207",0.321987638030419,-0.0468006345848757,120,61,0.0182846879246768,0.0635392905382519,"Oleic acid","CCCCCCCC\C=C/CCCCCCCC(O)=O","Organic compounds","Lipids and lipid-like molecules","Fatty Acyls","Fatty acids and conjugates","Long-chain fatty acids"
"s__Veillonella_parvula","HMDB0251316",0.342222331658951,-0.0471633629528366,143,77,0.00512509499616122,0.0296828418527671,"Dihydroguaiaretic acid","COC1=CC(CC(C)C(C)CC2=CC=C(O)C(OC)=C2)=CC=C1O","Organic compounds","Lignans, neolignans and related compounds","Dibenzylbutane lignans",NA,"Dibenzylbutane lignans"
"s__Fusobacterium_periodonticum","HMDB0004710",0.0547133512889573,-0.451401230348599,114,56,0.00130193905224984,0.0139207329432867,"9,10,13-TriHOME","CCCCC[C@H](O)\C=C\[C@@H](O)[C@@H](O)CCCCCCCC(O)=O","Organic compounds","Lipids and lipid-like molecules","Fatty Acyls","Fatty acids and conjugates","Long-chain fatty acids"
"s__Actinomyces_sp._ph3","HMDB0001976",0.0975962478014462,0.451378809869376,85,53,0.0320036538374001,0.0842905564076443,"Docosapentaenoic acid (22n-6)","CCCCC\C=C/C\C=C/C\C=C/C\C=C/C\C=C/CCC(O)=O","Organic compounds","Lipids and lipid-like molecules","Fatty Acyls","Fatty acids and conjugates","Very long-chain fatty acids"
"s__Streptococcus_sp._M334","HMDB0012851",-0.303729533876372,-0.16597326723909,142,78,0.307858276386325,0.393794175622999,"7'-Carboxy-gamma-tocotrienol","C\C(CCC(O)=O)=C/CC[C@]1(C)CCC2=CC(O)=C(C)C(C)=C2O1","Organic compounds","Organoheterocyclic compounds","Benzopyrans","1-benzopyrans","1-benzopyrans"
"s__Veillonella_parvula","HMDB0012851",0.317221510883483,-0.078999947421,143,77,0.00472141970897066,0.0289534120388348,"7'-Carboxy-gamma-tocotrienol","C\C(CCC(O)=O)=C/CC[C@]1(C)CCC2=CC(O)=C(C)C(C)=C2O1","Organic compounds","Organoheterocyclic compounds","Benzopyrans","1-benzopyrans","1-benzopyrans"
"s__Actinomyces_oris","HMDB0012851",0.307552463247671,0.022200956937799,134,76,0.04367186433598,0.104063813874878,"7'-Carboxy-gamma-tocotrienol","C\C(CCC(O)=O)=C/CC[C@]1(C)CCC2=CC(O)=C(C)C(C)=C2O1","Organic compounds","Organoheterocyclic compounds","Benzopyrans","1-benzopyrans","1-benzopyrans"
"s__Lachnoanaerobaculum_saburreum","HMDB0060054",0.304886018529197,0.136528345996493,116,59,0.277786209824526,0.367622088016589,"bicyclo-PGE2","CCCCC1[C@H]2CC(=O)[C@H](C\C=C/CCCC(O)=O)[C@H]2CCC1=O","Organic compounds","Lipids and lipid-like molecules","Fatty Acyls","Eicosanoids","Prostaglandins and related compounds"
"s__Haemophilus_haemolyticus","HMDB0002689",0.281451266638042,0.2251545922432,137,78,0.674293296383005,0.732240376540919,"13,14-Dihydro PGE1","CCCCC[C@H](O)CC[C@H]1[C@H](O)CC(=O)[C@@H]1CCCCCCC(O)=O","Organic compounds","Lipids and lipid-like molecules","Fatty Acyls","Eicosanoids","Prostaglandins and related compounds"
"s__Megasphaera_micronuciformis","HMDB0041273",0.362128754835627,-0.0483223768462392,92,52,0.016828220627205,0.0626550714423613,"Myzodendrone","CC(=O)CCC1=CC(OC2OC(CO)C(O)C(O)C2O)=C(O)C=C1","Organic compounds","Organic oxygen compounds","Organooxygen compounds","Carbohydrates and carbohydrate conjugates","Phenolic glycosides"
"s__Streptococcus_sp._oral_taxon_431","HMDB0242141",-0.105104091310988,0.37570593962999,144,79,0.000468848222117022,0.00817339637297869,"Eicosanedioic acid","OC(=O)CCCCCCCCCCCCCCCCCCC(O)=O","Organic compounds","Lipids and lipid-like molecules","Fatty Acyls","Fatty acids and conjugates","Long-chain fatty acids"
"s__Candidatus_Nanosynbacter_sp._TM7_075","HMDB0245603",0.0184346174715138,-0.53393665158371,96,51,0.000615701063871148,0.00987489783208726,"21-Deoxycortisone","CC(=O)C1(O)CCC2C3CCC4=CC(=O)CCC4(C)C3C(=O)CC12C","Organic compounds","Lipids and lipid-like molecules","Steroids and steroid derivatives","Pregnane steroids","Gluco/mineralocorticoids, progestogins and derivatives"
"s__Rothia_sp._HMSC065C12","HMDB0010410",-0.327036763057141,-0.102476470897524,142,77,0.100738991845771,0.175033998332028,"Resolvin E1","CCC(O)\C=C\C=C/CC(O)\C=C\C=C\C=C/C(O)CCCC(O)=O","Organic compounds","Lipids and lipid-like molecules","Fatty Acyls","Eicosanoids","Hydroxyeicosapentaenoic acids"
"s__Neisseria_subflava","HMDB0304919",0.162856245476519,0.397887323943662,130,71,0.0901952333877069,0.162819966764822,"Hydroxydesmethylpiperine sulfate","[H]\C(CCC(=O)N1CCC(O)CC1)=C(\[H])C1=CC(OS(O)(=O)=O)=C(O)C=C1",NA,NA,NA,NA,NA
"s__Streptococcus_intermedius","HMDB0304919",-0.0982787910467265,-0.396982764071372,137,78,0.0268423738150174,0.0789857410567065,"Hydroxydesmethylpiperine sulfate","[H]\C(CCC(=O)N1CCC(O)CC1)=C(\[H])C1=CC(OS(O)(=O)=O)=C(O)C=C1",NA,NA,NA,NA,NA
"s__Schaalia_sp._ORNL0103","HMDB0252122",0.296450551023329,0.251881149913178,136,72,0.741810709329148,0.793166835359627,"Etretinate","CCOC(=O)C=C(C)C=CC=C(C)C=CC1=C(C)C(C)=C(OC)C=C1C","Organic compounds","Lipids and lipid-like molecules","Prenol lipids","Retinoids","Retinoid esters"
"s__Streptococcus_sp._HMSC074B11","HMDB0001442",0.284491953955544,0.0209537298144893,142,78,0.0588097795703486,0.126410711756883,"Prostaglandin E1","CCCCC[C@H](O)\C=C\[C@H]1[C@H](O)CC(=O)[C@@H]1CCCCCCC(O)=O","Organic compounds","Lipids and lipid-like molecules","Fatty Acyls","Eicosanoids","Prostaglandins and related compounds"
"s__Streptococcus_sp._Marseille_Q4154","HMDB0005060",0.0164483610679845,0.369157158630843,140,77,0.0106130669656963,0.0491738769410597,"Eicosadienoic acid","CCCCC\C=C/C\C=C/CCCCCCCCCC(O)=O","Organic compounds","Lipids and lipid-like molecules","Fatty Acyls","Fatty acids and conjugates","Long-chain fatty acids"
"s__Streptococcus_infantis","HMDB0005076",0.0335503576882887,0.364629990262902,144,79,0.0149134510040806,0.0576291348581242,"13,14-Dihydro PGF-1a","CCCCC[C@H](O)CC[C@H]1[C@H](O)C[C@H](O)[C@@H]1CCCCCCC(O)=O","Organic compounds","Lipids and lipid-like molecules","Fatty Acyls","Eicosanoids","Prostaglandins and related compounds"
"s__Streptococcus_sp._oral_taxon_431","HMDB0005076",-0.00249176111245077,0.371859785783836,144,79,0.00604361934489042,0.0340022036887672,"13,14-Dihydro PGF-1a","CCCCC[C@H](O)CC[C@H]1[C@H](O)C[C@H](O)[C@@H]1CCCCCCC(O)=O","Organic compounds","Lipids and lipid-like molecules","Fatty Acyls","Eicosanoids","Prostaglandins and related compounds"
"s__Streptococcus_cristatus","HMDB0013078",0.139699381078691,0.36840311587147,144,79,0.0863029885034445,0.157843623710247,"Stearoylethanolamide","CCCCCCCCCCCCCCCCCC(=O)NCCO","Organic compounds","Organic nitrogen compounds","Organonitrogen compounds","Amines","N-acylethanolamines"
"s__Prevotella_histicola","HMDB0062544",0.323322727334799,0.0304409672830725,130,75,0.0394251445276184,0.095583053883819,"16alpha-Hydroxy DHEA 3-sulfate","[H][C@@]12C[C@@H](O)C(=O)[C@@]1(C)CC[C@@]1([H])[C@@]2([H])CC=C2C[C@H](CC[C@]12C)OS(O)(=O)=O",NA,NA,NA,NA,NA
"s__Megasphaera_micronuciformis","HMDB0062544",0.357304686897955,0.108597285067873,92,52,0.137986137898528,0.217132903787494,"16alpha-Hydroxy DHEA 3-sulfate","[H][C@@]12C[C@@H](O)C(=O)[C@@]1(C)CC[C@@]1([H])[C@@]2([H])CC=C2C[C@H](CC[C@]12C)OS(O)(=O)=O",NA,NA,NA,NA,NA
"s__Veillonella_nakazawae","HMDB0062544",0.296813390290624,0.158933697881066,138,76,0.315893362502045,0.40160832976632,"16alpha-Hydroxy DHEA 3-sulfate","[H][C@@]12C[C@@H](O)C(=O)[C@@]1(C)CC[C@@]1([H])[C@@]2([H])CC=C2C[C@H](CC[C@]12C)OS(O)(=O)=O",NA,NA,NA,NA,NA
"s__Veillonella_sp._CLA_AA_H247","HMDB0062544",0.287133256025636,0.130514624213254,134,74,0.265805295213255,0.356401312231278,"16alpha-Hydroxy DHEA 3-sulfate","[H][C@@]12C[C@@H](O)C(=O)[C@@]1(C)CC[C@@]1([H])[C@@]2([H])CC=C2C[C@H](CC[C@]12C)OS(O)(=O)=O",NA,NA,NA,NA,NA
"s__Rothia_sp._HMSC065C12","HMDB0041734",-0.329048536120757,-0.114963983385036,142,77,0.116496158607494,0.193541426849901,"Feruloyl C1-glucuronide","COC1=CC(\C=C\C(=O)O[C@@H]2O[C@@H]([C@@H](O)[C@H](O)[C@H]2O)C(O)=O)=CC=C1O","Organic compounds","Phenylpropanoids and polyketides","Isoflavonoids","Isoflavonoid O-glycosides","Isoflavonoid O-glycosides"
"s__Lautropia_mirabilis","HMDB0041734",-0.30674479789524,-0.123736064298678,112,57,0.247863309088544,0.337512625392224,"Feruloyl C1-glucuronide","COC1=CC(\C=C\C(=O)O[C@@H]2O[C@@H]([C@@H](O)[C@H](O)[C@H]2O)C(O)=O)=CC=C1O","Organic compounds","Phenylpropanoids and polyketides","Isoflavonoids","Isoflavonoid O-glycosides","Isoflavonoid O-glycosides"
"s__Rothia_aeria","HMDB0041734",-0.321694255537819,-0.236363075404171,140,73,0.526279035569056,0.596354233239936,"Feruloyl C1-glucuronide","COC1=CC(\C=C\C(=O)O[C@@H]2O[C@@H]([C@@H](O)[C@H](O)[C@H]2O)C(O)=O)=CC=C1O","Organic compounds","Phenylpropanoids and polyketides","Isoflavonoids","Isoflavonoid O-glycosides","Isoflavonoid O-glycosides"
"s__Streptococcus_intermedius","HMDB0041734",0.293394253924991,-0.0262648743661402,137,78,0.0232306629194775,0.0750944685071481,"Feruloyl C1-glucuronide","COC1=CC(\C=C\C(=O)O[C@@H]2O[C@@H]([C@@H](O)[C@H](O)[C@H]2O)C(O)=O)=CC=C1O","Organic compounds","Phenylpropanoids and polyketides","Isoflavonoids","Isoflavonoid O-glycosides","Isoflavonoid O-glycosides"
"s__Streptococcus_sp._M334","HMDB0240252",-0.139891573814259,-0.367645013214633,142,78,0.089889081894279,0.162819966764822,"Salicyluric betaglucuronide","O[C@@H]1[C@@H](O)[C@H](OC(=O)CNC(=O)C2=C(O)C=CC=C2)O[C@@H]([C@H]1O)C(O)=O","Organic compounds","Organic oxygen compounds","Organooxygen compounds","Carbohydrates and carbohydrate conjugates","O-glucuronides"
"s__Granulicatella_adiacens","HMDB0240252",0.318241363072049,0.012987012987013,141,77,0.0284696306021338,0.0807607888509509,"Salicyluric betaglucuronide","O[C@@H]1[C@@H](O)[C@H](OC(=O)CNC(=O)C2=C(O)C=CC=C2)O[C@@H]([C@H]1O)C(O)=O","Organic compounds","Organic oxygen compounds","Organooxygen compounds","Carbohydrates and carbohydrate conjugates","O-glucuronides"
"s__Granulicatella_sp._HMSC30F09","HMDB0240252",0.339672746280359,-0.0196154093510837,137,72,0.0120644442128176,0.0535199280504782,"Salicyluric betaglucuronide","O[C@@H]1[C@@H](O)[C@H](OC(=O)CNC(=O)C2=C(O)C=CC=C2)O[C@@H]([C@H]1O)C(O)=O","Organic compounds","Organic oxygen compounds","Organooxygen compounds","Carbohydrates and carbohydrate conjugates","O-glucuronides"
"s__Leptotrichia_sp._oral_taxon_221","HMDB0240252",-0.370306076866967,0.124576681180455,102,53,0.00322792607436393,0.022553627132027,"Salicyluric betaglucuronide","O[C@@H]1[C@@H](O)[C@H](OC(=O)CNC(=O)C2=C(O)C=CC=C2)O[C@@H]([C@H]1O)C(O)=O","Organic compounds","Organic oxygen compounds","Organooxygen compounds","Carbohydrates and carbohydrate conjugates","O-glucuronides"
"s__Streptococcus_pseudopneumoniae","HMDB0041360",0.284446587894864,0.105574488802337,144,79,0.190648840880164,0.27770351536347,"Prenyl arabinosyl-(1->6)-glucoside","CC(C)=CCOC1OC(COC2OCC(O)C(O)C2O)C(O)C(O)C1O","Organic compounds","Lipids and lipid-like molecules","Fatty Acyls","Fatty acyl glycosides","Fatty acyl glycosides of mono- and disaccharides"
"s__Streptococcus_rubneri","HMDB0041360",0.277760178089816,0.150621530368366,141,78,0.352195248884742,0.438404235178918,"Prenyl arabinosyl-(1->6)-glucoside","CC(C)=CCOC1OC(COC2OCC(O)C(O)C2O)C(O)C(O)C1O","Organic compounds","Lipids and lipid-like molecules","Fatty Acyls","Fatty acyl glycosides","Fatty acyl glycosides of mono- and disaccharides"
"s__Streptococcus_pneumoniae","HMDB0034757",-0.292398834829161,-0.0482229795520935,145,79,0.0759618376919388,0.14756548800974,"4-Methoxybenzenepropanol 1-(2-sulfoglucoside)","COC1=CC=C(CCCOC2OC(CO)C(O)C(O)C2OS(O)(=O)=O)C=C1","Organic compounds","Lipids and lipid-like molecules","Fatty Acyls","Fatty acyl glycosides","Fatty acyl glycosides of mono- and disaccharides"
"s__Rothia_sp._HMSC072B04","HMDB0034757",0.320147094285025,0.183369262316631,144,77,0.307684954420636,0.393794175622999,"4-Methoxybenzenepropanol 1-(2-sulfoglucoside)","COC1=CC=C(CCCOC2OC(CO)C(O)C(O)C2OS(O)(=O)=O)C=C1","Organic compounds","Lipids and lipid-like molecules","Fatty Acyls","Fatty acyl glycosides","Fatty acyl glycosides of mono- and disaccharides"
"s__Neisseria_sicca","HMDB0241978",0.0559019545615771,0.38732568184623,137,73,0.0175631363065218,0.0629972740223714,"N-Linoleoyl Isoleucine","CCCCCC=CCC=CCCCCCCCC(=O)NC(C(C)CC)C(O)=O",NA,NA,NA,NA,NA
"s__Neisseria_subflava","HMDB0241978",0.154061915361401,0.442689470154259,130,71,0.0344897169400059,0.087164920993833,"N-Linoleoyl Isoleucine","CCCCCC=CCC=CCCCCCCCC(=O)NC(C(C)CC)C(O)=O",NA,NA,NA,NA,NA
"s__Haemophilus_haemolyticus","HMDB0241978",0.114529467769336,0.395364129541345,137,78,0.0368887153061956,0.090485848721668,"N-Linoleoyl Isoleucine","CCCCCC=CCC=CCCCCCCCC(=O)NC(C(C)CC)C(O)=O",NA,NA,NA,NA,NA
"s__Neisseria_sp._HMSC071A01","HMDB0241978",0.149220972767918,0.413329770584418,121,68,0.0633350781970469,0.133387513172569,"N-Linoleoyl Isoleucine","CCCCCC=CCC=CCCCCCCCC(=O)NC(C(C)CC)C(O)=O",NA,NA,NA,NA,NA
"s__Alloprevotella_sp._oral_taxon_473","HMDB0241978",0.0243091417487468,0.496078009166692,106,58,0.00202198609348736,0.0175660041871714,"N-Linoleoyl Isoleucine","CCCCCC=CCC=CCCCCCCCC(=O)NC(C(C)CC)C(O)=O",NA,NA,NA,NA,NA
"s__Neisseria_flavescens","HMDB0241978",0.0552645763029621,0.403353454057679,127,71,0.0142953129963799,0.0572669423561758,"N-Linoleoyl Isoleucine","CCCCCC=CCC=CCCCCCCCC(=O)NC(C(C)CC)C(O)=O",NA,NA,NA,NA,NA
"s__Actinomyces_sp._S6_Spd3","HMDB0241978",-0.0635196909129162,-0.425801415225001,98,62,0.0192473399781963,0.0652531769992509,"N-Linoleoyl Isoleucine","CCCCCC=CCC=CCCCCCCCC(=O)NC(C(C)CC)C(O)=O",NA,NA,NA,NA,NA
"s__Streptococcus_rubneri","HMDB0040558",0.292820754313113,0.175609200925657,141,78,0.386254623433309,0.467135485835241,"Zingerone glucoside","COC1=C(OC2OC(CO)C(O)C(O)C2O)C=CC(CCC(C)=O)=C1","Organic compounds","Organic oxygen compounds","Organooxygen compounds","Carbohydrates and carbohydrate conjugates","Phenolic glycosides"
"s__Actinomyces_bouchesdurhonensis","HMDB0000391",0.115640226258704,-0.406945575712699,137,74,0.000205575698199661,0.00722064750283691,"7-Ketodeoxycholic acid","[H][C@@]12CC[C@H]([C@H](C)CCC(O)=O)[C@@]1(C)[C@@H](O)C[C@@]1([H])[C@@]2([H])C(=O)C[C@]2([H])C[C@H](O)CC[C@]12C","Organic compounds","Lipids and lipid-like molecules","Steroids and steroid derivatives","Bile acids, alcohols and derivatives","Dihydroxy bile acids, alcohols and derivatives"
"s__Veillonella_dispar","HMDB0000416",0.274812042417676,-0.0593710087380973,143,78,0.0174499849271151,0.0629972740223714,"17-Hydroxypregnenolone sulfate","[H][C@@]12CC[C@](O)(C(C)=O)[C@@]1(C)CC[C@@]1([H])[C@@]2([H])CC=C2CC(CC[C@]12C)OS(O)(=O)=O","Organic compounds","Lipids and lipid-like molecules","Steroids and steroid derivatives","Sulfated steroids","Sulfated steroids"
"s__Megasphaera_micronuciformis","HMDB0000416",0.360926590940616,0.100145137880987,92,52,0.120144515464326,0.198810567256444,"17-Hydroxypregnenolone sulfate","[H][C@@]12CC[C@](O)(C(C)=O)[C@@]1(C)CC[C@@]1([H])[C@@]2([H])CC=C2CC(CC[C@]12C)OS(O)(=O)=O","Organic compounds","Lipids and lipid-like molecules","Steroids and steroid derivatives","Sulfated steroids","Sulfated steroids"
"s__Prevotella_histicola","HMDB0247284",0.296639309563151,-0.133229018492176,130,75,0.00300012213488504,0.0218337266190996,"7-Oxoprostaglandin I2","CCCCCC(O)C=CC1C(O)CC2OC(=CCCCC(O)=O)C(=O)C12","Organic compounds","Lipids and lipid-like molecules","Fatty Acyls","Eicosanoids","Prostaglandins and related compounds"
"s__Streptococcus_cristatus","HMDB0247284",-0.0718069287034804,-0.400827653359299,144,79,0.0138067223939392,0.0570593288854162,"7-Oxoprostaglandin I2","CCCCCC(O)C=CC1C(O)CC2OC(=CCCCC(O)=O)C(=O)C12","Organic compounds","Lipids and lipid-like molecules","Fatty Acyls","Eicosanoids","Prostaglandins and related compounds"
"s__Streptococcus_australis","HMDB0247284",-0.292247407764649,-0.0227848101265823,144,79,0.0512878365162599,0.116869004520658,"7-Oxoprostaglandin I2","CCCCCC(O)C=CC1C(O)CC2OC(=CCCCC(O)=O)C(=O)C12","Organic compounds","Lipids and lipid-like molecules","Fatty Acyls","Eicosanoids","Prostaglandins and related compounds"
"s__Streptococcus_sp._F0442","HMDB0247284",-0.285355666834314,-0.175535540408958,140,79,0.416430913593533,0.498999111978457,"7-Oxoprostaglandin I2","CCCCCC(O)C=CC1C(O)CC2OC(=CCCCC(O)=O)C(=O)C12","Organic compounds","Lipids and lipid-like molecules","Fatty Acyls","Eicosanoids","Prostaglandins and related compounds"
"s__Streptococcus_anginosus","HMDB0247284",-0.11543284301905,-0.391772151898734,144,79,0.0376258846819179,0.0917543503646769,"7-Oxoprostaglandin I2","CCCCCC(O)C=CC1C(O)CC2OC(=CCCCC(O)=O)C(=O)C12","Organic compounds","Lipids and lipid-like molecules","Fatty Acyls","Eicosanoids","Prostaglandins and related compounds"
"s__Streptococcus_sp._XMC","HMDB0247284",-0.301603464927201,-0.0887908961593172,138,75,0.12861601197375,0.207885643417969,"7-Oxoprostaglandin I2","CCCCCC(O)C=CC1C(O)CC2OC(=CCCCC(O)=O)C(=O)C12","Organic compounds","Lipids and lipid-like molecules","Fatty Acyls","Eicosanoids","Prostaglandins and related compounds"
"s__Streptococcus_sp._1001283B150225_161107_H12","HMDB0247284",-0.31645771925779,0.0205479452054795,138,73,0.0184886575774691,0.063717109171939,"7-Oxoprostaglandin I2","CCCCCC(O)C=CC1C(O)CC2OC(=CCCCC(O)=O)C(=O)C12","Organic compounds","Lipids and lipid-like molecules","Fatty Acyls","Eicosanoids","Prostaglandins and related compounds"
"s__Streptococcus_sp._343_SSPC","HMDB0247284",-0.323453079528648,0.0045271629778672,136,71,0.0230511731690891,0.0750944685071481,"7-Oxoprostaglandin I2","CCCCCC(O)C=CC1C(O)CC2OC(=CCCCC(O)=O)C(=O)C12","Organic compounds","Lipids and lipid-like molecules","Fatty Acyls","Eicosanoids","Prostaglandins and related compounds"
"s__Streptococcus_sp._UMB0029","HMDB0040668",0.066361986398723,0.440761769875694,140,78,0.00490476710839167,0.0294921086363302,"Blumenol C glucoside","CC(CCC1C(C)=CC(=O)CC1(C)C)OC1OC(CO)C(O)C(O)C1O","Organic compounds","Lipids and lipid-like molecules","Fatty Acyls","Fatty acyl glycosides","Fatty acyl glycosides of mono- and disaccharides"
"s__Porphyromonas_sp._oral_taxon_279","HMDB0032622",0.00457184325108853,0.468822919367384,105,57,0.00297826305631607,0.0218337266190996,"Phenethyl rutinoside","CC1OC(OCC2OC(OCCC3=CC=CC=C3)C(O)C(O)C2O)C(O)C(O)C1O","Organic compounds","Organic oxygen compounds","Organooxygen compounds","Carbohydrates and carbohydrate conjugates","O-glycosyl compounds"
"s__Porphyromonas_endodontalis","HMDB0012643",0.0455223657903375,0.453925570228091,93,50,0.0145570644838241,0.0572669423561758,"20-Trihydroxy-leukotriene-B4","O[C@H](CCCC(O)=O)\C=C/C=C/C=C/[C@@H](O)C\C=C/CCCCC(O)(O)O","Organic compounds","Lipids and lipid-like molecules","Fatty Acyls","Eicosanoids","Leukotrienes"
"s__Streptococcus_infantis","HMDB0301778",-0.326545293786673,-0.10603700097371,144,79,0.102947839440216,0.176663576323334,"Neogitogenin","CC1C2C(CC3C4CCC5CC(O)C(O)CC5(C)C4CCC23C)OC11CCC(C)CO1","Organic compounds","Lipids and lipid-like molecules","Prenol lipids","Triterpenoids","Triterpenoids"
"s__Streptococcus_sp._oral_taxon_431","HMDB0301778",-0.340394662808456,-0.0442307692307692,144,79,0.0297018621773137,0.0831253458250993,"Neogitogenin","CC1C2C(CC3C4CCC5CC(O)C(O)CC5(C)C4CCC23C)OC11CCC(C)CO1","Organic compounds","Lipids and lipid-like molecules","Prenol lipids","Triterpenoids","Triterpenoids"
"s__Streptococcus_sp._HMSC067H01","HMDB0301778",-0.276556190288585,0.079746835443038,143,79,0.0109789828513076,0.0503102840548931,"Neogitogenin","CC1C2C(CC3C4CCC5CC(O)C(O)CC5(C)C4CCC23C)OC11CCC(C)CO1","Organic compounds","Lipids and lipid-like molecules","Prenol lipids","Triterpenoids","Triterpenoids"
"s__Veillonella_tobetsuensis","HMDB0301778",0.309282543570007,0.161735419630156,140,75,0.282112491414252,0.371106968201082,"Neogitogenin","CC1C2C(CC3C4CCC5CC(O)C(O)CC5(C)C4CCC23C)OC11CCC(C)CO1","Organic compounds","Lipids and lipid-like molecules","Prenol lipids","Triterpenoids","Triterpenoids"
"s__Streptococcus_sp._HPH0090","HMDB0301778",-0.307794904625891,-0.129265471370735,143,77,0.19112927795999,0.27770351536347,"Neogitogenin","CC1C2C(CC3C4CCC5CC(O)C(O)CC5(C)C4CCC23C)OC11CCC(C)CO1","Organic compounds","Lipids and lipid-like molecules","Prenol lipids","Triterpenoids","Triterpenoids"
"s__Streptococcus_sp._SK140","HMDB0301778",-0.335138490517574,0.0312582154687418,141,77,0.00862015298965904,0.0443778246504669,"Neogitogenin","CC1C2C(CC3C4CCC5CC(O)C(O)CC5(C)C4CCC23C)OC11CCC(C)CO1","Organic compounds","Lipids and lipid-like molecules","Prenol lipids","Triterpenoids","Triterpenoids"
"s__Streptococcus_sp._HMSC056C01","HMDB0301778",-0.354585480447033,-0.0152479099847521,142,77,0.0138201252216476,0.0570593288854162,"Neogitogenin","CC1C2C(CC3C4CCC5CC(O)C(O)CC5(C)C4CCC23C)OC11CCC(C)CO1","Organic compounds","Lipids and lipid-like molecules","Prenol lipids","Triterpenoids","Triterpenoids"
"s__Streptococcus_sp._HMSC062D07","HMDB0301778",-0.290612321314006,-0.079679813857029,138,78,0.128619894488815,0.207885643417969,"Neogitogenin","CC1C2C(CC3C4CCC5CC(O)C(O)CC5(C)C4CCC23C)OC11CCC(C)CO1","Organic compounds","Lipids and lipid-like molecules","Prenol lipids","Triterpenoids","Triterpenoids"
"s__Streptococcus_rubneri","HMDB0036846",0.281039428057708,0.0404026353393442,141,78,0.0842988816835119,0.157635128529258,"Icariside B8","CC(=O)CCC1=C(C)C(O)C(CC1(C)C)OC1OC(CO)C(O)C(O)C1O","Organic compounds","Lipids and lipid-like molecules","Prenol lipids","Terpene glycosides","Terpene glycosides"
"s__Streptococcus_pseudopneumoniae","HMDB0242498",0.285270476649787,0.156815968841285,144,79,0.341721291490323,0.428678396755182,"Hydroxyvitamin D3","CC(C)CCCC(C)(O)C1CCC2C(CCCC12C)=CC=C1CC(O)CCC1=C","Organic compounds","Lipids and lipid-like molecules","Steroids and steroid derivatives","Vitamin D and derivatives","Vitamin D and derivatives"
"s__Streptococcus_pneumoniae","HMDB0242498",0.31511572980633,0.100243427458617,145,79,0.113109355710919,0.19018790859457,"Hydroxyvitamin D3","CC(C)CCCC(C)(O)C1CCC2C(CCCC12C)=CC=C1CC(O)CCC1=C","Organic compounds","Lipids and lipid-like molecules","Steroids and steroid derivatives","Vitamin D and derivatives","Vitamin D and derivatives"
"s__Veillonella_dispar","HMDB0240607",-0.286032043074297,-0.0169324346539536,143,78,0.0534039476471433,0.118975486642583,"Glycohyocholic acid","[H][C@@]1(CC[C@@]2([H])[C@]3([H])[C@H](O)[C@H](O)[C@]4([H])C[C@H](O)CC[C@]4(C)[C@@]3([H])CC[C@]12C)[C@H](C)CCC(=O)NCC(O)=O","Organic compounds","Lipids and lipid-like molecules","Steroids and steroid derivatives","Bile acids, alcohols and derivatives","Glycinated bile acids and derivatives"
"s__Prevotella_nanceiensis","HMDB0240607",-0.337634557955414,-0.0928033957167664,120,72,0.0896980640909999,0.162819966764822,"Glycohyocholic acid","[H][C@@]1(CC[C@@]2([H])[C@]3([H])[C@H](O)[C@H](O)[C@]4([H])C[C@H](O)CC[C@]4(C)[C@@]3([H])CC[C@]12C)[C@H](C)CCC(=O)NCC(O)=O","Organic compounds","Lipids and lipid-like molecules","Steroids and steroid derivatives","Bile acids, alcohols and derivatives","Glycinated bile acids and derivatives"
"s__Veillonella_sp._CLA_AA_H247","HMDB0240607",-0.29264953428347,-0.124442798963347,134,74,0.232048317893263,0.322735817889115,"Glycohyocholic acid","[H][C@@]1(CC[C@@]2([H])[C@]3([H])[C@H](O)[C@H](O)[C@]4([H])C[C@H](O)CC[C@]4(C)[C@@]3([H])CC[C@]12C)[C@H](C)CCC(=O)NCC(O)=O","Organic compounds","Lipids and lipid-like molecules","Steroids and steroid derivatives","Bile acids, alcohols and derivatives","Glycinated bile acids and derivatives"
"s__Alloprevotella_tannerae","HMDB0296921",0.147621421449936,0.482517482517482,119,65,0.0173168816979522,0.0629972740223714,"DG(2:0/0:0/PGJ2)","CCCCC[C@H](O)\C=C\[C@@H]1[C@@H](C\C=C/CCCC(=O)OC[C@H](O)COC(C)=O)C=CC1=O",NA,NA,NA,NA,NA
"s__Streptococcus_parasanguinis","HMDB0002157",-0.286616280900646,0.178018500486855,145,79,0.000881911955641725,0.0108163907500765,"27-Norcholestanehexol","[H][C@@]1(CC[C@@]2([H])[C@]3([H])[C@H](O)C[C@]4([H])C[C@H](O)CC[C@]4(C)[C@@]3([H])C[C@H](O)[C@]12C)[C@H](C)CCC(O)C(O)CO","Organic compounds","Lipids and lipid-like molecules","Steroids and steroid derivatives","Bile acids, alcohols and derivatives","Pentahydroxy bile acids, alcohols and derivatives"
"s__Neisseria_mucosa","HMDB0060820",0.294397670207404,0.162562014068863,137,74,0.342325913955577,0.428678396755182,"Dihydroisomorphine-3-glucuronide","CN1CCC23C4OC5=C(OC6OC(C(O)C(O)C6O)C(O)=O)C=CC(CC1C2CC[C@H]4O)=C35","Organic compounds","Alkaloids and derivatives","Morphinans",NA,"Morphinans"
"s__Prevotella_pallens","HMDB0010321",0.292952298113899,-0.0788907357186598,128,70,0.0122823619931627,0.0539131047489354,"3,17-Androstanediol glucuronide","[H][C@@]12CC[C@H](O)[C@@]1(C)CC[C@@]1([H])[C@@]2([H])CC[C@@]2([H])C[C@@H](CC[C@]12C)OC(=O)[C@H]1O[C@@H](O)[C@H](O)[C@@H](O)[C@@H]1O","Organic compounds","Benzenoids","Benzene and substituted derivatives","Benzophenones","Benzophenones"
"s__Lancefieldella_parvula","HMDB0011507",-0.317261627520128,-0.0616044090630741,113,70,0.0861442006023661,0.157843623710247,"LysoPE(18:2/0:0)","[H][C@@](O)(COC(=O)CCCCCCC\C=C/C\C=C/CCCCC)COP(O)(=O)OCCN","Organic compounds","Lipids and lipid-like molecules","Glycerophospholipids","Glycerophosphoethanolamines","1-acyl-sn-glycero-3-phosphoethanolamines"
"s__Streptococcus_salivarius","HMDB0011505",0.274346559596914,0.0489532619279455,145,79,0.102716109153398,0.176663576323334,"LysoPE(18:1/0:0)","[H][C@@](O)(COC(=O)CCCCCCCCC\C=C/CCCCCC)COP(O)(=O)OCCN","Organic compounds","Lipids and lipid-like molecules","Glycerophospholipids","Glycerophosphoethanolamines","1-acyl-sn-glycero-3-phosphoethanolamines"
"s__Streptococcus_vestibularis","HMDB0011505",0.277791457368922,0.00167964946445959,143,79,0.0472883141171785,0.10955126103813,"LysoPE(18:1/0:0)","[H][C@@](O)(COC(=O)CCCCCCCCC\C=C/CCCCCC)COP(O)(=O)OCCN","Organic compounds","Lipids and lipid-like molecules","Glycerophospholipids","Glycerophosphoethanolamines","1-acyl-sn-glycero-3-phosphoethanolamines"
"s__Rothia_mucilaginosa","HMDB0296948",0.266776885529838,0.379911228012494,145,78,0.381099347803056,0.46331903216873,"DG(20:4+=O(5)/2:0/0:0)","CCCCC\C=C/C\C=C/C\C=C/C=C/C(=O)CCCC(=O)OC[C@H](CO)OC(C)=O",NA,NA,NA,NA,NA
"s__Haemophilus_parainfluenzae","HMDB0296948",-0.287296037296037,0.00598136041174016,143,78,0.035699383107839,0.0890706704018841,"DG(20:4+=O(5)/2:0/0:0)","CCCCC\C=C/C\C=C/C\C=C/C=C/C(=O)CCCC(=O)OC[C@H](CO)OC(C)=O",NA,NA,NA,NA,NA
"s__Neisseria_sicca","HMDB0296948",-0.290972053689772,-0.198475873133407,137,73,0.502927564058125,0.574776994975444,"DG(20:4+=O(5)/2:0/0:0)","CCCCC\C=C/C\C=C/C\C=C/C=C/C(=O)CCCC(=O)OC[C@H](CO)OC(C)=O",NA,NA,NA,NA,NA
"s__Neisseria_subflava","HMDB0296948",-0.285108358710347,-0.205801475519785,130,71,0.572458019000083,0.638275384820948,"DG(20:4+=O(5)/2:0/0:0)","CCCCC\C=C/C\C=C/C\C=C/C=C/C(=O)CCCC(=O)OC[C@H](CO)OC(C)=O",NA,NA,NA,NA,NA
"s__Rothia_aeria","HMDB0296948",-0.117167785528416,-0.392231272368259,140,73,0.045070616375447,0.105586781059334,"DG(20:4+=O(5)/2:0/0:0)","CCCCC\C=C/C\C=C/C\C=C/C=C/C(=O)CCCC(=O)OC[C@H](CO)OC(C)=O",NA,NA,NA,NA,NA
"s__Rothia_sp._HMSC062F03","HMDB0296948",0.433627441261029,0.45226173541963,132,75,0.882280404307854,0.906184553193043,"DG(20:4+=O(5)/2:0/0:0)","CCCCC\C=C/C\C=C/C\C=C/C=C/C(=O)CCCC(=O)OC[C@H](CO)OC(C)=O",NA,NA,NA,NA,NA
"s__Neisseria_flavescens","HMDB0296948",-0.289914932508436,-0.195137491616365,127,71,0.503102165865797,0.574776994975444,"DG(20:4+=O(5)/2:0/0:0)","CCCCC\C=C/C\C=C/C\C=C/C=C/C(=O)CCCC(=O)OC[C@H](CO)OC(C)=O",NA,NA,NA,NA,NA
"s__Rothia_sp._HMSC072E10","HMDB0296948",0.366276460833089,0.407834135505368,135,74,0.747051842420563,0.794695454819834,"DG(20:4+=O(5)/2:0/0:0)","CCCCC\C=C/C\C=C/C\C=C/C=C/C(=O)CCCC(=O)OC[C@H](CO)OC(C)=O",NA,NA,NA,NA,NA
"s__Streptococcus_sp._1001283B150225_161107_H12","HMDB0296948",-0.290954795668384,-0.051770949031223,138,73,0.0934216723378255,0.166482210960997,"DG(20:4+=O(5)/2:0/0:0)","CCCCC\C=C/C\C=C/C\C=C/C=C/C(=O)CCCC(=O)OC[C@H](CO)OC(C)=O",NA,NA,NA,NA,NA
"s__Veillonella_sp._CLA_AA_H247","HMDB0296948",0.247751218843128,0.389026286560533,134,74,0.29010075359242,0.378037544525123,"DG(20:4+=O(5)/2:0/0:0)","CCCCC\C=C/C\C=C/C\C=C/C=C/C(=O)CCCC(=O)OC[C@H](CO)OC(C)=O",NA,NA,NA,NA,NA
"s__Actinomyces_sp._oral_taxon_181","HMDB0296948",0.384042553191489,0.279004329004329,95,55,0.493751922494347,0.570345018504551,"DG(20:4+=O(5)/2:0/0:0)","CCCCC\C=C/C\C=C/C\C=C/C=C/C(=O)CCCC(=O)OC[C@H](CO)OC(C)=O",NA,NA,NA,NA,NA
"s__Actinomyces_sp._ph3","HMDB0296948",0.439144029704905,0.278261570714401,85,53,0.301386075726766,0.390304327882178,"DG(20:4+=O(5)/2:0/0:0)","CCCCC\C=C/C\C=C/C\C=C/C=C/C(=O)CCCC(=O)OC[C@H](CO)OC(C)=O",NA,NA,NA,NA,NA
"s__Streptococcus_anginosus","HMDB0296920",0.328856201269994,-0.0948149951314508,144,79,0.00224254388395487,0.0184141934389574,"DG(PGJ2/2:0/0:0)","CCCCC[C@H](O)\C=C\[C@@H]1[C@@H](C\C=C/CCCC(=O)OC[C@H](CO)OC(C)=O)C=CC1=O",NA,NA,NA,NA,NA
"s__Gemella_haemolysans","HMDB0257327",-0.274143896259569,-0.0905832147937411,142,75,0.190348991859639,0.27770351536347,"Rphdhd","CCCCCCCC(CC(=O)OC(CCCCCCC)CC(O)=O)OC1OC(C)C(O)C(O)C1O","Organic compounds","Lipids and lipid-like molecules","Fatty Acyls","Fatty acyl glycosides","Rhamnolipids"
"s__Prevotella_histicola","HMDB0257327",0.327960234333392,0.115704125177809,130,75,0.129206454433334,0.208027380303861,"Rphdhd","CCCCCCCC(CC(=O)OC(CCCCCCC)CC(O)=O)OC1OC(C)C(O)C(O)C1O","Organic compounds","Lipids and lipid-like molecules","Fatty Acyls","Fatty acyl glycosides","Rhamnolipids"
"s__Streptococcus_australis","HMDB0257327",-0.349485571899365,-0.097809152872444,144,79,0.0614511332514377,0.130076764293652,"Rphdhd","CCCCCCCC(CC(=O)OC(CCCCCCC)CC(O)=O)OC1OC(C)C(O)C(O)C1O","Organic compounds","Lipids and lipid-like molecules","Fatty Acyls","Fatty acyl glycosides","Rhamnolipids"
"s__Streptococcus_rubneri","HMDB0257327",-0.380452930348046,-0.0821077656520695,141,78,0.0268968230936506,0.0789857410567065,"Rphdhd","CCCCCCCC(CC(=O)OC(CCCCCCC)CC(O)=O)OC1OC(C)C(O)C(O)C1O","Organic compounds","Lipids and lipid-like molecules","Fatty Acyls","Fatty acyl glycosides","Rhamnolipids"
"s__Haemophilus_sputorum","HMDB0257327",-0.296421175054325,-0.229391660970608,133,76,0.620340744024916,0.682538496723984,"Rphdhd","CCCCCCCC(CC(=O)OC(CCCCCCC)CC(O)=O)OC1OC(C)C(O)C(O)C1O","Organic compounds","Lipids and lipid-like molecules","Fatty Acyls","Fatty acyl glycosides","Rhamnolipids"
"s__Rothia_dentocariosa","HMDB0257327",0.0714278898907495,0.377800814513143,136,74,0.0276808795257744,0.0796063914637788,"Rphdhd","CCCCCCCC(CC(=O)OC(CCCCCCC)CC(O)=O)OC1OC(C)C(O)C(O)C1O","Organic compounds","Lipids and lipid-like molecules","Fatty Acyls","Fatty acyl glycosides","Rhamnolipids"
"s__Lautropia_mirabilis","HMDB0257327",-0.358304575118734,-0.373152709359606,112,57,0.926154574397835,0.937394314378391,"Rphdhd","CCCCCCCC(CC(=O)OC(CCCCCCC)CC(O)=O)OC1OC(C)C(O)C(O)C1O","Organic compounds","Lipids and lipid-like molecules","Fatty Acyls","Fatty acyl glycosides","Rhamnolipids"
"s__Streptococcus_sp._Marseille_Q3533","HMDB0257327",-0.304626449367234,-0.139822282980178,142,76,0.229423773484903,0.322120247620218,"Rphdhd","CCCCCCCC(CC(=O)OC(CCCCCCC)CC(O)=O)OC1OC(C)C(O)C(O)C1O","Organic compounds","Lipids and lipid-like molecules","Fatty Acyls","Fatty acyl glycosides","Rhamnolipids"
"s__Megasphaera_micronuciformis","HMDB0257327",0.420803600326742,0.0683001792879706,92,52,0.0333028742374495,0.0857534690716914,"Rphdhd","CCCCCCCC(CC(=O)OC(CCCCCCC)CC(O)=O)OC1OC(C)C(O)C(O)C1O","Organic compounds","Lipids and lipid-like molecules","Fatty Acyls","Fatty acyl glycosides","Rhamnolipids"
"s__Prevotella_salivae","HMDB0257327",0.307379416282642,-0.190691977954685,125,70,0.000833746829940459,0.0107199255604689,"Rphdhd","CCCCCCCC(CC(=O)OC(CCCCCCC)CC(O)=O)OC1OC(C)C(O)C(O)C1O","Organic compounds","Lipids and lipid-like molecules","Fatty Acyls","Fatty acyl glycosides","Rhamnolipids"
"s__Streptococcus_sp._XMC","HMDB0257327",-0.319156417170294,-0.0880512091038407,138,75,0.097453385925246,0.171434367080952,"Rphdhd","CCCCCCCC(CC(=O)OC(CCCCCCC)CC(O)=O)OC1OC(C)C(O)C(O)C1O","Organic compounds","Lipids and lipid-like molecules","Fatty Acyls","Fatty acyl glycosides","Rhamnolipids"
"s__Rothia_sp._HMSC062F03","HMDB0257327",0.32487359968276,0.412091038406828,132,75,0.49881791758155,0.57460517025278,"Rphdhd","CCCCCCCC(CC(=O)OC(CCCCCCC)CC(O)=O)OC1OC(C)C(O)C(O)C1O","Organic compounds","Lipids and lipid-like molecules","Fatty Acyls","Fatty acyl glycosides","Rhamnolipids"
"s__Rothia_sp._HMSC072E10","HMDB0257327",0.330358013852307,0.465768233987412,135,74,0.278581726170844,0.367622088016589,"Rphdhd","CCCCCCCC(CC(=O)OC(CCCCCCC)CC(O)=O)OC1OC(C)C(O)C(O)C1O","Organic compounds","Lipids and lipid-like molecules","Fatty Acyls","Fatty acyl glycosides","Rhamnolipids"
"s__Prevotella_sp._oral_taxon_306","HMDB0257327",0.361386899793525,-0.0413109278780921,103,66,0.00940494555701197,0.0462862914096947,"Rphdhd","CCCCCCCC(CC(=O)OC(CCCCCCC)CC(O)=O)OC1OC(C)C(O)C(O)C1O","Organic compounds","Lipids and lipid-like molecules","Fatty Acyls","Fatty acyl glycosides","Rhamnolipids"
"s__Streptococcus_sp._1001283B150225_161107_H12","HMDB0257327",-0.356554616668455,-0.20816364309515,138,73,0.271888861515508,0.361075335197347,"Rphdhd","CCCCCCCC(CC(=O)OC(CCCCCCC)CC(O)=O)OC1OC(C)C(O)C(O)C1O","Organic compounds","Lipids and lipid-like molecules","Fatty Acyls","Fatty acyl glycosides","Rhamnolipids"
"s__Streptococcus_sp._343_SSPC","HMDB0257327",-0.298492438337866,-0.211971830985915,136,71,0.532576013660137,0.600064780240059,"Rphdhd","CCCCCCCC(CC(=O)OC(CCCCCCC)CC(O)=O)OC1OC(C)C(O)C(O)C1O","Organic compounds","Lipids and lipid-like molecules","Fatty Acyls","Fatty acyl glycosides","Rhamnolipids"
"s__Streptococcus_sp._A12","HMDB0257327",-0.333840600916984,-0.159544807965861,135,75,0.204104714753175,0.293927647033505,"Rphdhd","CCCCCCCC(CC(=O)OC(CCCCCCC)CC(O)=O)OC1OC(C)C(O)C(O)C1O","Organic compounds","Lipids and lipid-like molecules","Fatty Acyls","Fatty acyl glycosides","Rhamnolipids"
"s__Veillonella_sp._CLA_AA_H247","HMDB0257327",0.322390553498173,0.379992595335061,134,74,0.662373720922143,0.721174521212882,"Rphdhd","CCCCCCCC(CC(=O)OC(CCCCCCC)CC(O)=O)OC1OC(C)C(O)C(O)C1O","Organic compounds","Lipids and lipid-like molecules","Fatty Acyls","Fatty acyl glycosides","Rhamnolipids"
"s__Rothia_sp._HMSC065C12","HMDB0010327",-0.296604504276066,-0.0960881224039119,142,77,0.146420945330809,0.226979681051848,"Dehydroisoandrosterone 3-glucuronide","CC12CCC3C(CC=C4CC(CCC34C)O[C@@H]3OC([C@@H](O)[C@H](O)[C@H]3O)C(O)=O)C1CCC2=O","Organic compounds","Lipids and lipid-like molecules","Steroids and steroid derivatives","Steroidal glycosides","Steroid glucuronide conjugates"
"s__Rothia_aeria","HMDB0010327",-0.276897509348145,-0.168024188572134,140,73,0.434347564687488,0.516019756338127,"Dehydroisoandrosterone 3-glucuronide","CC12CCC3C(CC=C4CC(CCC34C)O[C@@H]3OC([C@@H](O)[C@H](O)[C@H]3O)C(O)=O)C1CCC2=O","Organic compounds","Lipids and lipid-like molecules","Steroids and steroid derivatives","Steroidal glycosides","Steroid glucuronide conjugates"
"s__Mogibacterium_diversum","HMDB0036525",-0.377936290795388,-0.0548198002605297,85,48,0.0659636083546263,0.136014706227476,"Myricanol 5-glucoside","COC1=C(OC2OC(CO)C(O)C(O)C2O)C2=CC(=C1OC)C1=C(O)C=CC(CCC(O)CCCC2)=C1","Organic compounds","Organoheterocyclic compounds","Lactones","Gamma butyrolactones","Gamma butyrolactones"
"s__Candidatus_Nanosynbacter_sp._TM7_075","HMDB0036525",-0.125257731958763,-0.504886877828054,96,51,0.016649879475803,0.0625495472199085,"Myricanol 5-glucoside","COC1=C(OC2OC(CO)C(O)C(O)C2O)C2=CC(=C1OC)C1=C(O)C=CC(CCC(O)CCCC2)=C1","Organic compounds","Organoheterocyclic compounds","Lactones","Gamma butyrolactones","Gamma butyrolactones"
"s__Rothia_sp._HMSC065C12","HMDB0010338",-0.291277496851366,-0.173957621326042,142,77,0.38759922805514,0.467135485835241,"11-Oxo-androsterone glucuronide","CC12CC(=O)C3C(CCC4CC(CCC34C)OC3OC(C(O)C(O)C3O)C(O)=O)C1CCC2=O","Organic compounds","Lipids and lipid-like molecules","Glycerolipids","Diradylglycerols","1,2-diacylglycerols"
"s__Streptococcus_sp._HMSC056C01","HMDB0255516",-0.0870238541799824,-0.392712550607287,142,77,0.023707067773228,0.0754644829117258,"Neoandrographolide","CC1(COC2OC(CO)C(O)C(O)C2O)CCCC2(C)C(CCC3=CCOC3=O)C(=C)CCC12","Organic compounds","Lipids and lipid-like molecules","Prenol lipids","Terpene glycosides","Diterpene glycosides"
"s__Candidatus_Nanosynbacter_sp._HMT_352","HMDB0242023",0.355010232771647,0.126949460149497,98,58,0.151840207127126,0.232784435191219,"N-Docosahexaenoyl Tryptophan","CCC=CCC=CCC=CCC=CCC=CCC=CCCC(=O)NC(CC1=CNC2=C1C=CC=C2)C(O)=O",NA,NA,NA,NA,NA
"s__Rothia_sp._HMSC062F03","HMDB0000054",-0.295424543315262,0.0266002844950213,132,75,0.0249693704518941,0.0771276109514064,"Bilirubin","CC1=C(C=C)\C(NC1=O)=C\C1=C(C)C(CCC(O)=O)=C(CC2=C(CCC(O)=O)C(C)=C(N2)\C=C2/NC(=O)C(C=C)=C2C)N1","Organic compounds","Organoheterocyclic compounds","Tetrapyrroles and derivatives","Bilirubins","Bilirubins"
"s__Veillonella_tobetsuensis","HMDB0002577",0.31739520237913,0.0182930298719772,140,75,0.0335199411479273,0.0857534690716914,"Cholic acid glucuronide","[H][C@@]1(CC[C@@]2([H])[C@]3([H])[C@H](O)C[C@]4([H])C[C@@H](CC[C@]4(C)[C@@]3([H])C[C@H](O)[C@]12C)O[C@]1([H])O[C@@H]([C@@H](O)[C@H](O)[C@H]1O)C(O)=O)[C@H](C)CCC(O)=O","Organic compounds","Lipids and lipid-like molecules","Steroids and steroid derivatives","Steroidal glycosides","Steroid glucuronide conjugates"
"s__Actinomyces_sp._ICM58","HMDB0010394",0.00198256836120151,-0.489774262010419,134,72,0.000328302383801432,0.00797801246059045,"LysoPC(20:3/0:0)","CCCCC\C=C/C\C=C/C\C=C/CCCCCCC(=O)OC[C@@H](O)COP([O-])(=O)OCC[N+](C)(C)C","Organic compounds","Lipids and lipid-like molecules","Glycerophospholipids","Glycerophosphocholines","1-acyl-sn-glycero-3-phosphocholines"
"s__Actinomyces_sp._oral_taxon_172","HMDB0010394",0.0591581212232192,-0.459810010960906,128,69,0.000280858234504021,0.00780573208821249,"LysoPC(20:3/0:0)","CCCCC\C=C/C\C=C/C\C=C/CCCCCCC(=O)OC[C@@H](O)COP([O-])(=O)OCC[N+](C)(C)C","Organic compounds","Lipids and lipid-like molecules","Glycerophospholipids","Glycerophosphocholines","1-acyl-sn-glycero-3-phosphocholines"
"s__Fusobacterium_periodonticum","HMDB0240259",-0.0842874789898949,0.436705399863295,114,56,0.00102370727909666,0.0115374577130623,"Stercobilin","CC[C@H]1[C@H](CC2=C(C)C(CCC(O)=O)=C(N2)\C=C2/N=C(C[C@@H]3NC(=O)[C@H](CC)[C@H]3C)C(C)=C2CCC(O)=O)NC(=O)[C@@H]1C","Organic compounds","Organoheterocyclic compounds","Tetrapyrroles and derivatives","Bilirubins","Bilirubins"
"s__Streptococcus_oralis","HMDB0010402",0.030770744764604,0.397687439143135,145,79,0.0063783605038292,0.0345425497415166,"LysoPC(22:5/0:0)","CCCCC\C=C/C\C=C/C\C=C/C\C=C/C\C=C/CCC(=O)OC[C@](O)([H])COP([O-])(=O)OCC[N+](C)(C)C","Organic compounds","Lipids and lipid-like molecules","Glycerophospholipids","Glycerophosphocholines","1-acyl-sn-glycero-3-phosphocholines"
"s__Actinomyces_sp._ICM58","HMDB0010402",0.0342173842566616,-0.50241173065792,134,72,8.85640661510239e-05,0.00527588794071099,"LysoPC(22:5/0:0)","CCCCC\C=C/C\C=C/C\C=C/C\C=C/C\C=C/CCC(=O)OC[C@](O)([H])COP([O-])(=O)OCC[N+](C)(C)C","Organic compounds","Lipids and lipid-like molecules","Glycerophospholipids","Glycerophosphocholines","1-acyl-sn-glycero-3-phosphocholines"
"s__Actinomyces_sp._oral_taxon_172","HMDB0010402",0.0668661875114448,-0.469126781147241,128,69,0.000169484746088167,0.00706751391187656,"LysoPC(22:5/0:0)","CCCCC\C=C/C\C=C/C\C=C/C\C=C/C\C=C/CCC(=O)OC[C@](O)([H])COP([O-])(=O)OCC[N+](C)(C)C","Organic compounds","Lipids and lipid-like molecules","Glycerophospholipids","Glycerophosphocholines","1-acyl-sn-glycero-3-phosphocholines"
"s__Campylobacter_concisus","HMDB0010401",-0.147977172767257,-0.449744285565181,122,66,0.0328617240760989,0.0856458683733328,"LysoPC(22:4/0:0)","CCCCC\C=C/C\C=C/C\C=C/C\C=C/CCCCCC(=O)OC[C@](O)([H])COP([O-])(=O)OCC[N+](C)(C)C","Organic compounds","Lipids and lipid-like molecules","Glycerophospholipids","Glycerophosphocholines","1-acyl-sn-glycero-3-phosphocholines"
"s__Streptococcus_anginosus","HMDB0037904",0.127730889799855,-0.400900681596884,144,79,0.000110651341102407,0.00576770115496295,"Madlongiside C","CC1(C)CCC2(CCC3(C)C(=CCC4C5(C)CC(O)C(O)C(C)(CO)C5C(O)CC34C)C2C1)C(=O)OC1OCC(O)C(O)C1O","Organic compounds","Lipids and lipid-like molecules","Prenol lipids","Triterpenoids","Triterpenoids"
