"","s__Streptococcus_mitis","s__Streptococcus_salivarius","s__Streptococcus_parasanguinis","s__Streptococcus_oralis","s__Rothia_mucilaginosa","s__Neisseria_mucosa","s__Haemophilus_parainfluenzae","s__Neisseria_sicca","s__Streptococcus_infantis","s__Schaalia_odontolytica","s__Prevotella_melaninogenica","s__Actinomyces_sp._ICM47","s__Gemella_haemolysans","s__Streptococcus_sanguinis","s__Actinomyces_graevenitzii","s__Streptococcus_pseudopneumoniae","s__Streptococcus_sp._263_SSPC","s__Veillonella_atypica","s__Haemophilus_parahaemolyticus","s__Prevotella_histicola","s__Streptococcus_cristatus","s__Streptococcus_pneumoniae","s__Neisseria_subflava","s__Streptococcus_australis","s__Veillonella_dispar","s__Gemella_sanguinis","s__Haemophilus_haemolyticus","s__Streptococcus_sp._oral_taxon_431","s__Streptococcus_rubneri","s__Streptococcus_vestibularis","s__Streptococcus_sp._M334","s__Prevotella_pallens","s__Lancefieldella_parvula","s__Prevotella_jejuni","s__Streptococcus_gordonii","s__Granulicatella_adiacens","s__Actinomyces_bouchesdurhonensis","s__Veillonella_parvula","s__Veillonella_rogosae","s__Actinomyces_oris","s__Haemophilus_sputorum","s__Rothia_sp._HMSC065C12","s__Streptococcus_sp._HSISS2","s__Rothia_dentocariosa","s__Streptococcus_timonensis","s__Lautropia_mirabilis","s__Streptococcus_sp._HMSC067H01","s__Streptococcus_sp._Marseille_Q3533","s__Rothia_sp._HMSC072B04","s__Veillonella_tobetsuensis","s__Alloprevotella_tannerae","s__Neisseria_sp._HMSC071A01","s__Megasphaera_micronuciformis","s__Neisseria_meningitidis","s__Alloprevotella_sp._oral_taxon_473","s__Prevotella_salivae","s__Streptococcus_sp._UMB0029","s__Solobacterium_moorei","s__Peptostreptococcus_stomatis","s__Veillonella_nakazawae","s__Streptococcus_sp._F0442","s__Streptococcus_sp._HPH0090","s__Prevotella_intermedia","s__Rothia_aeria","s__Streptococcus_sp._HMSC034E03","s__Streptococcus_anginosus","s__Veillonella_sp._oral_taxon_158","s__Streptococcus_sp._XMC","s__Rothia_sp._HMSC062F03","s__Actinomyces_sp._ICM58","s__Leptotrichia_wadei","s__Mogibacterium_diversum","s__Actinomyces_sp._oral_taxon_172","s__Porphyromonas_somerae","s__Porphyromonas_sp._oral_taxon_279","s__Porphyromonas_bobii","s__Neisseria_flavescens","s__Rothia_sp._HMSC072E10","s__Candidatus_Nanosynbacter_sp._HMT_352","s__Parvimonas_micra","s__Prevotella_vespertina","s__Porphyromonas_sp._KLE_1280","s__Prevotella_nanceiensis","s__Fusobacterium_pseudoperiodonticum","s__Streptococcus_sp._HMSC074B11","s__Abiotrophia_sp._HMSC24B09","s__Streptococcus_sp._SK140","s__Prevotella_sp._oral_taxon_306","s__Neisseria_sp._oral_taxon_014","s__Streptococcus_sp._HMSC061D10","s__Veillonella_sp._S13053_19","s__Haemophilus_influenzae","s__Streptococcus_sp._HMSC056C01","s__Lachnoanaerobaculum_saburreum","s__Leptotrichia_sp._oral_taxon_218","s__Alloprevotella_rava","s__Haemophilus_paraphrohaemolyticus","s__Streptococcus_sp._1001283B150225_161107_H12","s__Actinomyces_naeslundii","s__Schaalia_sp._ORNL0103","s__Streptococcus_sp._Marseille_Q6470","s__Streptococcus_sp._343_SSPC","s__Porphyromonas_pasteri","s__Porphyromonas_endodontalis","s__Campylobacter_concisus","s__Leptotrichia_sp._oral_taxon_417","s__Oribacterium_sinus","s__Streptococcus_sp._Marseille_Q0941","s__Streptococcus_sp._HMSC062D07","s__Aggregatibacter_segnis","s__Streptococcus_sp._A12","s__Fusobacterium_periodonticum","s__Streptococcus_sp._Marseille_Q4154","s__Gemella_morbillorum","s__Fusobacterium_nucleatum","s__Streptococcus_intermedius","s__Granulicatella_sp._HMSC30F09","s__Veillonella_sp._CLA_AA_H247","s__Haemophilus_sp._Marseille_Q0026","s__Leptotrichia_sp._oral_taxon_215","s__Leptotrichia_sp._oral_taxon_221","s__Streptococcus_sp._oral_taxon_061","s__Aggregatibacter_sp._2125159857","s__Abiotrophia_defectiva","s__Aggregatibacter_sp._oral_taxon_458","s__Candidatus_Nanosynbacter_sp._TM7_057","s__Lachnoanaerobaculum_orale","s__Actinomyces_sp._S6_Spd3","s__Candidatus_Nanosynbacter_sp._TM7_008","s__Candidatus_Nanosynbacter_sp._TM7_076","s__Actinomyces_sp._oral_taxon_181","s__Actinomyces_sp._ph3","s__Candidatus_Nanosynbacter_sp._TM7_087","s__Lachnoanaerobaculum_sp._ICM7","s__Candidatus_Nanosynbacter_sp._TM7_075","s__Candidatus_Nanosynbacter_sp._TM7_053"
"s__Streptococcus_mitis",0,-0.0298915457748296,-0.0853671603062021,-0.0471600919046942,0.127098396123461,0.187336663361956,0.201446505853618,0.0893525707753816,0.240443528690794,0.0717221309688858,0.0801433974541667,-0.0637364969539421,0.153747622773068,-0.068037093525975,-0.0190754538965674,0.196838034323768,0.0151205375525931,0.0230029069029566,-0.148375362711582,0.0477663418432307,-0.0270809577721804,-0.193760789767543,0.116890245251736,-0.0957234668953074,0.0607737021540153,0.0115325118889825,0.0261622989410604,0.131456007844941,-0.0194264268585252,-0.197835797161446,-0.0974326588868377,0.0262877098326629,-0.0630615711272012,-0.106755706212596,-0.0717059550315077,0.0108990300899843,-0.10758101568142,-0.115386499680246,-0.163102650883608,-0.0284715707958715,0.264302469051336,0.283149783899716,0.0448271463037854,-0.122162243439904,0.00924737767311073,-0.196621813902027,0.19768402676046,0.0360777431807396,0.286776645390088,-0.144601985308693,0.0268069923096767,0.212743507985794,0.12224930510233,0.143724803282748,0.182146547713639,0.22131790023063,-0.165573995908537,-0.108676051285771,0.385319042610397,0.051162276785159,-0.0101509176196035,0.131101940731012,0.172941495204057,0.0344909837553787,0.168434504196717,-0.10522255359015,-0.209782444248057,-0.149864659665437,0.173966163888472,0.0236378957193696,-0.0921976153060736,0.0152130592034078,0.0722178622786463,-0.029318011362076,-0.0756091517223967,0.0657091176013771,0.0143898887794724,0.105015403866938,0.0294094815001244,-0.14350198854696,0.116306821264761,0.130886029392262,0.135744774008634,-0.029310648619311,0.108671185802443,-0.0571790297899198,0.218693888887609,-0.0371819464837974,0.0936427669697345,0.139981129795711,-0.19376825836518,0.0201085321053215,0.245970101176582,0.129402798084204,-0.0225177107778418,-0.103824564850631,-0.227881961951512,-0.108356232254114,-0.0126690985035789,0.107157495214984,0.171170304493385,-0.11747392345445,0.0542840290706234,0.0606191071817088,-0.105059407142712,-0.0640470064606973,0.0106368057188495,0.091947609064462,0.0362263795748934,0.00349943249756754,-0.16357602000784,0.167069506311952,0.0409265730988683,-0.0116166097004985,-0.289186754928631,-0.0922353436577559,0.110816208846944,0.0661528294631697,-0.121477229692877,-0.149247302805566,0.0501515202526163,0.0420248374269594,0.247780862719398,0.0248838119468189,0.101823901088271,0.160539717350648,0.0925186528730814,0.103275688152821,0.00120295805386189,0.205791355983976,0.0289924135573912,-0.0419154218668597,0.115303591654494,0.0906744406204347,-0.079828291554478,0.0656840564111873
"s__Streptococcus_salivarius",-0.0298915457748296,0,-0.0811857287153505,0.0651122697512682,-0.0117793464932948,0.18515074378422,0.28638346969855,0.160556255624044,0.0068778904120495,-0.0851370129621416,0.0269433702615077,0.0261685829529993,-0.0270316899976782,0.0995474957168535,0.177730651147029,-0.0532067263025936,-0.205389310639615,0.136668038081241,0.0930450122976028,0.0872438989410022,-0.0773812532257717,-0.0904083104431148,0.0724387423235028,0.0566594400066611,0.173316839246771,-0.170761829943916,0.0678188262805438,0.0371225836993408,-0.134356828410013,0.220434114781023,0.112827392402694,0.157258170248631,0.0136373308554626,0.00407747469143814,-0.150940416048841,-0.0719507019864885,-0.0415587917481836,0.125895464866495,0.190147181013568,-0.0782391917832025,0.0257057642106377,-0.0659320768480745,-0.00544345090549869,0.196460985988084,-0.00083758260115882,-0.0548428552066574,-0.0443939144649924,-0.0456754670342597,0.0121955365641832,-0.0243034968339227,0.0946610804192302,0.179076469263285,0.0715207813912529,0.192521159962523,-0.224652520617058,0.0629816288094723,0.194285141264933,-0.164488130131642,-0.0463381735055108,0.27179864686772,0.152203224455371,-0.147431486443959,-0.110755883406755,-0.0753815758730037,-0.102323503012354,-0.240347074923422,0.135706535935062,-0.0620040182211669,-0.0654294655640033,-0.229301655784061,-0.0859909498622697,0.0184946559324389,-0.279695551927904,-0.00448955506143994,-0.0592584618579756,0.112924854751332,0.129555360637865,0.121933721879678,-0.208055648430133,-0.135638916108926,0.0310114276909339,0.0628252250038254,-0.0142200742126667,0.0229874684007945,-0.0686965580141177,0.0317668189379722,-0.0652267589565184,-0.0175581853129002,-0.0823270390874599,-0.0399749743720453,0.172614721498302,0.00397617452009069,-0.0807836095002679,-0.295788284675409,0.298211700444291,0.0940743484873423,0.0636568095137919,-0.0186610795657664,-0.117935132266863,0.00593746865975629,-0.184814577763366,-0.187007106465205,0.0452950871731318,0.00325698159543747,0.0262287110968628,-0.0186970472675075,-0.402713109031613,-0.176938845403955,-0.141506270628042,-0.164999308931608,-0.00441203368033424,0.0500286329886273,-0.0339580770657738,-0.245619984582582,-0.0413970271730346,-0.178031376910172,-0.104258586297068,0.254426754558933,0.14918112168356,-0.00766195774428438,0.148375776041766,-0.107448914688501,0.100502502146253,-0.0460635358444115,0.0124752177928237,-0.0901683498854684,0.102536770404243,0.207633273698661,-0.141398745663841,-0.11910799701106,-0.145556570244166,-0.105970211802009,0.0668583632900505,0.211158050539634,-0.160669723939332,-0.0182206151264081
"s__Streptococcus_parasanguinis",-0.0853671603062021,-0.0811857287153505,0,0.0433131935985556,0.159667127938765,0.236260915933617,0.287524625502686,0.124377839194723,0.224389911536449,0.1770072458322,0.0880556833922928,-3.14821037574742e-05,-0.140500010531065,0.00573266915376913,0.154253605324989,0.11209667517414,0.093289692002702,0.11272699573537,-0.11165184964774,-0.0198489519917703,0.0232574208263123,-0.196382118027455,0.0379203796712705,0.107229032855246,0.249301581950249,-0.0598664574598673,0.122966621848946,0.240278156070707,0.0243228909466686,-0.0320693672526067,-0.299429608590214,-0.0705123133305724,-0.0052833242534514,-0.162638971346441,0.013041272703624,0.0300885409927279,-0.0351076191118818,0.240618889131859,0.297674360198198,0.0829186305404125,-0.0281775986523142,0.122776729384283,-0.0753423532110356,0.416758857223277,0.222303509849473,-0.208063664099526,0.0718376464432402,0.0674116851921215,0.210774985598084,-0.0271611345746965,0.0306962086605848,0.127112497803233,0.0373540282126277,0.206453873772436,-0.232080105806546,-0.0474674403560938,-0.0437209838990559,-0.28980717168579,0.112903917861997,0.267031294013382,0.315840183462862,0.234978767297998,-0.020513275007662,-0.1247705318173,0.0660879961427203,-0.267694528619412,0.179093529653644,0.00767256052621662,0.342632957002906,-0.18945655848255,-0.148979055641353,-0.0291511612485152,-0.21971909718628,0.0975114310002248,-0.121568023233725,0.0939586596560341,0.0555332460788959,0.303973230998344,-0.335264053685109,0.147985368353687,-0.039856099770506,0.0178599957158281,-0.104861313999318,-0.244124781665463,0.0447286324184393,-0.342535031463387,0.141867466001064,-0.0354685506079901,-0.0766713243861231,0.15277049242229,0.233426281188315,0.0268880819950439,0.0539254120585116,-0.231385755445448,0.160831677619802,0.140409214246947,-0.0788360414892681,-0.0787430512269307,-0.0231644875509176,0.157097320354237,0.030549325604016,-0.0908441737410648,0.0786423464371645,0.0919915877159629,-0.170774168059164,-0.0768741121229501,-0.370622262138706,0.0556725137966826,0.1742851065384,0.0119249074822686,0.041425563228328,-0.0305282608496078,0.167644221495497,-0.140551436166851,-0.08597798348605,0.0995049317543135,0.0110806722136091,0.325018657127178,0.0336141735766977,0.0237620577941142,-0.0514107471909184,0.0182878445364684,0.00360752647057,-0.269637161224104,-0.0457319528079717,-0.39014864468158,-0.0440107420495544,0.236177636515162,-0.337589911315489,-0.344870146337053,0.0734703441672274,0.0694191961509907,-0.141163326602403,0.20394465465778,-0.401937753801021,-0.351939871323884
"s__Streptococcus_oralis",-0.0471600919046942,0.0651122697512682,0.0433131935985556,0,0.119517068706258,0.252209798828688,0.217425087441797,0.134855132646639,0.122918929898852,-0.0384552210279147,0.301812588668358,-0.209495546623462,0.0332873454092586,0.136834958864458,-0.15513075018563,0.0175318487157137,-0.0463729138897094,0.192646627065458,0.0786044902018202,0.177244037208132,0.0668794412679576,-0.0252136499701998,0.0209878850052364,-0.300479835485119,0.179717903997481,-0.199257490373965,0.00223587197182939,0.0552516890269784,-0.178750316371285,-0.0249405546316579,0.11999033584246,0.18483785582877,-0.080882382376148,0.00685707236815231,0.129271438513049,0.0311842433128219,-0.00908973824597337,0.0663012724454253,-0.170816442564918,-0.0713853283914061,0.10165027855219,0.158314443973831,-0.0968341531127019,-0.0569224746674898,-0.0154413364878786,-0.121536986703642,-0.00949386112753112,-0.0700424885437694,0.0447159329473245,-0.116618087541749,-0.13494408838613,0.124714866955949,0.0674571123665865,0.248991557026812,0.071271856371489,0.111032671425946,-0.21742089613308,-0.0396393192791546,0.220639858272806,0.22909456410297,-0.107099008397761,-0.0145431842489445,0.206469615437808,-0.156379681374162,0.0292270488110762,-0.00606551211181688,-0.215386736383084,-0.33613959656285,0.0737794913848439,-0.188280492677533,-0.0933259335045467,0.15128125827108,-0.15042242779282,-0.20606436313144,-0.121570633640311,-0.171437373948782,-0.111514718794976,0.0880260114090169,-0.0902169282504036,0.146643000206646,0.0409616443879348,-0.2540134951883,0.035987986743857,-0.110520389459088,0.0842796099136405,-0.0796599726162815,0.129123062229683,0.0409592469419967,-0.0614297663844417,0.0215000842713484,-0.160189877192983,0.167330337212817,0.0209562995006549,0.253170847633847,0.0552479313607578,-0.0881628607970213,-0.0347340736350938,-0.378407210389792,-0.165149978471993,0.0689408633349769,0.037268153703672,-0.402099300069147,-0.157878767093656,0.331033064382816,-0.0154745021287828,-0.0709862680613405,-0.139517521666129,-0.00421272043632689,-0.0473441382555902,0.00297325115146943,-0.354029964112867,-0.107947056639881,-0.0377481604658048,-0.046228547080821,-0.138104563376499,0.00944109242901003,0.0118624815405101,0.163220217701454,-0.143250628909062,-0.155116503226404,0.216041894655565,0.141837213215034,0.348315698980234,0.0520268416118858,0.174618389108578,0.0740949866817776,0.0184962598109873,0.205359738070738,-0.122701158625544,0.0391658815788603,0.132626772997101,0.099634482085472,0.0466738873082524,0.106978627332981,-0.120597458832503,0.0175342667254708
"s__Rothia_mucilaginosa",0.127098396123461,-0.0117793464932948,0.159667127938765,0.119517068706258,0,0.272451543448436,0.138947898402018,-0.0776868497172456,0.388604547971699,0.146592607357861,-0.129143770974588,-0.121141564377662,-0.0444299969905538,-0.0318191942429324,0.0360897611115528,0.345475469892482,0.250164150280316,-0.0833800457063371,0.193199830511591,-0.125976835079696,0.0307643672016606,-0.063645867147295,0.0870203603302176,0.167655179386146,0.0292722246279641,0.13652152730674,-0.0622046669128785,0.477564049619218,0.214918855562665,-0.0707520225719854,-0.00221612008746294,-0.209603111207884,-0.061648817761861,-0.305281938918798,0.147264967991493,0.212344928228735,-0.211580829197507,-0.0857780491325799,0.13194738463117,-0.0659624988084316,0.148486145720143,0.265449050512446,0.0474442556820147,0.282581962726039,0.229340554932629,-0.0686821470309917,0.310960833232405,0.242951103155066,0.430266163550412,-0.116972813740811,-0.197357018430935,0.017562594060918,-0.169255101249495,0.124023195845095,-0.00641319742877836,-0.253258077478287,0.00314258748678567,-0.0738358767657217,-0.0923281569044472,-0.00256839359735441,0.205059927519548,0.453305567582019,-0.369453996622794,-0.154505210569889,0.334498032486123,-0.19811432382327,0.0613149266624524,0.155470265106783,0.217137110505615,-0.0402923170538396,-0.322505533105962,-0.107576910179222,-0.252640693041021,0.225400418382336,0.146346574641941,0.254500872096827,-0.0187202862624918,0.172429844304497,-0.294096137835775,0.167914884817093,-0.243550853110274,0.180465782195653,-0.0528107901976005,0.0711211384029811,0.514105471377475,-0.0643862611137698,0.519554527264968,-0.269466031116028,-0.312247534701603,0.361999333495856,0.0761848810738064,0.135306787180605,0.407078585799543,-0.455755881197642,-0.236360311815295,-0.0907515854148668,-0.135639998584488,0.101462983747507,-0.058363407529235,0.207135064874962,0.192518947751151,0.0651494451558117,0.191133398669321,0.0904214723254177,-0.14961443184078,-0.27272533510504,-0.174156276467541,0.25909015214237,0.343594015892358,-0.139466214155102,0.0889200594447747,0.164101926414729,0.34161524281623,-0.189744385317384,0.0225724938588881,0.141964763251818,0.192867744547154,0.0564740274258981,0.161537483964964,0.312994500958812,-0.410997910616307,0.151122973783319,0.132209519832013,-0.110147231965034,-0.000491837758065862,-0.246742765789607,-0.227378041225461,-4.71143650347255e-05,-0.194490755330744,-0.350151743412554,-0.118216019036507,-0.122705581309336,-0.258115843601629,-0.0587604628078431,-0.323023029694008,-0.206715782899008
"s__Neisseria_mucosa",0.187336663361956,0.18515074378422,0.236260915933617,0.252209798828688,0.272451543448436,0,0.11670406519833,0.128826605397912,0.0799239154194732,0.123995456538098,-0.293282075023109,-0.11410903088355,-0.0127330397718662,0.136207606702323,-0.155440985732933,0.167506323511878,0.0723308698385637,-0.18551144948685,0.220356775663355,-0.0720106307695685,0.0867781481233233,0.232784764969341,0.184398471820083,-0.0634909413586684,-0.0862461211609666,-0.0303697536317874,0.152588453391149,0.0164511690323987,0.112364446562379,0.239882967620662,-0.0232206614242018,-0.36367755154609,-0.0465320685921928,-0.303529278967668,0.329569492595617,0.214467716696142,-0.0463030406802152,-0.178227892855582,-0.242440946931063,0.0357680404566313,0.368431272121759,0.0201174661740351,0.191437335533778,0.0147048778166563,-0.0370355097834021,0.0878413122907051,-0.0470628235443261,0.0132272506414917,0.104311346598465,-0.149004506019325,-0.210529106649435,0.222778820634863,-0.294349668575377,-0.00364385646367316,-0.031217439996384,-0.135832850002626,0.07338558097977,-0.345922321129212,-0.128256326075957,-0.180371473884362,-0.189428365796643,0.199692774286106,-0.0185424827864429,-0.0364941171653653,-0.0205912760254019,0.178474651077263,-0.212076971777789,-0.157151966730699,0.243246196858044,0.0374919100306028,-0.194349828601298,-0.337782026818828,0.046424014018848,-0.205269832495297,-0.0695066025132226,-0.241009375864704,0.101272131155389,0.314935137093227,0.128452244546016,-0.0720059245283815,-0.224786321460781,-0.168223776175874,-0.157061982988437,-0.0308464891822647,-0.0240150216000605,0.125022260598434,-0.018575900213883,-0.20823900206315,0.0794695600827762,-0.0325523896715791,-0.12890822674841,0.250923785393743,-0.0609103072284304,-0.131530058806608,-0.190763175325069,-0.297329355619774,0.111005083826027,-0.066873585268043,0.0874245763147796,0.195690111421384,0.178677307529166,-0.20670967346976,-0.204627396513934,0.0489276833473677,-0.21333552182804,-0.272251576032083,-0.208850304507844,0.0522012251149259,0.0644941657695064,0.039101697066018,-0.188436674878226,-0.22307497386174,0.048773499682671,-0.21514196177487,-0.202910289423844,0.089173797033396,0.0891975951673102,0.0144970138969767,0.0661108670691037,-0.0598449662345344,-0.229112829775923,0.0831146257637416,-0.210545267711859,0.109140672970159,-0.201549642458652,0.0648891960517226,-0.152540099776143,-0.246678546122521,-0.0913136081364385,-0.0460811518536458,-0.0128094642025428,0.0592439954506697,0.0225188323482366,-0.321892692150964,0.0331924866310444,0.0642352353689336
"s__Haemophilus_parainfluenzae",0.201446505853618,0.28638346969855,0.287524625502686,0.217425087441797,0.138947898402018,0.11670406519833,0,0.0464769249786997,-0.0617892520239617,-0.0430564269833182,-0.209444738116974,0.00622799503172261,0.0109002842266347,0.277111482252517,0.0406933132281827,0.167543565942088,-0.0240409557117424,-0.0391532886938336,0.200235661016125,-0.0357017512264169,0.271702653999183,0.307291089231327,0.0357186804105775,-0.217996817790736,0.0296370176144088,-0.0506840935949789,0.090338844403913,-0.0451910763926915,-0.0557211764783959,0.294687384090427,0.131808185368704,-0.105455103498536,-0.139747482305914,-0.155225428425048,0.209232684959884,0.0955248978393329,-0.00821900453685737,-0.0825958236210308,-0.374402065643226,0.24636017592293,0.0334811250860399,-0.00877416473487047,0.217334674620176,0.17771634305107,0.0885665252742,-0.0107442157528159,-0.173481918873713,0.00590687164608517,-0.112718067262847,0.027851388314216,0.0231531996953013,0.0396383259481322,-0.116345188878022,0.0999384343420704,-0.0384800878310716,-0.0926742487196164,0.0959379001940492,-0.141068991084342,-0.260392931660814,-0.0406842434441423,-0.173452312380437,-0.0377278895798491,0.00170255119271256,0.0625893667459086,-0.0376723737244174,0.393396093846524,-0.322050402340025,-0.306025856849366,0.160159067907947,-0.0262934948652044,0.290442489675825,-0.261081940260469,-0.101667126404299,-0.207575441796664,-0.0981709888593247,-0.325398112168909,0.00553024635125138,-0.0101812862787221,0.0393224900890922,0.0849148389070796,-0.255002364013232,-0.342132748862073,-0.127473623169142,0.036892122533022,-0.106048600690118,0.0793605443235573,-0.0552381090712466,-0.0422738515273681,0.0676080721365217,-0.080773955569806,-0.320194438834918,0.256436649926041,-0.0428720036253712,0.0659165776909188,0.153112371621907,-0.321624807466085,0.00402821291569072,-0.274039118224197,0.233420702129696,0.0694706604276147,0.112343666877789,-0.231378853628423,-0.284384311436691,0.0101992535758402,-0.079357491344192,0.0735136859941558,-0.0947770751602247,0.0449563930127733,-0.0160643157701783,-0.151170475124587,-0.132035315549024,-0.125711313298445,-0.0458657478887851,-0.0368987758319157,0.0764700197831212,0.240434290592565,0.066831993630437,-0.0427595470968749,0.153824748041393,-0.0385806842230788,0.159976504691749,-0.0128447745551629,0.0618192150537795,0.22352709473393,-0.0712700108098074,-0.00108033197881774,-0.00230477228908127,-0.296877697130478,-0.108271903856512,-0.182677795106698,0.0732911868080067,0.175305268681259,-0.0786466304419785,-0.10842507100756,0.0476432452622014,-0.190727104834287
"s__Neisseria_sicca",0.0893525707753816,0.160556255624044,0.124377839194723,0.134855132646639,-0.0776868497172456,0.128826605397912,0.0464769249786997,0,-0.128708595100679,0.0434475451415474,-0.116128734519672,-0.09787036074272,-0.186035577372274,0.189516519212118,-0.109987786843712,-0.0407003762389211,-0.205958583441948,0.00610238853046297,0.193151820560831,0.0725233767427103,0.0141495079702633,0.276577270861733,0.122168150254592,-0.202611665741807,-0.0902974786471562,-0.196873317190299,0.103918640509333,-0.25195671596666,-0.0435010602344177,0.294321850619163,0.0740015307041716,-0.0211300460154501,0.121261086280831,0.00452860189675364,0.0374891776313178,-0.0967337185653669,0.149692702302097,-0.0983603412698583,-0.21383669522087,0.11542516205829,0.275499198110873,-0.144683607745676,0.110850581466762,-0.167084956137977,-0.174210676911143,0.11952142532571,-0.1703762287907,-0.119950249912554,-0.115137619171631,0.0626172586052107,-0.0650236440835158,0.292925396158121,-0.0932926571774053,0.364546644593559,0.0573591446367026,0.0896940563821033,0.0534831517909077,-0.0566685612756427,-0.00784299361358026,-0.092096769549291,-0.273342135781792,-0.097605454957624,0.0923881146076145,-0.0298431431037146,-0.16989885843369,0.0735731954213088,-0.234471347537198,-0.348930703633146,0.0496087429703369,0.116269040731283,0.0372002567463881,0.106739012951862,0.188394084466505,-0.15390737537884,-0.0901342009438935,-0.0957827372952458,0.153507027856807,-0.0224512880295621,0.187457940114035,-0.0552469999828771,0.15359810429254,-0.0946007489689366,-0.116804096125034,-0.086433260411965,-0.31879709832109,0.0999779632967015,-0.278621143864115,0.104759016738552,0.0714424192395672,-0.252687561856787,-0.19767735892945,0.00100537329299555,-0.216727110211491,0.0807428176314308,0.118342799257171,-0.0559781362594899,0.107033774882633,-0.234188331196155,0.144679731950563,0.160659814247485,-0.0457022845509013,-0.222209302037523,-0.118111774351119,-0.0330218542016362,-0.186214493598662,-0.0166697470189582,-0.040553187298428,-0.132398312471248,-0.1609105681644,-0.119173360321894,-0.260485980865624,-0.151008615205152,-0.187021615359142,-0.255840272933914,-0.161863330064302,-0.0241069380842604,-0.186239484688399,-0.0377634092900049,0.042820949297244,-0.106750367351216,0.131154421877326,0.0641948698335275,-0.196676628795489,0.181641229754987,-0.142675632998701,0.281790448282255,-0.0460138802297797,-0.101842355237478,-0.040701603056162,0.157132777271398,-0.0785639755494065,-0.153159120844814,0.120559898134974,-0.179588887570442,0.151065663374483,0.103159946776804
"s__Streptococcus_infantis",0.240443528690794,0.0068778904120495,0.224389911536449,0.122918929898852,0.388604547971699,0.0799239154194732,-0.0617892520239617,-0.128708595100679,0,0.120126737241401,0.160501646149532,-0.132781587963105,-0.0509514437565912,0.10973684028522,-0.159578230213034,0.266437647254262,0.124030427227238,0.0966829652877009,0.154807746739788,-0.0394988155457999,0.212814371762213,0.0824546990741943,-0.0975362798397477,-0.132953628404345,0.141595498005393,0.0813381310968608,0.263569453777865,0.251308197831476,-0.0907252295165982,0.0181963452956276,-0.0358594295506477,-0.103769302959644,0.0095537840843339,-0.117784338521444,0.187730647497662,0.00202479004372508,-0.225526316518929,0.210958847939811,0.0455549284313201,0.135443301462608,-0.106832839857487,0.379086791091736,0.00433091507558536,0.277564641153601,-0.0551189825400573,-0.0225761287445628,-0.0739437055970674,-0.0822062135085803,0.249101400012263,-0.101352267871262,0.0902890211572508,-0.0942687221911163,-0.27030148175091,-0.0444995423769806,-0.0450825101318621,-0.0539856677342833,0.0717671781715026,-0.186875226703361,0.115578285046981,0.11894430863064,-0.107937464097375,-0.00949935300187787,-0.0112492085354093,-0.0986335792622958,-0.0239420632006431,0.0471281624234938,0.0683727077457295,-0.295275159479467,0.4856709981942,-0.148921930464124,-0.076236080365627,0.0479328181812162,-0.287551184738706,-0.04473455569663,-0.080096179748954,-0.0470156130456398,-0.0435339936207684,0.509358386250476,-0.260660467053344,0.246349232624059,-0.12609896324053,-0.120680486227739,-0.0679218745828923,-0.139225562745955,0.0547848304389436,0.026669505544024,-0.0397428463542273,-0.139664885823468,-0.206627307945087,-0.0192708061840594,0.0511199939831226,0.109796966788393,-0.0980232062528461,0.100936331020005,-0.244607162195295,-0.115591819067192,0.0493385759614914,-0.330214735638025,0.175529607015572,0.149611578062641,-0.147130201582996,-0.244110894612094,-0.0836990117676433,0.237986186655561,-0.17735882945179,-0.248566318011504,-0.184162814319606,-0.0260978007799162,-0.0423086142157376,0.181595150821004,-0.193459656140007,-0.315529308525459,0.0467318604066995,-0.0197530845434106,0.0512337541199944,0.217849987949904,-0.0699872810010973,0.106972814903742,0.302839631609722,-0.206752368903688,-0.5271038186492,-0.248479607995146,0.377079913823678,0.016699172177846,0.286425210396996,-0.151592642133117,-0.120482620033047,-0.0949824930103098,-0.165565713298542,-0.199164937610836,0.00637679806622617,0.139468122083982,-0.168923513783389,-0.043907084156089,-0.226519865448205,-0.112800101477236
"s__Schaalia_odontolytica",0.0717221309688858,-0.0851370129621416,0.1770072458322,-0.0384552210279147,0.146592607357861,0.123995456538098,-0.0430564269833182,0.0434475451415474,0.120126737241401,0,-0.143142480240836,-0.0569202976736987,-0.032438588777018,-0.157257393169885,-0.0719212756241177,0.0968532203023342,0.157187822849802,-0.131084035681314,0.00766738200331102,-0.262903639507666,0.2030374621956,-0.0475624212218907,0.00942775057497869,0.194352201239868,0.0122668237542055,0.196617240045877,0.0798018662318398,0.160553359140566,0.0619102638168355,0.129767090456343,0.0576053872920377,-0.242367538092096,-0.14162952623448,-0.261737065805606,0.0347639130088693,-0.119833991743085,-0.13616718333461,-0.0321559521991984,0.179777041984287,0.197198223480872,-0.218542756647186,0.0784085961268783,0.0885235268492702,0.397606497999163,0.10846634916592,-0.0529885920165113,-0.0109053145984991,0.0999431249569333,0.112817164165594,-0.149360999018152,0.177989266616916,-0.107658265250568,-0.309296170453791,0.10909041726909,-0.089099686259861,-0.267602630578916,0.00959830282859198,0.00494905662201778,0.0554594718582954,-0.0610095323274421,0.165069575969446,0.244680459802342,-0.122785866582841,-0.130488547995687,0.119978072570737,0.0446402935581842,0.0957488276312112,0.347791116655323,0.379073300917996,-0.254038445157582,-0.0408154477901546,-0.0598490786747027,-0.386669998148004,0.240826499227204,0.077942001297349,0.0324388848159977,0.0938748683729221,0.216586719355865,-0.344930897374125,0.203292936714547,-0.254230886777081,0.146998578523558,-0.181198031732694,-0.0559126629371393,0.123786311344102,-0.0648464291539516,0.171190758393815,-0.295501628117082,-0.122962009145546,0.226560484552768,0.085339961220263,0.16592641940301,0.0308570089865098,-0.546312558549028,-0.107401975651029,-0.0597178083943913,-0.260077749500962,0.0309356560053003,0.0669251279366087,-0.235739132065691,0.0594352674737849,0.261756243146544,0.145887090477248,0.108146648593633,-0.184034413646461,-0.103259100749666,-0.168676870478475,0.124949961149565,0.0871077432950191,0.0993946279134359,0.117042544539021,0.076256857678603,0.0257704283365014,-0.0103471574747967,0.190061982715433,0.229104189613894,-0.0322196934364993,-0.0814920095221582,-0.0423943499978018,0.0482232354584941,-0.316171315356997,0.211202953478444,-0.0336504220663001,0.0477231421390221,0.090346395078006,-0.368465386145684,-0.138119534771973,0.0318135900389885,-0.261248129007687,-0.353816091177105,-0.0335976646713382,0.0626970105488727,-0.275143749049027,-0.0334016047360274,-0.576094311314848,-0.359745038420725
"s__Prevotella_melaninogenica",0.0801433974541667,0.0269433702615077,0.0880556833922928,0.301812588668358,-0.129143770974588,-0.293282075023109,-0.209444738116974,-0.116128734519672,0.160501646149532,-0.143142480240836,0,-0.0160496607822489,0.117471767639352,0.251879604452686,-0.27481337950463,0.14494045173233,-0.0962611813919866,-0.121811345118856,-0.192037512431508,-0.199635900072365,0.297961069338572,0.0911644081304875,-0.020965100486524,0.158914816082694,-0.0901647307711779,0.0869274351199017,0.174033502561427,0.0905566067193324,0.0138804897362052,0.138411991893076,-0.154409615237879,-0.104140495773879,-0.128590902660365,0.0186625722034256,0.285442013929963,-0.0195515421820355,0.0171225199387134,0.00112597439433842,-0.0424961571458491,0.121769265034076,-0.0475668062780895,-0.0419036356740628,-0.0374625160462865,0.0997629328425308,0.048589788275502,-0.0975702205476014,0.00754664232659885,0.0901841443445039,0.123296714655878,-0.262730627669694,-0.0408720167588564,-0.0306358069965099,-0.144419832063045,-0.268649735099579,-0.0801180646606965,-0.068520324642349,0.14530565516998,-0.0287313936969027,-0.208107620097975,-0.0804584217668581,0.0995778160541066,0.0543954481605027,-0.122540088446738,0.0972530337083923,-0.0381755919558675,0.0785298687457166,-0.0983611544319959,0.265369880742165,-0.136478584268629,-0.365281137721898,0.176343145043552,-0.296507928285315,-0.343425430091724,0.0339044949467104,0.191507512690618,0.0883940571449699,0.0429190970767127,-0.0521054538806793,-0.0275241509614029,-0.316164312579137,0.240536416596604,0.13422337232783,-0.0323073135108649,-0.0255600065143481,0.0248272804910638,0.247706684048837,0.0169504497809215,0.271239944824958,0.195569092475083,-0.0504685596468412,-0.0739355738824079,0.0892855383644646,0.0588042876739991,-0.156904570015958,-0.346602468166516,0.179092051789564,-0.024680822305717,0.108146066770388,-0.059396658798498,-0.300991408236473,0.138484856717418,0.241415621437977,0.126474247080467,-0.192332234565937,-0.0619112095902222,0.112043499869243,0.14330321050407,0.114671537029387,0.152572485647651,0.240255154313574,0.242794714262043,-0.24398719281334,0.0636808079841173,0.271165346215397,-0.0397856191871474,0.131711258289059,-0.161451591644467,-0.160790465895503,0.0331992968219484,-0.383616144543744,-0.160338214550389,0.118223463421674,-0.0522361278597109,0.206044677734711,0.0151688135083814,-0.238147234491771,-0.283506372062048,-0.276411840582988,-0.150265576029653,-0.0912872322891168,0.0104789186446372,-0.118925834879255,-0.236065241239241,-0.167304254811839,-0.377997605405415,-0.190885535462212
"s__Actinomyces_sp._ICM47",-0.0637364969539421,0.0261685829529993,-3.14821037574742e-05,-0.209495546623462,-0.121141564377662,-0.11410903088355,0.00622799503172261,-0.09787036074272,-0.132781587963105,-0.0569202976736987,-0.0160496607822489,0,0.0203792734929769,-0.117322633640965,0.0631551295482701,-0.132874597529536,0.00374905217475851,-0.0203789993570129,-0.0925029452486553,0.0483045901519994,-0.242940329322419,-0.165596318244674,-0.00395698642950046,0.175394631524416,0.0450243253453954,0.0674653050977046,0.14738258236146,-0.163732504582406,0.0961124773286282,0.0520800755294178,-0.0724387061143352,-0.270516781455531,-0.176230650265342,-0.0385503671523158,-0.0386805525134359,-0.0399381446859316,0.0454179778756368,0.224951299760385,0.427299558389176,-0.0666957370142011,-0.15112301835975,-0.17865543196064,0.0959438852137358,0.110910622811928,0.0302504069735811,0.0726585566713927,-0.153257284156434,-0.0093773485458378,-0.100313159981447,0.0879228436530435,0.131220650504446,-0.153174272774594,0.0723769680180982,-0.0325335523335485,-0.0500661097500756,-0.115671734188632,0.0307561314377202,-0.0754353737140089,0.150343975169429,-0.0588187586558302,0.137283476269335,0.00373122927990563,-0.106427967342943,0.0908673610964853,-0.121019596213217,-0.0879973579928472,0.410650151832883,0.283782992249824,-0.0796101821676191,-0.343361248062507,-0.037984880677014,-0.110063746203995,-0.14889162383966,0.130830016636595,-0.113403185205695,-0.076571142065262,0.0796793182246527,-0.0424079612709073,-0.317406723631446,-0.00922497023374001,-0.218230634050363,0.041026373978188,0.00242868696218199,0.146755934700297,-0.172637380995231,0.0049701254316504,-0.137274156134103,-0.217085503555706,-0.107810440918603,-0.170637372617816,0.422057874297794,0.0134224217315915,-0.100073570624526,-0.1738801249181,-0.102602038340633,-0.184381406446839,-0.0873166083173089,0.0460617403736333,-0.0855703392151798,-0.289192379528542,-0.138444616768333,0.212252610863484,-0.156882172841954,0.185191124045913,-0.108970483385291,0.0655788535949633,-0.0658610639585455,-0.0723806958521283,-0.0381897822731977,0.112157340030246,0.146558765805782,0.129806592214682,-0.0516893625635029,0.128430203817111,0.198051572952721,0.0736248471198769,0.0160855842942743,-0.0454686040597718,-0.0183240914408772,0.0555223757525087,-0.0121011870195302,0.0550066301330175,-0.151196939458654,0.0271611357628662,0.0185497823799005,-0.160747875152961,0.137945606805162,-0.110305629306739,-0.17839512236509,-0.155541604980521,-0.255210477507766,-0.324522120481706,-0.114752094044536,0.128015248897207,-0.386783731136987,-0.247346191253785
"s__Gemella_haemolysans",0.153747622773068,-0.0270316899976782,-0.140500010531065,0.0332873454092586,-0.0444299969905538,-0.0127330397718662,0.0109002842266347,-0.186035577372274,-0.0509514437565912,-0.032438588777018,0.117471767639352,0.0203792734929769,0,-0.111074047698751,-0.109783974579955,0.0833050638527622,-0.0755933282682294,0.0393329193981386,0.0449295920697969,0.0117300889712385,-0.0692275013801598,0.152231035098314,-0.0641720840483553,-0.144978216690401,-0.0575625615847445,-0.143277456346195,0.150762578404297,-0.000517733818987629,-0.107679112074586,-0.213360380259571,0.236924176608617,0.156733687750929,0.107816589666906,-0.0401909514040162,-0.15687656335868,-0.054013096750183,-0.00694772396861545,0.000562691269234,-0.0354760694359199,0.0015875217642374,0.166628456319638,0.0661722013589382,-0.0379470787780103,-0.0721943588487435,-0.234873070570688,-0.230109617088598,0.191354192094641,-0.193186684708779,0.0720958722240872,-0.0984553403169065,-0.167559654122534,0.0916784446251947,0.300133699337417,0.00163005133885021,0.196302944762869,0.261236971896665,0.293266360350554,0.158185443073503,0.286816218910075,0.0133699049890798,-0.200789431621905,0.00327658463085642,0.092686143624292,-0.0198647114493267,0.0416598615384841,-0.00644472606413096,-0.0871172938504618,-0.14200358059269,0.0811176742420581,0.253075595358128,0.050715382092818,-0.0107565819260128,0.223398808278671,-0.152515032657753,-0.11471361585574,-0.212761972114602,-0.0385735126753731,0.0423948452908795,0.108186150857458,-0.268543331517715,0.252936477602428,-0.031148361201667,0.00823304824038528,0.0486222777655895,0.0987630459660285,-0.162140866757479,0.149286681613305,0.173780875151137,-0.0523764590032163,0.0903419079991778,-0.00189401719922147,0.0373655467702035,0.207769807268224,0.157762729847916,-0.0206212636697799,-0.124338222955766,-0.129918249323258,0.0748872160895783,-0.0336733986640826,-0.131899367595244,0.000787426257048564,-0.168208617800522,-0.101586124372231,-0.0353298892050109,0.0516536267422628,0.141735495189747,0.153870157670195,-0.0644941149543168,0.0120748460918241,0.306640550060333,-0.149147942517189,0.190964371478877,-0.0843005339326026,-0.0443985738967187,-0.352014897630093,-0.117392227220982,0.0297612138852871,-0.0318251206110971,-0.201236669080368,-0.119517623342193,0.0477604133262349,0.036930219109347,0.343687545227986,-0.272943697933749,0.25053150359921,0.249877382521497,0.0808252381621473,0.0123856370147002,0.139496219147505,0.427713405209194,-0.217069316738869,-0.144736156294432,0.101422102712235,0.0646216980398909,0.0347333288231254,0.222070332117247
"s__Streptococcus_sanguinis",-0.068037093525975,0.0995474957168535,0.00573266915376913,0.136834958864458,-0.0318191942429324,0.136207606702323,0.277111482252517,0.189516519212118,0.10973684028522,-0.157257393169885,0.251879604452686,-0.117322633640965,-0.111074047698751,0,-0.175513276676136,0.0209179889175091,-0.162342947182615,0.130775925135127,0.118594023931859,0.198857829085444,0.0574640069481752,0.107827564672197,0.012297566009416,-0.156961058832715,0.0643935188935504,-0.169234171932693,-0.00372500744445967,0.0358184998373428,-0.129179842856961,-0.0289138311817446,0.181133880048406,0.315907089891877,-0.0872081084611756,0.0271572322760797,-0.0002522767395845,-0.105775405674749,-0.115588650231768,-0.0668051644054368,-0.188450492914335,-0.0559836037203821,-0.0409873889132302,-0.082312473052637,-0.0102938945170629,0.102543115910938,-0.0703389332046431,-0.137047375854861,0.0812393694341943,-0.0137079779540173,-0.0236442834750553,-0.166911590199107,-0.0727828536500681,0.0860813369866978,0.0555361703619079,0.317206361007784,-0.0859581039869602,0.147441571323291,-0.0273976689839997,0.0678756824615246,0.341965820058224,0.193765391660386,-0.235487300325177,-0.167647292062636,0.146788667917154,0.156383937531215,-0.124075853490992,-0.0758372975033189,-0.218578209739094,-0.328427946273749,-0.0383900856235293,-0.0978975165451354,0.102203472503205,0.187445746591523,-0.239247615534623,-0.151362569428949,-0.130118524543379,-0.0848118717462334,0.0306452251033644,-0.0135147004478527,-0.00215844111147809,0.148088221653677,0.0911579565481521,-0.243036263231509,0.154960884613356,-0.203034943053333,-0.028092536778495,0.155244655049755,-0.0632627871049675,0.105712696397907,0.0276797693408927,-0.0089319054711432,-0.374011934497715,0.133437058841226,-0.0200945822054777,0.16221664231334,0.234170429514916,-0.0384281624906209,-0.0497737391801642,-0.203394698593367,-0.135454582145127,-0.0241883284199687,0.0243259470441243,-0.194113852366453,-0.0431272450847355,0.125490066916466,0.0197770516420884,-0.0139124894864631,-0.153998711131404,0.00176458767082886,-0.0342142865636655,-0.209414535619321,-0.1981409334856,-0.117624561859491,0.0390475984319728,-0.125131581740421,-0.0651528795446294,-0.0390887137828517,-0.0665895510705297,-0.00966228468749752,0.188163338366616,-0.09816788841907,0.278591008086178,0.0630949096863611,0.240944115789824,0.17793275340645,0.145310632579444,-0.0425340018735206,0.275129080191248,0.192951945559545,0.0859873130800043,-0.115682590947025,0.00349317691821338,0.0358940423861219,-0.0263909494202349,0.104072996047628,0.0299119068399709,0.017022724870502
"s__Actinomyces_graevenitzii",-0.0190754538965674,0.177730651147029,0.154253605324989,-0.15513075018563,0.0360897611115528,-0.155440985732933,0.0406933132281827,-0.109987786843712,-0.159578230213034,-0.0719212756241177,-0.27481337950463,0.0631551295482701,-0.109783974579955,-0.175513276676136,0,-0.146162307270927,-0.0831757605868607,-0.133208155128868,0.00281254849785328,-0.15785407824566,-0.020577121472572,-0.0592781254038187,-0.163260907486759,0.270526301669313,-0.0211158981339322,-0.0448283068973075,0.0536009460061323,-0.0533393744716718,0.00956745127297343,0.160649504861848,-0.136523345997515,-0.180341175189782,-0.0175461393587736,-0.073793748815254,-0.0361896343422944,-0.208125292564743,0.0972351631038139,0.0982422990387357,0.23233776568974,-0.014084707576618,-0.100715159713793,-0.187888612395189,0.265434877903192,0.194203060403638,-0.0867574461859394,-0.115684621255665,-0.184619999555846,-0.0803353640386441,-0.0877249822827697,0.00708703760054719,0.235570145525813,-0.178801994417525,0.0928832723035375,-0.0553570609881395,-0.25934238491461,-0.196377734523203,-0.120845325972384,-0.116319681578323,0.211110836389006,-0.0321501144262454,0.475571134491321,0.0312692091715432,0.00363472585162393,-0.0255542402377906,-0.118716426101333,-0.0451033898102461,0.197587106374283,0.296471472646014,0.194299774057961,-0.147134817122904,-0.0918080410128352,0.0834837940328013,-0.049547495717395,0.203863655693776,-0.175575456416397,-0.0669526186158925,-0.0493484278001957,0.0629263767657705,-0.277434167161163,0.195271025367322,-0.148466532967183,0.0040576145389824,-0.00725321262275622,-0.0146007227307892,-0.0342442745516334,-0.187946352538668,-0.0692346401513205,-0.0885252377006138,-0.0212269645524566,0.0896465670928956,0.2259504978194,0.0780210647653714,-0.0688831526764088,-0.348067165374306,0.14540021408347,0.0729206750477742,0.0285759048273352,0.149852796980873,-0.0297633090256662,-0.215586823537688,-0.166988958836606,0.271563678074542,-0.0326546360636903,0.0373496745921146,0.0068164930914542,0.0398254691481868,-0.012807190561708,-0.173121261825797,-0.127868259700019,-0.151222423370927,0.0832976315843021,0.0582223244227954,-0.0547661056360493,-0.0843784839429875,0.174040224778861,0.239810589765486,-0.153757901329479,0.137515798932832,0.0931427517893212,0.00718637079130242,0.070466910119281,-0.0860970989803282,-0.349070264565317,-0.316723037754157,-0.21537707468565,-0.191740742920832,0.0143101141564681,0.171495816292965,-0.193240173784076,-0.301733967373578,0.0913807559238283,-0.087493169070517,-0.191695141986093,0.0382715798326801,-0.528713824676024,-0.412719602225225
"s__Streptococcus_pseudopneumoniae",0.196838034323768,-0.0532067263025936,0.11209667517414,0.0175318487157137,0.345475469892482,0.167506323511878,0.167543565942088,-0.0407003762389211,0.266437647254262,0.0968532203023342,0.14494045173233,-0.132874597529536,0.0833050638527622,0.0209179889175091,-0.146162307270927,0,0.230382094964431,0.000668397779069241,-0.217623091727495,-0.0130524112380583,0.161351390951231,-0.211805744912577,-0.0719281309259598,0.0379835204951819,0.0640616565777282,0.144541005223412,0.0772078764767924,0.171108947413119,0.0174707457051148,-0.240176732072973,-0.146701245626611,-0.00393667421517846,-0.0890923917364167,-0.119524941425983,0.100122373957647,0.234117120827938,-0.195904548256853,0.0888670810869581,-0.00464555845606651,0.0491414354587457,0.117843934194148,0.431080247995517,-0.0953794539959791,0.195074876106829,0.0841028913345294,-0.244544501046808,0.173933925875005,-0.0678613858053362,0.418702100278663,-0.13853347216832,-0.0845522206131544,-0.0208169601396878,-0.0443588141279749,-0.0206033391392105,0.159044655090856,0.0785830970785034,-0.221757363495747,-0.142196263958432,0.260115117862481,0.0655590896046982,0.0873438346843641,0.234689099321028,-0.0163177425772278,0.0228917708919985,0.101852735561463,-0.0465944358830974,0.0561165507348527,-0.0348814611996755,0.304720539080902,-0.112126729914871,-0.124085090313797,0.0383573023728239,0.00480115824399499,-0.0377351345682324,-0.132409598749725,-0.00409084209191549,-0.0922417159942294,0.268910904160192,-0.0126359732220857,-0.0645508160318793,0.00584818823738736,-0.0674796145861891,-0.0515550797345308,-0.294041439947342,0.103813296207894,-0.227655940771793,0.231246047786455,-0.0862385044235921,-0.149287945055202,0.19256110144611,0.116869057028396,0.00376350503985709,0.294902725192205,0.101310817387359,-0.150551088482942,-0.156502073785102,-0.0484482449831499,-0.0772543943437641,0.118904143410369,0.0839757961851119,0.121559639157606,0.0484186724549696,-0.0219840587775048,0.115762419050837,-0.206232529557319,-0.0961182443620249,-0.00712985296509971,0.136838495123463,0.100491154920238,0.0979906686304643,0.0281275030266516,-0.24080074142001,0.0610585630306214,-0.121425900226376,-0.141755096946884,0.0126569525988758,0.318307713095458,0.177349869527935,0.0799063921651612,-0.183046433708377,-0.165638831920362,-0.0400474128988506,0.438591889859423,-0.23259907453087,0.282135610908341,-0.0045208728968526,-0.0473506091420971,0.100055433368699,-0.0152762725342231,-0.0335236753439325,0.32669759854233,0.127968971648592,0.00208345986748287,0.128656803180095,-0.10175096930317,0.0416062810251429
"s__Streptococcus_sp._263_SSPC",0.0151205375525931,-0.205389310639615,0.093289692002702,-0.0463729138897094,0.250164150280316,0.0723308698385637,-0.0240409557117424,-0.205958583441948,0.124030427227238,0.157187822849802,-0.0962611813919866,0.00374905217475851,-0.0755933282682294,-0.162342947182615,-0.0831757605868607,0.230382094964431,0,-0.0907800506657852,0.222153132323486,-0.181578419384836,0.156579277897813,-0.0962741172578507,0.081509174805034,0.267931425530379,0.0488979690501387,0.181403112389216,0.141103357439658,0.157915248920718,0.0520551127506458,-0.0546863073466506,-0.0988242434186858,-0.194481750608928,0.127827816399566,-0.0560919805529727,0.0613194220779289,-0.074176406739332,-0.144353591548815,-0.102114838631867,0.211095347149583,0.100168753067919,0.0215824774106532,0.26863929721837,-0.12178767686278,0.26606586212522,0.19867512306342,0.0199120404343312,-0.0199477197286741,0.178440880282351,0.307600521934741,-0.180452674516799,-0.0691945139646428,-0.159880733306558,-0.0724750861120857,0.0270726922355784,-0.0735220944820155,-0.116469177556619,0.104875322535798,-0.00571180335056063,0.0282148523379112,-0.0400502982334781,0.104737150155207,0.183024284932321,-0.0985478199606535,-0.128649513089604,0.0581731270225916,-0.0365669783113609,0.17389053448017,0.301134701761681,0.23481511363472,-0.0438304495430462,-0.146003988141334,0.138923375286576,-0.106776957688845,0.0467550376607763,-0.139920123223081,0.0283544331136804,0.0593476751450342,0.223999966835779,0.000941080202497627,0.106606651604676,-0.0933224255033683,-0.0718771777138302,-0.219641881919377,-0.144523342747672,0.0694578599195189,-0.00848743026954289,0.0295777452740033,-0.272723918814093,-0.239903712419286,-0.00939232607553947,0.145156950122846,0.234554497563287,-0.0585986930270135,-0.189830459331572,0.00167748903231002,0.127130990390172,-0.0167669379448291,0.156846283471733,0.0829721193463948,0.281195009307597,0.168899440849509,0.204647803503495,-0.0822768439763581,-0.00921881728184842,0.0304275936910807,-0.0945614020528433,0.0183676256317233,0.171638730478845,0.218504686083651,0.0316778172120547,0.221738520301085,-0.239548890401354,0.215980092117972,0.07448412505184,-0.0504028919694171,0.184260598633933,-0.0142640262206627,-0.0279074663769738,0.312432599723868,-0.119600866741025,-0.4150903421646,0.0202971647792349,0.0243788228559828,0.00868959947967748,-0.0502325217293256,-0.0458677660032957,0.115770372440519,0.1670053245059,-0.000442728711039481,-0.103632420894274,-0.0242803326897862,0.0701880919170669,0.206682645644521,0.00573888931998533,-0.116865684042688,0.0756686099275319
"s__Veillonella_atypica",0.0230029069029566,0.136668038081241,0.11272699573537,0.192646627065458,-0.0833800457063371,-0.18551144948685,-0.0391532886938336,0.00610238853046297,0.0966829652877009,-0.131084035681314,-0.121811345118856,-0.0203789993570129,0.0393329193981386,0.130775925135127,-0.133208155128868,0.000668397779069241,-0.0907800506657852,0,-0.292928607869115,0.0217997109695101,0.14028913519239,0.060706545101216,0.00107043432135312,0.262477601007297,-0.209687040885274,-0.0233551326069116,-0.0263421024125551,0.142635794765379,0.0829384289854103,0.253919687917007,-0.0800105403280877,-0.0677824421738096,0.02561716048512,-0.10591994417805,0.21211151154706,-0.0901682617417938,-0.000157641664831787,0.239501318079086,0.1172335960565,0.128128227884583,-0.09895926634359,-0.220688195757767,0.160344038367736,0.244843503484229,0.0694229967742039,-0.106102536986446,0.0691453238409024,0.0441612775281808,-0.239395905685781,-0.0520544446706934,0.126257133923117,-0.000939730517015069,-0.01373370399597,-0.125888578657798,-0.253354126530181,-0.140161852277413,0.153971060205647,-0.119344353536991,-0.0839473585180973,-0.143122936002729,0.258889270228971,0.01768418846358,-0.132029137824092,-0.0599645374609251,-0.00015682958262897,-0.0456867166549186,-0.0127045032373552,0.26749858125716,-0.0123957623958711,-0.315574626963522,-0.086147491282293,-0.222778564716618,-0.328683372629808,0.0935265828956719,0.0830576636356782,0.0954380573453449,-0.069892888383349,0.0412688493422506,-0.160895367799505,-0.129894644357847,0.0276702376324943,0.241331209903646,-0.0515178729174443,-0.193262847766725,0.0178593091748595,0.0947459271829442,0.115915603586858,0.112328077321727,0.0591622261098331,0.110005646695494,0.0457238342005581,-0.0373601167670727,0.134244747806886,-0.269101933968228,0.155841739534144,0.160346193640519,-0.0659653359525078,0.0790118738974255,0.0885018052759411,-0.261426202984939,-0.0972309339907686,0.109590939107094,0.170826124248097,-0.00804003950983884,-0.0241880484421034,0.14939237412661,-0.140834568229136,-0.0403584291641534,0.0828748998699422,-0.0719417428805284,0.147869462907225,-0.141145808337923,0.133073020438104,0.0103709875193192,-0.0483800381475955,0.0542187658474702,-0.17146478599868,-0.0166535248636116,-0.122721934291368,0.102412196167269,0.218142739193328,-0.100013018795938,-0.240328698983449,0.0444233731832125,-0.133895088309893,-0.369227032980647,-0.123782603501438,0.0478688613372787,-0.193777998966928,-0.238595752998331,-0.0600730054963483,-0.161451827275937,-0.156507730797718,0.0526134977545228,-0.29398895723998,-0.304686882464523
"s__Haemophilus_parahaemolyticus",-0.148375362711582,0.0930450122976028,-0.11165184964774,0.0786044902018202,0.193199830511591,0.220356775663355,0.200235661016125,0.193151820560831,0.154807746739788,0.00766738200331102,-0.192037512431508,-0.0925029452486553,0.0449295920697969,0.118594023931859,0.00281254849785328,-0.217623091727495,0.222153132323486,-0.292928607869115,0,-0.257322569862858,-0.0927098159105384,-0.0895898830473592,0.184952848684962,0.29987521515942,-0.157464280356353,0.131013722431693,-0.111180910912537,0.189807592887881,0.272307640414907,-0.133138710946774,-0.189895407272955,-0.0465338508179768,-0.128835797755802,-0.208810717479251,-0.0273967125782773,0.374268785141161,-0.156745067097351,-0.142870364834449,-0.21841395749333,0.0578512346561065,0.330134200910521,0.19247593972244,-0.0568659679019997,-0.0780980843809794,0.129292141558487,0.0463449234599479,0.144582821718139,0.128896009912151,0.139398974564199,-0.291736032915861,-0.337181808591149,0.341080506418042,-0.104613762556869,0.140135499609547,0.0819724443840262,-0.0975327149606621,0.0585090565182796,0.144281091118957,-0.423966697089726,-0.230919304596919,0.0288644710032711,0.0557491178840339,-0.180850009312875,0.278618720995137,0.0239735104682085,-0.0341358319400384,-0.14973239985302,0.137764869734619,0.0467436557082598,0.174120269232031,-0.0313909151961245,0.0278436803543147,0.327571456646122,-0.110349317557035,0.11728787345408,0.0132859340073376,0.104714652573978,-0.0330808690565558,0.284983221015899,-0.329306088112127,-0.225892444600855,-0.00941711287123866,0.0429164039519906,0.0252517194025208,0.236664423024965,0.0517861604481969,0.0453836821215743,-0.0887219983521273,-0.285659018484586,0.17031138472353,-0.241677260957365,0.0564078629467653,0.121676893658956,0.0319406577912022,-0.0641215927020816,-0.240150613330241,0.122226353097443,0.381531414673202,0.156345309301804,0.00401836988239757,0.331967924882322,0.169259514307526,0.114207449553614,-0.118328688461855,0.31027425753037,-0.179217088101791,0.124317758216868,0.170554247853218,0.274289184168818,-0.0610342736571502,0.297406490516141,-0.00475504980455407,0.20492606684595,-0.185352869351914,-0.328817504206311,-0.261251834457617,0.365857265527322,-0.109011458205876,-0.0677413575716522,0.0979907282828601,0.000614540389821713,0.100294663920527,-0.0557818216609276,-0.027665005320958,-0.125698167984799,0.321752661034826,-0.0841864710741004,-0.191567696184429,0.159588762226345,0.175492915229639,-0.175342609375162,-0.190750291651432,0.0502369840174121,0.324816509657985,0.149061527476918,0.0502705755134834
"s__Prevotella_histicola",0.0477663418432307,0.0872438989410022,-0.0198489519917703,0.177244037208132,-0.125976835079696,-0.0720106307695685,-0.0357017512264169,0.0725233767427103,-0.0394988155457999,-0.262903639507666,-0.199635900072365,0.0483045901519994,0.0117300889712385,0.198857829085444,-0.15785407824566,-0.0130524112380583,-0.181578419384836,0.0217997109695101,-0.257322569862858,0,0.121681017938641,0.0774121876995552,0.0118301958166311,0.233620233863336,-0.252925199087432,-0.084034797102581,-0.0274018878020006,-0.0134747294161229,0.096359095371809,0.291966894143539,0.00498207133037132,-0.197477819133802,-0.140021293115686,-0.0377652048187027,0.302465782150594,0.0469836585316016,0.10517588624518,0.148808276399788,0.0311119230476417,-0.0310574141065765,0.0618570305334632,-0.0800395336504997,0.0963719916732568,0.0821305104234635,0.103600563242684,-0.0407932666023154,-0.151239026800746,0.0132840939534841,-0.0758069986387742,0.0534495061692558,0.178366199724158,0.0688679031372092,0.161978981032441,-0.123996736767804,-0.200517065357229,-0.16560400035145,0.223999375365488,-0.155790600631818,-0.0252859679683596,-0.161906317171552,0.166463317304328,-0.0627817141352265,-0.114502703449249,0.010350339052122,-0.0862038871611384,-0.0663003212789362,-0.00595968984638572,0.281440047298224,-0.176984018188385,-0.292546086624469,0.0382943373293351,-0.353045920165642,-0.351336222844863,0.152339830394635,0.107379365606534,0.0828403290153337,-0.0713514890918235,-0.0972708083690878,0.0323495248167815,-0.143800912732088,-0.215674717719067,0.353540910221822,-0.0690271396828348,0.0126028749991996,-0.13421217368187,0.126656054538565,-0.0641201251464179,-0.0276310294156101,0.0684144465843905,0.0016543999594652,0.0216141824499174,-0.0220404304616921,-0.01442291955751,-0.20959915977694,-0.0553951381353441,0.105278250988708,-0.00391722385935295,0.0136457902989667,-0.0863357377795674,-0.316722453919084,-0.249273038039887,0.128610434790214,0.151607371246097,-0.0890180457966906,0.148049705940125,0.229639934264125,-0.0104996302506734,-0.0819028151759367,-0.0940786001681291,0.0220148796663396,0.0778157205258533,0.0734388606986439,0.00509868701607458,0.0178209166761541,-0.100299642569843,0.0157037438743043,-0.118626713110409,-0.164448390230587,-0.0847904827049602,0.156300686321459,0.125814002795522,-0.068260367807989,-0.104461788168571,0.0944693886649596,0.0160318898873493,-0.0690902100824492,-0.167521310900218,-0.153722635277701,-0.134820426057438,-0.09345913974196,-0.294268841190893,-0.186342909581368,-0.0467760986165157,0.0279174201691127,-0.231786195760539,-0.187380607908438
"s__Streptococcus_cristatus",-0.0270809577721804,-0.0773812532257717,0.0232574208263123,0.0668794412679576,0.0307643672016606,0.0867781481233233,0.271702653999183,0.0141495079702633,0.212814371762213,0.2030374621956,0.297961069338572,-0.242940329322419,-0.0692275013801598,0.0574640069481752,-0.020577121472572,0.161351390951231,0.156579277897813,0.14028913519239,-0.0927098159105384,0.121681017938641,0,-0.0724892454946233,-0.129763395899037,-0.106255590849291,0.194198360936237,-0.0814202974773394,-0.00125929744519967,0.229583941098252,-0.163028149306543,-0.21582163285284,-0.0245972044057914,0.192999368813493,0.119588199623596,-0.0361895550851393,0.193126252349472,0.190069754266314,-0.0563128767591924,0.244672116457279,0.068383039894062,0.2224020503539,-0.030348760771709,0.194050518789829,-0.0514881947785167,-0.0484183066524451,0.0983580408019466,-0.0716514158055987,0.159741091168177,-0.0458437011496741,0.205610418287214,-0.148407895588337,-0.00860836755659672,-0.00663103155536143,0.020264860921536,0.0949005315602726,-0.172825804519267,0.129878419191227,-0.207371392067354,0.167324722507788,0.334059887800359,0.243288490817193,0.0403596166672266,0.14574979058008,0.079036679993208,-0.315558030060023,0.102292431036342,0.185088255394076,0.00179254622156472,-0.0636475107346853,0.180681311661874,-0.111071587131764,0.0378059772892942,0.283957478787943,-0.0658517597875325,-0.130304890227003,-0.145698539862472,-0.0288143523927018,-0.0974993596302723,0.047174623063835,-0.0477775331013283,0.20224736350913,0.249280353149107,-0.218537077668758,0.156144028063143,-0.197819493372197,0.188866517978776,-0.414559653809325,0.237722347779972,0.200794510379482,-0.227844513542673,0.142198932642382,-0.101780495905132,0.0493331716570709,0.243435984420857,0.0439803350979506,0.0100874540862945,-0.0120971579957194,-0.052286417944786,-0.14284993086557,0.0997617740511876,0.0414524161228831,0.0399656423647469,-0.0919762531748758,0.0860173889002983,0.119851253961836,-0.0865158548364456,-0.0909876991871272,-0.0694186555326767,0.0448975307739783,0.119158442277827,0.0392441777573498,-0.028879690978247,-0.0741076785188821,0.109510887508134,-0.0318875180771294,-0.176438626225216,0.0511282923633026,0.127717757263198,0.273404589876991,-0.182193027376938,-0.189333357094524,-0.0421400113936691,0.0338728528514273,0.429985493764018,-0.211414390997109,0.27761286681709,-0.213808270268846,0.210484984486378,0.283110683679109,-0.0681028195331392,-0.143648881778025,0.0700994486931464,-0.00434732254390659,-0.132990332750239,0.24620289437205,-0.275526642551614,-0.0447071405704657
"s__Streptococcus_pneumoniae",-0.193760789767543,-0.0904083104431148,-0.196382118027455,-0.0252136499701998,-0.063645867147295,0.232784764969341,0.307291089231327,0.276577270861733,0.0824546990741943,-0.0475624212218907,0.0911644081304875,-0.165596318244674,0.152231035098314,0.107827564672197,-0.0592781254038187,-0.211805744912577,-0.0962741172578507,0.060706545101216,-0.0895898830473592,0.0774121876995552,-0.0724892454946233,0,0.177996344868898,-0.03280217047388,0.00674143628734059,-0.125264497496525,0.0450884434960076,-0.00427833011025765,-0.0160564660072473,-0.248371892255875,-0.108783623236901,-0.00241752574280257,-0.160315101075128,-0.00145860162728823,-0.0854191087926878,0.0342876497121268,-0.160125935267161,0.00223696355411931,-0.128418868028768,0.0292416314913313,0.252502254627521,0.149680960997614,-0.132622685660103,-0.210834947496891,-0.0172821880051006,-0.081647871942421,0.103846293690327,-0.000724495777004994,0.23018207236949,0.0405603868786402,0.0160150932713864,0.341404851843559,0.292964936697582,0.261252564198518,0.266117224254158,0.199018765864096,-0.144167778213446,-0.140933482908804,0.21352904735964,0.0210595356376536,0.0490572229308789,0.0368660210232707,0.166083476424401,-0.00928182696654484,0.0205969905698082,-0.183828326085316,-0.211313120000886,-0.19193468752213,-0.0443836816535396,-0.0771431713649367,-0.0444656235501804,0.0191309405116737,0.0522829211712017,-0.133300626474573,-0.140354937476582,-0.0937036035584606,0.155669709680565,-0.0105068002258532,0.0187429089052536,-0.225952573857814,0.103495085268289,-0.0428928384769553,0.0490047979772071,0.0469081311523024,-0.0745924866565025,-0.103998830280021,-0.005396497373518,0.03575773551467,0.146560353530447,-0.0432526462782101,-0.171473779239725,-0.023078837950406,0.0701199362753395,0.286405764329143,0.0390179998941046,0.0364141915083911,-0.110445726157639,-0.059817345709032,0.104860652311102,0.0199401117165808,0.0468770168802478,-0.133667587646728,-0.128993681838443,0.0248725200220948,0.057803493299429,-0.00127495352235141,-0.0479823552408689,0.0123960085476661,-0.04612116811712,-0.00799136217873822,-0.126574025815706,0.303682883725272,-0.0577232889404701,-0.0667888413859705,-0.264357778543092,-0.291887951904872,0.123575858543073,-0.0112682746076883,-0.117982291442983,-0.173818002442292,0.153783620443052,-0.0601898465288731,0.113302485944044,0.0118745951845488,0.0320393379991578,0.179425745851813,0.213708718239242,0.0482879605341676,-0.0101957662641449,0.106578813964953,-0.0466727007197456,-0.0230593148544116,0.118282073519653,0.0934558060966004,-0.0039362784480976,0.0387355191651452
"s__Neisseria_subflava",0.116890245251736,0.0724387423235028,0.0379203796712705,0.0209878850052364,0.0870203603302176,0.184398471820083,0.0357186804105775,0.122168150254592,-0.0975362798397477,0.00942775057497869,-0.020965100486524,-0.00395698642950046,-0.0641720840483553,0.012297566009416,-0.163260907486759,-0.0719281309259598,0.081509174805034,0.00107043432135312,0.184952848684962,0.0118301958166311,-0.129763395899037,0.177996344868898,0,-0.158029689788729,-0.107814354890506,-0.0430032192129696,0.406509917103867,-0.194428405187182,0.117754510097088,0.135668510550929,0.043460521143814,-0.165165324108442,0.183755906666061,0.0282740676952442,-0.130535951147948,0.0634804731012529,0.140529054527178,-0.235999362048581,-0.153410728424773,-0.160148645118702,0.30539762365062,0.00602199485683862,0.0429426126960987,-0.246710186319173,-0.170855277329328,0.158102722015369,-0.160606039450828,-0.108535854171463,-0.051878063936857,0.0573939618022233,-0.0165272441289117,0.38969677988342,0.0747935299041585,0.120238829801526,0.307026570027683,0.155093696928657,0.0181336630723148,-0.100524236759902,-0.158733255010325,-0.237271899418656,-0.218575557166611,-0.0236995198884261,0.00427330843432563,0.0664292020540992,-0.193302318966251,0.0966076540728134,-0.0676941921396867,-0.161011179649627,-0.0448760780269752,0.126590536135214,0.120922714404744,-0.227624262808551,0.141294305111585,-0.134812509211754,-0.224385769499025,-0.233652595192865,0.344409317424774,-0.0569037528633027,0.183283905046852,-0.112904686008816,0.0675107160378507,-0.113163247719738,-0.0210644444739295,0.0492838189438199,-0.201718349320487,0.11792877649562,-0.213793942062448,0.100713494727286,0.187252626689903,-0.13945690714906,-0.0486349097995723,0.205771945597512,-0.286042345713749,0.0314612479433585,0.0258903080086745,-0.0275718532946246,0.327746658249185,-0.0757062890890506,0.0159190966556064,0.0911529521555486,-0.0767459158137625,-0.0890466443975985,-0.269083871046965,-0.081881811581898,0.0133698157983037,0.0864487534880201,0.0475082368145553,-0.233606800783674,-0.178707651187827,0.200224552680589,-0.172127208009037,-0.102004282324218,-0.222416251924609,0.0275912002007709,-0.0340974769421706,-0.0639124803879507,-0.00495863376929104,-0.153088212849637,0.132046850841301,-0.152745758380186,0.165068081997748,-0.0494454580543996,-0.0859147093648282,0.262618532124082,0.0798260059396343,0.440092193005286,-0.150311386048147,-0.299169425056222,0.0185804434421374,0.177047054579192,-0.110671285828608,-0.0307131593250184,0.0490342264521199,-0.226047165113013,0.219171183976772,0.169683092728648
"s__Streptococcus_australis",-0.0957234668953074,0.0566594400066611,0.107229032855246,-0.300479835485119,0.167655179386146,-0.0634909413586684,-0.217996817790736,-0.202611665741807,-0.132953628404345,0.194352201239868,0.158914816082694,0.175394631524416,-0.144978216690401,-0.156961058832715,0.270526301669313,0.0379835204951819,0.267931425530379,0.262477601007297,0.29987521515942,0.233620233863336,-0.106255590849291,-0.03280217047388,-0.158029689788729,0,0.31522089619155,0.145641047540457,-0.0664469336322512,-0.0705114636511909,-0.113697393771738,-0.0432710526203988,0.0955871407365573,0.116331509469447,0.230710405593482,0.189582808921972,-0.316261143300308,0.0336098553630798,0.119933319992403,0.0638478314342984,0.213993374648274,-0.0579196475912452,-0.233924678565304,0.0863851137453613,-0.0698095107037106,0.0554319146292084,0.0488032683234825,0.13730718112951,-0.0530415487126565,0.0342389803883743,0.172843765950656,0.0921366543368318,-0.139028520990931,-0.185182191259229,0.177396563670468,0.0157003179336675,0.119416654512916,0.0229111856058289,-0.00202607326805868,0.212909344904826,-0.235315137002411,0.195415146528726,-0.0956928075215472,-0.0184992965148986,-0.238724153174087,-0.024176187288716,0.0723386492388217,0.11555397580765,0.231268321492045,-0.130153500814338,0.086343271972568,0.340030160247012,-0.0329767057614081,0.206595578905833,0.395277773615824,0.131028437668962,0.0496103721448611,0.0395594656355342,-0.00711402869517237,0.0665057430259229,-0.0190180074638089,0.0469830339446938,0.145642804655613,-0.136029159421058,0.09260191133363,0.174848112348071,0.0193651706094918,-0.154369414773705,-0.155245696416239,0.0952833482319336,-0.225637585985522,-0.050115884271229,0.242483003886474,-0.210400503590489,-0.221561705345265,0.123267941845404,0.0265940318407561,-0.0699633673601273,0.11916211966163,-0.226285644975107,-0.00103998185749151,0.142071229361232,0.0721891136916524,-0.128151510239004,-0.00691759924991633,-0.0787612388972717,0.13662294798642,-0.131305052182376,0.161283895919193,0.00528602816685741,0.0475873914561978,-0.192163737840996,-0.115829357019368,0.203418454312892,0.00424417427516932,0.00913163870085786,0.107279580984575,-0.0764839710270464,-0.0398984396473286,0.116376243330357,0.129083676722243,0.100816976700604,-0.231098667045683,0.278583107602787,-0.0402860581540054,-0.0378761641378138,-0.0862679139171453,0.0517945214479027,0.174983141763486,0.00331482121542848,0.217456776213404,0.00285828699065066,0.0711350541097851,0.03544794550232,0.0303091906299169,-0.0203929642394731,0.259700083558606,0.162282718359231
"s__Veillonella_dispar",0.0607737021540153,0.173316839246771,0.249301581950249,0.179717903997481,0.0292722246279641,-0.0862461211609666,0.0296370176144088,-0.0902974786471562,0.141595498005393,0.0122668237542055,-0.0901647307711779,0.0450243253453954,-0.0575625615847445,0.0643935188935504,-0.0211158981339322,0.0640616565777282,0.0488979690501387,-0.209687040885274,-0.157464280356353,-0.252925199087432,0.194198360936237,0.00674143628734059,-0.107814354890506,0.31522089619155,0,0.20022283788107,0.0188715027829824,0.213726087315078,0.151403018411308,0.212470220383691,-0.15490414183984,-0.217599827728993,-0.18848373716036,-0.147514903152576,0.255872911723551,-0.0688123796478559,0.0858132173496509,0.0647219986886354,0.167032908122461,0.0999108915449644,-0.0876895652402819,-0.117009264032696,0.0649703202258708,0.324690359019869,0.258053154644036,-0.141270791072351,-0.0798824365901223,0.300019435279699,-0.0468889397837557,-0.0976582594971757,0.146340157196607,-0.112474301482462,-0.227409820978974,-0.102603599852001,-0.360427036267906,-0.321726814839834,0.112343464675139,-0.251285394056542,-0.12717127218065,-0.0667179245893847,0.287163841144797,0.119733631696949,-0.134007392726603,-0.0717257747240711,0.0318261060949137,-0.0727490744890427,0.0788353765066122,0.289032811767364,0.0557916791192805,-0.348856984817037,0.0190042338769902,-0.345770917563785,-0.368743622530166,0.22458419608116,0.0347674298831633,0.111856659727013,-0.0832757518458364,0.0237209463844687,-0.200916322572869,0.0270317196881979,-0.281118214502114,0.18664076082895,-0.022811115132367,-0.100711272453103,0.0785198042391078,0.083978635644096,0.116408297284823,-0.116975011852218,0.0401959292829848,0.126110441823698,0.0933940947705462,0.030260968621529,0.0941355081300954,-0.349378030560469,0.0525093259009624,0.235476079382639,-0.154134515980662,0.0653177857278925,0.0688732809948126,-0.251796837298885,0.136306372457174,0.216461095346866,0.217253592689612,-0.0757283328919485,-0.0733244427255301,0.0926151097695734,-0.130124370524255,0.19415035257333,0.13761214537833,-0.11846604756042,0.209945515942642,-0.115669926167837,0.260838759098851,0.105559383247346,0.197196825833941,0.289457464711279,-0.133878290314313,-0.0976930779632128,0.0730017685724705,0.0280276456136471,0.0655908473148505,0.0624678055375713,-0.229269205083527,0.0399207828931147,-0.293799208835493,-0.454101422639806,-0.193172550613946,-0.117463375847422,-0.299531207738551,-0.387333311597819,-0.215185252098898,-0.313535110623364,-0.259024998901319,0.0597060477901147,-0.58440848705216,-0.373818501197907
"s__Gemella_sanguinis",0.0115325118889825,-0.170761829943916,-0.0598664574598673,-0.199257490373965,0.13652152730674,-0.0303697536317874,-0.0506840935949789,-0.196873317190299,0.0813381310968608,0.196617240045877,0.0869274351199017,0.0674653050977046,-0.143277456346195,-0.169234171932693,-0.0448283068973075,0.144541005223412,0.181403112389216,-0.0233551326069116,0.131013722431693,-0.084034797102581,-0.0814202974773394,-0.125264497496525,-0.0430032192129696,0.145641047540457,0.20022283788107,0,0.131300520664997,0.110082619245513,-0.0426116841093626,-0.275594778074896,-0.0854064286295534,-0.0113423893604505,0.128436234890134,-0.0324755891037448,-0.251301484577914,0.0233848127122432,-0.222979200251179,0.0215534904524078,0.223413065597924,0.273713143047338,-0.00879267985509007,0.30913563442325,-0.161790468729751,0.102818799816691,0.055185735889736,-0.0547406725450269,0.0979120916423252,0.0882379500399233,0.260733134272477,-0.112427699328997,-0.0354913533707426,0.0335675319082901,-0.202486755147386,0.0684137193347234,-0.114037173957916,-0.104145144047535,-0.00427800729312969,0.211847285035092,0.0573417042791132,0.161087755690456,-0.0687926205712784,0.126631591032048,-0.00536753284930086,0.0187394368828935,0.164070714445236,0.0821635134399918,0.271883716909949,0.0758913977860194,0.149411905112285,0.0936863756948903,0.0691048855374911,0.233014600169857,0.181845638139171,-0.110406669348478,-0.0594111473453076,0.00281323560335872,0.177732672867587,0.0858977207360414,0.0480230487292854,-0.0263555567804327,-0.0206753194607461,-0.154974675465722,-0.0165992378507464,-0.181622250923173,0.0846061216690199,-0.216509878170096,-0.0251124052561275,-0.106720868082942,-0.216548739379463,0.0332083805586592,0.18436186246145,0.0798531657019397,-0.0815306699010617,0.135084670001176,-0.136761429212214,-0.0109155698570579,-0.0642559661713025,0.0770762168331839,0.188687112039372,0.253039459740781,0.15815974111577,0.162510127482609,0.00511811005655416,-0.0128294910637133,0.131224438382078,-0.0197025140774485,0.145611089344501,0.115066694933754,0.198433634280693,-0.204859845133314,0.240942512795475,-0.224872235233305,0.182376064917639,-0.181728462844574,-0.0315585991370625,0.148481316845989,0.0716317039384305,0.0424426419176625,0.339138649426866,-0.165699988563543,-0.252027251068943,0.139603612440966,-0.186612800797617,-0.356844179952107,-0.255437261904943,-0.0616257973719259,0.327837757366232,0.20896311178172,0.205743694554463,-0.0305489726587058,0.149845472723571,0.0799642782383449,0.0423761222905191,0.0506607642467706,0.0733630610654194,0.141064067173354
"s__Haemophilus_haemolyticus",0.0261622989410604,0.0678188262805438,0.122966621848946,0.00223587197182939,-0.0622046669128785,0.152588453391149,0.090338844403913,0.103918640509333,0.263569453777865,0.0798018662318398,0.174033502561427,0.14738258236146,0.150762578404297,-0.00372500744445967,0.0536009460061323,0.0772078764767924,0.141103357439658,-0.0263421024125551,-0.111180910912537,-0.0274018878020006,-0.00125929744519967,0.0450884434960076,0.406509917103867,-0.0664469336322512,0.0188715027829824,0.131300520664997,0,0.181861347801168,0.0698780111139562,0.011738134772113,-0.16201484321547,0.184507826500326,0.0982754478456701,0.0768383291907417,0.0262933978437406,0.120966245770931,0.0548312007972736,-0.0667124493499481,-0.176102817031214,-0.0864701724039476,0.180911387986539,0.0670470976746038,-0.0574154170496913,-0.0849318898070148,0.257980258881442,-0.205533717981306,0.109945131027641,0.199276880419295,0.147611888802935,0.10362229279917,0.024578040805973,0.303725869347251,-0.03731637452721,0.146559301121911,0.380491222683273,0.184094916002239,-0.0203501437778721,0.00928906044955963,-0.0603512617875621,-0.0329722205154279,-0.0429897781204277,0.131890798466997,0.0410484872131286,0.0277271963950225,0.0406030345324627,0.196935335211897,-0.176719360238141,-0.145874400929897,0.0477385297017797,0.159666947747563,0.321651587954191,-0.260621301447903,0.107322185986716,-0.179870551304386,-0.0818801125099753,-0.271860926373468,0.225974083032445,-0.0650151855922293,0.136529212101559,-0.151820777942359,0.112060985195789,-0.222367253183479,0.076562847900134,0.150205040682277,0.051615178692681,-0.0713989679124326,0.127961799528495,0.155177099015919,0.115808960968901,-0.0156189765663205,-0.101371348602368,0.113225465859709,0.100475733737083,0.162173157877971,0.0757262077288359,-0.179743341734701,-0.185637626073802,0.0616981516013751,-0.0750935358511539,0.0459581325938008,0.162982359986082,0.049982607847449,-0.233586307769356,-0.0511030546102744,0.0893310204217554,0.186415358170682,0.0708887054592524,0.109296955122004,0.266971015123753,0.137825080319965,-0.0175701486864745,-0.0384571671289344,0.0607886604004518,0.0786342354022176,-0.180493889918425,-0.108884275504659,-0.0378121642182336,-0.0199673307939158,-0.256366155190887,-0.144811635050637,0.133467897353068,0.103156233836933,0.0385210920960221,-0.135633121367619,0.0780409235509786,0.0657844673482723,0.151818166752052,0.0764753594288956,-0.057070376956663,0.0499582189210888,0.0987790194224383,0.115148567820162,-0.0162490048753926,-0.171900629757466,-0.0217717831438709,-0.0356460250886095
"s__Streptococcus_sp._oral_taxon_431",0.131456007844941,0.0371225836993408,0.240278156070707,0.0552516890269784,0.477564049619218,0.0164511690323987,-0.0451910763926915,-0.25195671596666,0.251308197831476,0.160553359140566,0.0905566067193324,-0.163732504582406,-0.000517733818987629,0.0358184998373428,-0.0533393744716718,0.171108947413119,0.157915248920718,0.142635794765379,0.189807592887881,-0.0134747294161229,0.229583941098252,-0.00427833011025765,-0.194428405187182,-0.0705114636511909,0.213726087315078,0.110082619245513,0.181861347801168,0,-0.0789058170012985,-0.0952399153829836,-0.049586290567217,-0.108472788684025,0.0400220688118555,-0.103903177746106,0.136407575641926,0.108253327163786,-0.193880580859883,0.230978224608479,0.0837168768400968,0.227534992721247,-0.189991030649792,0.494925623315484,-0.0468985217235422,0.281501268840136,-0.124988100517896,-0.0430868235197076,-0.0833953863570683,-0.164508453677871,0.326026981100851,-0.149644539785151,-0.0662082289973976,-0.227706349007902,-0.133333494215518,-0.130049933494275,-0.0486439419976711,-0.0561495646706168,-0.0055664942584704,-0.0559169245404336,0.0145026065550557,0.178594936485604,-0.0740648885753447,-0.0681356690268619,-0.114314003728675,0.0404245442973661,-0.0513933052821317,0.011592622015349,0.0896024504493667,-0.179515753144514,0.516974527796646,-0.0412569966807605,-0.0995779803247333,0.251251287360003,-0.0701339455335485,0.0560311289520232,-0.0419058615301461,0.0307984705743884,-0.142596203772152,0.481474877892671,-0.163416008170375,0.221967442337868,-0.101606429149639,-0.0806954080571132,-0.0443363215555213,-0.0839780943425039,0.158953908424077,0.0217746781625979,0.046417909050949,-0.128882403556533,-0.304683537364924,0.063944623570545,0.0439510592612162,0.0572305892546154,-0.0825680818396604,0.115811348303294,-0.0641902388125384,-0.156232897750318,0.0837395725507625,-0.255928694968202,0.305274066225715,0.16565456357369,0.028440427203902,-0.167626715147867,-0.0545722627913934,0.313617936901612,-0.0649772716216101,-0.259203267217789,-0.174991414271734,-0.159800389097283,-0.00434074891553515,0.0439756477953177,-0.117882447296971,-0.218486474754585,0.177599251680413,0.046395557094855,0.044318898804084,0.193181429588102,0.0446404990278838,0.172479243179219,0.275773194571036,-0.0649413387330045,-0.381565327717781,-0.0533144980218802,0.35635838074604,-0.0286169045405029,0.271901886146039,-0.126441586075099,-0.105020431793439,0.0711065481018445,-0.0163085764027692,-0.166793767478567,0.0764510945263084,0.191560929708062,-0.127230546008433,0.0848966153828272,-0.0623896750737562,-0.0274263151189016
"s__Streptococcus_rubneri",-0.0194264268585252,-0.134356828410013,0.0243228909466686,-0.178750316371285,0.214918855562665,0.112364446562379,-0.0557211764783959,-0.0435010602344177,-0.0907252295165982,0.0619102638168355,0.0138804897362052,0.0961124773286282,-0.107679112074586,-0.129179842856961,0.00956745127297343,0.0174707457051148,0.0520551127506458,0.0829384289854103,0.272307640414907,0.096359095371809,-0.163028149306543,-0.0160564660072473,0.117754510097088,-0.113697393771738,0.151403018411308,-0.0426116841093626,0.0698780111139562,-0.0789058170012985,0,-0.0665165263017073,0.0823879488827109,0.000612708171910725,0.0542425458218562,0.0649556902457705,-0.232629282092796,-0.21251952290096,-0.00377695948598838,-0.0495847503579872,-0.00305388985004462,0.0365661224490909,-0.166501258096206,0.0791914482960428,-0.0712567717289209,0.163190063020484,-0.0203603622197166,-0.0138936593255888,0.0819844285633285,-0.0221628780525299,0.0831768168877087,-0.0324895801714236,-0.171895936030274,0.0421596064638557,0.0826131971889321,0.213560463440415,0.104928683997703,-0.0447556672799471,-0.015372142957731,0.142576884540492,-0.102706365923299,-0.0335303873245529,-0.162440704803878,0.0126267543686164,-0.26207096850597,0.191927950434331,0.078603899141928,0.0351556087436388,0.00896838043072526,-0.156244355296768,0.187922602900098,0.10851808854664,-0.124521530952574,0.0984722030125744,0.171436550083179,0.0520785461043111,-0.0516550662234153,-0.0575877587778754,0.155652552042828,0.188648112833904,-0.0913971505469013,-0.0994238773963756,-0.0639985629926013,-0.165278619877344,-0.0133267084574939,0.0137274625345618,0.0488551752235439,0.0205103921813908,-0.0237081107667404,-0.0224967293725978,-0.0777867417996028,0.00227217691856441,0.0150020377026177,0.0364739308835057,-0.130040609563158,0.0927822471181956,-0.0397234477166865,-0.0856381927377824,0.073366628137109,-0.0655768865587659,-0.0153128276049443,0.0637531323716478,0.0765674556667222,-0.0678844484879283,-0.0974449005038714,-0.165702096653906,0.0771279208361045,-0.128008280341961,0.223025233003738,-0.0115111651606657,-0.00883790946591934,-0.191994151277383,-0.186033357175316,0.0492140702788344,-0.0709880382879657,0.00623087535874421,0.0285194049229214,-0.0267950282749481,-0.171534905975968,-0.0445547362724991,0.109973826335487,0.119459717720181,-0.181247561933662,0.104090501565059,-0.0889066956498484,0.130614391583366,-0.113457548346933,-0.00805043718992953,0.0981245570484565,-0.122905553583922,0.102991749166968,-0.0144844044042129,-0.00865369725777626,0.0142694495670143,-0.10590911555384,-0.131600622914822,0.196309739679013,0.0732251600508478
"s__Streptococcus_vestibularis",-0.197835797161446,0.220434114781023,-0.0320693672526067,-0.0249405546316579,-0.0707520225719854,0.239882967620662,0.294687384090427,0.294321850619163,0.0181963452956276,0.129767090456343,0.138411991893076,0.0520800755294178,-0.213360380259571,-0.0289138311817446,0.160649504861848,-0.240176732072973,-0.0546863073466506,0.253919687917007,-0.133138710946774,0.291966894143539,-0.21582163285284,-0.248371892255875,0.135668510550929,-0.0432710526203988,0.212470220383691,-0.275594778074896,0.011738134772113,-0.0952399153829836,-0.0665165263017073,0,-0.0953113170350905,0.088842086344671,0.196221088819211,0.0228786994383552,-0.122494662208397,-0.00683389513611401,0.045075643081081,0.269619539029077,0.209294285258878,-0.22345480829,0.267389970289404,-0.0420239889602054,0.0751573290119186,-0.156758804918389,-0.138775636922021,-0.050864275307727,-0.0500775288220695,-0.139349486843812,-0.0328389195580955,0.10436740444624,-0.00685806240167292,0.353286067021396,0.325133026734284,0.187632281204384,0.0113832170506826,0.120760639310595,-0.0325628465567612,0.0384783552335705,0.165085611032331,0.335273862989009,0.187413591315838,0.000438452305836994,-0.0246926847789951,-0.22546098652926,-0.167189957455637,-0.290154641227407,0.176045572316482,-0.0249876709024868,-0.0531072195312363,-0.117433300192155,-0.149656250201002,0.116335340819219,0.0126350499960343,-0.186200897951987,-0.0909912562794649,-0.0226608070321232,0.0780818794823212,0.176246532390034,-0.0952782521127292,-0.258288932709192,0.169329770169623,0.0447196618124013,0.108600435098966,0.0346022970024658,-0.0930473135364953,0.145119877473761,-0.0109612604859129,0.160223918386074,0.0744368142236944,-0.064927326216505,0.284281318932918,-0.0923177465631353,-0.00777707838996694,-0.0931245294338869,0.176521084414274,0.0076006507817629,-0.118106985151482,-0.00322287674496244,-0.194310995156452,0.117757686996271,-0.0825699926280785,-0.136578851610755,-0.0679825788126352,-0.0724087216693446,-0.000108398495774154,-0.033142448794512,-0.112010499176233,-0.144195084185216,-0.0479694601609043,0.018033158159548,0.0657459150875631,0.240639956177056,-0.0550075321321074,-0.169833542947111,-0.361016030088578,-0.199527036587688,0.0287067399519836,0.209947756730349,-0.138676743835837,0.0400176399706744,0.187297007263247,-0.0910255242941647,0.186909165290312,0.161100458971882,0.0677364617030161,-0.123839722617599,-0.0102235381271199,0.257952318004843,0.0404360794886327,0.085719221083829,-0.0418307476581794,-0.193444461035277,0.150088872713091,0.309203802018043,-0.190031940730184,0.0437159981985576
"s__Streptococcus_sp._M334",-0.0974326588868377,0.112827392402694,-0.299429608590214,0.11999033584246,-0.00221612008746294,-0.0232206614242018,0.131808185368704,0.0740015307041716,-0.0358594295506477,0.0576053872920377,-0.154409615237879,-0.0724387061143352,0.236924176608617,0.181133880048406,-0.136523345997515,-0.146701245626611,-0.0988242434186858,-0.0800105403280877,-0.189895407272955,0.00498207133037132,-0.0245972044057914,-0.108783623236901,0.043460521143814,0.0955871407365573,-0.15490414183984,-0.0854064286295534,-0.16201484321547,-0.049586290567217,0.0823879488827109,-0.0953113170350905,0,0.0390258404146548,-0.0604684344674516,0.0659039230507759,0.103311317380799,0.0627450171162551,-0.0282660735179349,0.0203593503936665,-0.106531615610392,0.222386991446473,0.247189881908184,-0.0144216351471395,-0.0131480146984611,-0.101179382459037,-0.177431593282113,-0.0501762028313709,0.0440904509238393,-0.08639895125841,0.0646687042172757,-0.133608462282213,-0.0460161078106486,0.0737224084258598,0.309968532665588,0.00670949591929448,0.0762820010567607,0.22695063400113,-0.0521217417122798,0.0860273554684595,0.156069784556479,-0.178239006083902,-0.120801668214521,-0.025460339519485,-0.11159301490636,0.183154514945614,-0.0546652993441143,0.000389186637497235,-0.157957107075633,0.0590614560329746,-0.00693206018550202,0.103066915742857,2.61794788355696e-05,0.162172371088296,0.157852593606826,0.0626882783680235,0.103383447030133,-0.0748341863868316,-0.067915191045649,0.0241672045566076,0.112616226084412,-0.221087387790666,0.201728808142717,0.0672251641338639,0.137731620507159,0.124349015971284,0.00760939145130295,0.285100502559596,-0.000275249117882403,0.166600661833701,-0.0639313719958012,-0.130861990444963,-0.0562839949949631,-0.0284619425066498,0.038694824394284,0.0911848128517842,-0.0845912492349662,-0.178081458294409,-0.377739422721525,0.162432267028435,0.343554484433058,-0.104241898742745,-0.0390755433645661,-0.00735259676104677,-0.120903785266673,-0.0509990444005027,0.151715016099966,0.014320776967504,0.105902940893397,-0.0193657281466459,0.0640438321225705,0.127034054028848,-0.0334221949616214,0.294840128818431,0.0123613700267995,0.128545343109135,-0.234973747125514,-0.212504644143549,0.0538681432559838,-0.15540345955612,-0.518024143581052,-0.130634397161538,0.0973369901894412,-0.080679521362622,0.311986224046981,0.269428128906549,0.160007616696265,0.221436316303676,0.311936842522137,0.189601371822748,0.0833097757900024,0.239669465610359,0.014566648976454,0.193263033384028,0.0181844537507506,0.0560184160195326,0.0567588428037502,0.0836608744316308
"s__Prevotella_pallens",0.0262877098326629,0.157258170248631,-0.0705123133305724,0.18483785582877,-0.209603111207884,-0.36367755154609,-0.105455103498536,-0.0211300460154501,-0.103769302959644,-0.242367538092096,-0.104140495773879,-0.270516781455531,0.156733687750929,0.315907089891877,-0.180341175189782,-0.00393667421517846,-0.194481750608928,-0.0677824421738096,-0.0465338508179768,-0.197477819133802,0.192999368813493,-0.00241752574280257,-0.165165324108442,0.116331509469447,-0.217599827728993,-0.0113423893604505,0.184507826500326,-0.108472788684025,0.000612708171910725,0.088842086344671,0.0390258404146548,0,-0.0191643263107317,0.171419004099336,0.256604508529639,0.0613087491927459,-0.0981050710904122,0.244493993059126,-0.0778675502356407,0.0823745671061017,-0.0103531232255098,-0.124223558732446,0.156886666072143,-0.00439641766273058,-0.115618617593076,0.0592494304669973,-0.0777702801474687,-0.11064356614273,-0.0740652005229116,-0.0653923604092747,0.0649632332536219,-0.23240964015045,-0.0865776841091652,-0.282590564818853,-0.0739827821897019,0.158148585678245,0.216178550925899,0.178046752759885,-0.0673352545723714,-0.164960683964223,-0.0121130406820036,-0.129339646837403,0.029270413525251,0.123508718544254,-0.118612851147383,-0.0367387336028697,-0.10510864508497,0.278492280254675,-0.22625933540491,-0.297234180751846,0.275038579746952,-0.0179657511306389,-0.294832769972013,-0.0785365233665867,0.100508550015555,0.032320280974241,-0.120694910695516,-0.21745401645481,0.00803485205855281,-0.260255171166643,0.23093095521104,-0.017127326609545,0.07547928388985,-0.0398140957721634,-0.0392956743222188,0.107375068326221,-0.0106849344889768,0.331444321519199,-0.0398794880832157,-0.0379304144141349,-0.0600747145662354,0.0155995246624759,0.0790478793274734,-0.0903549910232859,-0.255968930565756,0.248439357671776,0.158620164072931,0.201230199708226,0.0120052700020702,-0.348730290376204,-0.0958224111751802,0.17312735341545,0.0163107187404747,-0.0161792950166425,-0.110164101712302,0.14619331638864,0.213347628166696,-0.0517687582307663,-0.126388128010606,0.306581391383009,0.311188076342894,-0.0597555309406582,-0.0881648388303256,0.231155183427814,-0.023178446331627,0.00185545343954319,0.0543086646553803,-0.127295365551916,-0.0754199351580764,-0.176508176536108,-0.0511515427236745,-0.139338793564695,0.0463719936163967,0.128568674592004,0.121753997196104,-0.216667000360383,-0.221346907509294,-0.315823334127013,-0.0624924343567854,0.000445209580399897,-0.121950537276187,-0.0988028330841894,-0.163080214668775,-0.130181940888367,-0.175962418376515,-0.130107924200954
"s__Lancefieldella_parvula",-0.0630615711272012,0.0136373308554626,-0.0052833242534514,-0.080882382376148,-0.061648817761861,-0.0465320685921928,-0.139747482305914,0.121261086280831,0.0095537840843339,-0.14162952623448,-0.128590902660365,-0.176230650265342,0.107816589666906,-0.0872081084611756,-0.0175461393587736,-0.0890923917364167,0.127827816399566,0.02561716048512,-0.128835797755802,-0.140021293115686,0.119588199623596,-0.160315101075128,0.183755906666061,0.230710405593482,-0.18848373716036,0.128436234890134,0.0982754478456701,0.0400220688118555,0.0542425458218562,0.196221088819211,-0.0604684344674516,-0.0191643263107317,0,0.0192053127846861,0.160947882915216,0.0816713348315585,-0.00948150722498758,0.0977901679162284,0.074910465784761,-0.00361278888787612,0.0293930100387169,0.0153359017301722,0.184140121446389,0.0858654369006415,0.156056173901909,-0.112222359767504,-0.0619395991665655,0.135574282616959,-0.0616264585576346,0.0573510192016073,0.176656658598702,-0.00083453128620381,-0.0435979074215702,0.0568033705203371,0.00145879566892887,-0.169856756756994,0.106943453370984,0.0392993184752367,0.118773578723987,-0.114275420466895,0.304756018505805,0.049229621495842,-0.0759338504252372,-0.100771021669809,-0.157046777072648,-0.0361681216915153,0.0425221522706763,0.441248318854822,-0.00565096762778106,-0.271196024019392,-0.148110792124939,0.0849440794933956,-0.328402291366773,0.356933519979407,0.214671823223149,0.469769069296331,0.030248454473027,-0.0107159123524904,-0.323315461825454,0.0382971453793613,0.0617581546321461,0.446208275303578,0.0228261705100692,0.0029285516269123,-0.0278154380547266,-0.140138682411376,-0.0107164777497424,-0.0484923565157277,-0.173087077793184,0.155335817174784,0.074935852619951,0.00108826494651526,0.0347140520332625,-0.38248020020183,-0.0770025580496463,0.0453042069570656,-0.111423470573363,0.284026698363992,0.022719092439698,-0.30100426900218,-0.136052939059341,0.454866911125608,0.384658333138744,-0.134965411836826,-0.109397526518596,-0.0173646325650366,0.060672159724681,0.0433732990436839,-0.00131832730088233,0.10331354760541,0.403680462349173,0.188628479318652,0.098068550783736,0.0770321816849009,-0.131853980651968,0.0443897003996696,0.0238501008151131,-0.0424644480403402,-0.118023048946704,0.17003741203127,-0.153239387536039,-0.0467470242735452,-0.149782490845361,-0.0456145738885708,-0.00433091510419484,-0.311807635726012,-0.0851048489145257,0.123556916401154,-0.318054140421808,-0.191157919281926,-0.0904537182366271,-0.13959646675303,-0.262048980667224,-0.0832495799428478,-0.520317654807126,-0.42919623702145
"s__Prevotella_jejuni",-0.106755706212596,0.00407747469143814,-0.162638971346441,0.00685707236815231,-0.305281938918798,-0.303529278967668,-0.155225428425048,0.00452860189675364,-0.117784338521444,-0.261737065805606,0.0186625722034256,-0.0385503671523158,-0.0401909514040162,0.0271572322760797,-0.073793748815254,-0.119524941425983,-0.0560919805529727,-0.10591994417805,-0.208810717479251,-0.0377652048187027,-0.0361895550851393,-0.00145860162728823,0.0282740676952442,0.189582808921972,-0.147514903152576,-0.0324755891037448,0.0768383291907417,-0.103903177746106,0.0649556902457705,0.0228786994383552,0.0659039230507759,0.171419004099336,0.0192053127846861,0,-0.0166661763911015,0.0935045717775684,0.0952693640321833,0.0272016649123811,0.124818809172109,-0.104364502961231,0.10336020739156,-0.277902329878538,0.0939854030178756,-0.127801043069728,-0.0182240992275739,0.1043405167743,0.0197834663232044,-0.0306940848285392,-0.35406658786821,0.165068014960617,0.24050671244552,-0.0469676270358155,0.0182995144098831,-0.149248184138693,0.00769699041117155,0.0369918334045849,0.199362640908424,0.0209530089893518,-0.0172117755804235,-0.0164012239009189,0.0524591736634301,-0.0982141149129733,-0.0263208360973666,-0.0898764269871787,-0.00458712081243015,-0.112092614850631,0.0507423714647506,0.327830806195338,-0.186821396094503,-0.224629550847539,0.107382786069406,-0.0349551689518798,-0.281026802366003,-0.0908134653493326,0.00610292147904146,-0.0287685199170566,-0.0305957622263703,-0.242298298018255,-0.0149764485471155,-0.0304094317713164,0.00797588808438177,0.0060563108604568,0.028537675280645,0.0073757432563933,-0.124173858328131,-0.0639315812157743,-0.0334108978156225,0.064089177381842,0.088287354130868,-0.0113323346119404,0.0686631750095362,0.086077353152795,0.0131867337720498,-0.135634120730217,-0.205728061837568,0.202234383690131,-0.0585245167972245,0.126937882824534,-0.207758680304594,-0.327939149472016,-0.16301367960423,0.208389575502493,0.0420174593772397,-0.225034160785313,0.150565701313246,0.0778689569438463,0.204465547922002,-0.0741567625219227,-0.119675703436575,0.23940093683312,0.181091438774298,0.0210473450878437,-0.111640012633502,0.229596351190372,-0.00449130314986593,-0.149560987230558,-0.0492960498947921,-0.11763275685775,-0.258036071258293,0.147665862715111,0.0479083748172129,-0.12214812619922,0.0615356017363298,-0.125820005431701,0.279512610971509,-0.0737805487141402,-0.328051049318606,-0.201389002403589,-0.10717805849391,0.0653112319991314,-0.137069586807704,-0.159692736590647,-0.0991305729357733,0.106416539564576,-0.0800226439566726,-0.109633158641779
"s__Streptococcus_gordonii",-0.0717059550315077,-0.150940416048841,0.013041272703624,0.129271438513049,0.147264967991493,0.329569492595617,0.209232684959884,0.0374891776313178,0.187730647497662,0.0347639130088693,0.285442013929963,-0.0386805525134359,-0.15687656335868,-0.0002522767395845,-0.0361896343422944,0.100122373957647,0.0613194220779289,0.21211151154706,-0.0273967125782773,0.302465782150594,0.193126252349472,-0.0854191087926878,-0.130535951147948,-0.316261143300308,0.255872911723551,-0.251301484577914,0.0262933978437406,0.136407575641926,-0.232629282092796,-0.122494662208397,0.103311317380799,0.256604508529639,0.160947882915216,-0.0166661763911015,0,0.0140608470253583,0.0818753453892716,0.176416385032514,-0.0179432846617862,-0.0300439936964754,0.0153729024093933,0.353273229150269,-0.210153177712259,0.137082848558483,-0.0585031868025008,-0.097569629445893,-0.0090593532155645,-0.0965650569344878,0.308921275644243,-0.138653816899815,-0.0306927976882622,0.0557163495821441,0.169620423532601,0.143934495048704,-0.158047867821101,0.209175236587477,-0.0654691742758546,0.033176177845696,0.237815544508771,0.300336622980384,-0.153728683072449,0.129211983574168,0.215708852611708,0.0108299493781641,0.0280881274466664,-0.2004965178286,-0.0895588092168989,-0.300416287805219,0.259618930672642,-0.229379981137259,-0.0189291302467129,0.280047726385431,-0.205308408230678,0.0476041308729644,0.00215980726503223,-0.0617607817877881,-0.144213337333935,0.279401620751747,0.0815014034254471,0.0700151754166876,0.212301027567179,-0.115001548157317,-0.107855395698869,-0.325570293579546,0.0113225802761202,0.0510669794384589,0.153753295793428,0.191430911015066,-0.0849891264875537,0.0342231404807175,-0.177209284493179,-0.0782379251024937,0.043767125179357,0.137848244125607,0.20628006973802,0.0883480154730691,-0.0982960003856184,-0.295491348282253,-0.121395589430384,0.0783740647949962,0.0653886209228727,-0.395401817994765,0.0265804133871919,0.188510460492449,-0.17662099378744,-0.0510173687152482,-0.321004962095675,-0.00577724413256382,-0.0352771011816553,0.0522848385566873,-0.29916205694733,-0.205132970885418,0.0148390676777123,-0.235297655315753,-0.158803774615092,-0.00290626446382986,-0.02624667676776,0.138881134140589,-0.169148550445227,0.0292905092194659,0.0370181784058974,0.0450373295405639,0.313138683797649,0.111463952957207,0.128248680854793,-0.0266758059618611,0.176281902896041,0.235543880449992,0.103693000866125,-0.030761051553689,0.114710535181513,0.144942783378768,0.150494070676305,0.194326375000453,-0.141711774026776,0.0503883089733866
"s__Granulicatella_adiacens",0.0108990300899843,-0.0719507019864885,0.0300885409927279,0.0311842433128219,0.212344928228735,0.214467716696142,0.0955248978393329,-0.0967337185653669,0.00202479004372508,-0.119833991743085,-0.0195515421820355,-0.0399381446859316,-0.054013096750183,-0.105775405674749,-0.208125292564743,0.234117120827938,-0.074176406739332,-0.0901682617417938,0.374268785141161,0.0469836585316016,0.190069754266314,0.0342876497121268,0.0634804731012529,0.0336098553630798,-0.0688123796478559,0.0233848127122432,0.120966245770931,0.108253327163786,-0.21251952290096,-0.00683389513611401,0.0627450171162551,0.0613087491927459,0.0816713348315585,0.0935045717775684,0.0140608470253583,0,-0.0780472419447487,-0.256880600894101,-0.0734799012857556,-0.0229178252371681,0.0827501654581617,0.231913798957621,-0.174934950045262,0.106280627212356,-0.0048535332892064,0.112385687844555,0.0305919790860356,0.0372683053164779,0.215256656485683,-0.310213413832893,0.0394461222197396,-0.13461160375722,-0.0617384035742957,0.12837153324931,-0.124298810723278,0.0364875698132905,-0.0584272821392212,0.0513806875263231,-0.00657640966001724,-0.00378494046714972,-0.120734518461944,-0.052232063051464,0.12891363943892,-0.202988571349735,0.0478126188625474,0.147537323393912,-0.090573428912516,-0.13148007285165,-0.0378199627778322,-0.0592474202675436,-0.156331877740827,0.186026386961594,-0.0947193539950112,0.131576760851142,0.162216180899938,0.029994667362817,0.0453383326552833,0.0400481025855982,0.128977355404455,0.220550530702279,0.0408417639343564,-0.00182813205047624,-0.260949755888665,-0.152798064063475,0.0244743131963239,-0.144785327609954,-0.0558172934730559,-0.141560548990286,-0.182005709669953,0.0889589729615783,-0.166161060896312,0.222744374830076,-0.106166371542826,-0.0706476378942212,0.00860659184042434,0.261468502115383,0.195337698938651,0.0347038198090384,-0.159219336843926,0.0592664694565191,0.13435846443633,-0.0683680218873692,0.0695952000494558,0.123675416473406,0.172881051827766,-0.068233388023496,-0.123887086000633,0.0414495308803238,-0.0592629590209241,0.136394559135657,0.097786555249037,-0.304443431901558,0.162388378917637,-0.116828504942967,0.0736921888757856,0.262746647410314,-0.36325718333562,0.0908181937313149,0.285392883541288,-0.0164073947870217,-0.171658426853734,0.217433417760329,0.285974799581461,-0.127180001025997,0.074102596431088,0.0859842445799838,-0.0288445819914929,0.158819352216906,0.216831809942698,0.0181767153324388,-0.00912547732026767,-0.0508282381616877,0.333813136075657,-0.00428282398276476,0.0282731953566453,0.144866793744909
"s__Actinomyces_bouchesdurhonensis",-0.10758101568142,-0.0415587917481836,-0.0351076191118818,-0.00908973824597337,-0.211580829197507,-0.0463030406802152,-0.00821900453685737,0.149692702302097,-0.225526316518929,-0.13616718333461,0.0171225199387134,0.0454179778756368,-0.00694772396861545,-0.115588650231768,0.0972351631038139,-0.195904548256853,-0.144353591548815,-0.000157641664831787,-0.156745067097351,0.10517588624518,-0.0563128767591924,-0.160125935267161,0.140529054527178,0.119933319992403,0.0858132173496509,-0.222979200251179,0.0548312007972736,-0.193880580859883,-0.00377695948598838,0.045075643081081,-0.0282660735179349,-0.0981050710904122,-0.00948150722498758,0.0952693640321833,0.0818753453892716,-0.0780472419447487,0,0.363096784561268,0.213054413427688,0.0191747697939005,-0.26375335835906,-0.178022439420265,0.166147100149725,0.175273094953065,0.00307306850391104,-0.169397332357227,-0.214918216883034,-0.142886639134822,-0.195948825701654,-0.0311031403688428,0.116429766294103,-0.0215323735538223,0.0971084155478156,0.0717775957785898,-0.132528637821367,-0.0249150216502619,-0.0518078403770114,0.0455166077972441,-0.0187331016574363,0.0726087066594837,0.153198276469128,0.00412407157984485,-0.026170451346884,0.223264084994878,-0.260791144550243,-0.00893721150326755,0.213381686032992,0.288778845679651,0.0488866615616787,-0.402478463904286,-0.00686039511753445,-0.213892189847929,-0.347118069265003,-0.0400213130118297,-0.0194668174994099,-0.206278567879081,0.116297715359887,-0.0316080947080532,-0.193052517293717,-0.00911205562737521,-0.0372779272103931,-0.0265138801469908,0.0220263453986067,-0.126876385078865,-0.145795918383803,-0.219068865086882,-0.14036431419562,0.0317102483777433,-0.063258670408959,-0.0734744690766118,0.177795394452323,0.0468848213705946,-0.19288677043313,-0.23387153676752,0.0708624428256012,-0.0233109253981067,0.142370064513357,0.0875972753633495,-0.012062237241412,-0.232487083196544,-0.169366321436737,0.249906066113329,-0.136198067674792,0.0396734354702749,-0.117438786551812,0.0858902557066878,-0.0695622860605519,-0.170782923389032,-0.0873768423400086,0.215700447495003,0.180088396073778,-0.09362145419166,-0.141493320800001,0.0808707553317762,0.0969036448402188,-0.0567804079649707,-0.0017455474112599,0.0474211806766137,-0.257344011711611,-0.0577777901199703,-0.0992200933211649,-0.0250449576087678,0.142590749044668,0.00918446513863791,0.236474642290255,-0.316756317551254,0.00709976390688827,-0.0188260124395319,-0.0518879776376774,-0.111120557070255,-0.0170909008822223,-0.196298032001013,-0.242569706147126,0.122289060752373,-0.33528647176222,-0.302634002565968
"s__Veillonella_parvula",-0.115386499680246,0.125895464866495,0.240618889131859,0.0663012724454253,-0.0857780491325799,-0.178227892855582,-0.0825958236210308,-0.0983603412698583,0.210958847939811,-0.0321559521991984,0.00112597439433842,0.224951299760385,0.000562691269234,-0.0668051644054368,0.0982422990387357,0.0888670810869581,-0.102114838631867,0.239501318079086,-0.142870364834449,0.148808276399788,0.244672116457279,0.00223696355411931,-0.235999362048581,0.0638478314342984,0.0647219986886354,0.0215534904524078,-0.0667124493499481,0.230978224608479,-0.0495847503579872,0.269619539029077,0.0203593503936665,0.244493993059126,0.0977901679162284,0.0272016649123811,0.176416385032514,-0.256880600894101,0.363096784561268,0,-0.0281931345175027,0.0727669725421317,-0.065381467024705,-0.222887101150686,0.0998337876688149,0.267593982473599,-0.16034674690102,-0.31274534401543,0.05495198433642,0.0841197379163486,-0.166661304548823,-0.0313383933954924,0.0522892945210069,-0.172494675599475,-0.161421356752006,-0.20433177412343,-0.210158568443493,-0.00782079781521616,-0.0380364618998958,-0.04570824172727,0.0151004927080667,0.139823964850853,0.117939063333502,0.0962879569634665,0.0788983134520617,0.0258606882796928,0.159155475278883,0.121614683374646,-0.104686941302689,0.0554427175008413,-0.0244499162339858,-0.0315374893072061,0.098857164381985,-0.0369264154221219,-0.248687188872131,0.00523521625733797,0.00626243866868345,-0.170728486443455,-0.315491874098687,-0.00663771425211743,-0.0774228932273476,0.110806806853471,0.105142355418432,0.0612654433502125,0.00963793876033675,-0.216834600467487,0.278406737147937,0.0529347139186052,0.277032121275569,0.262752668768568,-0.0399285646350784,0.431915636826959,-0.10493754540007,-0.108577181011175,0.295945506893788,-0.237837312681987,-0.0100351504852691,0.248734695964237,-0.128350900427657,-0.18734476496277,-0.0098336358869533,-0.129201991373237,0.0532949421804292,-0.0290306385707983,-0.0407435473355021,0.0732232443241655,0.019036954490753,0.141751597817296,0.00287938684437922,0.172238442153512,0.0175846373355823,-0.0555161134898277,0.00530722634293995,-0.16068069852896,0.178809204688001,0.0101966391328032,0.0496471819865573,0.148265562215619,-0.289053801590777,-0.0105082990907706,-0.295575187979929,-0.0300126820835923,0.210791065927678,0.106800148459451,-0.0873598220829951,0.0902549067206784,-0.130685877025246,-0.374145581541851,-0.136785675287011,0.0586475497748616,-0.0893666693207057,-0.184971408665706,-0.00815314248750676,-0.205509268696572,-0.159640928406929,-0.178386762631781,-0.332961035232956,-0.249070366142251
"s__Veillonella_rogosae",-0.163102650883608,0.190147181013568,0.297674360198198,-0.170816442564918,0.13194738463117,-0.242440946931063,-0.374402065643226,-0.21383669522087,0.0455549284313201,0.179777041984287,-0.0424961571458491,0.427299558389176,-0.0354760694359199,-0.188450492914335,0.23233776568974,-0.00464555845606651,0.211095347149583,0.1172335960565,-0.21841395749333,0.0311119230476417,0.068383039894062,-0.128418868028768,-0.153410728424773,0.213993374648274,0.167032908122461,0.223413065597924,-0.176102817031214,0.0837168768400968,-0.00305388985004462,0.209294285258878,-0.106531615610392,-0.0778675502356407,0.074910465784761,0.124818809172109,-0.0179432846617862,-0.0734799012857556,0.213054413427688,-0.0281931345175027,0,0.129324426970073,-0.222423635661815,-0.0764567520159625,0.0535587810545644,0.22528300986531,0.136917264735,-0.063061140010708,0.0298586010593237,0.187138648899609,-0.0227559036097282,0.132115278178206,-0.00315296771158274,-0.219015194322179,0.135584275885569,-0.161753760233067,0.0357891289816143,-0.0910677162047489,-0.0316644428849783,0.24535375387734,-0.246891754629557,0.0883651257405078,0.217901537400846,0.0684962399595832,-0.187640027225935,0.101868363698067,0.138992736903493,0.187909292059734,-0.234707280214332,0.193373291433946,0.115557012389345,0.245767753471219,0.125450337320688,-0.0896622951500208,0.254035295272223,0.281892234509153,0.141108850096965,0.123634236822738,-0.0713519842929047,0.0273987557569509,-0.107352514881961,-0.308608219336616,0.126050719994993,0.18581063542112,0.0406602721293885,-0.104754701504875,0.173624037316529,0.254103673204263,0.12305220173239,0.175092096564713,-0.0562670937521387,0.134302336777631,-0.249744465532616,-0.187143006061207,0.0484841344528822,-0.0504761832612581,0.00219809638668209,-0.114641807792306,-0.1980350632231,0.163257519520021,0.0801627160662194,-0.0585043131462502,0.110729287791197,0.269905915101943,0.196984817404879,-0.289976324451836,0.196415698531228,0.00749095489120927,0.291028442555967,0.103841019975628,0.153542592329839,-0.179491279386512,0.24297826437415,-0.0857942319817279,0.0974288304560403,0.212956782961109,-0.047103306428085,0.0193495129884098,-0.069276249808254,-0.0976228124307766,-0.0452654953362487,-0.0555622464484284,0.00142460160936805,0.260695945909515,-0.270271957377878,0.145115266581545,-0.20387114546421,-0.272744134660358,0.141477311912182,-0.147432076500953,-0.048403953285025,-0.193835453355685,-0.0183299344711512,-0.0675206333330837,-0.195433833862592,-0.0383526106159927,-0.0954676785553761,-0.148026376276633
"s__Actinomyces_oris",-0.0284715707958715,-0.0782391917832025,0.0829186305404125,-0.0713853283914061,-0.0659624988084316,0.0357680404566313,0.24636017592293,0.11542516205829,0.135443301462608,0.197198223480872,0.121769265034076,-0.0666957370142011,0.0015875217642374,-0.0559836037203821,-0.014084707576618,0.0491414354587457,0.100168753067919,0.128128227884583,0.0578512346561065,-0.0310574141065765,0.2224020503539,0.0292416314913313,-0.160148645118702,-0.0579196475912452,0.0999108915449644,0.273713143047338,-0.0864701724039476,0.227534992721247,0.0365661224490909,-0.22345480829,0.222386991446473,0.0823745671061017,-0.00361278888787612,-0.104364502961231,-0.0300439936964754,-0.0229178252371681,0.0191747697939005,0.0727669725421317,0.129324426970073,0,-0.111942984293274,-0.0803624041256449,-0.0502185806906988,-0.107106993742008,-0.031061670067526,-0.264243319834405,0.189968579700551,0.182010632390634,-0.0263483247436366,0.0272393723092153,0.0186385882794943,-0.0231213705745036,-0.274846636161004,0.0917186135569967,-0.280187258758346,-0.151751066941365,0.00423678443746398,-0.158532102084183,0.341750985836572,0.035527716092928,-0.115135937194938,0.0395608683422864,0.0317947942671842,-0.162009612361991,0.156763183877567,0.16037781902677,0.0958223241327217,0.0617600778298073,0.0283940138689859,-0.0444114304495583,-0.0775637134527944,-0.0159756930210668,0.0264556721296521,0.0875200811469222,0.171898441322679,-0.0136732566501724,-0.16210142623341,-0.0627033310448519,-0.116259963849629,0.21748418913973,-0.139998979829289,-0.0330940105772468,-0.0771384661455649,0.0935459525444648,0.182648407925078,0.00177571531837416,0.108765550037969,-0.115852672614955,-0.0900476114153317,0.109077929745098,0.0739835164367563,0.229775157225134,-0.00901886289576347,-0.11743799584304,-0.236190070449749,-0.172502922799325,-0.404204433007608,-0.146157846224677,-0.155234410154106,0.0582352767029182,0.0565343205113504,0.0221642192932268,0.08967853570584,0.355213638800775,-0.099786555816629,-0.176033966889159,-0.135821985183312,0.278946388903835,0.123558169758916,-0.0304001458853672,-0.127882847161018,0.226368475016226,0.254445731714353,0.17266276637892,0.185924893223393,0.195740982966003,-0.00772297402421583,0.0436514485114576,-0.452441637146662,-0.0300617285109145,-0.153210917224005,0.199012518972159,0.0846531470845803,0.0970459326889276,0.00336635369893149,-0.11583960075152,-0.0414713334606123,0.135677900014739,0.0313471460432894,-0.145743233815905,0.0219127756797429,-0.121772697373888,-0.182729802026542,-0.0628561324143219,-0.0200297752187258,0.00142324511636613
"s__Haemophilus_sputorum",0.264302469051336,0.0257057642106377,-0.0281775986523142,0.10165027855219,0.148486145720143,0.368431272121759,0.0334811250860399,0.275499198110873,-0.106832839857487,-0.218542756647186,-0.0475668062780895,-0.15112301835975,0.166628456319638,-0.0409873889132302,-0.100715159713793,0.117843934194148,0.0215824774106532,-0.09895926634359,0.330134200910521,0.0618570305334632,-0.030348760771709,0.252502254627521,0.30539762365062,-0.233924678565304,-0.0876895652402819,-0.00879267985509007,0.180911387986539,-0.189991030649792,-0.166501258096206,0.267389970289404,0.247189881908184,-0.0103531232255098,0.0293930100387169,0.10336020739156,0.0153729024093933,0.0827501654581617,-0.26375335835906,-0.065381467024705,-0.222423635661815,-0.111942984293274,0,0.110013848017342,0.0292755676676671,0.0508916020669269,-0.110561722160888,0.0717012695871009,-0.15866952996815,-0.0906327321564327,-0.00343079900550551,-0.089331220823799,0.0663054367063871,0.155419535349502,-0.0585930240279348,0.350767192612019,0.234484631688564,0.106178419614913,0.326728270655725,-0.158117978227131,-0.123855002576334,-0.0676392714399027,-0.272927209698018,-0.183760557110143,-0.0996908000023677,0.185978811512697,-0.236618014426718,0.106517869885446,-0.196028847744239,-0.0843798672702897,0.00622161023309581,-0.0768207960096762,-0.0405425063505783,-0.248185821228195,-0.0539923058966228,-0.208819641001604,-0.12242409350873,-0.111692507326792,0.266449524429768,0.121332759778525,-0.0352462694841051,-0.146170841573146,-0.0471506239306716,-0.204517166671066,-0.0402086637736264,-0.0182703244153609,-0.153959063989344,0.0503064370606655,-0.0442337322411613,0.00161535960047895,0.0255566536922281,-0.204287821442926,-0.100130919376309,0.0586283588393479,-0.0552134313925572,-0.0173046977316269,-0.077313791257566,-0.219228503283762,0.410499841154356,0.0548536011306911,-0.120185501050912,-0.0821974215585758,-0.0213090515625248,-0.19845519261002,-0.102792678158674,-0.0293661021115167,0.126872194497953,0.0794239600269664,0.140854681791287,-0.0638439015171693,-0.0573756690758703,0.0993501548217458,-0.0519825126182565,-0.108019326806919,-0.121664533032468,0.0766621745755805,-0.14498488041255,-0.331934199724493,-0.0183797770094888,-0.0653815036954495,0.347746583689203,-0.0358015731777597,-0.0190384062137038,0.0671155849389152,0.13885557375221,-0.0392412202220974,0.147492355830959,-0.0720414990852405,-0.134880319316716,-0.17718751381516,-0.0241259119263399,-0.0137285520113754,0.0241703322879491,-0.00542210909272434,-0.0247614941997785,-0.20470113846014,0.0177237510021075,-0.0809293404887284
"s__Rothia_sp._HMSC065C12",0.283149783899716,-0.0659320768480745,0.122776729384283,0.158314443973831,0.265449050512446,0.0201174661740351,-0.00877416473487047,-0.144683607745676,0.379086791091736,0.0784085961268783,-0.0419036356740628,-0.17865543196064,0.0661722013589382,-0.082312473052637,-0.187888612395189,0.431080247995517,0.26863929721837,-0.220688195757767,0.19247593972244,-0.0800395336504997,0.194050518789829,0.149680960997614,0.00602199485683862,0.0863851137453613,-0.117009264032696,0.30913563442325,0.0670470976746038,0.494925623315484,0.0791914482960428,-0.0420239889602054,-0.0144216351471395,-0.124223558732446,0.0153359017301722,-0.277902329878538,0.353273229150269,0.231913798957621,-0.178022439420265,-0.222887101150686,-0.0764567520159625,-0.0803624041256449,0.110013848017342,0,-0.00836916035028813,0.198858570294966,0.177653366386673,-0.110576608802008,0.390700306226965,0.265555392869238,0.297453680948346,-0.376165422660447,-0.181644029064131,-0.138911761644347,-0.23187156037017,-0.000990660816926354,0.0373318566015886,-0.146144938972162,-0.0255201037165632,-0.0258012483619682,-0.0121814136667813,-0.151594633819163,0.0667138259870342,0.41795664849609,-0.275253329242508,0.0373581867769545,0.223249041753651,0.0290514797607048,-0.0477423880668284,-0.000468543779242908,0.115780593201666,0.0148650635333459,-0.240870967201057,-0.0197832196196918,-0.166061257438048,0.180195002522009,0.190566796887601,0.252174291057945,-0.043019416686814,0.237009968250859,0.0405833214392201,0.195922412481257,-0.314190888876358,0.149082589020346,-0.00250849086462103,0.00807160171334922,0.435586369532202,0.0520874730727622,0.258621905484016,-0.362182613253484,-0.2944994353834,0.290187232172804,-0.169446853591341,0.0562812363882805,0.341781269097467,-0.320050169128511,-0.330271077069835,0.0841645918954427,0.045325335006821,0.12792664620385,-0.169726672935164,-0.0686303382839305,0.306794213461904,0.137695109245165,0.262257419680048,0.120824750496319,-0.301124625749455,-0.153297064671676,-0.27510632020706,0.476486190511069,0.456524225872152,0.061570817047683,0.14008207836938,-0.108283759957404,0.498906335442299,-0.161342377996101,0.0423227777923073,0.343462002503438,0.194864185119165,-0.100854752927045,0.470877107199254,-0.285893375235053,-0.450133832690783,0.330743409182924,0.140636994222647,-0.110985810572766,0.0435891490074965,-0.0570794993229875,-0.204383008140961,0.0142508738829465,0.0533079244061866,-0.155276083445923,-0.025759754281748,0.0664911696628558,-0.00941463974408047,-0.182236509014629,-0.102953114755335,0.031901369319224
"s__Streptococcus_sp._HSISS2",0.0448271463037854,-0.00544345090549869,-0.0753423532110356,-0.0968341531127019,0.0474442556820147,0.191437335533778,0.217334674620176,0.110850581466762,0.00433091507558536,0.0885235268492702,-0.0374625160462865,0.0959438852137358,-0.0379470787780103,-0.0102938945170629,0.265434877903192,-0.0953794539959791,-0.12178767686278,0.160344038367736,-0.0568659679019997,0.0963719916732568,-0.0514881947785167,-0.132622685660103,0.0429426126960987,-0.0698095107037106,0.0649703202258708,-0.161790468729751,-0.0574154170496913,-0.0468985217235422,-0.0712567717289209,0.0751573290119186,-0.0131480146984611,0.156886666072143,0.184140121446389,0.0939854030178756,-0.210153177712259,-0.174934950045262,0.166147100149725,0.0998337876688149,0.0535587810545644,-0.0502185806906988,0.0292755676676671,-0.00836916035028813,0,0.171722103754118,-0.069939137291156,-0.177964766155872,-0.0650133669379138,-0.156154434647283,-0.0929777163611636,0.114524883296989,0.0781523009501713,0.102924748322844,0.145372442946056,0.149244688707264,-0.208976310001688,0.0721738542251084,0.0575874361965464,0.0153141935703467,0.047501132419477,0.191217067650082,0.0139025311555061,-0.0699342675087999,-0.126818607677136,-0.240124777740565,-0.0771200331543301,-0.259062151584131,-0.0190955792226132,-0.0675901780573769,0.060361107663213,-0.113524755744682,-0.165216779043875,0.104014857149806,-0.0787557037764658,-0.0734874550820409,-0.123107789893051,0.0769503495482471,0.0071733913376833,0.101722694969351,0.00254272033405085,-0.0675773811097667,0.0631186886141883,-0.0211433108007483,-0.0614192558242302,0.0239166802750511,-0.0717172266837935,0.0646828210579384,-0.00213390747813222,0.102160587951748,0.00727969432370826,-0.0787724091969671,0.072815825229235,-0.079431927931174,-0.0184468476212548,-0.179076506596953,0.289076614049962,0.0770865324334022,-0.0229494034645613,-0.0531353103424952,-0.0814463653221814,0.0378100197658009,-0.268224364199807,-0.15260501780963,0.0265423389951414,-0.00996180450741118,-0.105287492054045,-0.0112015365634702,-0.22511414550075,-0.233978894475758,-0.205061814160775,-0.144133518912187,-0.0574961926894269,0.294323152364778,-0.153349088022966,-0.212669860494486,-0.0187302705538326,-0.107822627596908,-0.0799583879022198,0.189136681906879,0.0728959213003659,0.0416348238349611,0.151404722803887,-0.276610541217986,-0.0537024387706145,0.0475362559095855,-0.0933762739845787,0.0090501355062756,0.200649153801273,0.48490075978547,0.0412135208063833,-0.00444738075540677,0.197410895995784,0.11458763640316,0.140798409372472,0.269186791775448,-0.114435725749969,0.119806524710988
"s__Rothia_dentocariosa",-0.122162243439904,0.196460985988084,0.416758857223277,-0.0569224746674898,0.282581962726039,0.0147048778166563,0.17771634305107,-0.167084956137977,0.277564641153601,0.397606497999163,0.0997629328425308,0.110910622811928,-0.0721943588487435,0.102543115910938,0.194203060403638,0.195074876106829,0.26606586212522,0.244843503484229,-0.0780980843809794,0.0821305104234635,-0.0484183066524451,-0.210834947496891,-0.246710186319173,0.0554319146292084,0.324690359019869,0.102818799816691,-0.0849318898070148,0.281501268840136,0.163190063020484,-0.156758804918389,-0.101179382459037,-0.00439641766273058,0.0858654369006415,-0.127801043069728,0.137082848558483,0.106280627212356,0.175273094953065,0.267593982473599,0.22528300986531,-0.107106993742008,0.0508916020669269,0.198858570294966,0.171722103754118,0,-0.0426480243386599,-0.158077158941914,0.20412685637641,-0.0923222260035474,0.146100069245577,-0.081669779320029,-0.318048169328163,-0.0613502518191916,-0.0689129419348854,-0.127469988253941,0.0211823671642186,-0.158192030990439,-0.154383143914252,-0.0808785806236449,-0.0456290635695401,0.263686800644776,0.185940353426789,0.338236324365255,-0.408327451983285,-0.108950428091416,0.346518065391746,0.033416438967203,0.150922705774173,0.229844158406447,0.192162367112907,0.0633781483335111,-0.197355171860978,0.200056063819702,0.133363557989331,0.0818544534922969,-0.0127357740613528,0.0773883463559231,-0.167590073913158,0.334592190775368,-0.0723912955959807,0.0130604143538401,-0.0253671941261368,0.0445280779369631,-0.0993491959715421,-0.00541538476051245,0.404693235438931,0.020598599143615,0.494572205498876,-0.070154061466868,-0.185025124335937,0.434778733309924,0.193493524023099,0.00947557276040781,0.30397566282663,-0.0797669243161909,-0.0735749044661714,-0.200884931030223,-0.25251905067594,-0.0672610542353057,-0.184011772173036,0.332568978264327,0.181223947041858,0.00369225923120414,-0.0533078051920196,0.054297963345229,-0.14776261338909,-0.110934101255216,-0.166700488654879,0.0729003580123384,0.184158827852089,-0.0288708590317255,-0.0529747726028923,0.185079217084823,0.086648282368371,0.0391967942986254,-0.182020196092986,0.13863675535063,0.151204252788213,0.27781632544913,-0.286252536024365,0.26948897635953,0.00905393874329252,0.295501993088551,0.0113037911571197,0.0946829312570078,0.0303084036557022,-0.101145049287008,-0.16712133244165,0.196736447830526,0.0319705623155893,-0.0155491041497249,0.260344035804696,0.101858115719956,-0.11581170241489,0.0683819694286557,-0.0122692493291895,-0.060719357586672
"s__Streptococcus_timonensis",0.00924737767311073,-0.00083758260115882,0.222303509849473,-0.0154413364878786,0.229340554932629,-0.0370355097834021,0.0885665252742,-0.174210676911143,-0.0551189825400573,0.10846634916592,0.048589788275502,0.0302504069735811,-0.234873070570688,-0.0703389332046431,-0.0867574461859394,0.0841028913345294,0.19867512306342,0.0694229967742039,0.129292141558487,0.103600563242684,0.0983580408019466,-0.0172821880051006,-0.170855277329328,0.0488032683234825,0.258053154644036,0.055185735889736,0.257980258881442,-0.124988100517896,-0.0203603622197166,-0.138775636922021,-0.177431593282113,-0.115618617593076,0.156056173901909,-0.0182240992275739,-0.0585031868025008,-0.0048535332892064,0.00307306850391104,-0.16034674690102,0.136917264735,-0.031061670067526,-0.110561722160888,0.177653366386673,-0.069939137291156,-0.0426480243386599,0,0.0578292009956401,-0.00955233876001671,-0.0876706625202659,0.326183013497592,-0.0814630815354394,-0.0623909427350412,-0.0769057746535314,0.0791807945463033,-0.177663348820706,0.0294317188438127,-0.0473942537219202,0.00276748345103527,-0.0360134209366114,-0.0658715072244021,0.241024707204991,-0.117603552674722,0.0099704386545062,-0.101248710764108,-0.042693258593525,0.0405819184724577,-0.0458853101842575,0.192565718458208,-0.0287464849516891,0.28293703055549,0.0245837720306877,-0.0839498072103056,0.0107312443322004,0.0562991773280552,0.159486176620879,-0.201177530965903,0.0253101773173796,-0.0191014823639862,0.286980381786821,-0.189654065036546,-0.0159084483940266,-0.0452043346940505,-0.155337455570001,-0.000420774237803442,-0.00809984124501725,-0.018373925686576,-0.0404215767901551,-0.0793676949856535,-0.106709705799709,-0.11680967389222,-0.111101533141648,0.161983150414956,0.159979044016182,-0.144951152745359,-0.00767594950159001,-0.119458690971985,-0.00888714029908094,0.180979562846389,-0.133619741722406,0.0317836107128996,0.251612818682174,0.0394184677804551,0.103694429091846,-0.104976165037394,-0.125934737676694,-0.103985324862869,-0.103509852984011,0.0336671607533898,-0.087930156937863,-0.0719936781072876,-0.028096871193257,-0.153033066292942,-0.073621229401516,-0.159443096921627,-0.0303104961925544,0.0146415857300195,-0.0509997540282632,-0.0803161015067396,0.204813701806815,0.360529894455788,-0.0606100906613911,-0.33989143788241,0.0378070198348351,0.138825600527774,-0.111394003480661,0.192010604967564,-0.0235809483427367,0.164755289208194,0.0412524573189241,0.0487555694484407,-0.258529598899441,0.0194440012318086,0.271169796198238,-0.0815083446318577,-0.0785331867821697,0.00761197290908383,0.0391535195044019
"s__Lautropia_mirabilis",-0.196621813902027,-0.0548428552066574,-0.208063664099526,-0.121536986703642,-0.0686821470309917,0.0878413122907051,-0.0107442157528159,0.11952142532571,-0.0225761287445628,-0.0529885920165113,-0.0975702205476014,0.0726585566713927,-0.230109617088598,-0.137047375854861,-0.115684621255665,-0.244544501046808,0.0199120404343312,-0.106102536986446,0.0463449234599479,-0.0407932666023154,-0.0716514158055987,-0.081647871942421,0.158102722015369,0.13730718112951,-0.141270791072351,-0.0547406725450269,-0.205533717981306,-0.0430868235197076,-0.0138936593255888,-0.050864275307727,-0.0501762028313709,0.0592494304669973,-0.112222359767504,0.1043405167743,-0.097569629445893,0.112385687844555,-0.169397332357227,-0.31274534401543,-0.063061140010708,-0.264243319834405,0.0717012695871009,-0.110576608802008,-0.177964766155872,-0.158077158941914,0.0578292009956401,0,-0.0332654674472599,0.137301859441418,-0.126615266873378,0.00397410472494554,-0.0401718733391862,0.202486824376405,-0.000397848323093669,0.181715320066492,0.0262640107278699,0.0099897919995847,-0.135767776662617,0.037925730980437,-0.043547278125754,-0.191066548696289,0.0345835095698597,-0.361612528297088,0.0261502658544915,-0.0200343924677075,-0.0524929357947995,0.0772419584041814,-0.0600199492350206,0.0636317230358932,-0.247169495258879,0.190670687962039,0.132244108510612,-0.141874953783895,-0.0126125710722244,0.229528059668418,0.198628817487278,0.271295161841135,0.0829704466590904,-0.259374676432819,0.265021691874615,0.122843608847335,-0.020125162863951,0.243059035184475,0.276456534753554,0.295948451421877,0.110618275681154,0.305872548042117,0.0279500978898979,-0.00609820768845953,-0.0885294960445271,0.0199222754679377,-0.123793633419851,0.146775518751441,-0.137891563321925,-0.0820576237694385,0.08931071499167,-0.129692584748158,-0.140919878075254,0.23902891676333,-0.31018433724609,-0.16928344581051,0.100342669164183,0.0140444124105217,0.179446462387598,-0.136053117404956,-0.0264777115410804,0.145832865104822,-0.0411991965870537,-0.0448179163996912,0.0212681107522284,-0.104355057487411,0.11595663850935,0.125668977463781,0.00496151747761667,0.0750733860900145,0.120129318420752,-0.259013969757449,-0.022003862765817,-0.414357079086752,-0.142847402013456,0.26903082589659,0.104570637594194,0.143349455440387,0.00983122600663936,0.156088741940561,0.0333767337501863,0.282019090160003,-0.0842551400035651,-0.13258648666174,0.297701151745993,0.400569939974488,-0.318941762075973,-0.292447220245237,0.265659232206328,-0.208489982590147,0.362645830628164,0.355347522247637
"s__Streptococcus_sp._HMSC067H01",0.19768402676046,-0.0443939144649924,0.0718376464432402,-0.00949386112753112,0.310960833232405,-0.0470628235443261,-0.173481918873713,-0.1703762287907,-0.0739437055970674,-0.0109053145984991,0.00754664232659885,-0.153257284156434,0.191354192094641,0.0812393694341943,-0.184619999555846,0.173933925875005,-0.0199477197286741,0.0691453238409024,0.144582821718139,-0.151239026800746,0.159741091168177,0.103846293690327,-0.160606039450828,-0.0530415487126565,-0.0798824365901223,0.0979120916423252,0.109945131027641,-0.0833953863570683,0.0819844285633285,-0.0500775288220695,0.0440904509238393,-0.0777702801474687,-0.0619395991665655,0.0197834663232044,-0.0090593532155645,0.0305919790860356,-0.214918216883034,0.05495198433642,0.0298586010593237,0.189968579700551,-0.15866952996815,0.390700306226965,-0.0650133669379138,0.20412685637641,-0.00955233876001671,-0.0332654674472599,0,-0.0509907104512979,0.27230267392573,-0.00981385831996551,-0.102375657306849,-0.223450959740951,-0.0279683737486829,-0.0195263078844945,0.216003140194438,-0.0605042392972771,-0.00893548740478792,0.034423913775638,-0.00363015334758814,-0.106331012468202,-0.105571801189799,-0.138372194271184,-0.22286850936949,0.103960155554916,-0.0637099948198692,0.023635286556081,0.0277929016414382,-0.13357259627181,0.266943467227193,0.0341538236892651,-0.211312423619233,0.183618122607233,0.0589039068928157,0.125239866698294,-0.00311022657628826,0.0397779245080945,-0.0583195624484634,0.25864406854971,-0.0157330549275099,0.148845996177035,-0.00907443943093567,-0.0466530016879765,-0.0970455814848376,0.148719598286759,0.100134463424785,-0.0912551760671406,-0.0377324437209754,-0.0931478737712728,-0.14053735720884,-0.0487946176627084,-0.00898324005722428,-0.0377746930499432,0.0818591982144097,0.099766267921603,0.0119582855811177,-0.126181410590023,0.0110271114265681,-0.0647011333067021,0.350217921466241,0.000697615803481925,-0.114607102600546,0.05607788498734,-0.0284087032103025,0.0441375861539821,-0.0866469954294475,-0.284579945961349,-0.0121173483466163,0.0935801874062229,0.0344839602152445,0.0363270744731198,0.0375716746135821,0.173803652825146,-0.060694352983063,0.07575397294133,0.0984446832563839,-0.0787495800027636,0.0714861958249082,-0.129291458246423,0.146489887536324,-0.0158758328428216,-0.419292288722952,0.0270203177691222,0.214160168481439,-0.172667198903949,0.215977294569791,0.127731671693916,-0.112633218364119,-0.0114543920422806,0.13491769464082,0.000900556580097245,-0.0426911485637561,-0.00848273548325212,0.0776192327477419,0.0228346117264894,0.119819855089935,0.0916062678508743
"s__Streptococcus_sp._Marseille_Q3533",0.0360777431807396,-0.0456754670342597,0.0674116851921215,-0.0700424885437694,0.242951103155066,0.0132272506414917,0.00590687164608517,-0.119950249912554,-0.0822062135085803,0.0999431249569333,0.0901841443445039,-0.0093773485458378,-0.193186684708779,-0.0137079779540173,-0.0803353640386441,-0.0678613858053362,0.178440880282351,0.0441612775281808,0.128896009912151,0.0132840939534841,-0.0458437011496741,-0.000724495777004994,-0.108535854171463,0.0342389803883743,0.300019435279699,0.0882379500399233,0.199276880419295,-0.164508453677871,-0.0221628780525299,-0.139349486843812,-0.08639895125841,-0.11064356614273,0.135574282616959,-0.0306940848285392,-0.0965650569344878,0.0372683053164779,-0.142886639134822,0.0841197379163486,0.187138648899609,0.182010632390634,-0.0906327321564327,0.265555392869238,-0.156154434647283,-0.0923222260035474,-0.0876706625202659,0.137301859441418,-0.0509907104512979,0,0.246162727951601,-0.0116458066790344,-0.104308322794559,-0.0761087813597477,-0.1255506855012,-0.109223958181494,0.105520520091136,-0.0784693822268324,0.0457533919217947,0.0844687397461869,0.0559757302467313,0.119774171524056,-0.0363031012928923,-0.0829807342547933,-0.0696533136829117,9.91652901987938e-05,-0.0290006086145035,-0.0968614197034355,0.219762558373318,-0.00590278810129541,0.319223506522472,0.0260361235908753,-0.0589765227790902,0.197904493894633,0.157593672088773,0.0939245973874146,-0.0993006474320877,0.00732535838743048,0.0321578429509794,0.219936219055956,-0.044396300599865,-0.0688622897978404,-0.183086998930147,-0.140349142260512,0.056962643361199,-0.0268984070189976,-0.10369035916097,0.0263858189466783,-0.0853864329495492,-0.165984877169944,-0.292470686549624,-0.190949410299395,0.204790688744373,0.0948702946917708,-0.175850573280817,-0.018850785980719,-0.312299275104806,-0.0213873342432844,0.0327550981412201,0.00412590156364867,0.171485870149328,0.14470955635175,0.251954777840174,0.0771577682906539,-0.0877387623716302,0.137160210559971,-0.0418838102015386,-0.241419400101862,-0.00259738411849639,0.061707552645587,0.0352666691404262,0.0141676110222647,-0.0405472167603297,-0.169591576098281,-0.0311813475017051,0.0466472204121631,0.0325337416844327,-0.0293610791325142,-0.0323734283882943,0.158540887871267,0.190372374470207,-0.0849433364808248,-0.423410747999371,-0.043517801992569,0.140434861140077,0.00795008261331954,0.0937516704676579,0.227051375495972,0.103788294148114,-0.0653679919204477,0.188027306162611,0.0186782138825169,-0.174179883075855,0.0747147753946546,0.0683503432884504,-0.181928462877375,0.211560807589906,0.237830154262784
"s__Rothia_sp._HMSC072B04",0.286776645390088,0.0121955365641832,0.210774985598084,0.0447159329473245,0.430266163550412,0.104311346598465,-0.112718067262847,-0.115137619171631,0.249101400012263,0.112817164165594,0.123296714655878,-0.100313159981447,0.0720958722240872,-0.0236442834750553,-0.0877249822827697,0.418702100278663,0.307600521934741,-0.239395905685781,0.139398974564199,-0.0758069986387742,0.205610418287214,0.23018207236949,-0.051878063936857,0.172843765950656,-0.0468889397837557,0.260733134272477,0.147611888802935,0.326026981100851,0.0831768168877087,-0.0328389195580955,0.0646687042172757,-0.0740652005229116,-0.0616264585576346,-0.35406658786821,0.308921275644243,0.215256656485683,-0.195948825701654,-0.166661304548823,-0.0227559036097282,-0.0263483247436366,-0.00343079900550551,0.297453680948346,-0.0929777163611636,0.146100069245577,0.326183013497592,-0.126615266873378,0.27230267392573,0.246162727951601,0,-0.274799677019978,-0.25442691346784,-0.150842091523793,-0.138771239843534,-0.0217611203946872,0.205852440893126,-0.174213109565248,-0.0144299890428252,0.0159567246738013,0.0939264278538069,-0.0517786267077557,0.13938356816252,0.211946039665312,-0.239526805381839,-0.243068423663107,0.154708182526315,0.119885663860301,0.0155463249388305,0.189968172991286,0.220238869313867,0.0199971047494575,-0.193988795005653,0.152916410639474,-0.186748810862653,0.198412879783714,0.207928335794844,0.246121667022981,-0.18057546611133,0.274615531884832,-0.0819828937263895,0.286601004476252,-0.259495211008345,0.0279698031838518,0.0112136719280072,0.0513656323579798,0.328172146268224,-0.000543104953291833,0.277584530278808,-0.303638566750593,-0.190818890872353,0.183360450095757,-0.0600113703643314,0.0829284704614246,0.288547029391565,-0.35177810730877,-0.302982675718647,0.0552883252539614,-0.0870728860828592,0.209610828368248,-0.094964076986306,0.0430442591379906,0.261054406729254,0.155898442301892,0.240231394890727,-0.00671564573735065,-0.293227812837006,-0.215200277865709,-0.201510517440545,0.410605164166864,0.427418575120636,-0.0361941542342374,0.220026283301994,-0.0279926984205872,0.253417466559469,-0.129848893107321,0.14157431548351,0.297389842760043,0.16297012567909,-0.0140439662329097,0.253228415681235,-0.015696937708441,-0.469812062463626,0.355292413062318,0.240639742601622,-0.0577546784225808,0.0110023496826415,-0.158048774557277,-0.240435628763379,-0.071043703731046,-0.0293248032435829,-0.224205114411641,0.0402102626891878,0.00958988687804724,-0.176988157183708,-0.159357830824093,-0.187901270962621,-0.0791567564856901
"s__Veillonella_tobetsuensis",-0.144601985308693,-0.0243034968339227,-0.0271611345746965,-0.116618087541749,-0.116972813740811,-0.149004506019325,0.027851388314216,0.0626172586052107,-0.101352267871262,-0.149360999018152,-0.262730627669694,0.0879228436530435,-0.0984553403169065,-0.166911590199107,0.00708703760054719,-0.13853347216832,-0.180452674516799,-0.0520544446706934,-0.291736032915861,0.0534495061692558,-0.148407895588337,0.0405603868786402,0.0573939618022233,0.0921366543368318,-0.0976582594971757,-0.112427699328997,0.10362229279917,-0.149644539785151,-0.0324895801714236,0.10436740444624,-0.133608462282213,-0.0653923604092747,0.0573510192016073,0.165068014960617,-0.138653816899815,-0.310213413832893,-0.0311031403688428,-0.0313383933954924,0.132115278178206,0.0272393723092153,-0.089331220823799,-0.376165422660447,0.114524883296989,-0.081669779320029,-0.0814630815354394,0.00397410472494554,-0.00981385831996551,-0.0116458066790344,-0.274799677019978,0,0.161363891256701,0.0768923377535617,0.142926122423941,0.000781069749712454,-0.0933050613703515,0.0150778585901779,0.115140310074451,0.0431579980425257,-0.16043300004994,-0.136410595936938,0.116420634865591,-0.0679041793624232,0.00708833299869199,0.0579806326790851,0.0347038453608605,-0.162574561257095,0.0111478826691128,0.110953681447173,-0.0778123343303413,-0.218415163991169,-0.154703570472849,-0.156973303819805,-0.0494195407356268,0.0202186826427202,-0.0896171769524775,-0.0501629909886315,0.161535889103894,-0.0573829952424869,-0.190680285635511,-0.297979775858963,0.08939180771695,0.00251413692299132,-0.0612649734676676,-0.149508958096987,-0.0150564758204804,0.159707301490869,0.0756756151753144,0.209156138235323,0.126344322603919,0.01762504349153,0.114010617256775,0.141030676310095,0.0781225812242718,-0.184804218595668,0.0133519662215845,0.183159918174175,-0.0477362811328372,0.0686901060099918,0.000141176470702928,-0.185441848188553,-0.080045554557703,0.121714712413592,0.0306786645294988,0.00709903058830505,0.0783786733290776,0.00547318050536705,0.183219084419292,-0.0987039878635902,-0.149091467225982,-0.0662916658977542,0.129287837454313,-0.13757700277953,-0.0609523949039222,-0.0382005971951954,-0.0804744108131063,-0.124340388795409,-0.286839086309689,-0.0416707882903531,-0.23034383659004,-5.32454854032249e-05,0.125671341965365,-0.223749227202278,-0.289184725271465,0.0854411539781364,-0.0337463204584277,-0.170422993725953,0.139725194929513,-0.0872324554131733,-0.0689144527820196,-0.0712609276269339,-0.0462642976752665,-0.084479623164682,-0.0965344570358652,-0.235003537368818,-0.106990554086186,-0.222622155287235
"s__Alloprevotella_tannerae",0.0268069923096767,0.0946610804192302,0.0306962086605848,-0.13494408838613,-0.197357018430935,-0.210529106649435,0.0231531996953013,-0.0650236440835158,0.0902890211572508,0.177989266616916,-0.0408720167588564,0.131220650504446,-0.167559654122534,-0.0727828536500681,0.235570145525813,-0.0845522206131544,-0.0691945139646428,0.126257133923117,-0.337181808591149,0.178366199724158,-0.00860836755659672,0.0160150932713864,-0.0165272441289117,-0.139028520990931,0.146340157196607,-0.0354913533707426,0.024578040805973,-0.0662082289973976,-0.171895936030274,-0.00685806240167292,-0.0460161078106486,0.0649632332536219,0.176656658598702,0.24050671244552,-0.0306927976882622,0.0394461222197396,0.116429766294103,0.0522892945210069,-0.00315296771158274,0.0186385882794943,0.0663054367063871,-0.181644029064131,0.0781523009501713,-0.318048169328163,-0.0623909427350412,-0.0401718733391862,-0.102375657306849,-0.104308322794559,-0.25442691346784,0.161363891256701,0,-0.0965904952655396,0.0412574554756119,-0.238165453183815,-0.0102494271060372,0.212474583769745,-0.0868743519247279,0.00195247158321551,-0.0785806793195764,0.104171235632005,-0.0863490846313799,0.0296214165976569,0.272288909829141,-0.204113243913047,0.137893298504151,-0.0424671257493405,0.0436777746304984,-0.255677287496722,-0.028741391171703,-0.0991804626415498,0.162799715356211,-0.037827602371367,-0.0647851799300798,-0.124524649817874,-0.0151927154291049,-0.0113581045248206,-0.00850250903211775,-0.19647995558817,0.0207857303295494,-0.394924503275882,0.203081049961264,-0.0137120867321692,0.261008957592465,-0.182288782526074,-0.187240955036634,-0.0831304087991542,-0.057729837677592,0.132031161552095,-0.0568570962916653,-0.133135027479047,0.0484551608775169,-0.0199369826942151,-0.00897852726524972,0.0632476793427752,-0.0259371190641369,0.0529304093236659,-0.00409202362555159,-0.182243970253129,-0.0467823348079457,0.0636608601780118,0.0562719138364367,-0.00679335676371831,0.0457115460098174,0.0881493905029496,-0.0540716703039102,0.145870210633441,0.0379253405586312,-0.141502543696426,-0.139070395905594,0.0313946536516395,-0.0699947286630231,-0.224267999890935,-0.0976378069174454,-0.0933690534520623,-0.072511462036918,-0.0684526125561906,-0.022799717333914,0.180202308541492,-0.0376667840909563,-0.24802057031876,0.0937006735833273,-0.166750471428852,-0.00323271130498325,-0.0570104512149168,0.171312302685413,0.0608519888819276,0.0834256756092598,-0.114232540115042,0.0593679116462943,0.101446707869462,0.230777971255285,0.218629579000997,0.114041329697007,-0.14376315388851,0.0811216861316085,0.119230452447344
"s__Neisseria_sp._HMSC071A01",0.212743507985794,0.179076469263285,0.127112497803233,0.124714866955949,0.017562594060918,0.222778820634863,0.0396383259481322,0.292925396158121,-0.0942687221911163,-0.107658265250568,-0.0306358069965099,-0.153174272774594,0.0916784446251947,0.0860813369866978,-0.178801994417525,-0.0208169601396878,-0.159880733306558,-0.000939730517015069,0.341080506418042,0.0688679031372092,-0.00663103155536143,0.341404851843559,0.38969677988342,-0.185182191259229,-0.112474301482462,0.0335675319082901,0.303725869347251,-0.227706349007902,0.0421596064638557,0.353286067021396,0.0737224084258598,-0.23240964015045,-0.00083453128620381,-0.0469676270358155,0.0557163495821441,-0.13461160375722,-0.0215323735538223,-0.172494675599475,-0.219015194322179,-0.0231213705745036,0.155419535349502,-0.138911761644347,0.102924748322844,-0.0613502518191916,-0.0769057746535314,0.202486824376405,-0.223450959740951,-0.0761087813597477,-0.150842091523793,0.0768923377535617,-0.0965904952655396,0,0.0906563066531722,0.184115943318984,0.120550575793774,0.0275256283691847,0.0870530628269391,-0.274407257049852,-0.240308400810553,-0.136932920054951,-0.185010757076004,-0.0979407636927585,-0.100264216088565,0.131652746398714,-0.262276475414445,0.200565726202041,-0.170449438116162,-0.144224590835144,-0.0952315141757947,-0.0338654969418904,0.075847668647238,-0.4967157681536,-0.00600180257554743,-0.178687867794721,-0.202165777946776,-0.360296038545975,0.375578329826403,-0.058106756103126,0.0705252648731218,-0.150058379802038,-0.0985600746917916,-0.17428070891403,-0.0624142789369587,0.00831556545196116,-0.294284450948818,0.330269996605571,-0.29390847989504,0.0463032790060246,0.337516634695655,-0.222443118447802,-0.122218454922351,0.147091683748107,-0.355614444075981,-0.043861318065106,0.204438733983422,-0.112645204175848,0.375865548760761,-0.141624511146181,0.106031836741098,-0.0112553141507534,-0.085410908535143,-0.214482741616029,-0.335940273603314,-0.119919030105106,0.0744533435782691,0.154646993672215,-0.121229653734987,-0.238783105721773,-0.126811769167839,0.15513941039757,-0.291402138500985,-0.110515234482914,-0.204920464508174,0.153793996258101,-0.0218440327924772,0.0318008070028563,-0.24594013890559,-0.129564040150843,0.164882169386829,-0.147154541204796,0.204273655457728,-0.0206977141240095,-0.0780936971834375,0.363157521225576,0.0665847103986004,0.0813356241189915,-0.216233515941383,-0.314889031590824,-0.130027684560638,-0.0858393174086448,-0.293820381388714,-0.129854529914903,-0.0691553801342373,-0.382012340772858,0.0998929933549657,0.0406288587980025
"s__Megasphaera_micronuciformis",0.12224930510233,0.0715207813912529,0.0373540282126277,0.0674571123665865,-0.169255101249495,-0.294349668575377,-0.116345188878022,-0.0932926571774053,-0.27030148175091,-0.309296170453791,-0.144419832063045,0.0723769680180982,0.300133699337417,0.0555361703619079,0.0928832723035375,-0.0443588141279749,-0.0724750861120857,-0.01373370399597,-0.104613762556869,0.161978981032441,0.020264860921536,0.292964936697582,0.0747935299041585,0.177396563670468,-0.227409820978974,-0.202486755147386,-0.03731637452721,-0.133333494215518,0.0826131971889321,0.325133026734284,0.309968532665588,-0.0865776841091652,-0.0435979074215702,0.0182995144098831,0.169620423532601,-0.0617384035742957,0.0971084155478156,-0.161421356752006,0.135584275885569,-0.274846636161004,-0.0585930240279348,-0.23187156037017,0.145372442946056,-0.0689129419348854,0.0791807945463033,-0.000397848323093669,-0.0279683737486829,-0.1255506855012,-0.138771239843534,0.142926122423941,0.0412574554756119,0.0906563066531722,0,-0.119068281403469,0.0138355124148604,-0.0831308365799026,0.221730354032381,-0.178574480540457,-0.246678737473408,-0.115751951632434,0.330304999476166,-0.101775539972533,-0.148491981867846,0.0274624065760807,0.120702317464394,0.0108934883442668,0.13902702617052,0.350924869000688,-0.143573761441848,-0.291297375298129,-0.0549293405147391,-0.20162976252217,-0.400981529132818,0.118470692455724,-0.0200910448724316,0.186208844529932,-0.00300599057055195,-0.145865330923342,-0.00545236274370672,-0.165824214184874,-0.161417866135527,0.219144787051848,-0.21662565054765,-0.135283544045486,-0.00708015824996261,-0.0162561801654172,0.0421736579894128,-0.221646259336952,-0.0669748613790694,0.105833617014845,0.122195257437149,0.103769143771878,0.051203192129598,-0.140766890296917,0.137852033145854,-0.0142952874039922,-0.0678138599921711,0.15466945226811,-0.267746189868841,-0.28763960550836,-0.301476430435085,0.178097522561029,0.122558350263041,-0.347330932734083,0.0157203291920403,0.0884757072429502,-0.0423605967821374,-0.197646882009371,-0.2052486769382,-0.091098241722862,0.07773618491767,-0.0146123755693793,-0.229967001470601,0.124165486997056,-0.0979306678161019,-0.147438072038362,-0.0754836115863382,-0.214646235878061,-0.413132657003009,0.30564106104863,0.0647418534368537,-0.0413911431551805,-0.33611112302287,0.085737409290408,0.0875362128821837,-0.0991671405743974,-0.161106817473265,-0.152989673345,-0.0204761492139503,0.0690736574191652,-0.145885602188537,-0.0190281581126664,-0.0659960180495311,0.0357546850729916,-0.0746074603256465,-0.133931784785364
"s__Neisseria_meningitidis",0.143724803282748,0.192521159962523,0.206453873772436,0.248991557026812,0.124023195845095,-0.00364385646367316,0.0999384343420704,0.364546644593559,-0.0444995423769806,0.10909041726909,-0.268649735099579,-0.0325335523335485,0.00163005133885021,0.317206361007784,-0.0553570609881395,-0.0206033391392105,0.0270726922355784,-0.125888578657798,0.140135499609547,-0.123996736767804,0.0949005315602726,0.261252564198518,0.120238829801526,0.0157003179336675,-0.102603599852001,0.0684137193347234,0.146559301121911,-0.130049933494275,0.213560463440415,0.187632281204384,0.00670949591929448,-0.282590564818853,0.0568033705203371,-0.149248184138693,0.143934495048704,0.12837153324931,0.0717775957785898,-0.20433177412343,-0.161753760233067,0.0917186135569967,0.350767192612019,-0.000990660816926354,0.149244688707264,-0.127469988253941,-0.177663348820706,0.181715320066492,-0.0195263078844945,-0.109223958181494,-0.0217611203946872,0.000781069749712454,-0.238165453183815,0.184115943318984,-0.119068281403469,0,0.0498682021397945,-0.0606520571540726,0.0596936110154279,-0.110576694495337,0.00524844715872719,-0.155341551461431,-0.14695956802162,-0.010424905939578,-0.145288758864998,0.0994661491551141,-0.155737597095583,0.0987278440842811,-0.147615613662242,-0.0887059599584325,0.0533492341089241,0.138131648640932,-0.13323679239117,-0.12292514966223,0.199688812229801,-0.220466810980408,-0.169367462529983,-0.263676240887145,0.126362770847512,0.0176871660458455,0.112146837136032,-0.14041960702211,-0.119370947788501,-0.186830643727207,-0.199778269517071,0.0122314762809114,-0.140903175502499,0.240314667436335,-0.106113428880833,-0.0936942936057635,0.139111149284663,-0.101066270159029,-0.0518969146889191,0.0209294561564391,-0.135867152983926,-0.0121990241904223,-0.119994630792244,-0.311430709178531,0.240638810305858,0.051705804132718,0.131726291064404,0.086030694553734,-0.00721818106291133,-0.0439474408002971,-0.23378593247046,-0.0157896548273594,-0.0644601084497585,-0.154877891527159,0.127316339831577,-0.0930807916007796,-0.117289546881243,-0.0307022090507323,0.000417975148790162,-0.167420636122081,-0.179773202798873,-0.11209196834864,-0.143838852405032,0.0465912994582391,0.0133767920869497,-0.126026598311744,0.0891783879688759,-0.0261651870734855,-0.0679896098933747,-0.0909441284825657,-0.159291346627402,0.235500429020032,-0.145097479093,0.20818297146459,-0.0551250459831989,-0.0999458870951205,-0.0357069905736687,0.0377094968006486,-0.0385700031200565,0.0228001190683276,-0.0201384438844138,-0.108592204631046,0.179440995667946,0.0856252588582063
"s__Alloprevotella_sp._oral_taxon_473",0.182146547713639,-0.224652520617058,-0.232080105806546,0.071271856371489,-0.00641319742877836,-0.031217439996384,-0.0384800878310716,0.0573591446367026,-0.0450825101318621,-0.089099686259861,-0.0801180646606965,-0.0500661097500756,0.196302944762869,-0.0859581039869602,-0.25934238491461,0.159044655090856,-0.0735220944820155,-0.253354126530181,0.0819724443840262,-0.200517065357229,-0.172825804519267,0.266117224254158,0.307026570027683,0.119416654512916,-0.360427036267906,-0.114037173957916,0.380491222683273,-0.0486439419976711,0.104928683997703,0.0113832170506826,0.0762820010567607,-0.0739827821897019,0.00145879566892887,0.00769699041117155,-0.158047867821101,-0.124298810723278,-0.132528637821367,-0.210158568443493,0.0357891289816143,-0.280187258758346,0.234484631688564,0.0373318566015886,-0.208976310001688,0.0211823671642186,0.0294317188438127,0.0262640107278699,0.216003140194438,0.105520520091136,0.205852440893126,-0.0933050613703515,-0.0102494271060372,0.120550575793774,0.0138355124148604,0.0498682021397945,0,0.0608647587042307,0.222884033845882,-0.0574082281580846,-0.287108797536556,-0.378849609691822,-0.202912925050243,0.0143681667360053,0.0682644979406679,0.136595223585639,0.195075924286267,0.0723302781303808,-0.0347941604058706,0.0932329584896513,-0.138338764711863,0.0899866105189698,-0.239906593907274,-0.252823968076794,0.0847449580851836,-0.213055719193045,-0.269939001613017,-0.237931315918423,0.231112180459499,-0.0892262936329888,-0.150356178285785,-0.264931593628919,0.118355210443351,-0.156022629286278,-0.308050010861862,0.0534412017541504,0.0468092319821632,-0.386690126472449,0.0545440596166942,0.0795182674487089,0.133800034095921,-0.103318323508541,0.0573143425523984,0.190711834094013,0.136732880008204,-0.189201188509832,-0.211685237303808,-0.00889465301499692,0.148367454543077,0.174069233432931,-0.32557688300825,0.0541162801040153,0.115287316741782,0.138330904605833,-0.238672280210933,-0.075103300055636,-0.0520000257845344,-0.17575144289934,0.151344123572315,0.178946601926839,0.0727996128545851,0.242194989010292,-0.136576935242329,-0.00306489593193837,-0.12729778610155,0.0878328187473624,-0.164065484694085,-0.228588532138512,-0.113752402665222,-0.310690973494533,-0.130390056148187,-0.0101175919690863,-0.163286699276643,-0.00712304573575737,-0.0862555595396097,-0.322909209165313,0.059265988445906,-0.0446421971856033,-0.0588583276276615,-0.468112151047485,-0.19983649887712,-0.0451339632773025,-0.19714180334567,-0.0674325218106824,-0.17790891250045,-0.361868009688516,-0.0927999533447978,-0.048913067973359
"s__Prevotella_salivae",0.22131790023063,0.0629816288094723,-0.0474674403560938,0.111032671425946,-0.253258077478287,-0.135832850002626,-0.0926742487196164,0.0896940563821033,-0.0539856677342833,-0.267602630578916,-0.068520324642349,-0.115671734188632,0.261236971896665,0.147441571323291,-0.196377734523203,0.0785830970785034,-0.116469177556619,-0.140161852277413,-0.0975327149606621,-0.16560400035145,0.129878419191227,0.199018765864096,0.155093696928657,0.0229111856058289,-0.321726814839834,-0.104145144047535,0.184094916002239,-0.0561495646706168,-0.0447556672799471,0.120760639310595,0.22695063400113,0.158148585678245,-0.169856756756994,0.0369918334045849,0.209175236587477,0.0364875698132905,-0.0249150216502619,-0.00782079781521616,-0.0910677162047489,-0.151751066941365,0.106178419614913,-0.146144938972162,0.0721738542251084,-0.158192030990439,-0.0473942537219202,0.0099897919995847,-0.0605042392972771,-0.0784693822268324,-0.174213109565248,0.0150778585901779,0.212474583769745,0.0275256283691847,-0.0831308365799026,-0.0606520571540726,0.0608647587042307,0,0.29941619725571,0.0142386362322977,-0.185916255285818,-0.220086853511734,0.121036014499513,-0.09870179422539,0.0644892935230151,-0.0503704969866617,-0.0213469866443959,-0.117804346110033,-0.156383382888372,0.221717831779034,-0.25842363856085,-0.317464902065064,0.140995368036476,-0.118344703054872,-0.38338347988042,0.134063537710573,0.247577092700994,0.273906339642366,0.0667714109091849,-0.0943115867361165,-0.0908275487416934,-0.207183937935545,0.212994390946541,0.278271132359573,-0.0386711162733675,-0.0936141379065231,-0.10754098242062,0.0388081701338881,-0.0593460178942204,0.216290722522203,0.116357169804902,-0.0600324137231048,-0.13627660900896,0.0820678831187477,0.0070827083975917,-0.122709379665011,-0.0275633174737535,0.218442878779813,0.0487239687718694,0.251686034827465,-0.14242321998282,-0.292117143680901,-0.114346183198987,0.198059820404535,0.257670387075106,-0.11370898191202,-0.0636111502572259,0.164283200895161,0.145506935962925,-0.0363656381344424,-0.170991437611584,0.21764881758412,0.244564987429683,-0.0811363399571398,-0.111293934462293,0.226017587201498,-0.179017263823693,-0.0794184650636515,-0.0200277007468656,-0.286077258647323,-0.211938202447594,-0.000655565284008397,0.0689100690901712,-0.115248819336702,0.000664978387374962,0.0940270186830359,0.139112090998075,-0.0939656899094521,-0.299549474099652,-0.25704421380263,-0.183082897875411,-0.0450924958946929,-0.135948485260296,-0.179758706608353,-0.140338534062805,0.0444695506549501,-0.193076275167407,-0.254750499047055
"s__Streptococcus_sp._UMB0029",-0.165573995908537,0.194285141264933,-0.0437209838990559,-0.21742089613308,0.00314258748678567,0.07338558097977,0.0959379001940492,0.0534831517909077,0.0717671781715026,0.00959830282859198,0.14530565516998,0.0307561314377202,0.293266360350554,-0.0273976689839997,-0.120845325972384,-0.221757363495747,0.104875322535798,0.153971060205647,0.0585090565182796,0.223999375365488,-0.207371392067354,-0.144167778213446,0.0181336630723148,-0.00202607326805868,0.112343464675139,-0.00427800729312969,-0.0203501437778721,-0.0055664942584704,-0.015372142957731,-0.0325628465567612,-0.0521217417122798,0.216178550925899,0.106943453370984,0.199362640908424,-0.0654691742758546,-0.0584272821392212,-0.0518078403770114,-0.0380364618998958,-0.0316644428849783,0.00423678443746398,0.326728270655725,-0.0255201037165632,0.0575874361965464,-0.154383143914252,0.00276748345103527,-0.135767776662617,-0.00893548740478792,0.0457533919217947,-0.0144299890428252,0.115140310074451,-0.0868743519247279,0.0870530628269391,0.221730354032381,0.0596936110154279,0.222884033845882,0.29941619725571,0,0.0297871019648237,0.170535192165889,0.0600550155083582,0.122724526060221,0.0930843382620395,-0.0127753748292764,-0.0809657528709728,-0.0704368903200198,-0.218682006144544,-0.0641851310994455,0.0754914317907609,-0.0437690051718395,-0.0384767226949712,0.0529850568842126,-0.106679427429562,0.0489228446139651,0.107612242586869,0.0562012673567789,0.0716559239116966,-0.0447642606869985,0.0199541634370274,0.0185688971683938,-0.442114481869303,0.251033222080993,0.136136713140447,0.255872199031993,0.0474695536553173,-0.00511787669075971,0.0918565640739207,0.0866472688367964,0.230029577431223,0.047125942461344,-0.0761491618735871,-0.0305328434330897,-0.0518045242321041,0.0821874349851337,0.243478587424116,-0.09492723459108,0.0167601465225313,-0.137108315832919,0.146981779835676,0.0317111942137864,-0.0751105639051286,0.215366497068742,-0.0212343480472321,0.0981398809009854,-0.197001174124716,0.243593155450647,0.0788274733977538,0.123435026695903,0.0555497353612492,0.106369262036712,-0.0482384903071557,-0.0164484945192535,0.279753831370751,0.119745512425307,0.0101501995643941,-0.274041273301766,-0.313877137085633,-0.040069876236699,0.110926654131931,-0.0280873079961563,-0.0389378742902353,0.130977039197255,0.120216494913861,0.163560753043707,0.0468123685780708,0.0965948876487944,-0.0036132018826687,0.224521222992114,0.130560022470213,0.0489535209661084,-0.021042253055894,-0.0811929501479616,-0.0463274328742055,-0.089452993415019,-0.067565038295178,-0.063640057425006,-0.11743798429569
"s__Solobacterium_moorei",-0.108676051285771,-0.164488130131642,-0.28980717168579,-0.0396393192791546,-0.0738358767657217,-0.345922321129212,-0.141068991084342,-0.0566685612756427,-0.186875226703361,0.00494905662201778,-0.0287313936969027,-0.0754353737140089,0.158185443073503,0.0678756824615246,-0.116319681578323,-0.142196263958432,-0.00571180335056063,-0.119344353536991,0.144281091118957,-0.155790600631818,0.167324722507788,-0.140933482908804,-0.100524236759902,0.212909344904826,-0.251285394056542,0.211847285035092,0.00928906044955963,-0.0559169245404336,0.142576884540492,0.0384783552335705,0.0860273554684595,0.178046752759885,0.0392993184752367,0.0209530089893518,0.033176177845696,0.0513806875263231,0.0455166077972441,-0.04570824172727,0.24535375387734,-0.158532102084183,-0.158117978227131,-0.0258012483619682,0.0153141935703467,-0.0808785806236449,-0.0360134209366114,0.037925730980437,0.034423913775638,0.0844687397461869,0.0159567246738013,0.0431579980425257,0.00195247158321551,-0.274407257049852,-0.178574480540457,-0.110576694495337,-0.0574082281580846,0.0142386362322977,0.0297871019648237,0,-0.0989796638801694,-0.207439225392378,0.0103997174132501,-0.125923138730412,-0.0720726252624971,0.172485905509213,0.0243168537617093,0.0950133603446133,0.232932286517424,0.426961484041353,-0.0458473679974352,-0.0411562761823484,0.116461363098403,0.301197437930933,-0.101559831119091,0.139875139277335,0.147070442807189,0.247347288761671,-0.0431285519466285,-0.167759847155992,0.213119657000699,-0.169377730295122,-0.0408939230722442,0.0594536516540174,-0.0834112813786076,-0.0108423613142944,-0.103050028577482,0.188025366992306,-0.154907802472812,-0.119842100054687,-0.373160631640506,-0.0896998341566622,0.179447747808596,0.0366439038103528,-0.080557491692232,-0.0652821904202719,-0.109815685763777,-0.0312778032150557,0.207642734596033,0.269964443385187,-0.149964170824797,-0.273834708283884,-0.0260761624215072,0.415367513441779,0.203734737090569,0.0193767665136665,-0.0113602126596933,0.0125885065443677,0.172117326915558,0.0108798142176647,-0.147905572107784,0.196631118082769,0.298986769615475,0.118169497306443,0.00687534872566699,0.254497953177561,-0.0490563245035683,-0.196815119738015,0.157971140641958,-0.231031758719533,-0.059074482415485,0.108559097886214,-0.241512089667595,-0.160652492723734,0.257425336642247,-0.0522500179455376,0.305342204745992,0.0324362289638825,-0.0913469995287776,0.0378575582143951,0.183906719325655,0.142115571111728,-0.00764898208264062,-0.0216424918342699,-0.00915332834776383,-0.107779423819591,0.183387942467919,0.117286402751853
"s__Peptostreptococcus_stomatis",0.385319042610397,-0.0463381735055108,0.112903917861997,0.220639858272806,-0.0923281569044472,-0.128256326075957,-0.260392931660814,-0.00784299361358026,0.115578285046981,0.0554594718582954,-0.208107620097975,0.150343975169429,0.286816218910075,0.341965820058224,0.211110836389006,0.260115117862481,0.0282148523379112,-0.0839473585180973,-0.423966697089726,-0.0252859679683596,0.334059887800359,0.21352904735964,-0.158733255010325,-0.235315137002411,-0.12717127218065,0.0573417042791132,-0.0603512617875621,0.0145026065550557,-0.102706365923299,0.165085611032331,0.156069784556479,-0.0673352545723714,0.118773578723987,-0.0172117755804235,0.237815544508771,-0.00657640966001724,-0.0187331016574363,0.0151004927080667,-0.246891754629557,0.341750985836572,-0.123855002576334,-0.0121814136667813,0.047501132419477,-0.0456290635695401,-0.0658715072244021,-0.043547278125754,-0.00363015334758814,0.0559757302467313,0.0939264278538069,-0.16043300004994,-0.0785806793195764,-0.240308400810553,-0.246678737473408,0.00524844715872719,-0.287108797536556,-0.185916255285818,0.170535192165889,-0.0989796638801694,0,-0.0824418443639114,-0.0698809399804785,0.123288282328112,-0.116327678592,-0.025140175086248,-0.124854506717168,0.0805064492328179,-0.286724596058452,-0.0642049152854425,0.102147907719352,0.17098580336241,-0.0350819470980545,0.0759312651999417,0.21628317260135,-0.109041824020876,0.0313248158132945,-0.0149807559526362,-0.0528696522321462,0.04939665704874,-0.0225149342816691,0.0115633534272006,0.13296654412316,0.0637875914704767,-0.26359511068841,-0.0853882746615821,-0.204954643854236,-0.188335016861841,-0.165974345277098,0.179215922118124,0.342642639473822,-0.17783081015194,-0.185340652911651,-0.336863636636931,-0.0995526243818705,-0.00595485103528769,-0.274601560482637,-0.133906740995579,-0.148918871415332,-0.0753643096707673,0.312021406878182,0.0162002851734355,0.0678710708084513,0.0726759450870286,0.0409939515218386,0.102690800434031,-0.344327889278971,-0.148915572641253,-0.00546422015409424,0.200451612213278,0.0681735843740487,0.210774461254173,0.0619302578163543,0.076158399642045,-0.0173951288760219,0.116138992418415,-0.0489951214586499,0.0842204576293721,0.152956640933584,-0.000469644391313417,0.124701988953319,-0.488924358229725,-0.266937635155492,0.0474505345925639,0.226730441981457,-0.0964915316063973,0.0602871853231768,-0.321702835880859,0.0332092070499349,0.0364921796158611,-0.0456300843129389,-0.108038923843508,0.103961363692825,0.173173450532329,-0.170056162498266,-0.225655072191942,-0.0784653113974335,0.0489267957078757
"s__Veillonella_nakazawae",0.051162276785159,0.27179864686772,0.267031294013382,0.22909456410297,-0.00256839359735441,-0.180371473884362,-0.0406842434441423,-0.092096769549291,0.11894430863064,-0.0610095323274421,-0.0804584217668581,-0.0588187586558302,0.0133699049890798,0.193765391660386,-0.0321501144262454,0.0655590896046982,-0.0400502982334781,-0.143122936002729,-0.230919304596919,-0.161906317171552,0.243288490817193,0.0210595356376536,-0.237271899418656,0.195415146528726,-0.0667179245893847,0.161087755690456,-0.0329722205154279,0.178594936485604,-0.0335303873245529,0.335273862989009,-0.178239006083902,-0.164960683964223,-0.114275420466895,-0.0164012239009189,0.300336622980384,-0.00378494046714972,0.0726087066594837,0.139823964850853,0.0883651257405078,0.035527716092928,-0.0676392714399027,-0.151594633819163,0.191217067650082,0.263686800644776,0.241024707204991,-0.191066548696289,-0.106331012468202,0.119774171524056,-0.0517786267077557,-0.136410595936938,0.104171235632005,-0.136932920054951,-0.115751951632434,-0.155341551461431,-0.378849609691822,-0.220086853511734,0.0600550155083582,-0.207439225392378,-0.0824418443639114,0,0.235911515691827,0.04800088514037,-0.0683875083454916,-0.0256179878075102,0.025915441737027,0.0272794764648545,0.00194174389370932,0.141907658707217,0.0475010121270966,-0.334062693982162,0.00916236611109697,-0.345163360082056,-0.402815157848313,0.0879221857808486,-0.171499226525236,0.00429376738594237,-0.169119251579016,-0.0301370927826833,-0.2328581757549,0.0294780941335194,-0.138753624914897,0.12838643397049,0.0018714340385737,-0.150076349831187,0.110289106857726,0.0908777203061814,0.0658372675645131,0.0610065705871139,0.12690403328723,0.151717503769307,0.0510021871532598,-0.0199043842492444,0.137199515051432,-0.213136281884733,-0.00660850523457251,0.191815351443332,-0.0863424794738888,-0.0539972128266265,-0.00467944796946184,-0.243794257516036,0.0439265461641207,0.0977801878184004,0.062561590393864,-0.130786668607285,-0.0248455703930818,0.0372554909921349,-0.0158917091969137,0.0760745942274385,0.0786814505780012,-0.15915564652312,0.119731107938459,-0.15739676230427,0.1615109306531,0.171101281498618,0.17117660042273,0.219331540720248,-0.0895116257463554,-0.0128897628673654,0.135651260986647,0.0315556854832335,0.0703596435497765,0.013933877202035,-0.198149783498368,0.0100878192254046,-0.240375774830612,-0.465239854537021,-0.0979973398010943,-0.0650069633009131,-0.380456241779035,-0.408529677515145,-0.204664942752124,-0.274524266522662,-0.319651806940647,0.0330842136890961,-0.609722275662833,-0.470166366604138
"s__Streptococcus_sp._F0442",-0.0101509176196035,0.152203224455371,0.315840183462862,-0.107099008397761,0.205059927519548,-0.189428365796643,-0.173452312380437,-0.273342135781792,-0.107937464097375,0.165069575969446,0.0995778160541066,0.137283476269335,-0.200789431621905,-0.235487300325177,0.475571134491321,0.0873438346843641,0.104737150155207,0.258889270228971,0.0288644710032711,0.166463317304328,0.0403596166672266,0.0490572229308789,-0.218575557166611,-0.0956928075215472,0.287163841144797,-0.0687926205712784,-0.0429897781204277,-0.0740648885753447,-0.162440704803878,0.187413591315838,-0.120801668214521,-0.0121130406820036,0.304756018505805,0.0524591736634301,-0.153728683072449,-0.120734518461944,0.153198276469128,0.117939063333502,0.217901537400846,-0.115135937194938,-0.272927209698018,0.0667138259870342,0.0139025311555061,0.185940353426789,-0.117603552674722,0.0345835095698597,-0.105571801189799,-0.0363031012928923,0.13938356816252,0.116420634865591,-0.0863490846313799,-0.185010757076004,0.330304999476166,-0.14695956802162,-0.202912925050243,0.121036014499513,0.122724526060221,0.0103997174132501,-0.0698809399804785,0.235911515691827,0,-0.0207832119595827,0.0353718283087607,-0.167713076034828,0.199786834036254,0.013044155723135,0.138208225918322,-0.272232119713728,0.298479091960442,0.147669029710256,-0.0522492207148091,0.240790550375308,0.0666244209151204,0.0171441899589305,-0.181562214911185,0.0299494721812352,-0.136491711907672,0.187735473035764,0.107229864494701,0.062849119701769,0.101189367832286,-0.187183779869885,0.0130919546121394,-0.126225016887898,0.0856064098359862,-0.292368905597529,0.0334005424460554,0.154102268431192,-0.34206045017398,0.100479521405047,0.14038114154162,-0.224054677669764,-0.00201747015773041,-0.0386887093731152,0.139876921896986,0.0509262764330988,0.0708735033663641,-0.201509868239121,-0.188618635099762,0.160107527261237,-0.0022688033992766,-0.207097748325924,-0.0464017834147514,0.081969126528518,-0.130695841392242,-0.236760118708711,-0.0682978567369313,-0.078097878995868,-0.163601657419394,-0.272593079203158,-0.0862845984327776,0.0454866833627983,-0.120239420997687,0.0675232500094131,0.0233659517043255,-0.0130125961056167,-0.11471462558954,0.17950133601753,0.433524102373596,-0.103776261496511,-0.339938637958334,0.0351979746970207,0.0633200277120299,-0.346222373071719,-0.0104168843893713,0.0717534565649026,0.00179791292381876,0.0411574590830271,0.195013821812633,0.121493262594184,0.00341590181515754,0.188736005923716,0.250579859994022,-0.218322579380937,0.287405743849634,0.223996703743347
"s__Streptococcus_sp._HPH0090",0.131101940731012,-0.147431486443959,0.234978767297998,-0.0145431842489445,0.453305567582019,0.199692774286106,-0.0377278895798491,-0.097605454957624,-0.00949935300187787,0.244680459802342,0.0543954481605027,0.00373122927990563,0.00327658463085642,-0.167647292062636,0.0312692091715432,0.234689099321028,0.183024284932321,0.01768418846358,0.0557491178840339,-0.0627817141352265,0.14574979058008,0.0368660210232707,-0.0236995198884261,-0.0184992965148986,0.119733631696949,0.126631591032048,0.131890798466997,-0.0681356690268619,0.0126267543686164,0.000438452305836994,-0.025460339519485,-0.129339646837403,0.049229621495842,-0.0982141149129733,0.129211983574168,-0.052232063051464,0.00412407157984485,0.0962879569634665,0.0684962399595832,0.0395608683422864,-0.183760557110143,0.41795664849609,-0.0699342675087999,0.338236324365255,0.0099704386545062,-0.361612528297088,-0.138372194271184,-0.0829807342547933,0.211946039665312,-0.0679041793624232,0.0296214165976569,-0.0979407636927585,-0.101775539972533,-0.010424905939578,0.0143681667360053,-0.09870179422539,0.0930843382620395,-0.125923138730412,0.123288282328112,0.04800088514037,-0.0207832119595827,0,-0.0125046073342414,-0.092088201432864,0.047446994837025,-0.0361009145678351,0.0744398827891652,-0.0378000494569835,0.551475935240377,-0.103197782242189,-0.141620663133631,0.135410628591573,-0.0793861410441187,-0.00440224413838293,-0.0148719014265885,-0.0127361790695622,-0.118199507464463,0.522689915355004,-0.135497910179917,0.165761935126102,-0.26850163068025,-0.0619956290498731,-0.0925064190119234,-0.117758167851697,0.0261289913107654,-0.0107448921637195,0.116055297626043,-0.150602589567588,-0.306456763284491,0.0709033952524114,0.0728727253876982,0.0551718177410601,-0.0328996444372831,-0.00134149141541426,-0.0796250283609777,-0.0816945922458439,-0.0295507526674833,-0.192549125472575,0.0424189217243732,0.351284424018543,-0.0786573039181342,-0.145868810636387,-0.0188419163057503,0.110933525987652,-0.164684800677887,-0.134414600505285,-0.170371855294453,0.0287569251867339,-0.0690345075623687,0.0235311163935566,-0.119545525315113,-0.0536877590473555,0.00193312497373688,0.0465075036826203,-0.000275753665022971,0.147529964517623,0.0308101810190834,0.0975762047311833,0.14047750782514,-0.00080997034710463,-0.426086820132516,-0.17767318750681,0.16659221032281,-0.0631698763041982,0.106446637734598,-0.156607698204532,-0.0787236383444859,0.107887664614599,-0.0975389081595048,-0.227436777752323,0.100374540419644,0.283893236631654,-0.0678328145078788,0.105955071491713,-0.124977603574619,-0.0716700162997419
"s__Prevotella_intermedia",0.172941495204057,-0.110755883406755,-0.020513275007662,0.206469615437808,-0.369453996622794,-0.0185424827864429,0.00170255119271256,0.0923881146076145,-0.0112492085354093,-0.122785866582841,-0.122540088446738,-0.106427967342943,0.092686143624292,0.146788667917154,0.00363472585162393,-0.0163177425772278,-0.0985478199606535,-0.132029137824092,-0.180850009312875,-0.114502703449249,0.079036679993208,0.166083476424401,0.00427330843432563,-0.238724153174087,-0.134007392726603,-0.00536753284930086,0.0410484872131286,-0.114314003728675,-0.26207096850597,-0.0246926847789951,-0.11159301490636,0.029270413525251,-0.0759338504252372,-0.0263208360973666,0.215708852611708,0.12891363943892,-0.026170451346884,0.0788983134520617,-0.187640027225935,0.0317947942671842,-0.0996908000023677,-0.275253329242508,-0.126818607677136,-0.408327451983285,-0.101248710764108,0.0261502658544915,-0.22286850936949,-0.0696533136829117,-0.239526805381839,0.00708833299869199,0.272288909829141,-0.100264216088565,-0.148491981867846,-0.145288758864998,0.0682644979406679,0.0644892935230151,-0.0127753748292764,-0.0720726252624971,-0.116327678592,-0.0683875083454916,0.0353718283087607,-0.0125046073342414,0,-0.234175452295915,-0.109329933036077,-0.032086504291576,-0.175281378881901,-0.0771136830542505,-0.249634449544889,-0.0970472690028498,0.168544677818912,-0.219776151031855,-0.0921692647058424,0.00930994095899272,0.0808269459763613,0.120022025397504,-0.0148104126225882,-0.299025366544347,0.037089720887443,-0.144807525932348,0.201052907588208,0.14447454975951,0.0263658525925897,-0.109421254297973,-0.146695175570247,0.00262800459375839,-0.0414433627481906,0.208046521655867,0.264854883471344,-0.0578190946581544,-0.0819263902344823,-0.0270765314031535,0.0770555750101544,0.0686920871126925,-0.13022480402491,0.100722863175642,0.202444746626126,-0.187883798691399,-0.0461291688583111,-0.124508159343025,-0.0666863164968722,-0.0550658149042479,0.0935783790689287,0.0477038753622627,-0.00581439860086799,0.169826156760427,0.0570627314161178,-0.0824413688477751,-0.128967091134401,0.192795653776338,0.0148173874301843,-0.145812204101245,-0.162227353253383,0.0820169964861493,-0.0179504602370825,-0.00321584562773017,0.160105121104237,0.0125744590254759,-0.115476572633966,-0.235231931800428,0.170686817365183,-0.224392733321993,-0.0934396873483807,0.0774223256288946,0.0220590766466986,-0.13903359026283,-0.0559085647398184,-0.265655534055451,-0.112539787427437,0.0854622953373559,0.0389396666870103,-0.007962591665805,0.0539892893598419,0.0398698966641559,0.02047568223368,-0.0329738441032989
"s__Rothia_aeria",0.0344909837553787,-0.0753815758730037,-0.1247705318173,-0.156379681374162,-0.154505210569889,-0.0364941171653653,0.0625893667459086,-0.0298431431037146,-0.0986335792622958,-0.130488547995687,0.0972530337083923,0.0908673610964853,-0.0198647114493267,0.156383937531215,-0.0255542402377906,0.0228917708919985,-0.128649513089604,-0.0599645374609251,0.278618720995137,0.010350339052122,-0.315558030060023,-0.00928182696654484,0.0664292020540992,-0.024176187288716,-0.0717257747240711,0.0187394368828935,0.0277271963950225,0.0404245442973661,0.191927950434331,-0.22546098652926,0.183154514945614,0.123508718544254,-0.100771021669809,-0.0898764269871787,0.0108299493781641,-0.202988571349735,0.223264084994878,0.0258606882796928,0.101868363698067,-0.162009612361991,0.185978811512697,0.0373581867769545,-0.240124777740565,-0.108950428091416,-0.042693258593525,-0.0200343924677075,0.103960155554916,9.91652901987938e-05,-0.243068423663107,0.0579806326790851,-0.204113243913047,0.131652746398714,0.0274624065760807,0.0994661491551141,0.136595223585639,-0.0503704969866617,-0.0809657528709728,0.172485905509213,-0.025140175086248,-0.0256179878075102,-0.167713076034828,-0.092088201432864,-0.234175452295915,0,0.014823388242481,-0.0116843878250752,0.0966299759663433,0.0109251894895275,-0.231278916049647,0.225958029831216,0.192052045486577,0.262874091749081,0.173406121359143,0.156248389361279,0.195409644182995,0.171024899647204,0.105864378972474,-0.123478424248234,0.0553945200359733,0.0509740931022484,-0.144092143666325,0.120104623802127,0.13133275332611,0.238331760321686,0.153982188722595,0.188535466386481,0.0650917731012524,-0.0426731372901266,0.0100421246054174,0.0467335283544415,0.0342135007144795,0.0563480484974497,-0.0472656661198923,0.23992836325556,0.202156858919364,-0.120454333079189,0.0741761477644982,0.176249355302722,-0.229408305651654,-0.336083098962282,-0.00215228271322152,-0.0401751292160702,0.0807584318160572,-0.306784441895803,0.0310285156568637,0.350767690082069,0.0873554890576692,0.0204672293142316,0.076314352268329,-0.202042297126021,-0.0964378613483383,0.205876567278313,-0.111266721025141,-0.0366945400731635,0.00734710426223323,-0.0303964223613731,-0.231179879673822,-0.285869522352604,-0.00830511052491231,0.258015472469675,0.442314886814779,0.145897687097707,-0.0399344280134543,0.17984288677687,-0.0607874356888694,0.284898802356474,-0.00433947722457201,-0.146586984130761,0.212360043986512,0.316779155262222,-0.0708832622132853,-0.123809530359952,0.0572879470969916,0.211245884882215,0.180936566180714,0.220780536294132
"s__Streptococcus_sp._HMSC034E03",0.168434504196717,-0.102323503012354,0.0660879961427203,0.0292270488110762,0.334498032486123,-0.0205912760254019,-0.0376723737244174,-0.16989885843369,-0.0239420632006431,0.119978072570737,-0.0381755919558675,-0.121019596213217,0.0416598615384841,-0.124075853490992,-0.118716426101333,0.101852735561463,0.0581731270225916,-0.00015682958262897,0.0239735104682085,-0.0862038871611384,0.102292431036342,0.0205969905698082,-0.193302318966251,0.0723386492388217,0.0318261060949137,0.164070714445236,0.0406030345324627,-0.0513933052821317,0.078603899141928,-0.167189957455637,-0.0546652993441143,-0.118612851147383,-0.157046777072648,-0.00458712081243015,0.0280881274466664,0.0478126188625474,-0.260791144550243,0.159155475278883,0.138992736903493,0.156763183877567,-0.236618014426718,0.223249041753651,-0.0771200331543301,0.346518065391746,0.0405819184724577,-0.0524929357947995,-0.0637099948198692,-0.0290006086145035,0.154708182526315,0.0347038453608605,0.137893298504151,-0.262276475414445,0.120702317464394,-0.155737597095583,0.195075924286267,-0.0213469866443959,-0.0704368903200198,0.0243168537617093,-0.124854506717168,0.025915441737027,0.199786834036254,0.047446994837025,-0.109329933036077,0.014823388242481,0,-0.0297240452666472,0.167286212569628,0.0273494398459697,0.364883549099929,-0.176029418748511,-0.207158199256434,0.159525832686271,-0.183504842619432,0.150379075401812,0.0119279052428544,0.154755785812192,-0.0702048911927746,0.290070953437906,-0.278899896974342,0.212318536850017,-0.209574616447,0.0104526140949878,-0.0451899219283146,-0.0538961450739835,0.0334288100610983,0.0577049437736395,-0.00792383939799046,-0.275094767766494,-0.325798387014513,0.141802698940257,0.161440249809136,-0.0623494088026918,0.0900769575980218,-0.0504569834161175,0.0599154988632525,-0.109622791437746,-0.0403785278697,-0.140350274238776,0.247348935158147,0.0781701794136126,-0.0717077771302762,0.0637445984138804,0.0672348783967163,0.286942583432777,-0.0868849105741946,-0.165421901410686,-0.173165784358744,0.0283565314924437,0.110058658924573,0.0904850582991464,0.0150745740945971,0.00452505075784322,0.0650614147117329,0.167785625565907,0.113959255843731,0.048796855303807,0.0615955306379139,0.0419527226540231,0.102844064037043,0.0311807685019964,-0.346564420128861,-0.0722214648079589,0.330585837690271,-0.0305751263081198,0.365842809274869,-0.11923415779699,-0.0670692121747203,0.0341597130850691,-0.153193296178494,-0.142857211069432,0.166771546023533,0.0825516204958006,-0.121067902258465,0.151783027552487,-0.0569973347293942,-0.173538779719799
"s__Streptococcus_anginosus",-0.10522255359015,-0.240347074923422,-0.267694528619412,-0.00606551211181688,-0.19811432382327,0.178474651077263,0.393396093846524,0.0735731954213088,0.0471281624234938,0.0446402935581842,0.0785298687457166,-0.0879973579928472,-0.00644472606413096,-0.0758372975033189,-0.0451033898102461,-0.0465944358830974,-0.0365669783113609,-0.0456867166549186,-0.0341358319400384,-0.0663003212789362,0.185088255394076,-0.183828326085316,0.0966076540728134,0.11555397580765,-0.0727490744890427,0.0821635134399918,0.196935335211897,0.011592622015349,0.0351556087436388,-0.290154641227407,0.000389186637497235,-0.0367387336028697,-0.0361681216915153,-0.112092614850631,-0.2004965178286,0.147537323393912,-0.00893721150326755,0.121614683374646,0.187909292059734,0.16037781902677,0.106517869885446,0.0290514797607048,-0.259062151584131,0.033416438967203,-0.0458853101842575,0.0772419584041814,0.023635286556081,-0.0968614197034355,0.119885663860301,-0.162574561257095,-0.0424671257493405,0.200565726202041,0.0108934883442668,0.0987278440842811,0.0723302781303808,-0.117804346110033,-0.218682006144544,0.0950133603446133,0.0805064492328179,0.0272794764648545,0.013044155723135,-0.0361009145678351,-0.032086504291576,-0.0116843878250752,-0.0297240452666472,0,0.228301439374755,0.151826557453079,0.00625148228565862,0.0903200529908711,-0.116122768766605,0.442315314077034,0.101152297592435,0.0729647702384045,0.0291213571603561,0.0663393594927978,0.133702020806632,-0.196233974455034,-0.164315721443789,0.189507739211624,0.171029832500354,0.0276459763216964,0.0310293559139513,0.119579737863902,-0.118768372919221,-0.170934417959646,-0.189995042620655,0.220804454351034,0.00622671473691497,0.00413041651749671,0.166822727469212,0.116001478441315,-0.23207349582636,-0.00419042367312145,-0.298126479348597,-0.102436004329413,0.0772944958292318,-0.035531567161465,0.335447075806034,0.0428143290074523,-0.15356725123624,0.12124813832681,-0.0938446405750684,0.11625449895965,0.0059197366261349,-0.161638579362625,0.0502008939831709,-0.0689918942981773,-0.101390121849698,0.456593046470545,0.00750101621590341,0.197688074247554,-0.0902734863937094,0.275863461149747,0.00870080538659505,-0.0292462314343459,0.26246774540442,-0.0276341639990082,-0.0239745720538695,-0.0859298307179675,0.00201452586561882,-0.09037947565022,0.420105606495276,0.0173955507654856,0.420308344528636,0.0298086824806894,0.118591380308525,0.421949643668435,-0.124970854634561,-0.060786543414277,0.25291702563984,0.316223315915294,-0.0495971681387293,0.237748039804851,-0.205074703656586,-0.11183662373449
"s__Veillonella_sp._oral_taxon_158",-0.209782444248057,0.135706535935062,0.179093529653644,-0.215386736383084,0.0613149266624524,-0.212076971777789,-0.322050402340025,-0.234471347537198,0.0683727077457295,0.0957488276312112,-0.0983611544319959,0.410650151832883,-0.0871172938504618,-0.218578209739094,0.197587106374283,0.0561165507348527,0.17389053448017,-0.0127045032373552,-0.14973239985302,-0.00595968984638572,0.00179254622156472,-0.211313120000886,-0.0676941921396867,0.231268321492045,0.0788353765066122,0.271883716909949,-0.176719360238141,0.0896024504493667,0.00896838043072526,0.176045572316482,-0.157957107075633,-0.10510864508497,0.0425221522706763,0.0507423714647506,-0.0895588092168989,-0.090573428912516,0.213381686032992,-0.104686941302689,-0.234707280214332,0.0958223241327217,-0.196028847744239,-0.0477423880668284,-0.0190955792226132,0.150922705774173,0.192565718458208,-0.0600199492350206,0.0277929016414382,0.219762558373318,0.0155463249388305,0.0111478826691128,0.0436777746304984,-0.170449438116162,0.13902702617052,-0.147615613662242,-0.0347941604058706,-0.156383382888372,-0.0641851310994455,0.232932286517424,-0.286724596058452,0.00194174389370932,0.138208225918322,0.0744398827891652,-0.175281378881901,0.0966299759663433,0.167286212569628,0.228301439374755,0,0.218672640825806,-0.0206279615251742,0.263635430270994,0.176938645937348,-0.0318109517130131,0.226976662223043,0.263914848851055,0.110328111678006,0.113623260975526,-0.0188913626629486,-0.137267093582135,-0.0714223714133061,-0.213828304453846,0.061337576006705,0.215986173058269,0.0593884512514036,-0.0371104117258931,0.230495448296857,0.249305539467909,0.103801168372319,0.168795435695931,-0.0974107639599823,0.169177923040413,-0.211557473827,-0.107249966911927,0.0711652929317539,-0.0961385838510589,-0.0142150497525774,-0.0697552616434401,-0.204095243982823,0.0740427081441098,0.0866012755815302,-0.0226968961643793,0.0871685391946034,0.291830390730494,0.175168656539002,-0.284426915480486,0.170901937405934,0.0281213382949612,0.21122265302075,0.110842595090577,0.195149213608021,-0.183127159989275,0.225365546083911,-0.095800775744615,0.160467823574754,0.221718704258179,0.0897772813193332,0.0226314556781513,-0.0692113056097221,-0.137459829347801,-0.0173509119882983,0.0937247695269117,0.0351938536038115,0.278786802051821,-0.254476130614047,0.133038794727585,-0.188907387518148,-0.262264500182146,0.0909785407531077,-0.135058414935998,-0.0202260124867874,-0.170763264316263,-0.0215990159934799,-0.10415637907708,-0.168310608804572,0.00531754629761856,-0.058199675429967,-0.142003222827679
"s__Streptococcus_sp._XMC",-0.149864659665437,-0.0620040182211669,0.00767256052621662,-0.33613959656285,0.155470265106783,-0.157151966730699,-0.306025856849366,-0.348930703633146,-0.295275159479467,0.347791116655323,0.265369880742165,0.283782992249824,-0.14200358059269,-0.328427946273749,0.296471472646014,-0.0348814611996755,0.301134701761681,0.26749858125716,0.137764869734619,0.281440047298224,-0.0636475107346853,-0.19193468752213,-0.161011179649627,-0.130153500814338,0.289032811767364,0.0758913977860194,-0.145874400929897,-0.179515753144514,-0.156244355296768,-0.0249876709024868,0.0590614560329746,0.278492280254675,0.441248318854822,0.327830806195338,-0.300416287805219,-0.13148007285165,0.288778845679651,0.0554427175008413,0.193373291433946,0.0617600778298073,-0.0843798672702897,-0.000468543779242908,-0.0675901780573769,0.229844158406447,-0.0287464849516891,0.0636317230358932,-0.13357259627181,-0.00590278810129541,0.189968172991286,0.110953681447173,-0.255677287496722,-0.144224590835144,0.350924869000688,-0.0887059599584325,0.0932329584896513,0.221717831779034,0.0754914317907609,0.426961484041353,-0.0642049152854425,0.141907658707217,-0.272232119713728,-0.0378000494569835,-0.0771136830542505,0.0109251894895275,0.0273494398459697,0.151826557453079,0.218672640825806,0,0.224790486342214,0.508427889859445,0.0343727375740806,0.301781901695931,0.497774618304756,0.0931840429122593,0.0823390054926296,0.0663750887511793,-0.079995319953968,0.136632561477798,0.28467005480189,0.0274407027256857,0.341140694761454,-0.0797564715970977,0.181570730553234,0.0864429890449424,0.0302977941347018,-0.33225760886776,-0.055296588612725,0.192793574189753,-0.401123380252715,-0.105606987580587,0.243093092177955,-0.235023746242442,-0.111376632668163,0.14877953064716,0.0182247135901711,-0.0480087648824136,0.132565893760868,-0.134127505930031,0.0472125377030981,0.316317971532031,-0.146049854174987,-0.280132810515485,0.0879484279063008,-0.0545937879416364,0.167979510006181,-0.0160320100372195,0.241622904630701,-0.141496560077123,-0.0947241099573097,-0.104927935310776,-0.419936754951537,0.127271123203281,-0.152465255751647,0.0970731608766948,0.0507230455450475,-0.0494528028530327,-0.166353121786915,0.0947690025119813,0.164486395624822,0.0911271070014003,-0.191071440381781,0.0899362617875299,0.0289172902051272,-0.204035720369909,0.012890675720207,0.159531704666402,0.455299630909274,0.274474561303153,0.439549973103622,0.227807351522085,0.289213875297683,0.202109642372783,0.191348012342634,0.0143474165680694,0.363836797385427,0.3373692918558
"s__Rothia_sp._HMSC062F03",0.173966163888472,-0.0654294655640033,0.342632957002906,0.0737794913848439,0.217137110505615,0.243246196858044,0.160159067907947,0.0496087429703369,0.4856709981942,0.379073300917996,-0.136478584268629,-0.0796101821676191,0.0811176742420581,-0.0383900856235293,0.194299774057961,0.304720539080902,0.23481511363472,-0.0123957623958711,0.0467436557082598,-0.176984018188385,0.180681311661874,-0.0443836816535396,-0.0448760780269752,0.086343271972568,0.0557916791192805,0.149411905112285,0.0477385297017797,0.516974527796646,0.187922602900098,-0.0531072195312363,-0.00693206018550202,-0.22625933540491,-0.00565096762778106,-0.186821396094503,0.259618930672642,-0.0378199627778322,0.0488866615616787,-0.0244499162339858,0.115557012389345,0.0283940138689859,0.00622161023309581,0.115780593201666,0.060361107663213,0.192162367112907,0.28293703055549,-0.247169495258879,0.266943467227193,0.319223506522472,0.220238869313867,-0.0778123343303413,-0.028741391171703,-0.0952315141757947,-0.143573761441848,0.0533492341089241,-0.138338764711863,-0.25842363856085,-0.0437690051718395,-0.0458473679974352,0.102147907719352,0.0475010121270966,0.298479091960442,0.551475935240377,-0.249634449544889,-0.231278916049647,0.364883549099929,0.00625148228565862,-0.0206279615251742,0.224790486342214,0,-0.0277722479047271,-0.144995982131047,0.024682028886671,-0.0753383350701904,0.191243783024295,-0.00822134253879339,0.083684238610596,-0.158777516720901,0.056533978001722,-0.407150702521279,0.0505197893594507,-0.2605769237897,0.138602328812464,-0.15412157730483,-0.0369056766048896,0.465179490104726,-0.0435527279244424,0.449233111307813,-0.276064220825095,-0.227332410598302,0.385790348017164,0.036304687898659,0.0224839516704468,0.358982154048406,-0.380331709385671,0.0930584617201428,-0.0712461334690278,-0.276790493866295,0.0616188913959425,-0.0944339570946723,0.271202379257306,0.304092117128177,0.0525049498526837,0.119745749257882,0.1017298334669,-0.267536233590859,0.00890299490858215,-0.285563251620742,0.326331094729194,0.422783175758708,0.0948691113090734,0.0701702606144533,0.209892032075836,0.487744123140518,-0.0554146725870765,-0.112207858411469,0.111785108701651,0.00260709749521387,0.0711130896719973,-0.131437192732612,0.17915202458664,-0.0588802566740804,0.244368622349224,0.0698481034580593,-0.00336450004209685,0.00108795083745945,-0.494549860245132,0.0209960334817161,0.109571045543223,-0.395901545058427,-0.358558552597177,-0.086906579947853,-0.174865090044611,-0.418963669680528,0.0542000902861762,-0.550521498440869,-0.482955268604506
"s__Actinomyces_sp._ICM58",0.0236378957193696,-0.229301655784061,-0.18945655848255,-0.188280492677533,-0.0402923170538396,0.0374919100306028,-0.0262934948652044,0.116269040731283,-0.148921930464124,-0.254038445157582,-0.365281137721898,-0.343361248062507,0.253075595358128,-0.0978975165451354,-0.147134817122904,-0.112126729914871,-0.0438304495430462,-0.315574626963522,0.174120269232031,-0.292546086624469,-0.111071587131764,-0.0771431713649367,0.126590536135214,0.340030160247012,-0.348856984817037,0.0936863756948903,0.159666947747563,-0.0412569966807605,0.10851808854664,-0.117433300192155,0.103066915742857,-0.297234180751846,-0.271196024019392,-0.224629550847539,-0.229379981137259,-0.0592474202675436,-0.402478463904286,-0.0315374893072061,0.245767753471219,-0.0444114304495583,-0.0768207960096762,0.0148650635333459,-0.113524755744682,0.0633781483335111,0.0245837720306877,0.190670687962039,0.0341538236892651,0.0260361235908753,0.0199971047494575,-0.218415163991169,-0.0991804626415498,-0.0338654969418904,-0.291297375298129,0.138131648640932,0.0899866105189698,-0.317464902065064,-0.0384767226949712,-0.0411562761823484,0.17098580336241,-0.334062693982162,0.147669029710256,-0.103197782242189,-0.0970472690028498,0.225958029831216,-0.176029418748511,0.0903200529908711,0.263635430270994,0.508427889859445,-0.0277722479047271,0,-0.262775327868683,-0.0136959319051432,0.266242603073903,0.337843748223289,0.301921746072073,0.183818315218682,0.249398797237222,-0.134372739749051,-0.311949148831275,0.167661066096671,-0.107614275515731,0.273054108164398,0.0187703942173395,0.0923179304470041,0.00479064517897371,-0.0172920662134807,-0.137047745585651,-0.0259129135953966,0.085582192648784,-0.0556399051767655,0.229363657898143,0.140207719742031,-0.134976177086494,-0.451393609768019,-0.258660335114193,-0.199133474664114,0.19961084358105,0.412734606220439,-0.0458370239011153,-0.419820092290209,-0.0395777361654227,0.509751316294225,0.268550758862609,0.0562565101627293,-0.117486359964323,-0.318042638504734,0.111926217047736,0.0382348669969887,0.041592555295249,0.178735220210088,0.35439486441935,0.0974495469578289,0.101943212174513,0.0583345007888776,0.235223306580652,-0.0137056679339403,0.0867460315439348,-0.238471164590053,0.194126909797368,-0.0474375988476032,-0.277898404314305,0.0172966542121964,0.052836951224273,-0.096898932572395,0.120065948264459,-0.196371278728757,-0.191688008419553,-0.203784725105079,-0.0710249805958108,-0.219256206411179,-0.353311190437839,-0.260625983359814,-0.366174918901475,-0.169684229518026,-0.339755671797541,-0.209555818537548
"s__Leptotrichia_wadei",-0.0921976153060736,-0.0859909498622697,-0.148979055641353,-0.0933259335045467,-0.322505533105962,-0.194349828601298,0.290442489675825,0.0372002567463881,-0.076236080365627,-0.0408154477901546,0.176343145043552,-0.037984880677014,0.050715382092818,0.102203472503205,-0.0918080410128352,-0.124085090313797,-0.146003988141334,-0.086147491282293,-0.0313909151961245,0.0382943373293351,0.0378059772892942,-0.0444656235501804,0.120922714404744,-0.0329767057614081,0.0190042338769902,0.0691048855374911,0.321651587954191,-0.0995779803247333,-0.124521530952574,-0.149656250201002,2.61794788355696e-05,0.275038579746952,-0.148110792124939,0.107382786069406,-0.0189291302467129,-0.156331877740827,-0.00686039511753445,0.098857164381985,0.125450337320688,-0.0775637134527944,-0.0405425063505783,-0.240870967201057,-0.165216779043875,-0.197355171860978,-0.0839498072103056,0.132244108510612,-0.211312423619233,-0.0589765227790902,-0.193988795005653,-0.154703570472849,0.162799715356211,0.075847668647238,-0.0549293405147391,-0.13323679239117,-0.239906593907274,0.140995368036476,0.0529850568842126,0.116461363098403,-0.0350819470980545,0.00916236611109697,-0.0522492207148091,-0.141620663133631,0.168544677818912,0.192052045486577,-0.207158199256434,-0.116122768766605,0.176938645937348,0.0343727375740806,-0.144995982131047,-0.262775327868683,0,0.0949399574262062,-0.112142252471678,0.0314345572316791,0.212074781076561,0.288196856911959,0.11361223315049,-0.154505515195179,-0.106520158311952,-0.101500905631847,0.167569942281292,-0.00185654174321372,0.188551164397169,-0.291351078835016,-0.177862359080486,0.314844323417962,-0.176842939178055,0.169418685351035,0.132959564673011,-0.130688790024531,0.072157571253729,0.363356928602766,-0.124080190515238,-0.0865207791772749,0.0533477676747156,0.361536410494483,0.130100160952395,-0.0334795874318066,0.129937249193541,-0.288439127453041,0.0637742766402272,0.181402176095406,0.110118859441399,0.214077373026924,-0.0801740000637284,-0.0256931047368683,-0.00545834482817896,-0.147179779775586,-0.00330449731800331,0.139875634067016,0.0920594826641923,-0.397662431709812,0.0651601681081963,0.10549420870976,0.116462629926118,0.0244698687973542,-0.122621733780381,0.013363565869032,-0.118067103531397,-0.221535446512062,0.013462975250601,-0.0332132772024636,-0.00921123474719608,0.43287294434289,0.130790594034448,-0.0848708952381535,-0.124252507938792,-0.0713926072728937,0.0952732419732573,0.0266158827593458,-0.0466342276757719,-0.178089112146569,-0.293334658022121,0.00446368287853649,-0.0996938251515918,-0.0452830314579401
"s__Mogibacterium_diversum",0.0152130592034078,0.0184946559324389,-0.0291511612485152,0.15128125827108,-0.107576910179222,-0.337782026818828,-0.261081940260469,0.106739012951862,0.0479328181812162,-0.0598490786747027,-0.296507928285315,-0.110063746203995,-0.0107565819260128,0.187445746591523,0.0834837940328013,0.0383573023728239,0.138923375286576,-0.222778564716618,0.0278436803543147,-0.353045920165642,0.283957478787943,0.0191309405116737,-0.227624262808551,0.206595578905833,-0.345770917563785,0.233014600169857,-0.260621301447903,0.251251287360003,0.0984722030125744,0.116335340819219,0.162172371088296,-0.0179657511306389,0.0849440794933956,-0.0349551689518798,0.280047726385431,0.186026386961594,-0.213892189847929,-0.0369264154221219,-0.0896622951500208,-0.0159756930210668,-0.248185821228195,-0.0197832196196918,0.104014857149806,0.200056063819702,0.0107312443322004,-0.141874953783895,0.183618122607233,0.197904493894633,0.152916410639474,-0.156973303819805,-0.037827602371367,-0.4967157681536,-0.20162976252217,-0.12292514966223,-0.252823968076794,-0.118344703054872,-0.106679427429562,0.301197437930933,0.0759312651999417,-0.345163360082056,0.240790550375308,0.135410628591573,-0.219776151031855,0.262874091749081,0.159525832686271,0.442315314077034,-0.0318109517130131,0.301781901695931,0.024682028886671,-0.0136959319051432,0.0949399574262062,0,-0.0408894001831084,-0.00368300654431714,0.137251710118086,0.2585645897494,-0.0280544334600031,-0.14029679538431,0.230039670194085,0.223629719039839,-0.0870838236445028,0.119433230999927,-0.210882681471587,-0.0716225803914029,-0.00906295092841973,-0.138076305461648,-0.0704713493391882,-0.134020281282921,-0.417584444535359,0.0213475288499375,-0.148517341849042,-0.259213229203052,-0.0704411709064032,-0.09621016196732,0.0143184050662972,-0.327978237744987,-0.240985286850437,0.259338353461419,0.0114933654083386,-0.225408637494401,0.124937374545854,0.37007258038362,0.255525968571646,0.0528984722957397,-0.107845577833024,0.0400573744743766,0.0944312788173954,0.175523791683729,0.222916407462064,-0.055537401517924,0.286777885074263,0.0356661673113965,0.251585371774643,0.0498667040973793,0.0513859150472077,0.187314652231194,0.277239443827394,-0.220508101175096,-0.142880881986629,0.0176749846904993,-0.256012665056021,0.0243610837434275,-0.0238605510608504,-0.0903738983197126,-0.0321157945922058,0.0816781396781704,0.0181944841964248,0.0167383117254613,0.256176521079799,0.0976900892747465,0.0423758950847565,0.106757409061108,0.032584229697266,-0.10011653152904,0.250835572591656,0.109656693851798
"s__Actinomyces_sp._oral_taxon_172",0.0722178622786463,-0.279695551927904,-0.21971909718628,-0.15042242779282,-0.252640693041021,0.046424014018848,-0.101667126404299,0.188394084466505,-0.287551184738706,-0.386669998148004,-0.343425430091724,-0.14889162383966,0.223398808278671,-0.239247615534623,-0.049547495717395,0.00480115824399499,-0.106776957688845,-0.328683372629808,0.327571456646122,-0.351336222844863,-0.0658517597875325,0.0522829211712017,0.141294305111585,0.395277773615824,-0.368743622530166,0.181845638139171,0.107322185986716,-0.0701339455335485,0.171436550083179,0.0126350499960343,0.157852593606826,-0.294832769972013,-0.328402291366773,-0.281026802366003,-0.205308408230678,-0.0947193539950112,-0.347118069265003,-0.248687188872131,0.254035295272223,0.0264556721296521,-0.0539923058966228,-0.166061257438048,-0.0787557037764658,0.133363557989331,0.0562991773280552,-0.0126125710722244,0.0589039068928157,0.157593672088773,-0.186748810862653,-0.0494195407356268,-0.0647851799300798,-0.00600180257554743,-0.400981529132818,0.199688812229801,0.0847449580851836,-0.38338347988042,0.0489228446139651,-0.101559831119091,0.21628317260135,-0.402815157848313,0.0666244209151204,-0.0793861410441187,-0.0921692647058424,0.173406121359143,-0.183504842619432,0.101152297592435,0.226976662223043,0.497774618304756,-0.0753383350701904,0.266242603073903,-0.112142252471678,-0.0408894001831084,0,0.374310176178192,0.394569055730244,0.288816979488337,0.324284259714337,-0.1626269155423,-0.146666880908935,0.190329086328969,-0.288689496660937,0.399108944512418,-0.0535804277837059,0.179045669393761,-0.073259350410373,-0.170767302196123,-0.183646868329497,-0.245910022616902,0.0751239179791711,-0.0335777704018572,0.15846053786402,0.0916526631614147,-0.228790786526933,-0.451954179701051,-0.0678346784459055,-0.150849070163671,0.25487873776819,0.494682245004499,-0.0700972234435261,-0.435975753405528,-0.0636046305949189,0.556341244959705,0.275086587162748,-0.0773803185725317,-0.134685431842252,-0.142709692379056,0.0982029046787747,0.0629790292346877,0.0318224333064705,0.105444308419266,0.366011786773056,0.221908590382453,0.0395219502633735,0.0495112107731162,0.291634371022341,0.0690098627414012,0.0317254393035032,-0.329773343570001,0.157521899869667,0.0452145077696176,-0.202246776481186,0.11074205273517,-0.046063309438907,-0.162483248669143,-0.0763687323362674,-0.0976668467239783,-0.248000380593708,-0.31285810671193,-0.0532311016288268,-0.156198843015374,-0.374915942288949,-0.398971612463671,-0.158915479989108,-0.148718953956364,-0.240966740011341,-0.12481260880581
"s__Porphyromonas_somerae",-0.029318011362076,-0.00448955506143994,0.0975114310002248,-0.20606436313144,0.225400418382336,-0.205269832495297,-0.207575441796664,-0.15390737537884,-0.04473455569663,0.240826499227204,0.0339044949467104,0.130830016636595,-0.152515032657753,-0.151362569428949,0.203863655693776,-0.0377351345682324,0.0467550376607763,0.0935265828956719,-0.110349317557035,0.152339830394635,-0.130304890227003,-0.133300626474573,-0.134812509211754,0.131028437668962,0.22458419608116,-0.110406669348478,-0.179870551304386,0.0560311289520232,0.0520785461043111,-0.186200897951987,0.0626882783680235,-0.0785365233665867,0.356933519979407,-0.0908134653493326,0.0476041308729644,0.131576760851142,-0.0400213130118297,0.00523521625733797,0.281892234509153,0.0875200811469222,-0.208819641001604,0.180195002522009,-0.0734874550820409,0.0818544534922969,0.159486176620879,0.229528059668418,0.125239866698294,0.0939245973874146,0.198412879783714,0.0202186826427202,-0.124524649817874,-0.178687867794721,0.118470692455724,-0.220466810980408,-0.213055719193045,0.134063537710573,0.107612242586869,0.139875139277335,-0.109041824020876,0.0879221857808486,0.0171441899589305,-0.00440224413838293,0.00930994095899272,0.156248389361279,0.150379075401812,0.0729647702384045,0.263914848851055,0.0931840429122593,0.191243783024295,0.337843748223289,0.0314345572316791,-0.00368300654431714,0.374310176178192,0,0.243433652398109,-0.219475667252461,-0.133614840755694,0.0136299569774767,-0.0898531320839924,-0.0340406453976157,0.116036971527535,0.0835728039809247,0.227643180742058,0.066852720688334,0.104719025500726,-0.271192810655037,0.0696080798066796,0.0817954916187302,-0.143950212158834,0.0180497171989143,0.237210863598664,-0.0531275362415821,-0.0955398263897828,-0.273089852569036,-0.115418172078596,0.0466348816913555,0.0893265532194883,0.205815908210386,0.177443969930581,-0.0666515482621523,0.0931083746870622,0.192396416631415,0.0718067753194174,0.126422256821952,-0.0461411672095119,-0.146992296103565,0.0373530270168653,0.0370495882796917,0.153077419197903,-0.024632060763178,-0.107610476477236,-0.0842321393533406,0.086691361232002,-0.170461747660074,0.162643766851855,-0.0458355332544661,0.0884766943919057,0.0313609614219264,0.0973522299699068,0.0348360211439949,-0.0887857334359856,0.0988996108477967,-0.121969643288296,-0.0764520554823814,-0.0809798562099727,-0.0434303205436922,-0.239285199039278,-0.19677576719373,-0.0466256053672052,-0.0632354855893736,-0.10895115110154,0.0877141608771755,-0.0556847111111316,-0.31608887415579,0.171404481498057,0.10159256877553
"s__Porphyromonas_sp._oral_taxon_279",-0.0756091517223967,-0.0592584618579756,-0.121568023233725,-0.121570633640311,0.146346574641941,-0.0695066025132226,-0.0981709888593247,-0.0901342009438935,-0.080096179748954,0.077942001297349,0.191507512690618,-0.113403185205695,-0.11471361585574,-0.130118524543379,-0.175575456416397,-0.132409598749725,-0.139920123223081,0.0830576636356782,0.11728787345408,0.107379365606534,-0.145698539862472,-0.140354937476582,-0.224385769499025,0.0496103721448611,0.0347674298831633,-0.0594111473453076,-0.0818801125099753,-0.0419058615301461,-0.0516550662234153,-0.0909912562794649,0.103383447030133,0.100508550015555,0.214671823223149,0.00610292147904146,0.00215980726503223,0.162216180899938,-0.0194668174994099,0.00626243866868345,0.141108850096965,0.171898441322679,-0.12242409350873,0.190566796887601,-0.123107789893051,-0.0127357740613528,-0.201177530965903,0.198628817487278,-0.00311022657628826,-0.0993006474320877,0.207928335794844,-0.0896171769524775,-0.0151927154291049,-0.202165777946776,-0.0200910448724316,-0.169367462529983,-0.269939001613017,0.247577092700994,0.0562012673567789,0.147070442807189,0.0313248158132945,-0.171499226525236,-0.181562214911185,-0.0148719014265885,0.0808269459763613,0.195409644182995,0.0119279052428544,0.0291213571603561,0.110328111678006,0.0823390054926296,-0.00822134253879339,0.301921746072073,0.212074781076561,0.137251710118086,0.394569055730244,0.243433652398109,0,-0.219767688776145,-0.192894154543651,-0.100493222849961,-0.02964486837195,-0.0426695359660857,0.13566030815991,-0.122285961003024,0.155406341185066,0.129623352512882,0.0671281304742183,-0.241037246619906,0.0430218379188043,0.0878649834452068,-0.0165964696389577,-0.0580731648364897,0.042617040882415,-0.00433535348466825,-0.0676783828237697,-0.226237806604298,-0.0199294075558516,0.26055511572734,0.213566878698872,0.139188651195338,0.324902504649986,-0.206936971719643,-0.0615892884963765,0.119132293798903,-0.166782646171437,0.228495854107172,0.048148063751944,0.00554970290864251,-0.0607997525115701,-0.0690052577429607,0.0299004587737267,-0.143617800430247,-0.180718201053249,-0.0362925074616962,-0.0466975737885602,-0.131693082891262,0.222106373906067,-0.0402987952950765,0.18537411675317,-0.149784214945318,0.0993975081252155,0.154066717845672,0.158912703694824,0.119004180228854,-0.189963844617902,-0.188871104190105,-0.200122847611531,-0.0299861527234259,-0.451230993713544,-0.22963618335996,-0.105721003511585,0.0135913202539042,-0.182130106576415,-0.0174917207430393,-0.143252886642328,-0.16268901816655,0.178630559401928,0.0797841928809958
"s__Porphyromonas_bobii",0.0657091176013771,0.112924854751332,0.0939586596560341,-0.171437373948782,0.254500872096827,-0.241009375864704,-0.325398112168909,-0.0957827372952458,-0.0470156130456398,0.0324388848159977,0.0883940571449699,-0.076571142065262,-0.212761972114602,-0.0848118717462334,-0.0669526186158925,-0.00409084209191549,0.0283544331136804,0.0954380573453449,0.0132859340073376,0.0828403290153337,-0.0288143523927018,-0.0937036035584606,-0.233652595192865,0.0395594656355342,0.111856659727013,0.00281323560335872,-0.271860926373468,0.0307984705743884,-0.0575877587778754,-0.0226608070321232,-0.0748341863868316,0.032320280974241,0.469769069296331,-0.0287685199170566,-0.0617607817877881,0.029994667362817,-0.206278567879081,-0.170728486443455,0.123634236822738,-0.0136732566501724,-0.111692507326792,0.252174291057945,0.0769503495482471,0.0773883463559231,0.0253101773173796,0.271295161841135,0.0397779245080945,0.00732535838743048,0.246121667022981,-0.0501629909886315,-0.0113581045248206,-0.360296038545975,0.186208844529932,-0.263676240887145,-0.237931315918423,0.273906339642366,0.0716559239116966,0.247347288761671,-0.0149807559526362,0.00429376738594237,0.0299494721812352,-0.0127361790695622,0.120022025397504,0.171024899647204,0.154755785812192,0.0663393594927978,0.113623260975526,0.0663750887511793,0.083684238610596,0.183818315218682,0.288196856911959,0.2585645897494,0.288816979488337,-0.219475667252461,-0.219767688776145,0,-0.209966177429076,-0.0508561321472664,-0.124090684753603,-0.0282996919876283,0.254387968412054,-0.0926498183470696,0.201506077697188,-0.00728377827821852,0.169361302049851,-0.140186512143786,0.189447348709704,0.114078651155714,-0.105867699380114,0.0791292776309531,0.0515810778389022,-0.0825059275413134,0.161482958031719,-0.210461273458035,0.137449587129046,0.169912168422603,0.155713211149433,0.22520535813975,0.082906000180838,-0.123280217659911,-0.00877789680495486,0.215944460413534,0.486890251986476,0.219909831430354,0.0900905722202374,0.0723307659099104,0.0343033649476334,-0.0457395010208477,0.0732867338978217,-0.117840928138413,-0.108920780269377,-0.231045124375307,0.068646757373165,-0.101930548528632,0.183092938417233,0.0812600902714055,0.0171847887825186,0.0509916745082868,0.392230802211185,0.128439501161564,0.187689911200968,-0.00285855230312551,-0.196666720597918,-0.0699409192635533,-0.096712287472815,-0.0224138413260364,-0.255636377213704,-0.179245218155082,-0.099782190606817,0.0111095634562435,-0.0507698729086229,0.0568992107483126,-0.109076943935868,-0.0550487677328893,0.236115334237995,0.0366438588158337
"s__Neisseria_flavescens",0.0143898887794724,0.129555360637865,0.0555332460788959,-0.111514718794976,-0.0187202862624918,0.101272131155389,0.00553024635125138,0.153507027856807,-0.0435339936207684,0.0938748683729221,0.0429190970767127,0.0796793182246527,-0.0385735126753731,0.0306452251033644,-0.0493484278001957,-0.0922417159942294,0.0593476751450342,-0.069892888383349,0.104714652573978,-0.0713514890918235,-0.0974993596302723,0.155669709680565,0.344409317424774,-0.00711402869517237,-0.0832757518458364,0.177732672867587,0.225974083032445,-0.142596203772152,0.155652552042828,0.0780818794823212,-0.067915191045649,-0.120694910695516,0.030248454473027,-0.0305957622263703,-0.144213337333935,0.0453383326552833,0.116297715359887,-0.315491874098687,-0.0713519842929047,-0.16210142623341,0.266449524429768,-0.043019416686814,0.0071733913376833,-0.167590073913158,-0.0191014823639862,0.0829704466590904,-0.0583195624484634,0.0321578429509794,-0.18057546611133,0.161535889103894,-0.00850250903211775,0.375578329826403,-0.00300599057055195,0.126362770847512,0.231112180459499,0.0667714109091849,-0.0447642606869985,-0.0431285519466285,-0.0528696522321462,-0.169119251579016,-0.136491711907672,-0.118199507464463,-0.0148104126225882,0.105864378972474,-0.0702048911927746,0.133702020806632,-0.0188913626629486,-0.079995319953968,-0.158777516720901,0.249398797237222,0.11361223315049,-0.0280544334600031,0.324284259714337,-0.133614840755694,-0.192894154543651,-0.209966177429076,0,-0.213577254259356,0.101027653580467,-0.0263281774338762,-0.00842267881446243,-0.144731247068575,-0.0217990581420236,0.0995059496635324,-0.158118986030881,0.116028149426324,-0.105903906572201,0.00371970509402769,0.176916819509234,-0.104465212363508,-0.0161960561381283,0.245860652849856,-0.196481690149721,0.0865465829669384,0.0404044005673746,-0.0910047522633461,0.16698171275117,0.0912231338831412,0.0427149901681071,0.204935977640394,-0.0539478681157245,0.0424053572184525,-0.220626038157456,-0.132840165875684,0.101356207751604,0.0279108493901264,0.268647944548468,-0.138481141184436,-0.106537142129412,0.11473841333469,-0.0336058095212356,-0.0340053390324885,-0.145908238086752,0.132273143989559,0.173441205955334,-0.0168267228686423,-0.039236179607627,-0.110684597254973,0.107186774248094,-0.029818559055991,0.115080091319926,0.0670618844695459,-0.0872992307498344,0.128349968477319,0.00714168337753571,0.310768541485354,-0.167204332199297,-0.235512090378224,-0.144312601090306,0.148645095443584,-0.0558765627293485,-0.217887752342752,-0.0367332784669539,-0.104949847383187,0.128946378433018,0.0658298398145526
"s__Rothia_sp._HMSC072E10",0.105015403866938,0.121933721879678,0.303973230998344,0.0880260114090169,0.172429844304497,0.314935137093227,-0.0101812862787221,-0.0224512880295621,0.509358386250476,0.216586719355865,-0.0521054538806793,-0.0424079612709073,0.0423948452908795,-0.0135147004478527,0.0629263767657705,0.268910904160192,0.223999966835779,0.0412688493422506,-0.0330808690565558,-0.0972708083690878,0.047174623063835,-0.0105068002258532,-0.0569037528633027,0.0665057430259229,0.0237209463844687,0.0858977207360414,-0.0650151855922293,0.481474877892671,0.188648112833904,0.176246532390034,0.0241672045566076,-0.21745401645481,-0.0107159123524904,-0.242298298018255,0.279401620751747,0.0400481025855982,-0.0316080947080532,-0.00663771425211743,0.0273987557569509,-0.0627033310448519,0.121332759778525,0.237009968250859,0.101722694969351,0.334592190775368,0.286980381786821,-0.259374676432819,0.25864406854971,0.219936219055956,0.274615531884832,-0.0573829952424869,-0.19647995558817,-0.058106756103126,-0.145865330923342,0.0176871660458455,-0.0892262936329888,-0.0943115867361165,0.0199541634370274,-0.167759847155992,0.04939665704874,-0.0301370927826833,0.187735473035764,0.522689915355004,-0.299025366544347,-0.123478424248234,0.290070953437906,-0.196233974455034,-0.137267093582135,0.136632561477798,0.056533978001722,-0.134372739749051,-0.154505515195179,-0.14029679538431,-0.1626269155423,0.0136299569774767,-0.100493222849961,-0.0508561321472664,-0.213577254259356,0,-0.0757002592274737,0.0117034720229208,-0.0102158985469403,0.0616334756517552,-0.0473049881405571,-0.128518423629706,0.423628917010008,0.0360107593737262,0.530264506427967,-0.0131278755132178,-0.0158439302015434,0.355668901012295,-0.0164692908322019,-0.129538971981468,0.378235029556815,-0.167247626815029,0.0843275926571951,0.0560600073171554,-0.206770317962952,0.0281700974285448,-0.0436750364754865,0.192150161061335,0.266804319094873,-0.107351871603876,-0.0663641321745252,-0.0182220247321501,-0.27930948215061,0.0380230521209495,-0.194482214227287,0.324800345598292,0.403594462250332,-0.0552015609160702,0.00674284606529846,0.171025790630245,0.374768539818035,-0.121759349913775,-0.276494798971663,0.0211608212683798,0.0499056871817965,0.0469716045201159,-0.07982862010953,0.115818749661815,-0.020928234692562,0.145630887395221,-0.00990332734727604,0.00325665813141776,-0.0686940940431671,-0.225027248709822,-0.0374888615007858,0.0998082149334589,-0.115881381773718,-0.22444894074106,-0.0225885975980194,-0.0706929407948771,0.0158216490293338,-0.0190765958648229,-0.331517139353685,-0.16699483653202
"s__Candidatus_Nanosynbacter_sp._HMT_352",0.0294094815001244,-0.208055648430133,-0.335264053685109,-0.0902169282504036,-0.294096137835775,0.128452244546016,0.0393224900890922,0.187457940114035,-0.260660467053344,-0.344930897374125,-0.0275241509614029,-0.317406723631446,0.108186150857458,-0.00215844111147809,-0.277434167161163,-0.0126359732220857,0.000941080202497627,-0.160895367799505,0.284983221015899,0.0323495248167815,-0.0477775331013283,0.0187429089052536,0.183283905046852,-0.0190180074638089,-0.200916322572869,0.0480230487292854,0.136529212101559,-0.163416008170375,-0.0913971505469013,-0.0952782521127292,0.112616226084412,0.00803485205855281,-0.323315461825454,-0.0149764485471155,0.0815014034254471,0.128977355404455,-0.193052517293717,-0.0774228932273476,-0.107352514881961,-0.116259963849629,-0.0352462694841051,0.0405833214392201,0.00254272033405085,-0.0723912955959807,-0.189654065036546,0.265021691874615,-0.0157330549275099,-0.044396300599865,-0.0819828937263895,-0.190680285635511,0.0207857303295494,0.0705252648731218,-0.00545236274370672,0.112146837136032,-0.150356178285785,-0.0908275487416934,0.0185688971683938,0.213119657000699,-0.0225149342816691,-0.2328581757549,0.107229864494701,-0.135497910179917,0.037089720887443,0.0553945200359733,-0.278899896974342,-0.164315721443789,-0.0714223714133061,0.28467005480189,-0.407150702521279,-0.311949148831275,-0.106520158311952,0.230039670194085,-0.146666880908935,-0.0898531320839924,-0.02964486837195,-0.124090684753603,0.101027653580467,-0.0757002592274737,0,0.0565137200123687,-0.124410487475998,-0.137931694694707,-0.0231359586217917,0.0172925768555149,-0.2200841347298,0.11936570898214,-0.184604066209956,-0.134658785588526,0.143352052283589,-0.221304267241087,-0.13910998612757,0.244059869479103,-0.117355851305152,-0.0102275159436594,-0.0825863839391112,0.0392914698989974,0.366302920422439,0.403893968524847,-0.299963139141145,-0.292080418079717,-0.160783221424323,0.245006924159702,-0.194248057931691,-0.182845452992793,0.131956794257034,0.0226544565346388,0.11469059403025,-0.213639924559222,-0.23472880821194,0.133198415269895,0.212974796528601,-0.189765424979715,-0.17628201136664,-0.00410648718460362,0.147766431664932,0.111400322358572,0.246005364649644,-0.174777580598905,0.345113268765217,0.0319019786925835,-0.0558890979035661,-0.277651777799543,0.0148957855342615,-0.122978115680261,0.0114802410817344,0.0882873586661985,0.15088109092644,-0.00281870775460763,0.327828803855994,-0.114753705267588,0.112114877466324,0.180899243544764,0.156786784975327,-0.139524721033819,-0.272228854787434,0.164254787191414
"s__Parvimonas_micra",-0.14350198854696,-0.135638916108926,0.147985368353687,0.146643000206646,0.167914884817093,-0.0720059245283815,0.0849148389070796,-0.0552469999828771,0.246349232624059,0.203292936714547,-0.316164312579137,-0.00922497023374001,-0.268543331517715,0.148088221653677,0.195271025367322,-0.0645508160318793,0.106606651604676,-0.129894644357847,-0.329306088112127,-0.143800912732088,0.20224736350913,-0.225952573857814,-0.112904686008816,0.0469830339446938,0.0270317196881979,-0.0263555567804327,-0.151820777942359,0.221967442337868,-0.0994238773963756,-0.258288932709192,-0.221087387790666,-0.260255171166643,0.0382971453793613,-0.0304094317713164,0.0700151754166876,0.220550530702279,-0.00911205562737521,0.110806806853471,-0.308608219336616,0.21748418913973,-0.146170841573146,0.195922412481257,-0.0675773811097667,0.0130604143538401,-0.0159084483940266,0.122843608847335,0.148845996177035,-0.0688622897978404,0.286601004476252,-0.297979775858963,-0.394924503275882,-0.150058379802038,-0.165824214184874,-0.14041960702211,-0.264931593628919,-0.207183937935545,-0.442114481869303,-0.169377730295122,0.0115633534272006,0.0294780941335194,0.062849119701769,0.165761935126102,-0.144807525932348,0.0509740931022484,0.212318536850017,0.189507739211624,-0.213828304453846,0.0274407027256857,0.0505197893594507,0.167661066096671,-0.101500905631847,0.223629719039839,0.190329086328969,-0.0340406453976157,-0.0426695359660857,-0.0282996919876283,-0.0263281774338762,0.0117034720229208,0.0565137200123687,0,-0.0348205098537558,0.0844042091836345,-0.156141757754574,-0.182279378968054,0.113736631760446,-0.171291876449024,0.117305903776275,-0.0101817749076378,-0.0583125816234028,0.129803117837177,-0.221948684006669,-0.0505989340621215,0.123900895618564,-0.0188212878456425,-0.189114183398139,-0.0678200459154534,-0.216513096619852,-0.115242300848515,0.291351472186325,0.161898248336051,0.113236326161157,0.101368453219009,-0.0108118156066824,0.137906318261244,-0.049441555156072,-0.164501053889583,-0.10987419256075,0.107785222413092,-0.0178493059669098,-0.00622204484609945,0.00896988046930419,-0.0538881907258588,0.184127323502561,-0.108944095159568,0.0410806198106101,0.151321226383307,0.312487704447362,0.128289902103646,0.0473651301727754,-0.36126877549228,-0.124496258249011,-0.0515559669889763,0.133100057753666,-0.196485625478696,0.0618142775498097,0.0395608841165779,0.254980862271975,0.242496566737752,0.0296922402864658,0.078373936748017,0.327991262558938,0.469632696322673,0.0617725994467031,0.0679047493322691,0.0473081801309816,0.111757618459905
"s__Prevotella_vespertina",0.116306821264761,0.0310114276909339,-0.039856099770506,0.0409616443879348,-0.243550853110274,-0.224786321460781,-0.255002364013232,0.15359810429254,-0.12609896324053,-0.254230886777081,0.240536416596604,-0.218230634050363,0.252936477602428,0.0911579565481521,-0.148466532967183,0.00584818823738736,-0.0933224255033683,0.0276702376324943,-0.225892444600855,-0.215674717719067,0.249280353149107,0.103495085268289,0.0675107160378507,0.145642804655613,-0.281118214502114,-0.0206753194607461,0.112060985195789,-0.101606429149639,-0.0639985629926013,0.169329770169623,0.201728808142717,0.23093095521104,0.0617581546321461,0.00797588808438177,0.212301027567179,0.0408417639343564,-0.0372779272103931,0.105142355418432,0.126050719994993,-0.139998979829289,-0.0471506239306716,-0.314190888876358,0.0631186886141883,-0.0253671941261368,-0.0452043346940505,-0.020125162863951,-0.00907443943093567,-0.183086998930147,-0.259495211008345,0.08939180771695,0.203081049961264,-0.0985600746917916,-0.161417866135527,-0.119370947788501,0.118355210443351,0.212994390946541,0.251033222080993,-0.0408939230722442,0.13296654412316,-0.138753624914897,0.101189367832286,-0.26850163068025,0.201052907588208,-0.144092143666325,-0.209574616447,0.171029832500354,0.061337576006705,0.341140694761454,-0.2605769237897,-0.107614275515731,0.167569942281292,-0.0870838236445028,-0.288689496660937,0.116036971527535,0.13566030815991,0.254387968412054,-0.00842267881446243,-0.0102158985469403,-0.124410487475998,-0.0348205098537558,0,0.183441972397867,0.012248292280792,-0.095779688314594,-0.015030831893627,0.162073673601307,0.0281066338272394,0.0349080756931035,-0.0280889427164501,0.0620074783788728,0.0986094592239799,0.0303363439162304,0.0351431429725026,-0.0201049214692384,-0.0396229507383994,0.134235288648455,-0.141186389101222,0.329434909887321,-0.100456303892849,-0.205681004444132,-0.332821726198662,0.176690119380344,0.243508418466106,-0.0623794840549637,0.00256602061933325,0.169250369079933,0.0632970300858064,-0.113411148123654,-0.22393666784395,0.335359778242699,0.34581776778732,-0.0774675668650574,-0.244266463010591,0.21658517272274,-0.0682110997411561,-0.103590825196262,-0.0828458595854983,-0.176617261916993,-0.457592858464122,0.103143370935794,0.0765324286545616,-0.164596687667349,0.068543981002274,0.294506897025801,0.168556913421993,-0.282137131851265,-0.199061294186482,-0.209924759860281,-0.196833445585033,-0.0634102072702893,-0.0773125549515434,-0.117151908046091,-0.173669513639038,-0.129969837037565,-0.144305394985947,-0.241142856728947
"s__Porphyromonas_sp._KLE_1280",0.130886029392262,0.0628252250038254,0.0178599957158281,-0.2540134951883,0.180465782195653,-0.168223776175874,-0.342132748862073,-0.0946007489689366,-0.120680486227739,0.146998578523558,0.13422337232783,0.041026373978188,-0.031148361201667,-0.243036263231509,0.0040576145389824,-0.0674796145861891,-0.0718771777138302,0.241331209903646,-0.00941711287123866,0.353540910221822,-0.218537077668758,-0.0428928384769553,-0.113163247719738,-0.136029159421058,0.18664076082895,-0.154974675465722,-0.222367253183479,-0.0806954080571132,-0.165278619877344,0.0447196618124013,0.0672251641338639,-0.017127326609545,0.446208275303578,0.0060563108604568,-0.115001548157317,-0.00182813205047624,-0.0265138801469908,0.0612654433502125,0.18581063542112,-0.0330940105772468,-0.204517166671066,0.149082589020346,-0.0211433108007483,0.0445280779369631,-0.155337455570001,0.243059035184475,-0.0466530016879765,-0.140349142260512,0.0279698031838518,0.00251413692299132,-0.0137120867321692,-0.17428070891403,0.219144787051848,-0.186830643727207,-0.156022629286278,0.278271132359573,0.136136713140447,0.0594536516540174,0.0637875914704767,0.12838643397049,-0.187183779869885,-0.0619956290498731,0.14447454975951,0.120104623802127,0.0104526140949878,0.0276459763216964,0.215986173058269,-0.0797564715970977,0.138602328812464,0.273054108164398,-0.00185654174321372,0.119433230999927,0.399108944512418,0.0835728039809247,-0.122285961003024,-0.0926498183470696,-0.144731247068575,0.0616334756517552,-0.137931694694707,0.0844042091836345,0.183441972397867,0,0.195554951221903,-0.009924549236424,0.0462297506450958,-0.202860992981295,0.0509567268208182,0.117587441071895,-0.0237784444297026,-0.00368509785626618,0.199628296690902,-0.0372042141349052,0.00560664601797743,-0.383634385006793,-0.0209763240578511,0.126060506040012,0.141703920900063,-0.0235335921502122,0.0767408695898574,-0.0367039819944045,-0.13917565953241,-0.0138223430935483,0.184414278978301,0.284265158325292,-0.113668012705492,-0.112032743515966,-0.0937570120389365,-0.192025130746465,-0.0153868795835487,-0.235984277473469,-0.266904417876341,-0.133676526032667,-0.00546613094267237,-0.22355263723453,0.184065568652996,0.0565907502064205,0.0494858830329273,0.120412426717717,0.173511025904351,0.152493576051313,-0.0516384626251054,0.0424378600684758,-0.301253466686822,-0.118352522143267,-0.225277822833062,0.00684814640424677,-0.413265157235841,-0.0540363721313626,-0.0516114592660989,0.0272749480576466,-0.172985123773588,-0.00965269458242396,-0.0847472635918646,-0.277091777371377,0.139711528805359,0.132465030720187
"s__Prevotella_nanceiensis",0.135744774008634,-0.0142200742126667,-0.104861313999318,0.035987986743857,-0.0528107901976005,-0.157061982988437,-0.127473623169142,-0.116804096125034,-0.0679218745828923,-0.181198031732694,-0.0323073135108649,0.00242868696218199,0.00823304824038528,0.154960884613356,-0.00725321262275622,-0.0515550797345308,-0.219641881919377,-0.0515178729174443,0.0429164039519906,-0.0690271396828348,0.156144028063143,0.0490047979772071,-0.0210644444739295,0.09260191133363,-0.022811115132367,-0.0165992378507464,0.076562847900134,-0.0443363215555213,-0.0133267084574939,0.108600435098966,0.137731620507159,0.07547928388985,0.0228261705100692,0.028537675280645,-0.107855395698869,-0.260949755888665,0.0220263453986067,0.00963793876033675,0.0406602721293885,-0.0771384661455649,-0.0402086637736264,-0.00250849086462103,-0.0614192558242302,-0.0993491959715421,-0.000420774237803442,0.276456534753554,-0.0970455814848376,0.056962643361199,0.0112136719280072,-0.0612649734676676,0.261008957592465,-0.0624142789369587,-0.21662565054765,-0.199778269517071,-0.308050010861862,-0.0386711162733675,0.255872199031993,-0.0834112813786076,-0.26359511068841,0.0018714340385737,0.0130919546121394,-0.0925064190119234,0.0263658525925897,0.13133275332611,-0.0451899219283146,0.0310293559139513,0.0593884512514036,0.181570730553234,-0.15412157730483,0.0187703942173395,0.188551164397169,-0.210882681471587,-0.0535804277837059,0.227643180742058,0.155406341185066,0.201506077697188,-0.0217990581420236,-0.0473049881405571,-0.0231359586217917,-0.156141757754574,0.012248292280792,0.195554951221903,0,0.149653637935658,-0.102595928559765,0.113992539827912,-0.14218430361478,0.107719531919847,0.212823436610605,-0.114061155940928,0.0338019368205291,0.0757165277604443,-0.169088570830173,-0.146241467282141,-0.328407611798702,0.107033114153584,0.134572745214456,0.339301843105671,-0.0971885742031778,-0.229812129540397,0.0420842505965462,0.273700968092291,0.285197424079668,-0.0984376915625176,0.10655134734974,0.111229692949925,0.121294800591356,-0.00146593594790584,-0.0987392954599559,0.18839800188706,0.0986947849263323,0.0559971161650164,-0.0917706159685296,0.115312408079819,0.139478558388335,-0.15650745012892,-0.301893428376644,0.0406142864822764,0.210589671905038,-0.0580246212486059,-0.000265246636526412,-0.0775561528466217,-0.187931736362127,0.0408530354003182,-0.10293469639799,-0.0326813144009061,-0.371527652719938,-0.272840639435899,-0.0719304495655514,-0.0757731173475217,-0.216503034667723,-0.12394122785435,-0.132483417609979,-0.260129353808483,-0.0457486138161773,0.00364572459164596
"s__Fusobacterium_pseudoperiodonticum",-0.029310648619311,0.0229874684007945,-0.244124781665463,-0.110520389459088,0.0711211384029811,-0.0308464891822647,0.036892122533022,-0.086433260411965,-0.139225562745955,-0.0559126629371393,-0.0255600065143481,0.146755934700297,0.0486222777655895,-0.203034943053333,-0.0146007227307892,-0.294041439947342,-0.144523342747672,-0.193262847766725,0.0252517194025208,0.0126028749991996,-0.197819493372197,0.0469081311523024,0.0492838189438199,0.174848112348071,-0.100711272453103,-0.181622250923173,0.150205040682277,-0.0839780943425039,0.0137274625345618,0.0346022970024658,0.124349015971284,-0.0398140957721634,0.0029285516269123,0.0073757432563933,-0.325570293579546,-0.152798064063475,-0.126876385078865,-0.216834600467487,-0.104754701504875,0.0935459525444648,-0.0182703244153609,0.00807160171334922,0.0239166802750511,-0.00541538476051245,-0.00809984124501725,0.295948451421877,0.148719598286759,-0.0268984070189976,0.0513656323579798,-0.149508958096987,-0.182288782526074,0.00831556545196116,-0.135283544045486,0.0122314762809114,0.0534412017541504,-0.0936141379065231,0.0474695536553173,-0.0108423613142944,-0.0853882746615821,-0.150076349831187,-0.126225016887898,-0.117758167851697,-0.109421254297973,0.238331760321686,-0.0538961450739835,0.119579737863902,-0.0371104117258931,0.0864429890449424,-0.0369056766048896,0.0923179304470041,-0.291351078835016,-0.0716225803914029,0.179045669393761,0.066852720688334,0.129623352512882,-0.00728377827821852,0.0995059496635324,-0.128518423629706,0.0172925768555149,-0.182279378968054,-0.095779688314594,-0.009924549236424,0.149653637935658,0,-0.0481750722220364,0.0989812666314315,-0.116906088161115,-0.100861074456631,0.0615501503498321,-0.0548740381992962,-0.0418711142166381,0.196045201234909,-0.103433888843657,-0.303060894684416,-0.316978273614889,0.0880209838883244,0.144928177131838,0.292857640303267,0.223947583582968,-0.205006549532128,0.0648022995514203,0.0838734400509794,0.11520164197361,-0.313746606393931,-0.117615795576368,-0.326870261320516,-0.0784111047407336,-0.0249833666960528,0.0372499156475169,-0.0634207103435169,-0.0298624892922962,-0.795297201863636,-0.0396294534245232,-0.108270278779006,-0.183573640225223,-0.118738789456993,-0.2154864423016,-0.0579141770709517,0.228942856955493,-0.0923248651734486,-0.368671312179644,0.0923782493639219,-0.390357164127138,-0.0651761820995414,-0.396187099075902,0.0527744772923187,-0.00431031857078654,-0.127895612430861,0.123864000690732,0.0196531506055006,-0.162510001828127,-0.187050787653816,0.0247232900513345,-0.325328311666747,0.0695452804421625,0.158110472988863
"s__Streptococcus_sp._HMSC074B11",0.108671185802443,-0.0686965580141177,0.0447286324184393,0.0842796099136405,0.514105471377475,-0.0240150216000605,-0.106048600690118,-0.31879709832109,0.0547848304389436,0.123786311344102,0.0248272804910638,-0.172637380995231,0.0987630459660285,-0.028092536778495,-0.0342442745516334,0.103813296207894,0.0694578599195189,0.0178593091748595,0.236664423024965,-0.13421217368187,0.188866517978776,-0.0745924866565025,-0.201718349320487,0.0193651706094918,0.0785198042391078,0.0846061216690199,0.051615178692681,0.158953908424077,0.0488551752235439,-0.0930473135364953,0.00760939145130295,-0.0392956743222188,-0.0278154380547266,-0.124173858328131,0.0113225802761202,0.0244743131963239,-0.145795918383803,0.278406737147937,0.173624037316529,0.182648407925078,-0.153959063989344,0.435586369532202,-0.0717172266837935,0.404693235438931,-0.018373925686576,0.110618275681154,0.100134463424785,-0.10369035916097,0.328172146268224,-0.0150564758204804,-0.187240955036634,-0.294284450948818,-0.00708015824996261,-0.140903175502499,0.0468092319821632,-0.10754098242062,-0.00511787669075971,-0.103050028577482,-0.204954643854236,0.110289106857726,0.0856064098359862,0.0261289913107654,-0.146695175570247,0.153982188722595,0.0334288100610983,-0.118768372919221,0.230495448296857,0.0302977941347018,0.465179490104726,0.00479064517897371,-0.177862359080486,-0.00906295092841973,-0.073259350410373,0.104719025500726,0.0671281304742183,0.169361302049851,-0.158118986030881,0.423628917010008,-0.2200841347298,0.113736631760446,-0.015030831893627,0.0462297506450958,-0.102595928559765,-0.0481750722220364,0,0.0124858271269186,-0.112671057364735,-0.101433820168967,-0.202441824899759,0.0137727117895268,0.199993791487903,-0.0066717949624658,-0.112117381773187,-0.15578621341935,-0.0402065298577625,-0.123223342809263,0.151122080176943,-0.0374248373706508,0.252887220924395,0.0714039319562941,-0.0891302684283248,0.000989412221163555,0.159208530704383,0.130923108400934,-0.068612392578596,-0.26282987462738,-0.386770979749072,-0.0184244678403666,0.193153240396208,0.259307101209025,-0.0101177459978222,-0.137261694246193,0.160638691710172,0.115704098268235,0.0966287167285734,0.111894821043391,0.0358935551720766,0.145572192473889,0.324457223505387,-0.150580226679939,-0.392082914870556,-0.0144683186898548,0.438228966173924,-0.109589918889669,0.385720361652078,-0.156953746607896,-0.378373920418489,0.145848644281215,-0.15115829428385,-0.239953309503491,0.143908442908063,0.128957878470421,-0.216419411404788,-0.0320767191663213,-0.0793500676473533,-0.0896475900438426
"s__Abiotrophia_sp._HMSC24B09",-0.0571790297899198,0.0317668189379722,-0.342535031463387,-0.0796599726162815,-0.0643862611137698,0.125022260598434,0.0793605443235573,0.0999779632967015,0.026669505544024,-0.0648464291539516,0.247706684048837,0.0049701254316504,-0.162140866757479,0.155244655049755,-0.187946352538668,-0.227655940771793,-0.00848743026954289,0.0947459271829442,0.0517861604481969,0.126656054538565,-0.414559653809325,-0.103998830280021,0.11792877649562,-0.154369414773705,0.083978635644096,-0.216509878170096,-0.0713989679124326,0.0217746781625979,0.0205103921813908,0.145119877473761,0.285100502559596,0.107375068326221,-0.140138682411376,-0.0639315812157743,0.0510669794384589,-0.144785327609954,-0.219068865086882,0.0529347139186052,0.254103673204263,0.00177571531837416,0.0503064370606655,0.0520874730727622,0.0646828210579384,0.020598599143615,-0.0404215767901551,0.305872548042117,-0.0912551760671406,0.0263858189466783,-0.000543104953291833,0.159707301490869,-0.0831304087991542,0.330269996605571,-0.0162561801654172,0.240314667436335,-0.386690126472449,0.0388081701338881,0.0918565640739207,0.188025366992306,-0.188335016861841,0.0908777203061814,-0.292368905597529,-0.0107448921637195,0.00262800459375839,0.188535466386481,0.0577049437736395,-0.170934417959646,0.249305539467909,-0.33225760886776,-0.0435527279244424,-0.0172920662134807,0.314844323417962,-0.138076305461648,-0.170767302196123,-0.271192810655037,-0.241037246619906,-0.140186512143786,0.116028149426324,0.0360107593737262,0.11936570898214,-0.171291876449024,0.162073673601307,-0.202860992981295,0.113992539827912,0.0989812666314315,0.0124858271269186,0,-0.0144950834631623,0.101703863738778,0.0660218669035187,0.0384632979492327,0.168599967964838,0.0705702796346184,-0.167290749749614,0.304180753128033,0.125455200959751,-0.269248985523081,-0.160628784254763,-0.116075283663197,-0.0277525807532843,-0.0142171530852389,0.0534771506287028,-0.2400464191129,-0.105070044624908,-0.12328734918596,0.528425747423881,0.214415701227158,0.313956480533793,-0.144161532166717,0.113964630352933,-0.236562485194051,-0.285074739003906,0.210973087554684,0.00618697521356475,-0.465148983072137,-0.154323130639369,-0.0943157706284078,-0.207964338748905,-0.108980390282736,0.0436326267247007,0.228240587641628,0.269617795193055,-0.0193947788379524,-0.176753730260579,-0.3416671498079,-0.307525008789061,0.133749402637434,-0.0313769660906063,0.0222712097534166,0.159175201618592,0.137278618984451,-0.206790257151322,-0.323582994424909,0.0739279309220642,0.064322931069972,0.132489682081628,0.0712291563413846
"s__Streptococcus_sp._SK140",0.218693888887609,-0.0652267589565184,0.141867466001064,0.129123062229683,0.519554527264968,-0.018575900213883,-0.0552381090712466,-0.278621143864115,-0.0397428463542273,0.171190758393815,0.0169504497809215,-0.137274156134103,0.149286681613305,-0.0632627871049675,-0.0692346401513205,0.231246047786455,0.0295777452740033,0.115915603586858,0.0453836821215743,-0.0641201251464179,0.237722347779972,-0.005396497373518,-0.213793942062448,-0.155245696416239,0.116408297284823,-0.0251124052561275,0.127961799528495,0.046417909050949,-0.0237081107667404,-0.0109612604859129,-0.000275249117882403,-0.0106849344889768,-0.0107164777497424,-0.0334108978156225,0.153753295793428,-0.0558172934730559,-0.14036431419562,0.277032121275569,0.12305220173239,0.108765550037969,-0.0442337322411613,0.258621905484016,-0.00213390747813222,0.494572205498876,-0.0793676949856535,0.0279500978898979,-0.0377324437209754,-0.0853864329495492,0.277584530278808,0.0756756151753144,-0.057729837677592,-0.29390847989504,0.0421736579894128,-0.106113428880833,0.0545440596166942,-0.0593460178942204,0.0866472688367964,-0.154907802472812,-0.165974345277098,0.0658372675645131,0.0334005424460554,0.116055297626043,-0.0414433627481906,0.0650917731012524,-0.00792383939799046,-0.189995042620655,0.103801168372319,-0.055296588612725,0.449233111307813,-0.137047745585651,-0.176842939178055,-0.0704713493391882,-0.183646868329497,0.0696080798066796,0.0430218379188043,0.189447348709704,-0.105903906572201,0.530264506427967,-0.184604066209956,0.117305903776275,0.0281066338272394,0.0509567268208182,-0.14218430361478,-0.116906088161115,-0.112671057364735,-0.0144950834631623,0,-0.0948081351517924,-0.209287772129649,-0.125171591338342,0.15981048411555,-0.0384279253087105,0.163829641571517,-0.114998275677385,0.0326143882502604,0.0598931167825049,0.0661085609186831,-0.247410995228332,0.168045802866823,0.0413920034619424,-0.0788418006795679,-0.209035436485618,0.188847108386878,0.0917477123714696,-0.128765770740312,-0.0757301085913037,-0.397544371820147,-0.0776194741413892,-0.0223656875799844,0.264845585268814,-0.152609045887079,-0.0771169338097303,0.0219791985339535,0.0355879297696802,0.0181760652618767,0.214508282865627,0.0404739710407874,0.208739484047212,0.18902073384455,-0.169422624892341,-0.262182476286902,-0.145494653718357,0.48474529698932,-0.199074294267574,0.424086379836825,-0.252488468712503,-0.348420570548459,0.24816993444204,-0.128822698586078,-0.266125111615712,0.187994403583708,0.187280841438367,-0.173767444832385,0.131365565104504,-0.167519120835588,-0.117888678306432
"s__Prevotella_sp._oral_taxon_306",-0.0371819464837974,-0.0175581853129002,-0.0354685506079901,0.0409592469419967,-0.269466031116028,-0.20823900206315,-0.0422738515273681,0.104759016738552,-0.139664885823468,-0.295501628117082,0.271239944824958,-0.217085503555706,0.173780875151137,0.105712696397907,-0.0885252377006138,-0.0862385044235921,-0.272723918814093,0.112328077321727,-0.0887219983521273,-0.0276310294156101,0.200794510379482,0.03575773551467,0.100713494727286,0.0952833482319336,-0.116975011852218,-0.106720868082942,0.155177099015919,-0.128882403556533,-0.0224967293725978,0.160223918386074,0.166600661833701,0.331444321519199,-0.0484923565157277,0.064089177381842,0.191430911015066,-0.141560548990286,0.0317102483777433,0.262752668768568,0.175092096564713,-0.115852672614955,0.00161535960047895,-0.362182613253484,0.102160587951748,-0.070154061466868,-0.106709705799709,-0.00609820768845953,-0.0931478737712728,-0.165984877169944,-0.303638566750593,0.209156138235323,0.132031161552095,0.0463032790060246,-0.221646259336952,-0.0936942936057635,0.0795182674487089,0.216290722522203,0.230029577431223,-0.119842100054687,0.179215922118124,0.0610065705871139,0.154102268431192,-0.150602589567588,0.208046521655867,-0.0426731372901266,-0.275094767766494,0.220804454351034,0.168795435695931,0.192793574189753,-0.276064220825095,-0.0259129135953966,0.169418685351035,-0.134020281282921,-0.245910022616902,0.0817954916187302,0.0878649834452068,0.114078651155714,0.00371970509402769,-0.0131278755132178,-0.134658785588526,-0.0101817749076378,0.0349080756931035,0.117587441071895,0.107719531919847,-0.100861074456631,-0.101433820168967,0.101703863738778,-0.0948081351517924,0,0.0226143856398556,0.0152947880169222,0.177865691403476,0.167879693091432,-0.128657432004047,-0.124116007879601,-0.178797402323318,0.149678352223528,-0.0258951465555208,0.139362304076503,-0.125122936547165,-0.336175572436495,-0.217903179610043,0.0589285287965718,0.1314439732839,-0.00437527593666812,0.0647672761978489,0.142226224230774,-0.0513799816340723,-0.125442903773841,-0.189412126826035,0.470432211479159,0.208004869033,-0.104408059759094,-0.193242484659555,0.103026442872265,-0.0705978064460269,-0.0690281820297364,-0.233291482459706,-0.104859791499106,-0.277569363836627,-0.0756514781957862,0.0820958423368227,-0.153056660525069,0.236258243098212,0.159830836069138,0.365010858898223,-0.326430945862545,-0.325667329650018,-0.323449585621045,-0.235126806422563,-0.0243333999741233,-0.271248207820823,-0.21059197563831,-0.282229795546133,-0.119684217516318,-0.198886248398311,-0.21735207062687
"s__Neisseria_sp._oral_taxon_014",0.0936427669697345,-0.0823270390874599,-0.0766713243861231,-0.0614297663844417,-0.312247534701603,0.0794695600827762,0.0676080721365217,0.0714424192395672,-0.206627307945087,-0.122962009145546,0.195569092475083,-0.107810440918603,-0.0523764590032163,0.0276797693408927,-0.0212269645524566,-0.149287945055202,-0.239903712419286,0.0591622261098331,-0.285659018484586,0.0684144465843905,-0.227844513542673,0.146560353530447,0.187252626689903,-0.225637585985522,0.0401959292829848,-0.216548739379463,0.115808960968901,-0.304683537364924,-0.0777867417996028,0.0744368142236944,-0.0639313719958012,-0.0398794880832157,-0.173087077793184,0.088287354130868,-0.0849891264875537,-0.182005709669953,-0.063258670408959,-0.0399285646350784,-0.0562670937521387,-0.0900476114153317,0.0255566536922281,-0.2944994353834,0.00727969432370826,-0.185025124335937,-0.11680967389222,-0.0885294960445271,-0.14053735720884,-0.292470686549624,-0.190818890872353,0.126344322603919,-0.0568570962916653,0.337516634695655,-0.0669748613790694,0.139111149284663,0.133800034095921,0.116357169804902,0.047125942461344,-0.373160631640506,0.342642639473822,0.12690403328723,-0.34206045017398,-0.306456763284491,0.264854883471344,0.0100421246054174,-0.325798387014513,0.00622671473691497,-0.0974107639599823,-0.401123380252715,-0.227332410598302,0.085582192648784,0.132959564673011,-0.417584444535359,0.0751239179791711,-0.143950212158834,-0.0165964696389577,-0.105867699380114,0.176916819509234,-0.0158439302015434,0.143352052283589,-0.0583125816234028,-0.0280889427164501,-0.0237784444297026,0.212823436610605,0.0615501503498321,-0.202441824899759,0.0660218669035187,-0.209287772129649,0.0226143856398556,0,-0.191650385942338,-0.0268205459198487,0.0429588970515529,-0.154441933123864,0.273403820091051,0.144266991129372,-0.148629024733312,-0.160260400293759,-0.124883079274715,-0.118430825667906,-0.00503093201772983,-0.301752259523793,-0.345282294325206,-0.251045766455216,0.0402056301204124,-0.157147452869844,0.161220863189908,-0.068621691975068,-0.309237617941671,-0.263398616884579,0.00178209464876899,-0.238317569985513,-0.0543384599359494,-0.316625098465627,-0.096099096985383,0.124498737237408,-0.217481770191295,-0.166111310882296,0.0885801795735349,-0.239531645913812,-0.0833878561612218,0.374021271245312,-0.28917947353823,-0.113700760308687,0.122867164899711,0.0897999815069225,0.133418118724943,-0.0244158946378174,-0.20692078109427,0.147124876230221,0.212827905352129,-0.141684958526518,-0.195300790859114,0.132414001000663,0.0115328115604794,0.16389464987442,0.237483253451916
"s__Streptococcus_sp._HMSC061D10",0.139981129795711,-0.0399749743720453,0.15277049242229,0.0215000842713484,0.361999333495856,-0.0325523896715791,-0.080773955569806,-0.252687561856787,-0.0192708061840594,0.226560484552768,-0.0504685596468412,-0.170637372617816,0.0903419079991778,-0.0089319054711432,0.0896465670928956,0.19256110144611,-0.00939232607553947,0.110005646695494,0.17031138472353,0.0016543999594652,0.142198932642382,-0.0432526462782101,-0.13945690714906,-0.050115884271229,0.126110441823698,0.0332083805586592,-0.0156189765663205,0.063944623570545,0.00227217691856441,-0.064927326216505,-0.130861990444963,-0.0379304144141349,0.155335817174784,-0.0113323346119404,0.0342231404807175,0.0889589729615783,-0.0734744690766118,0.431915636826959,0.134302336777631,0.109077929745098,-0.204287821442926,0.290187232172804,-0.0787724091969671,0.434778733309924,-0.111101533141648,0.0199222754679377,-0.0487946176627084,-0.190949410299395,0.183360450095757,0.01762504349153,-0.133135027479047,-0.222443118447802,0.105833617014845,-0.101066270159029,-0.103318323508541,-0.0600324137231048,-0.0761491618735871,-0.0896998341566622,-0.17783081015194,0.151717503769307,0.100479521405047,0.0709033952524114,-0.0578190946581544,0.0467335283544415,0.141802698940257,0.00413041651749671,0.169177923040413,-0.105606987580587,0.385790348017164,-0.0556399051767655,-0.130688790024531,0.0213475288499375,-0.0335777704018572,0.0180497171989143,-0.0580731648364897,0.0791292776309531,-0.104465212363508,0.355668901012295,-0.221304267241087,0.129803117837177,0.0620074783788728,-0.00368509785626618,-0.114061155940928,-0.0548740381992962,0.0137727117895268,0.0384632979492327,-0.125171591338342,0.0152947880169222,-0.191650385942338,0,0.23983658732419,-0.138200819838881,0.0765475488957721,-0.120943734445825,0.0782134421044521,-0.045990669435175,0.218469771939646,-0.258625455985487,0.248066488710295,0.137483558536143,-0.122810614937276,-0.129148201705979,0.0487212837994021,0.150183453932033,-0.0133231782440132,-0.133795860662994,-0.317702556578187,-0.106125594367118,0.0466806845545228,0.0488230110318065,-0.089177203274821,-0.10895362551748,0.0968700867249703,0.0308345201289227,0.195143016118417,0.194462857098936,0.147137390631171,0.197204286965354,0.285307998741451,-0.0885946104679113,-0.248396177408146,-0.156629450772538,0.305635350089725,-0.0523479621001549,0.214806657335772,-0.272047856822262,-0.291515637001557,0.266789484838514,-0.1360323383455,-0.269566462702993,0.373720148660493,0.360162216338391,-0.208527949250333,0.0965199696489515,-0.0765019036318608,-0.116664529313892
"s__Veillonella_sp._S13053_19",-0.19376825836518,0.172614721498302,0.233426281188315,-0.160189877192983,0.0761848810738064,-0.12890822674841,-0.320194438834918,-0.19767735892945,0.0511199939831226,0.085339961220263,-0.0739355738824079,0.422057874297794,-0.00189401719922147,-0.374011934497715,0.2259504978194,0.116869057028396,0.145156950122846,0.0457238342005581,-0.241677260957365,0.0216141824499174,-0.101780495905132,-0.171473779239725,-0.0486349097995723,0.242483003886474,0.0933940947705462,0.18436186246145,-0.101371348602368,0.0439510592612162,0.0150020377026177,0.284281318932918,-0.0562839949949631,-0.0600747145662354,0.074935852619951,0.0686631750095362,-0.177209284493179,-0.166161060896312,0.177795394452323,-0.10493754540007,-0.249744465532616,0.0739835164367563,-0.100130919376309,-0.169446853591341,0.072815825229235,0.193493524023099,0.161983150414956,-0.123793633419851,-0.00898324005722428,0.204790688744373,-0.0600113703643314,0.114010617256775,0.0484551608775169,-0.122218454922351,0.122195257437149,-0.0518969146889191,0.0573143425523984,-0.13627660900896,-0.0305328434330897,0.179447747808596,-0.185340652911651,0.0510021871532598,0.14038114154162,0.0728727253876982,-0.0819263902344823,0.0342135007144795,0.161440249809136,0.166822727469212,-0.211557473827,0.243093092177955,0.036304687898659,0.229363657898143,0.072157571253729,-0.148517341849042,0.15846053786402,0.237210863598664,0.042617040882415,0.0515810778389022,-0.0161960561381283,-0.0164692908322019,-0.13910998612757,-0.221948684006669,0.0986094592239799,0.199628296690902,0.0338019368205291,-0.0418711142166381,0.199993791487903,0.168599967964838,0.15981048411555,0.177865691403476,-0.0268205459198487,0.23983658732419,0,-0.111679551480088,0.0819643375997626,-0.155687041666211,0.0338326894316266,-0.0237156076522278,-0.242759730506219,0.119585944270509,0.0405350528754955,3.05860389556711e-05,0.0993129410811814,0.191627453233446,0.155992211305123,-0.324532856237666,0.212549377471873,-0.0114782290365378,0.264928114345566,0.0931799539105048,0.0885020154172202,-0.192062669093218,0.229776275858324,-0.0102240684897194,0.083295331322804,0.246146568781816,-0.0134508919352536,0.00702132391034688,-0.154880251713694,-0.0942278029503139,-0.216459435126566,0.13227629344569,0.0637699176404642,0.293989742049298,-0.392782066629956,0.0802557360783838,-0.30013379774538,-0.288953826622231,0.115975811618247,-0.0729080504362033,-0.125762659227417,-0.198490559004024,0.00364383611542761,-0.103883529567919,-0.142904934390903,-0.0178575462256834,-0.172088626486913,-0.205554279443963
"s__Haemophilus_influenzae",0.0201085321053215,0.00397617452009069,0.0268880819950439,0.167330337212817,0.135306787180605,0.250923785393743,0.256436649926041,0.00100537329299555,0.109796966788393,0.16592641940301,0.0892855383644646,0.0134224217315915,0.0373655467702035,0.133437058841226,0.0780210647653714,0.00376350503985709,0.234554497563287,-0.0373601167670727,0.0564078629467653,-0.0220404304616921,0.0493331716570709,-0.023078837950406,0.205771945597512,-0.210400503590489,0.030260968621529,0.0798531657019397,0.113225465859709,0.0572305892546154,0.0364739308835057,-0.0923177465631353,-0.0284619425066498,0.0155995246624759,0.00108826494651526,0.086077353152795,-0.0782379251024937,0.222744374830076,0.0468848213705946,-0.108577181011175,-0.187143006061207,0.229775157225134,0.0586283588393479,0.0562812363882805,-0.079431927931174,0.00947557276040781,0.159979044016182,0.146775518751441,-0.0377746930499432,0.0948702946917708,0.0829284704614246,0.141030676310095,-0.0199369826942151,0.147091683748107,0.103769143771878,0.0209294561564391,0.190711834094013,0.0820678831187477,-0.0518045242321041,0.0366439038103528,-0.336863636636931,-0.0199043842492444,-0.224054677669764,0.0551718177410601,-0.0270765314031535,0.0563480484974497,-0.0623494088026918,0.116001478441315,-0.107249966911927,-0.235023746242442,0.0224839516704468,0.140207719742031,0.363356928602766,-0.259213229203052,0.0916526631614147,-0.0531275362415821,-0.00433535348466825,-0.0825059275413134,0.245860652849856,-0.129538971981468,0.244059869479103,-0.0505989340621215,0.0303363439162304,-0.0372042141349052,0.0757165277604443,0.196045201234909,-0.0066717949624658,0.0705702796346184,-0.0384279253087105,0.167879693091432,0.0429588970515529,-0.138200819838881,-0.111679551480088,0,-0.066120208926705,0.165108527644559,0.194159032038492,-0.29897585823454,-0.0609533505954482,0.0135187466787786,0.134958795689506,0.151997480690059,0.11858331097335,-0.127866473470801,-0.0686188385553541,-0.0984498229696107,0.182103470195525,0.275931595498901,-0.0167234852180027,-0.0247177299613257,0.12301814346236,0.149299491203288,-0.127058118591475,-0.0216857712938592,-0.0198073132000513,0.182359073248063,-0.123920731464996,-0.100996202627454,0.119354064515683,-0.0156723309945146,-0.101142905084344,-0.00948554482210244,0.231039338877672,-0.0165806673884078,0.148665212484036,0.0116377441260492,0.216069787930611,0.346107717868567,0.14200899239166,-0.103978783932854,0.0242581500304493,0.0267528141298738,-0.0226074776469551,0.141951257508263,0.130275810568586,0.0862717731412121,0.243548661294963,0.0697701470355308
"s__Streptococcus_sp._HMSC056C01",0.245970101176582,-0.0807836095002679,0.0539254120585116,0.0209562995006549,0.407078585799543,-0.0609103072284304,-0.0428720036253712,-0.216727110211491,-0.0980232062528461,0.0308570089865098,0.0588042876739991,-0.100073570624526,0.207769807268224,-0.0200945822054777,-0.0688831526764088,0.294902725192205,-0.0585986930270135,0.134244747806886,0.121676893658956,-0.01442291955751,0.243435984420857,0.0701199362753395,-0.286042345713749,-0.221561705345265,0.0941355081300954,-0.0815306699010617,0.100475733737083,-0.0825680818396604,-0.130040609563158,-0.00777707838996694,0.038694824394284,0.0790478793274734,0.0347140520332625,0.0131867337720498,0.043767125179357,-0.106166371542826,-0.19288677043313,0.295945506893788,0.0484841344528822,-0.00901886289576347,-0.0552134313925572,0.341781269097467,-0.0184468476212548,0.30397566282663,-0.144951152745359,-0.137891563321925,0.0818591982144097,-0.175850573280817,0.288547029391565,0.0781225812242718,-0.00897852726524972,-0.355614444075981,0.051203192129598,-0.135867152983926,0.136732880008204,0.0070827083975917,0.0821874349851337,-0.080557491692232,-0.0995526243818705,0.137199515051432,-0.00201747015773041,-0.0328996444372831,0.0770555750101544,-0.0472656661198923,0.0900769575980218,-0.23207349582636,0.0711652929317539,-0.111376632668163,0.358982154048406,-0.134976177086494,-0.124080190515238,-0.0704411709064032,-0.228790786526933,-0.0955398263897828,-0.0676783828237697,0.161482958031719,-0.196481690149721,0.378235029556815,-0.117355851305152,0.123900895618564,0.0351431429725026,0.00560664601797743,-0.169088570830173,-0.103433888843657,-0.112117381773187,-0.167290749749614,0.163829641571517,-0.128657432004047,-0.154441933123864,0.0765475488957721,0.0819643375997626,-0.066120208926705,0,-0.094479548698519,-0.0014775576035459,0.148955685490822,0.130006262201971,-0.249440666203286,0.119522069183668,0.0689440927262374,-0.110876778866488,-0.251589577334087,0.111659536735469,0.179173395921386,-0.227615739631144,-0.116253983007573,-0.305178563075779,-0.108741047137086,-0.102143722232879,0.223801073588697,-0.147363726905006,-0.100647757078135,-0.0867792771196818,0.0257513150237504,0.0694413436946829,0.0944293554534824,0.071473940058918,0.228145221698448,0.344462762707011,-0.0913100621811268,-0.286066939430987,-0.12218008953403,0.448739306042993,-0.331169153014861,0.381819751988442,-0.173400266294513,-0.376629018771777,0.201112218120769,-0.0825042765710249,-0.141016271873597,0.161532169101447,0.143877150467387,-0.0655536417823354,0.0520504773595397,-0.0395392780596126,0.0163367421551593
"s__Lachnoanaerobaculum_saburreum",0.129402798084204,-0.295788284675409,-0.231385755445448,0.253170847633847,-0.455755881197642,-0.131530058806608,0.0659165776909188,0.0807428176314308,0.100936331020005,-0.546312558549028,-0.156904570015958,-0.1738801249181,0.157762729847916,0.16221664231334,-0.348067165374306,0.101310817387359,-0.189830459331572,-0.269101933968228,0.0319406577912022,-0.20959915977694,0.0439803350979506,0.286405764329143,0.0314612479433585,0.123267941845404,-0.349378030560469,0.135084670001176,0.162173157877971,0.115811348303294,0.0927822471181956,-0.0931245294338869,0.0911848128517842,-0.0903549910232859,-0.38248020020183,-0.135634120730217,0.137848244125607,-0.0706476378942212,-0.23387153676752,-0.237837312681987,-0.0504761832612581,-0.11743799584304,-0.0173046977316269,-0.320050169128511,-0.179076506596953,-0.0797669243161909,-0.00767594950159001,-0.0820576237694385,0.099766267921603,-0.018850785980719,-0.35177810730877,-0.184804218595668,0.0632476793427752,-0.043861318065106,-0.140766890296917,-0.0121990241904223,-0.189201188509832,-0.122709379665011,0.243478587424116,-0.0652821904202719,-0.00595485103528769,-0.213136281884733,-0.0386887093731152,-0.00134149141541426,0.0686920871126925,0.23992836325556,-0.0504569834161175,-0.00419042367312145,-0.0961385838510589,0.14877953064716,-0.380331709385671,-0.451393609768019,-0.0865207791772749,-0.09621016196732,-0.451954179701051,-0.273089852569036,-0.226237806604298,-0.210461273458035,0.0865465829669384,-0.167247626815029,-0.0102275159436594,-0.0188212878456425,-0.0201049214692384,-0.383634385006793,-0.146241467282141,-0.303060894684416,-0.15578621341935,0.304180753128033,-0.114998275677385,-0.124116007879601,0.273403820091051,-0.120943734445825,-0.155687041666211,0.165108527644559,-0.094479548698519,0,-0.0355537355358156,0.0825321782274701,0.00648834962413786,0.17624092881722,-0.131054681323118,-0.370788017243157,0.0440169173257798,0.298341729781442,-0.301965563280772,0.171470375308119,0.122158128130423,0.0696355051703667,0.146379374455645,0.126354448548493,0.123296587104547,-0.0240661574510845,0.30187196938392,-0.421620577209719,0.126413215457365,0.123305016385024,0.0795502004528449,0.0506112726804802,-0.0389890254543979,-0.318641392635605,-0.0641166544393143,-0.102688859062538,0.0787263571210458,-0.176717544266721,-0.127548788590647,0.335291328364846,0.00258399820562481,-0.0964705737486592,-0.118251476577939,-0.0679724211066625,0.0951894172207027,-0.0318301743609227,-0.113749245194234,0.0223480345511629,-0.108195677621556,0.148996383558623,0.108864843515082,-0.0438612688946278
"s__Leptotrichia_sp._oral_taxon_218",-0.0225177107778418,0.298211700444291,0.160831677619802,0.0552479313607578,-0.236360311815295,-0.190763175325069,0.153112371621907,0.118342799257171,-0.244607162195295,-0.107401975651029,-0.346602468166516,-0.102602038340633,-0.0206212636697799,0.234170429514916,0.14540021408347,-0.150551088482942,0.00167748903231002,0.155841739534144,-0.0641215927020816,-0.0553951381353441,0.0100874540862945,0.0390179998941046,0.0258903080086745,0.0265940318407561,0.0525093259009624,-0.136761429212214,0.0757262077288359,-0.0641902388125384,-0.0397234477166865,0.176521084414274,-0.0845912492349662,-0.255968930565756,-0.0770025580496463,-0.205728061837568,0.20628006973802,0.00860659184042434,0.0708624428256012,-0.0100351504852691,0.00219809638668209,-0.236190070449749,-0.077313791257566,-0.330271077069835,0.289076614049962,-0.0735749044661714,-0.119458690971985,0.08931071499167,0.0119582855811177,-0.312299275104806,-0.302982675718647,0.0133519662215845,-0.0259371190641369,0.204438733983422,0.137852033145854,-0.119994630792244,-0.211685237303808,-0.0275633174737535,-0.09492723459108,-0.109815685763777,-0.274601560482637,-0.00660850523457251,0.139876921896986,-0.0796250283609777,-0.13022480402491,0.202156858919364,0.0599154988632525,-0.298126479348597,-0.0142150497525774,0.0182247135901711,0.0930584617201428,-0.258660335114193,0.0533477676747156,0.0143184050662972,-0.0678346784459055,-0.115418172078596,-0.0199294075558516,0.137449587129046,0.0404044005673746,0.0843275926571951,-0.0825863839391112,-0.189114183398139,-0.0396229507383994,-0.0209763240578511,-0.328407611798702,-0.316978273614889,-0.0402065298577625,0.125455200959751,0.0326143882502604,-0.178797402323318,0.144266991129372,0.0782134421044521,0.0338326894316266,0.194159032038492,-0.0014775576035459,-0.0355537355358156,0,0.00533776426742621,0.0151547990266722,-0.0555913662511653,-0.0838923188625869,-0.0907226622182083,-0.267151506011209,0.0485704207446751,-0.112364077464076,-0.00889126950286458,-0.151086013662387,0.0740882705768073,-0.0813548659134165,-0.402260816560765,-0.248168617592395,-0.222664398426284,0.0679831173220977,-0.110777116215625,-0.125421928329866,-0.0234933204095095,0.0543369152112406,-0.0554908841888631,-0.0415156582289445,0.0324764605716241,-0.179310987884847,0.0319861957524609,0.137814909837874,-0.157039651756549,-0.256526874708298,0.250876037882926,-0.299566481833614,-0.0381377049469813,-0.00369443839170774,0.0956385539423476,0.108759511623494,0.0477566858280074,0.312347644793306,0.182161941065429,-0.134867162158785,0.0419621254858256,0.172115159413882,-0.0212942184431729
"s__Alloprevotella_rava",-0.103824564850631,0.0940743484873423,0.140409214246947,-0.0881628607970213,-0.0907515854148668,-0.297329355619774,-0.321624807466085,-0.0559781362594899,-0.115591819067192,-0.0597178083943913,0.179092051789564,-0.184381406446839,-0.124338222955766,-0.0384281624906209,0.0729206750477742,-0.156502073785102,0.127130990390172,0.160346193640519,-0.240150613330241,0.105278250988708,-0.0120971579957194,0.0364141915083911,-0.0275718532946246,-0.0699633673601273,0.235476079382639,-0.0109155698570579,-0.179743341734701,-0.156232897750318,-0.0856381927377824,0.0076006507817629,-0.178081458294409,0.248439357671776,0.0453042069570656,0.202234383690131,0.0883480154730691,0.261468502115383,-0.0233109253981067,0.248734695964237,-0.114641807792306,-0.172502922799325,-0.219228503283762,0.0841645918954427,0.0770865324334022,-0.200884931030223,-0.00888714029908094,-0.129692584748158,-0.126181410590023,-0.0213873342432844,0.0552883252539614,0.183159918174175,0.0529304093236659,-0.112645204175848,-0.0142952874039922,-0.311430709178531,-0.00889465301499692,0.218442878779813,0.0167601465225313,-0.0312778032150557,-0.133906740995579,0.191815351443332,0.0509262764330988,-0.0816945922458439,0.100722863175642,-0.120454333079189,-0.109622791437746,-0.102436004329413,-0.0697552616434401,-0.0480087648824136,-0.0712461334690278,-0.199133474664114,0.361536410494483,-0.327978237744987,-0.150849070163671,0.0466348816913555,0.26055511572734,0.169912168422603,-0.0910047522633461,0.0560600073171554,0.0392914698989974,-0.0678200459154534,0.134235288648455,0.126060506040012,0.107033114153584,0.0880209838883244,-0.123223342809263,-0.269248985523081,0.0598931167825049,0.149678352223528,-0.148629024733312,-0.045990669435175,-0.0237156076522278,-0.29897585823454,0.148955685490822,0.0825321782274701,0.00533776426742621,0,-0.112592704464934,0.0247084261151974,-0.137253895523334,0.0721672728689157,-0.00550977477657261,-0.0689082933455293,0.11770805568692,-0.0520394733058835,-0.119951337230127,0.265362674010533,-0.0160889601056575,-0.0770852766712527,-0.150777213333512,-0.0712441609846069,0.0778011672028592,0.0179151876535478,-0.058223267578321,-0.178584940045537,0.119261559344358,-0.0470051600535645,0.239616678177164,0.193721108121595,-0.46973759968145,0.136930359235105,0.158002593803924,-0.0951114548457266,-0.2134152638703,-0.0554865914759112,0.0171056591637527,0.0537942219851557,-0.0340651861326364,-0.192920949942718,-0.0601006167245483,0.107903275833302,0.108592886847776,0.0186254994290774,0.00511527413792753,-0.328705345150464,-0.000411155998364304,0.107387927108486
"s__Haemophilus_paraphrohaemolyticus",-0.227881961951512,0.0636568095137919,-0.0788360414892681,-0.0347340736350938,-0.135639998584488,0.111005083826027,0.00402821291569072,0.107033774882633,0.0493385759614914,-0.260077749500962,-0.024680822305717,-0.0873166083173089,-0.129918249323258,-0.0497737391801642,0.0285759048273352,-0.0484482449831499,-0.0167669379448291,-0.0659653359525078,0.122226353097443,-0.00391722385935295,-0.052286417944786,-0.110445726157639,0.327746658249185,0.11916211966163,-0.154134515980662,-0.0642559661713025,-0.185637626073802,0.0837395725507625,0.073366628137109,-0.118106985151482,-0.377739422721525,0.158620164072931,-0.111423470573363,-0.0585245167972245,-0.0982960003856184,0.195337698938651,0.142370064513357,-0.128350900427657,-0.1980350632231,-0.404204433007608,0.410499841154356,0.045325335006821,-0.0229494034645613,-0.25251905067594,0.180979562846389,-0.140919878075254,0.0110271114265681,0.0327550981412201,-0.0870728860828592,-0.0477362811328372,-0.00409202362555159,0.375865548760761,-0.0678138599921711,0.240638810305858,0.148367454543077,0.0487239687718694,-0.137108315832919,0.207642734596033,-0.148918871415332,-0.0863424794738888,0.0708735033663641,-0.0295507526674833,0.202444746626126,0.0741761477644982,-0.0403785278697,0.0772944958292318,-0.204095243982823,0.132565893760868,-0.276790493866295,0.19961084358105,0.130100160952395,-0.240985286850437,0.25487873776819,0.0893265532194883,0.213566878698872,0.155713211149433,0.16698171275117,-0.206770317962952,0.366302920422439,-0.216513096619852,-0.141186389101222,0.141703920900063,0.134572745214456,0.144928177131838,0.151122080176943,-0.160628784254763,0.0661085609186831,-0.0258951465555208,-0.160260400293759,0.218469771939646,-0.242759730506219,-0.0609533505954482,0.130006262201971,0.00648834962413786,0.0151547990266722,-0.112592704464934,0,0.198164789872093,-0.32951618031489,-0.260492077519778,0.09520504954485,0.0339642413119579,0.0727190824535936,-0.0824075080486915,0.197403836868038,0.0543809600767308,-0.0579203629433895,0.0312717882403962,0.0912608774961403,0.0838095906400392,0.127946552166431,0.00147986180366316,0.0239792655265003,-0.145131701875363,-0.143390154226492,-0.0942385558738112,0.0980842765999576,-0.130608299000381,-0.43788926274159,0.160021811369523,0.37981916479005,0.153204511649706,0.00156750507736117,-0.223166118861327,-0.000483476729046473,0.236690861011312,-0.294944638258839,-0.294619374413518,0.125730687912818,0.25801150198157,-0.113266681887027,-0.212461245693717,0.0906045621950177,0.212703403693774,0.0821425842243232,0.158628459015148
"s__Streptococcus_sp._1001283B150225_161107_H12",-0.108356232254114,-0.0186610795657664,-0.0787430512269307,-0.378407210389792,0.101462983747507,-0.066873585268043,-0.274039118224197,-0.234188331196155,-0.330214735638025,0.0309356560053003,0.108146066770388,0.0460617403736333,0.0748872160895783,-0.203394698593367,0.149852796980873,-0.0772543943437641,0.156846283471733,0.0790118738974255,0.381531414673202,0.0136457902989667,-0.14284993086557,-0.059817345709032,-0.0757062890890506,-0.226285644975107,0.0653177857278925,0.0770762168331839,0.0616981516013751,-0.255928694968202,-0.0655768865587659,-0.00322287674496244,0.162432267028435,0.201230199708226,0.284026698363992,0.126937882824534,-0.295491348282253,0.0347038198090384,0.0875972753633495,-0.18734476496277,0.163257519520021,-0.146157846224677,0.0548536011306911,0.12792664620385,-0.0531353103424952,-0.0672610542353057,-0.133619741722406,0.23902891676333,-0.0647011333067021,0.00412590156364867,0.209610828368248,0.0686901060099918,-0.182243970253129,-0.141624511146181,0.15466945226811,0.051705804132718,0.174069233432931,0.251686034827465,0.146981779835676,0.269964443385187,-0.0753643096707673,-0.0539972128266265,-0.201509868239121,-0.192549125472575,-0.187883798691399,0.176249355302722,-0.140350274238776,-0.035531567161465,0.0740427081441098,-0.134127505930031,0.0616188913959425,0.412734606220439,-0.0334795874318066,0.259338353461419,0.494682245004499,0.205815908210386,0.139188651195338,0.22520535813975,0.0912231338831412,0.0281700974285448,0.403893968524847,-0.115242300848515,0.329434909887321,-0.0235335921502122,0.339301843105671,0.292857640303267,-0.0374248373706508,-0.116075283663197,-0.247410995228332,0.139362304076503,-0.124883079274715,-0.258625455985487,0.119585944270509,0.0135187466787786,-0.249440666203286,0.17624092881722,-0.0555913662511653,0.0247084261151974,0.198164789872093,0,-0.100193802144469,-0.00795794759265367,0.0109069515018173,-0.534313915310698,0.187456564276823,-0.313400730030272,0.0405450510155303,-0.250197316655691,0.180373462927131,-0.0807645051491283,0.00743802284839234,-0.0993909493684624,-0.235093548567956,0.43896258979044,-0.1184193379354,0.0861061711123664,-0.0607265058203855,-0.237095435648792,0.0425418128667941,-0.113371366053166,0.236417167781103,0.0657821657605039,-0.282443471862651,0.0631673775302743,0.00179190964246009,-0.119350285243928,-0.0215089378955843,0.295904947278103,0.226990769269733,0.109040758901955,0.602419673781513,0.315428220023448,-0.0236175054549715,-0.0208037242033372,0.361469839226513,0.0227867014814715,0.554638897223206,0.492462936841306
"s__Actinomyces_naeslundii",-0.0126690985035789,-0.117935132266863,-0.0231644875509176,-0.165149978471993,-0.058363407529235,0.0874245763147796,0.233420702129696,0.144679731950563,0.175529607015572,0.0669251279366087,-0.059396658798498,-0.0855703392151798,-0.0336733986640826,-0.135454582145127,-0.0297633090256662,0.118904143410369,0.0829721193463948,0.0885018052759411,0.156345309301804,-0.0863357377795674,0.0997617740511876,0.104860652311102,0.0159190966556064,-0.00103998185749151,0.0688732809948126,0.188687112039372,-0.0750935358511539,0.305274066225715,-0.0153128276049443,-0.194310995156452,0.343554484433058,0.0120052700020702,0.022719092439698,-0.207758680304594,-0.121395589430384,-0.159219336843926,-0.012062237241412,-0.0098336358869533,0.0801627160662194,-0.155234410154106,-0.120185501050912,-0.169726672935164,-0.0814463653221814,-0.184011772173036,0.0317836107128996,-0.31018433724609,0.350217921466241,0.171485870149328,-0.094964076986306,0.000141176470702928,-0.0467823348079457,0.106031836741098,-0.267746189868841,0.131726291064404,-0.32557688300825,-0.14242321998282,0.0317111942137864,-0.149964170824797,0.312021406878182,-0.00467944796946184,-0.188618635099762,0.0424189217243732,-0.0461291688583111,-0.229408305651654,0.247348935158147,0.335447075806034,0.0866012755815302,0.0472125377030981,-0.0944339570946723,-0.0458370239011153,0.129937249193541,0.0114933654083386,-0.0700972234435261,0.177443969930581,0.324902504649986,0.082906000180838,0.0427149901681071,-0.0436750364754865,-0.299963139141145,0.291351472186325,-0.100456303892849,0.0767408695898574,-0.0971885742031778,0.223947583582968,0.252887220924395,-0.0277525807532843,0.168045802866823,-0.125122936547165,-0.118430825667906,0.248066488710295,0.0405350528754955,0.134958795689506,0.119522069183668,-0.131054681323118,-0.0838923188625869,-0.137253895523334,-0.32951618031489,-0.100193802144469,0,-0.172585585162711,0.113012476352686,-0.0401484327483376,0.104942506095028,0.207373584956911,-0.0763737631786125,-0.00912694574520403,-0.146017426018132,0.339013249693934,0.147781746413838,-0.0843105715611207,-0.0942619652573265,0.297788955066349,0.276898718591953,0.0578443820575178,0.224234484157906,0.0736059489722274,-0.141696585017551,0.0219480665263668,-0.532723669160649,0.0815378835965803,-0.0356510031298202,0.289601309625869,0.0458875910585576,0.18605688084829,-0.101428807509568,-0.191876813003911,-0.00462769569195042,0.00447915953167613,-0.107409922028385,-0.222728706809402,-0.108415941776309,-0.149913263706158,-0.155788783667914,-0.096373439132739,-0.0926197528321285,-0.108455994484437
"s__Schaalia_sp._ORNL0103",0.107157495214984,0.00593746865975629,0.157097320354237,0.0689408633349769,0.207135064874962,0.195690111421384,0.0694706604276147,0.160659814247485,0.149611578062641,-0.235739132065691,-0.300991408236473,-0.289192379528542,-0.131899367595244,-0.0241883284199687,-0.215586823537688,0.0839757961851119,0.281195009307597,-0.261426202984939,0.00401836988239757,-0.316722453919084,0.0414524161228831,0.0199401117165808,0.0911529521555486,0.142071229361232,-0.251796837298885,0.253039459740781,0.0459581325938008,0.16565456357369,0.0637531323716478,0.117757686996271,-0.104241898742745,-0.348730290376204,-0.30100426900218,-0.327939149472016,0.0783740647949962,0.0592664694565191,-0.232487083196544,-0.129201991373237,-0.0585043131462502,0.0582352767029182,-0.0821974215585758,-0.0686303382839305,0.0378100197658009,0.332568978264327,0.251612818682174,-0.16928344581051,0.000697615803481925,0.14470955635175,0.0430442591379906,-0.185441848188553,0.0636608601780118,-0.0112553141507534,-0.28763960550836,0.086030694553734,0.0541162801040153,-0.292117143680901,-0.0751105639051286,-0.273834708283884,0.0162002851734355,-0.243794257516036,0.160107527261237,0.351284424018543,-0.124508159343025,-0.336083098962282,0.0781701794136126,0.0428143290074523,-0.0226968961643793,0.316317971532031,0.271202379257306,-0.419820092290209,-0.288439127453041,-0.225408637494401,-0.435975753405528,-0.0666515482621523,-0.206936971719643,-0.123280217659911,0.204935977640394,0.192150161061335,-0.292080418079717,0.161898248336051,-0.205681004444132,-0.0367039819944045,-0.229812129540397,-0.205006549532128,0.0714039319562941,-0.0142171530852389,0.0413920034619424,-0.336175572436495,-0.00503093201772983,0.137483558536143,3.05860389556711e-05,0.151997480690059,0.0689440927262374,-0.370788017243157,-0.0907226622182083,0.0721672728689157,-0.260492077519778,-0.00795794759265367,-0.172585585162711,0,0.0409462903618417,0.20574918450101,-0.0472493353595401,-0.068332427329123,-0.262971703369291,-0.128304003937707,0.00716037899112706,0.297943418539324,0.214032399444426,-0.0163331761262288,0.252530320803787,0.142805923730913,0.187595169833714,0.133407115048782,0.168414742017265,0.188753511014703,0.133765076554332,-0.149823043284688,0.141933756017194,-0.0618125058301093,-0.222696287268318,0.112408073158602,-0.14315358107206,0.130274971625187,-0.0328360360194535,-0.432672575865956,0.0886100360638693,-0.138819470946572,-0.173432467939534,-0.371086500191307,0.117210070373608,0.129831373671044,-0.141358732507569,-0.289660560131361,-0.3409139896978,-0.290113676939211
"s__Streptococcus_sp._Marseille_Q6470",0.171170304493385,-0.184814577763366,0.030549325604016,0.037268153703672,0.192518947751151,0.178677307529166,0.112343666877789,-0.0457022845509013,-0.147130201582996,0.0594352674737849,0.138484856717418,-0.138444616768333,0.000787426257048564,0.0243259470441243,-0.166988958836606,0.121559639157606,0.168899440849509,-0.0972309339907686,0.331967924882322,-0.249273038039887,0.0399656423647469,0.0468770168802478,-0.0767459158137625,0.0721891136916524,0.136306372457174,0.15815974111577,0.162982359986082,0.028440427203902,0.0765674556667222,-0.0825699926280785,-0.0390755433645661,-0.0958224111751802,-0.136052939059341,-0.16301367960423,0.0653886209228727,0.13435846443633,-0.169366321436737,0.0532949421804292,0.110729287791197,0.0565343205113504,-0.0213090515625248,0.306794213461904,-0.268224364199807,0.181223947041858,0.0394184677804551,0.100342669164183,-0.114607102600546,0.251954777840174,0.261054406729254,-0.080045554557703,0.0562719138364367,-0.085410908535143,-0.301476430435085,-0.00721818106291133,0.115287316741782,-0.114346183198987,0.215366497068742,-0.0260761624215072,0.0678710708084513,0.0439265461641207,-0.0022688033992766,-0.0786573039181342,-0.0666863164968722,-0.00215228271322152,-0.0717077771302762,-0.15356725123624,0.0871685391946034,-0.146049854174987,0.304092117128177,-0.0395777361654227,0.0637742766402272,0.124937374545854,-0.0636046305949189,0.0931083746870622,-0.0615892884963765,-0.00877789680495486,-0.0539478681157245,0.266804319094873,-0.160783221424323,0.113236326161157,-0.332821726198662,-0.13917565953241,0.0420842505965462,0.0648022995514203,-0.0891302684283248,0.0534771506287028,-0.0788418006795679,-0.217903179610043,-0.301752259523793,-0.122810614937276,0.0993129410811814,0.11858331097335,-0.110876778866488,0.0440169173257798,-0.267151506011209,-0.00550977477657261,0.09520504954485,0.0109069515018173,0.113012476352686,0.0409462903618417,0,0.0031024874625889,-0.040777666616767,0.212201688156629,-0.125337367556484,-0.281901317689774,-0.16358374811008,0.053666271876059,0.262149077910451,0.116743387701182,-0.0363009172263423,-0.090491119478277,0.130104944824057,0.124757816705428,0.0858794546738624,0.0134150544351474,0.0791278407193151,-0.0520433054250169,0.340145327956803,-0.0320874507576664,-0.414881285718527,-0.119824246471052,0.289488273689646,2.9380000414499e-05,0.170134585481301,-0.0176588179431184,0.0617526370478408,-0.11679322165425,-0.0918858894617101,-0.180822021423601,-0.205713728823032,-0.0655704775821073,-0.0382908457472659,0.114227215723839,-0.106420486641481,-0.0181283307420378
"s__Streptococcus_sp._343_SSPC",-0.11747392345445,-0.187007106465205,-0.0908441737410648,-0.402099300069147,0.0651494451558117,-0.20670967346976,-0.231378853628423,-0.222209302037523,-0.244110894612094,0.261756243146544,0.241415621437977,0.212252610863484,-0.168208617800522,-0.194113852366453,0.271563678074542,0.0484186724549696,0.204647803503495,0.109590939107094,0.169259514307526,0.128610434790214,-0.0919762531748758,-0.133667587646728,-0.0890466443975985,-0.128151510239004,0.216461095346866,0.162510127482609,0.049982607847449,-0.167626715147867,-0.0678844484879283,-0.136578851610755,-0.00735259676104677,0.17312735341545,0.454866911125608,0.208389575502493,-0.395401817994765,-0.0683680218873692,0.249906066113329,-0.0290306385707983,0.269905915101943,0.0221642192932268,-0.19845519261002,0.137695109245165,-0.15260501780963,0.00369225923120414,0.103694429091846,0.0140444124105217,0.05607788498734,0.0771577682906539,0.155898442301892,0.121714712413592,-0.00679335676371831,-0.214482741616029,0.178097522561029,-0.0439474408002971,0.138330904605833,0.198059820404535,-0.0212343480472321,0.415367513441779,0.0726759450870286,0.0977801878184004,-0.207097748325924,-0.145868810636387,-0.0550658149042479,-0.0401751292160702,0.0637445984138804,0.12124813832681,0.291830390730494,-0.280132810515485,0.0525049498526837,0.509751316294225,0.181402176095406,0.37007258038362,0.556341244959705,0.192396416631415,0.119132293798903,0.215944460413534,0.0424053572184525,-0.107351871603876,0.245006924159702,0.101368453219009,0.176690119380344,-0.0138223430935483,0.273700968092291,0.0838734400509794,0.000989412221163555,-0.2400464191129,-0.209035436485618,0.0589285287965718,-0.345282294325206,-0.129148201705979,0.191627453233446,-0.127866473470801,-0.251589577334087,0.298341729781442,0.0485704207446751,-0.0689082933455293,0.0339642413119579,-0.534313915310698,-0.0401484327483376,0.20574918450101,0.0031024874625889,0,0.237130894953333,-0.0833107621412923,0.00759622691156919,0.0270423956204279,0.225916645674042,0.0196031058197671,-0.043802985108557,-0.125648078516328,-0.337417737387439,0.102319347532449,-0.10718600681707,0.0864287694650112,0.0848203386996492,-0.0901354265611398,-0.0550241470451592,-0.0140174792960597,0.140335540763721,0.103141119453795,-0.186515559014547,0.159408599679567,-0.0696709058897273,-0.0999589582195126,-0.0484153745496588,0.133440911393899,0.27691241107905,0.141069365861181,0.456872327999878,0.157026783201354,0.180269468754734,0.0684791938179887,0.183508160505719,0.104666971359861,0.474086663416213,0.355051968737942
"s__Porphyromonas_pasteri",0.0542840290706234,0.0452950871731318,0.0786423464371645,-0.157878767093656,0.191133398669321,-0.204627396513934,-0.284384311436691,-0.118111774351119,-0.0836990117676433,0.145887090477248,0.126474247080467,-0.156882172841954,-0.101586124372231,-0.0431272450847355,-0.0326546360636903,-0.0219840587775048,-0.0822768439763581,0.170826124248097,0.114207449553614,0.151607371246097,0.0860173889002983,-0.128993681838443,-0.269083871046965,-0.00691759924991633,0.217253592689612,0.00511811005655416,-0.233586307769356,-0.0545722627913934,-0.0974449005038714,-0.0679825788126352,-0.120903785266673,0.0163107187404747,0.384658333138744,0.0420174593772397,0.0265804133871919,0.0695952000494558,-0.136198067674792,-0.0407435473355021,0.196984817404879,0.08967853570584,-0.102792678158674,0.262257419680048,0.0265423389951414,-0.0533078051920196,-0.104976165037394,0.179446462387598,-0.0284087032103025,-0.0877387623716302,0.240231394890727,0.0306786645294988,0.0457115460098174,-0.335940273603314,0.122558350263041,-0.23378593247046,-0.238672280210933,0.257670387075106,0.0981398809009854,0.203734737090569,0.0409939515218386,0.062561590393864,-0.0464017834147514,-0.0188419163057503,0.0935783790689287,0.0807584318160572,0.0672348783967163,-0.0938446405750684,0.175168656539002,0.0879484279063008,0.119745749257882,0.268550758862609,0.110118859441399,0.255525968571646,0.275086587162748,0.0718067753194174,-0.166782646171437,0.486890251986476,-0.220626038157456,-0.0663641321745252,-0.194248057931691,-0.0108118156066824,0.243508418466106,0.184414278978301,0.285197424079668,0.11520164197361,0.159208530704383,-0.105070044624908,0.188847108386878,0.1314439732839,-0.251045766455216,0.0487212837994021,0.155992211305123,-0.0686188385553541,0.111659536735469,-0.301965563280772,-0.112364077464076,0.11770805568692,0.0727190824535936,0.187456564276823,0.104942506095028,-0.0472493353595401,-0.040777666616767,0.237130894953333,0,0.145762088351136,-0.0645128928868725,-0.153429000848358,0.0310970373909238,-0.116137319891396,0.0436027069911608,-0.140557815156599,-0.11336608283036,-0.109414300094754,-0.0532186258335818,-0.138325531529736,0.182904834722519,-0.0748584669799919,0.0828867208757725,0.0902319480145458,0.275577508990872,0.104136646342373,0.0174378596575664,-0.0111969221641958,-0.188690583778558,-0.0426881476718321,-0.117266074699964,-0.0302798188774593,-0.309556426540352,-0.16041764761855,-0.21141633593592,-0.0226813207654068,-0.154961813630578,-0.048413179174226,-0.209134168577811,-0.241625226823414,0.0925838533772216,-0.0155673682857876
"s__Porphyromonas_endodontalis",0.0606191071817088,0.00325698159543747,0.0919915877159629,0.331033064382816,0.0904214723254177,0.0489276833473677,0.0101992535758402,-0.0330218542016362,0.237986186655561,0.108146648593633,-0.192332234565937,0.185191124045913,-0.0353298892050109,0.125490066916466,0.0373496745921146,0.115762419050837,-0.00921881728184842,-0.00804003950983884,-0.118328688461855,-0.0890180457966906,0.119851253961836,0.0248725200220948,-0.081881811581898,-0.0787612388972717,-0.0757283328919485,-0.0128294910637133,-0.0511030546102744,0.313617936901612,-0.165702096653906,-0.0724087216693446,-0.0509990444005027,-0.0161792950166425,-0.134965411836826,-0.225034160785313,0.188510460492449,0.123675416473406,0.0396734354702749,0.0732232443241655,-0.289976324451836,0.355213638800775,-0.0293661021115167,0.120824750496319,-0.00996180450741118,0.054297963345229,-0.125934737676694,-0.136053117404956,0.0441375861539821,0.137160210559971,-0.00671564573735065,0.00709903058830505,0.0881493905029496,-0.119919030105106,-0.347330932734083,-0.0157896548273594,-0.075103300055636,-0.11370898191202,-0.197001174124716,0.0193767665136665,0.102690800434031,-0.130786668607285,0.081969126528518,0.110933525987652,0.0477038753622627,-0.306784441895803,0.286942583432777,0.11625449895965,-0.284426915480486,-0.0545937879416364,0.1017298334669,0.0562565101627293,0.214077373026924,0.0528984722957397,-0.0773803185725317,0.126422256821952,0.228495854107172,0.219909831430354,-0.132840165875684,-0.0182220247321501,-0.182845452992793,0.137906318261244,-0.0623794840549637,0.284265158325292,-0.0984376915625176,-0.313746606393931,0.130923108400934,-0.12328734918596,0.0917477123714696,-0.00437527593666812,0.0402056301204124,0.150183453932033,-0.324532856237666,-0.0984498229696107,0.179173395921386,0.171470375308119,-0.00889126950286458,-0.0520394733058835,-0.0824075080486915,-0.313400730030272,0.207373584956911,-0.068332427329123,0.212201688156629,-0.0833107621412923,0.145762088351136,0,-0.0647694823226686,0.0537089896447786,-0.341672914117867,0.185313854349773,0.143322416699041,0.186962245812839,-0.0560749562859269,-0.332742590687226,0.304142645171837,0.131742472374616,-0.0189506136868508,0.398030641078714,0.143270239931993,0.033313213020882,-0.105618351461969,-0.172469782195591,0.0535220279603805,0.151935614575729,0.182286061578953,-0.0325221490797253,-0.0151273957650422,-0.146282555566654,-0.0368158710406,-0.168741515597857,-0.248012195356089,-0.135093829838794,-0.013816351797364,-0.0806946530849183,-0.122383977488008,0.0132789771261393,0.0236045676283987,-0.107836830796871
"s__Campylobacter_concisus",-0.105059407142712,0.0262287110968628,-0.170774168059164,-0.0154745021287828,-0.14961443184078,-0.21333552182804,-0.079357491344192,-0.186214493598662,-0.17735882945179,-0.184034413646461,-0.0619112095902222,-0.108970483385291,0.0516536267422628,0.0197770516420884,0.0068164930914542,-0.206232529557319,0.0304275936910807,-0.0241880484421034,0.31027425753037,0.148049705940125,-0.0865158548364456,0.057803493299429,0.0133698157983037,0.13662294798642,-0.0733244427255301,0.131224438382078,0.0893310204217554,-0.0649772716216101,0.0771279208361045,-0.000108398495774154,0.151715016099966,-0.110164101712302,-0.109397526518596,0.150565701313246,-0.17662099378744,0.172881051827766,-0.117438786551812,0.019036954490753,0.196415698531228,-0.099786555816629,0.126872194497953,-0.301124625749455,-0.105287492054045,-0.14776261338909,-0.103985324862869,-0.0264777115410804,-0.0866469954294475,-0.0418838102015386,-0.293227812837006,0.0783786733290776,-0.0540716703039102,0.0744533435782691,0.0157203291920403,-0.0644601084497585,-0.0520000257845344,-0.0636111502572259,0.243593155450647,-0.0113602126596933,-0.344327889278971,-0.0248455703930818,-0.130695841392242,-0.164684800677887,-0.00581439860086799,0.0310285156568637,-0.0868849105741946,0.0059197366261349,0.170901937405934,0.167979510006181,-0.267536233590859,-0.117486359964323,-0.0801740000637284,-0.107845577833024,-0.134685431842252,-0.0461411672095119,0.048148063751944,0.0900905722202374,0.101356207751604,-0.27930948215061,0.131956794257034,-0.049441555156072,0.00256602061933325,-0.113668012705492,0.10655134734974,-0.117615795576368,-0.068612392578596,0.528425747423881,-0.128765770740312,0.0647672761978489,-0.157147452869844,-0.0133231782440132,0.212549377471873,0.182103470195525,-0.227615739631144,0.122158128130423,-0.151086013662387,-0.119951337230127,0.197403836868038,0.0405450510155303,-0.0763737631786125,-0.262971703369291,-0.125337367556484,0.00759622691156919,-0.0645128928868725,-0.0647694823226686,0,-0.000420093422382473,0.173798629164647,-0.121626289724845,-0.14920480970666,-0.131208404890798,0.0941500532477934,-0.226542421945283,0.0432510330579261,-0.0768233661975013,-0.0522891111076272,-0.0141335666607519,0.0160685830866024,-0.101862792844669,0.14103285996739,0.0113593845808859,0.0123404893009488,-0.144900084754456,-0.191439588087307,0.34023652090413,0.000750947887887102,0.0935804737524914,0.126374171014179,-0.0496416059552561,0.233776084193463,0.20935803164955,-0.092943456467975,0.0267892757361407,-0.0502833503713698,-0.150818220262951,0.174286535054421,0.0978903158502147
"s__Leptotrichia_sp._oral_taxon_417",-0.0640470064606973,-0.0186970472675075,-0.0768741121229501,-0.0709862680613405,-0.27272533510504,-0.272251576032083,0.0735136859941558,-0.0166697470189582,-0.248566318011504,-0.103259100749666,0.112043499869243,0.0655788535949633,0.141735495189747,-0.0139124894864631,0.0398254691481868,-0.0961182443620249,-0.0945614020528433,0.14939237412661,-0.179217088101791,0.229639934264125,-0.0909876991871272,-0.00127495352235141,0.0864487534880201,-0.131305052182376,0.0926151097695734,-0.0197025140774485,0.186415358170682,-0.259203267217789,-0.128008280341961,-0.033142448794512,0.014320776967504,0.14619331638864,-0.0173646325650366,0.0778689569438463,-0.0510173687152482,-0.068233388023496,0.0858902557066878,0.141751597817296,0.00749095489120927,-0.176033966889159,0.0794239600269664,-0.153297064671676,-0.0112015365634702,-0.110934101255216,-0.103509852984011,0.145832865104822,-0.284579945961349,-0.241419400101862,-0.215200277865709,0.00547318050536705,0.145870210633441,0.154646993672215,0.0884757072429502,-0.154877891527159,-0.17575144289934,0.164283200895161,0.0788274733977538,0.0125885065443677,-0.148915572641253,0.0372554909921349,-0.236760118708711,-0.134414600505285,0.169826156760427,0.350767690082069,-0.165421901410686,-0.161638579362625,0.0281213382949612,-0.0160320100372195,0.00890299490858215,-0.318042638504734,-0.0256931047368683,0.0400573744743766,-0.142709692379056,-0.146992296103565,0.00554970290864251,0.0723307659099104,0.0279108493901264,0.0380230521209495,0.0226544565346388,-0.164501053889583,0.169250369079933,-0.112032743515966,0.111229692949925,-0.326870261320516,-0.26282987462738,0.214415701227158,-0.0757301085913037,0.142226224230774,0.161220863189908,-0.133795860662994,-0.0114782290365378,0.275931595498901,-0.116253983007573,0.0696355051703667,0.0740882705768073,0.265362674010533,0.0543809600767308,-0.250197316655691,-0.00912694574520403,-0.128304003937707,-0.281901317689774,0.0270423956204279,-0.153429000848358,0.0537089896447786,-0.000420093422382473,0,0.112244982322958,-0.27064022829694,-0.298813466773877,-0.100609749262565,-0.012729297922304,-0.356923281790397,-0.159412789577798,0.0016808417579546,0.0211694772118907,-0.0415968705885053,-0.100513122520515,0.0298730041995175,-0.215378476349935,-0.0198601607464589,0.239393634609089,-0.109502039847405,-0.305726764376343,0.262104321670394,-0.101708026109461,0.0888327738131194,0.0288908361787752,0.21178016911994,0.215153226352207,0.107800213645144,0.196932928855573,0.12114078954675,-0.0506518009426768,0.070133109122488,0.0519593626436297,0.0346296333438468
"s__Oribacterium_sinus",0.0106368057188495,-0.402713109031613,-0.370622262138706,-0.139517521666129,-0.174156276467541,-0.208850304507844,-0.0947770751602247,-0.040553187298428,-0.184162814319606,-0.168676870478475,0.14330321050407,-0.0658610639585455,0.153870157670195,-0.153998711131404,-0.012807190561708,-0.00712985296509971,0.0183676256317233,-0.140834568229136,0.124317758216868,-0.0104996302506734,-0.0694186555326767,-0.0479823552408689,0.0475082368145553,0.161283895919193,-0.130124370524255,0.145611089344501,0.0708887054592524,-0.174991414271734,0.223025233003738,-0.112010499176233,0.105902940893397,0.213347628166696,0.060672159724681,0.204465547922002,-0.321004962095675,-0.123887086000633,-0.0695622860605519,0.00287938684437922,0.291028442555967,-0.135821985183312,0.140854681791287,-0.27510632020706,-0.22511414550075,-0.166700488654879,0.0336671607533898,-0.0411991965870537,-0.0121173483466163,-0.00259738411849639,-0.201510517440545,0.183219084419292,0.0379253405586312,-0.121229653734987,-0.0423605967821374,0.127316339831577,0.151344123572315,0.145506935962925,0.123435026695903,0.172117326915558,-0.00546422015409424,-0.0158917091969137,-0.0682978567369313,-0.170371855294453,0.0570627314161178,0.0873554890576692,-0.173165784358744,0.0502008939831709,0.21122265302075,0.241622904630701,-0.285563251620742,0.111926217047736,-0.00545834482817896,0.0944312788173954,0.0982029046787747,0.0373530270168653,-0.0607997525115701,0.0343033649476334,0.268647944548468,-0.194482214227287,0.11469059403025,-0.10987419256075,0.0632970300858064,-0.0937570120389365,0.121294800591356,-0.0784111047407336,-0.386770979749072,0.313956480533793,-0.397544371820147,-0.0513799816340723,-0.068621691975068,-0.317702556578187,0.264928114345566,-0.0167234852180027,-0.305178563075779,0.146379374455645,-0.0813548659134165,-0.0160889601056575,-0.0579203629433895,0.180373462927131,-0.146017426018132,0.00716037899112706,-0.16358374811008,0.225916645674042,0.0310970373909238,-0.341672914117867,0.173798629164647,0.112244982322958,0,-0.125886522162158,-0.0603685942239986,-0.00144039078142588,0.256486875020312,-0.12641134233434,-0.102330184896907,0.0811759555969748,-0.092313018531483,-0.166932800852905,-0.0618531494415121,-0.0787830151930521,0.240396672781196,-0.0875328612449388,-0.050383675918887,-0.357227509957183,0.0402588615978577,0.0140877239966522,0.19942512681208,-0.00466766745646247,0.329922625961563,0.128402332410333,0.0619766494310263,0.0966683642709352,0.0821374727974225,0.239373100168329,-0.0968001597844446,0.232864074216331,0.0548138061042003,-0.00488749097822762
"s__Streptococcus_sp._Marseille_Q0941",0.091947609064462,-0.176938845403955,0.0556725137966826,-0.00421272043632689,0.25909015214237,0.0522012251149259,0.0449563930127733,-0.132398312471248,-0.0260978007799162,0.124949961149565,0.114671537029387,-0.0723806958521283,-0.0644941149543168,0.00176458767082886,-0.173121261825797,0.136838495123463,0.171638730478845,-0.0403584291641534,0.170554247853218,-0.0819028151759367,0.0448975307739783,0.0123960085476661,-0.233606800783674,0.00528602816685741,0.19415035257333,0.115066694933754,0.109296955122004,-0.159800389097283,-0.0115111651606657,-0.144195084185216,-0.0193657281466459,-0.0517687582307663,0.0433732990436839,-0.0741567625219227,-0.00577724413256382,0.0414495308803238,-0.170782923389032,0.172238442153512,0.103841019975628,0.278946388903835,-0.0638439015171693,0.476486190511069,-0.233978894475758,0.0729003580123384,-0.087930156937863,-0.0448179163996912,0.0935801874062229,0.061707552645587,0.410605164166864,-0.0987039878635902,-0.141502543696426,-0.238783105721773,-0.197646882009371,-0.0930807916007796,0.178946601926839,-0.0363656381344424,0.0555497353612492,0.0108798142176647,0.200451612213278,0.0760745942274385,-0.078097878995868,0.0287569251867339,-0.0824413688477751,0.0204672293142316,0.0283565314924437,-0.0689918942981773,0.110842595090577,-0.141496560077123,0.326331094729194,0.0382348669969887,-0.147179779775586,0.175523791683729,0.0629790292346877,0.0370495882796917,-0.0690052577429607,-0.0457395010208477,-0.138481141184436,0.324800345598292,-0.213639924559222,0.107785222413092,-0.113411148123654,-0.192025130746465,-0.00146593594790584,-0.0249833666960528,-0.0184244678403666,-0.144161532166717,-0.0776194741413892,-0.125442903773841,-0.309237617941671,-0.106125594367118,0.0931799539105048,-0.0247177299613257,-0.108741047137086,0.126354448548493,-0.402260816560765,-0.0770852766712527,0.0312717882403962,-0.0807645051491283,0.339013249693934,0.297943418539324,0.053666271876059,0.0196031058197671,-0.116137319891396,0.185313854349773,-0.121626289724845,-0.27064022829694,-0.125886522162158,0,0.176434512777919,0.0729994582015303,-0.022482636799101,-0.199106680601037,0.00827531609360754,0.0438364301939948,0.0604862034145832,0.0259453103870162,0.0626118653610192,0.041561554327522,0.231388209136777,-0.109899216155133,-0.535276710131526,0.0603251578927814,0.291344643765064,-0.134637480517694,0.220980894486169,0.0151226162849131,0.0898187502900299,0.00264136336313808,-0.0905525912189606,-0.218281046585748,0.00749098596641087,0.0787440288393838,-0.0991084799287955,-0.0749402102959693,-0.000880621252397906,-0.0281079365603244
"s__Streptococcus_sp._HMSC062D07",0.0362263795748934,-0.141506270628042,0.1742851065384,-0.0473441382555902,0.343594015892358,0.0644941657695064,-0.0160643157701783,-0.1609105681644,-0.0423086142157376,0.0871077432950191,0.152572485647651,-0.0381897822731977,0.0120748460918241,-0.0342142865636655,-0.127868259700019,0.100491154920238,0.218504686083651,0.0828748998699422,0.274289184168818,-0.0940786001681291,0.119158442277827,-0.04612116811712,-0.178707651187827,0.0475873914561978,0.13761214537833,0.198433634280693,0.266971015123753,-0.00434074891553515,-0.00883790946591934,-0.0479694601609043,0.0640438321225705,-0.126388128010606,-0.00131832730088233,-0.119675703436575,-0.0352771011816553,-0.0592629590209241,-0.0873768423400086,0.0175846373355823,0.153542592329839,0.123558169758916,-0.0573756690758703,0.456524225872152,-0.205061814160775,0.184158827852089,-0.0719936781072876,0.0212681107522284,0.0344839602152445,0.0352666691404262,0.427418575120636,-0.149091467225982,-0.139070395905594,-0.126811769167839,-0.2052486769382,-0.117289546881243,0.0727996128545851,-0.170991437611584,0.106369262036712,-0.147905572107784,0.0681735843740487,0.0786814505780012,-0.163601657419394,-0.0690345075623687,-0.128967091134401,0.076314352268329,0.110058658924573,-0.101390121849698,0.195149213608021,-0.0947241099573097,0.422783175758708,0.041592555295249,-0.00330449731800331,0.222916407462064,0.0318224333064705,0.153077419197903,0.0299004587737267,0.0732867338978217,-0.106537142129412,0.403594462250332,-0.23472880821194,-0.0178493059669098,-0.22393666784395,-0.0153868795835487,-0.0987392954599559,0.0372499156475169,0.193153240396208,0.113964630352933,-0.0223656875799844,-0.189412126826035,-0.263398616884579,0.0466806845545228,0.0885020154172202,0.12301814346236,-0.102143722232879,0.123296587104547,-0.248168617592395,-0.150777213333512,0.0912608774961403,0.00743802284839234,0.147781746413838,0.214032399444426,0.262149077910451,-0.043802985108557,0.0436027069911608,0.143322416699041,-0.14920480970666,-0.298813466773877,-0.0603685942239986,0.176434512777919,0,0.0565101322363915,-0.100870223757125,-0.124893345601766,0.155111740407911,0.0209266095370073,-0.0348607376528468,0.0930237021721354,-0.0583113003730152,0.00797743120858552,0.314877838267137,-0.0312346902691388,-0.391348973098405,0.1614406603431,0.149952928518411,0.112415375232688,0.117417800107893,-0.0147348715559487,0.0258034279748138,-0.143915211337999,-0.147410586728633,-0.220899233453147,-0.198553695919954,0.0107182874836491,-0.102744804772338,0.0660442784135793,-0.0978679101417789,-0.0656464830764999
"s__Aggregatibacter_segnis",0.00349943249756754,-0.164999308931608,0.0119249074822686,0.00297325115146943,-0.139466214155102,0.039101697066018,-0.151170475124587,-0.119173360321894,0.181595150821004,0.0993946279134359,0.240255154313574,0.112157340030246,0.306640550060333,-0.209414535619321,-0.151222423370927,0.0979906686304643,0.0316778172120547,-0.0719417428805284,-0.0610342736571502,0.0220148796663396,0.0392441777573498,-0.00799136217873822,0.200224552680589,-0.192163737840996,-0.11846604756042,-0.204859845133314,0.137825080319965,0.0439756477953177,-0.191994151277383,0.018033158159548,0.127034054028848,0.306581391383009,0.10331354760541,0.23940093683312,0.0522848385566873,0.136394559135657,0.215700447495003,-0.0555161134898277,-0.179491279386512,-0.0304001458853672,0.0993501548217458,0.061570817047683,-0.144133518912187,-0.0288708590317255,-0.028096871193257,-0.104355057487411,0.0363270744731198,0.0141676110222647,-0.0361941542342374,-0.0662916658977542,0.0313946536516395,0.15513941039757,-0.091098241722862,-0.0307022090507323,0.242194989010292,0.21764881758412,-0.0482384903071557,0.196631118082769,0.210774461254173,-0.15915564652312,-0.272593079203158,0.0235311163935566,0.192795653776338,-0.202042297126021,0.0904850582991464,0.456593046470545,-0.183127159989275,-0.104927935310776,0.0948691113090734,0.178735220210088,0.139875634067016,-0.055537401517924,0.105444308419266,-0.024632060763178,-0.143617800430247,-0.117840928138413,0.11473841333469,-0.0552015609160702,0.133198415269895,-0.00622204484609945,0.335359778242699,-0.235984277473469,0.18839800188706,-0.0634207103435169,0.259307101209025,-0.236562485194051,0.264845585268814,0.470432211479159,0.00178209464876899,0.0488230110318065,-0.192062669093218,0.149299491203288,0.223801073588697,-0.0240661574510845,-0.222664398426284,-0.0712441609846069,0.0838095906400392,-0.0993909493684624,-0.0843105715611207,-0.0163331761262288,0.116743387701182,-0.125648078516328,-0.140557815156599,0.186962245812839,-0.131208404890798,-0.100609749262565,-0.00144039078142588,0.0729994582015303,0.0565101322363915,0,-0.26017058106374,-0.347683380738662,-0.0840875949058879,0.189519943526008,-0.25665765873749,-0.0770891390627797,-0.00438519783005446,-0.123384074220539,-0.309024882010733,-0.210076451391556,-0.0141005397016457,0.172975252500167,0.179266545845963,-0.100684426993616,0.426499242166274,0.238732589112182,0.049159443744673,-0.0418394771457912,-0.0918039044062711,0.145264999664912,0.00652585220425961,0.0929889301635236,0.117164284068576,-0.294406580938244,-0.113140034568937,0.0964025006401757
"s__Streptococcus_sp._A12",-0.16357602000784,-0.00441203368033424,0.041425563228328,-0.354029964112867,0.0889200594447747,-0.188436674878226,-0.132035315549024,-0.260485980865624,-0.193459656140007,0.117042544539021,0.242794714262043,0.146558765805782,-0.149147942517189,-0.1981409334856,0.0832976315843021,0.0281275030266516,0.221738520301085,0.147869462907225,0.297406490516141,0.0778157205258533,-0.028879690978247,-0.126574025815706,-0.172127208009037,-0.115829357019368,0.209945515942642,0.240942512795475,-0.0175701486864745,-0.117882447296971,-0.186033357175316,0.0657459150875631,-0.0334221949616214,0.311188076342894,0.403680462349173,0.181091438774298,-0.29916205694733,0.097786555249037,0.180088396073778,0.00530722634293995,0.24297826437415,-0.127882847161018,-0.0519825126182565,0.14008207836938,-0.0574961926894269,-0.0529747726028923,-0.153033066292942,0.11595663850935,0.0375716746135821,-0.0405472167603297,0.220026283301994,0.129287837454313,-0.0699947286630231,-0.291402138500985,0.07773618491767,0.000417975148790162,-0.136576935242329,0.244564987429683,-0.0164484945192535,0.298986769615475,0.0619302578163543,0.119731107938459,-0.0862845984327776,-0.119545525315113,0.0148173874301843,-0.0964378613483383,0.0150745740945971,0.00750101621590341,0.225365546083911,-0.419936754951537,0.0701702606144533,0.35439486441935,0.0920594826641923,0.286777885074263,0.366011786773056,-0.107610476477236,-0.180718201053249,-0.108920780269377,-0.0336058095212356,0.00674284606529846,0.212974796528601,0.00896988046930419,0.34581776778732,-0.266904417876341,0.0986947849263323,-0.0298624892922962,-0.0101177459978222,-0.285074739003906,-0.152609045887079,0.208004869033,-0.238317569985513,-0.089177203274821,0.229776275858324,-0.127058118591475,-0.147363726905006,0.30187196938392,0.0679831173220977,0.0778011672028592,0.127946552166431,-0.235093548567956,-0.0942619652573265,0.252530320803787,-0.0363009172263423,-0.337417737387439,-0.11336608283036,-0.0560749562859269,0.0941500532477934,-0.012729297922304,0.256486875020312,-0.022482636799101,-0.100870223757125,-0.26017058106374,0,0.123482309961428,-0.0762591484149271,-0.0214710509311593,0.111623882035587,-0.0887749825851627,0.105265624882013,0.0503236753762882,0.308292761592782,-0.00988631170252813,-0.262309918163753,-0.0244953580065936,-0.0713679093929579,-0.282531771270712,-0.200045631870186,0.0499438683767608,0.312005686529881,0.185242745269304,0.485335146687366,0.121307221266893,0.0832706721502066,0.0353716948522827,0.191724874775085,-0.010224570612505,0.349462098890621,0.372010977519088
"s__Fusobacterium_periodonticum",0.167069506311952,0.0500286329886273,-0.0305282608496078,-0.107947056639881,0.164101926414729,-0.22307497386174,-0.125711313298445,-0.151008615205152,-0.315529308525459,0.076256857678603,-0.24398719281334,0.129806592214682,0.190964371478877,-0.117624561859491,0.0582223244227954,-0.24080074142001,-0.239548890401354,-0.141145808337923,-0.00475504980455407,0.0734388606986439,-0.0741076785188821,0.303682883725272,-0.102004282324218,0.203418454312892,-0.115669926167837,-0.224872235233305,-0.0384571671289344,-0.218486474754585,0.0492140702788344,0.240639956177056,0.294840128818431,-0.0597555309406582,0.188628479318652,0.0210473450878437,-0.205132970885418,-0.304443431901558,-0.09362145419166,-0.16068069852896,-0.0857942319817279,0.226368475016226,-0.108019326806919,-0.108283759957404,0.294323152364778,0.185079217084823,-0.073621229401516,0.125668977463781,0.173803652825146,-0.169591576098281,-0.0279926984205872,-0.13757700277953,-0.224267999890935,-0.110515234482914,-0.0146123755693793,-0.167420636122081,-0.00306489593193837,-0.0811363399571398,0.279753831370751,0.118169497306443,0.076158399642045,-0.15739676230427,0.0454866833627983,-0.0536877590473555,-0.145812204101245,0.205876567278313,0.00452505075784322,0.197688074247554,-0.095800775744615,0.127271123203281,0.209892032075836,0.0974495469578289,-0.397662431709812,0.0356661673113965,0.221908590382453,-0.0842321393533406,-0.0362925074616962,-0.231045124375307,-0.0340053390324885,0.171025790630245,-0.189765424979715,-0.0538881907258588,-0.0774675668650574,-0.133676526032667,0.0559971161650164,-0.795297201863636,-0.137261694246193,0.210973087554684,-0.0771169338097303,-0.104408059759094,-0.0543384599359494,-0.10895362551748,-0.0102240684897194,-0.0216857712938592,-0.100647757078135,-0.421620577209719,-0.110777116215625,0.0179151876535478,0.00147986180366316,0.43896258979044,0.297788955066349,0.142805923730913,-0.090491119478277,0.102319347532449,-0.109414300094754,-0.332742590687226,-0.226542421945283,-0.356923281790397,-0.12641134233434,-0.199106680601037,-0.124893345601766,-0.347683380738662,0.123482309961428,0,-0.186530162624319,0.0800195619917848,-0.155554560959704,0.0280042351088336,-0.285422714694172,-0.0830695635087973,0.105221078479279,-0.0738627070445475,-0.370061077446517,-0.0422418820869617,-0.532482184608145,0.117280335252493,-0.503442620022277,-0.200326464064204,0.153866409811547,0.0219971578792208,0.0338194310388306,-0.0277557048448033,-0.140967923206767,-0.0600939585490769,-0.122101884220293,-0.425411497565651,0.125626520907335,0.00722836497835165
"s__Streptococcus_sp._Marseille_Q4154",0.0409265730988683,-0.0339580770657738,0.167644221495497,-0.0377481604658048,0.34161524281623,0.048773499682671,-0.0458657478887851,-0.187021615359142,0.0467318604066995,0.0257704283365014,0.0636808079841173,-0.0516893625635029,-0.0843005339326026,0.0390475984319728,-0.0547661056360493,0.0610585630306214,0.215980092117972,0.133073020438104,0.20492606684595,0.00509868701607458,0.109510887508134,-0.0577232889404701,-0.222416251924609,0.00424417427516932,0.260838759098851,0.182376064917639,0.0607886604004518,0.177599251680413,-0.0709880382879657,-0.0550075321321074,0.0123613700267995,-0.0881648388303256,0.098068550783736,-0.111640012633502,0.0148390676777123,0.162388378917637,-0.141493320800001,0.178809204688001,0.0974288304560403,0.254445731714353,-0.121664533032468,0.498906335442299,-0.153349088022966,0.086648282368371,-0.159443096921627,0.00496151747761667,-0.060694352983063,-0.0311813475017051,0.253417466559469,-0.0609523949039222,-0.0976378069174454,-0.204920464508174,-0.229967001470601,-0.179773202798873,-0.12729778610155,-0.111293934462293,0.119745512425307,0.00687534872566699,-0.0173951288760219,0.1615109306531,-0.120239420997687,0.00193312497373688,-0.162227353253383,-0.111266721025141,0.0650614147117329,-0.0902734863937094,0.160467823574754,-0.152465255751647,0.487744123140518,0.101943212174513,0.0651601681081963,0.251585371774643,0.0395219502633735,0.086691361232002,-0.0466975737885602,0.068646757373165,-0.145908238086752,0.374768539818035,-0.17628201136664,0.184127323502561,-0.244266463010591,-0.00546613094267237,-0.0917706159685296,-0.0396294534245232,0.160638691710172,0.00618697521356475,0.0219791985339535,-0.193242484659555,-0.316625098465627,0.0968700867249703,0.083295331322804,-0.0198073132000513,-0.0867792771196818,0.126413215457365,-0.125421928329866,-0.058223267578321,0.0239792655265003,-0.1184193379354,0.276898718591953,0.187595169833714,0.130104944824057,-0.10718600681707,-0.0532186258335818,0.304142645171837,0.0432510330579261,-0.159412789577798,-0.102330184896907,0.00827531609360754,0.155111740407911,-0.0840875949058879,-0.0762591484149271,-0.186530162624319,0,-0.0154289932554887,0.107495329100146,0.0788188548031636,0.0632985286846947,0.136950804543684,0.293718013806331,-0.053405311572379,-0.320350249237773,0.0158565254955482,0.174290832642733,0.000892698188453774,0.0496582254188577,0.0897818788804346,0.0471134193815227,-0.0318348221785383,0.0196302480669914,-0.130359628116957,-0.191136931231191,0.0731071193536659,-0.0084509756432361,0.139418001854722,0.0768837343154188,0.136037552470526
"s__Gemella_morbillorum",-0.0116166097004985,-0.245619984582582,-0.140551436166851,-0.046228547080821,-0.189744385317384,-0.21514196177487,-0.0368987758319157,-0.255840272933914,-0.0197530845434106,-0.0103471574747967,0.271165346215397,0.128430203817111,-0.0443985738967187,-0.125131581740421,-0.0843784839429875,-0.121425900226376,0.07448412505184,0.0103709875193192,-0.185352869351914,0.0178209166761541,-0.0318875180771294,-0.0667888413859705,0.0275912002007709,0.00913163870085786,0.105559383247346,-0.181728462844574,0.0786342354022176,0.046395557094855,0.00623087535874421,-0.169833542947111,0.128545343109135,0.231155183427814,0.0770321816849009,0.229596351190372,-0.235297655315753,-0.116828504942967,0.0808707553317762,0.0101966391328032,0.212956782961109,0.17266276637892,0.0766621745755805,-0.161342377996101,-0.212669860494486,0.0391967942986254,-0.0303104961925544,0.0750733860900145,0.07575397294133,0.0466472204121631,-0.129848893107321,-0.0382005971951954,-0.0933690534520623,0.153793996258101,0.124165486997056,-0.11209196834864,0.0878328187473624,0.226017587201498,0.0101501995643941,0.254497953177561,0.116138992418415,0.171101281498618,0.0675232500094131,0.0465075036826203,0.0820169964861493,-0.0366945400731635,0.167785625565907,0.275863461149747,0.221718704258179,0.0970731608766948,-0.0554146725870765,0.0583345007888776,0.10549420870976,0.0498667040973793,0.0495112107731162,-0.170461747660074,-0.131693082891262,-0.101930548528632,0.132273143989559,-0.121759349913775,-0.00410648718460362,-0.108944095159568,0.21658517272274,-0.22355263723453,0.115312408079819,-0.108270278779006,0.115704098268235,-0.465148983072137,0.0355879297696802,0.103026442872265,-0.096099096985383,0.0308345201289227,0.246146568781816,0.182359073248063,0.0257513150237504,0.123305016385024,-0.0234933204095095,-0.178584940045537,-0.145131701875363,0.0861061711123664,0.0578443820575178,0.133407115048782,0.124757816705428,0.0864287694650112,-0.138325531529736,0.131742472374616,-0.0768233661975013,0.0016808417579546,0.0811759555969748,0.0438364301939948,0.0209266095370073,0.189519943526008,-0.0214710509311593,0.0800195619917848,-0.0154289932554887,0,-0.16374542892166,0.0391226055859986,-0.0445406441560776,0.100840077156096,-0.158406689838941,-0.297677315533162,-0.0239370325523253,0.181291872236957,0.113275905340306,-0.319887804514512,0.147747787220873,0.212035982595928,0.0347812284183766,0.0141264636996565,0.0906975015237985,0.315207014610875,-0.0279461392692446,-0.210279805219528,-0.0339905618415264,-0.0845184875078702,0.211086566778088,0.115386991560743
"s__Fusobacterium_nucleatum",-0.289186754928631,-0.0413970271730346,-0.08597798348605,-0.138104563376499,0.0225724938588881,-0.202910289423844,0.0764700197831212,-0.161863330064302,0.0512337541199944,0.190061982715433,-0.0397856191871474,0.198051572952721,-0.352014897630093,-0.0651528795446294,0.174040224778861,-0.141755096946884,-0.0504028919694171,-0.0483800381475955,-0.328817504206311,-0.100299642569843,-0.176438626225216,-0.264357778543092,-0.0340974769421706,0.107279580984575,0.197196825833941,-0.0315585991370625,-0.180493889918425,0.044318898804084,0.0285194049229214,-0.361016030088578,-0.234973747125514,-0.023178446331627,-0.131853980651968,-0.00449130314986593,-0.158803774615092,0.0736921888757856,0.0969036448402188,0.0496471819865573,-0.047103306428085,0.185924893223393,-0.14498488041255,0.0423227777923073,-0.0187302705538326,-0.182020196092986,0.0146415857300195,0.120129318420752,0.0984446832563839,0.0325337416844327,0.14157431548351,-0.0804744108131063,-0.072511462036918,-0.0218440327924772,-0.0979306678161019,-0.143838852405032,-0.164065484694085,-0.179017263823693,-0.274041273301766,-0.0490563245035683,-0.0489951214586499,0.17117660042273,0.0233659517043255,-0.000275753665022971,-0.0179504602370825,0.00734710426223323,0.113959255843731,0.00870080538659505,0.0897772813193332,0.0507230455450475,-0.112207858411469,0.235223306580652,0.116462629926118,0.0513859150472077,0.291634371022341,0.162643766851855,0.222106373906067,0.183092938417233,0.173441205955334,-0.276494798971663,0.147766431664932,0.0410806198106101,-0.0682110997411561,0.184065568652996,0.139478558388335,-0.183573640225223,0.0966287167285734,-0.154323130639369,0.0181760652618767,-0.0705978064460269,0.124498737237408,0.195143016118417,-0.0134508919352536,-0.123920731464996,0.0694413436946829,0.0795502004528449,0.0543369152112406,0.119261559344358,-0.143390154226492,-0.0607265058203855,0.224234484157906,0.168414742017265,0.0858794546738624,0.0848203386996492,0.182904834722519,-0.0189506136868508,-0.0522891111076272,0.0211694772118907,-0.092313018531483,0.0604862034145832,-0.0348607376528468,-0.25665765873749,0.111623882035587,-0.155554560959704,0.107495329100146,-0.16374542892166,0,-0.0111746399860332,0.103198139278079,0.163177148217991,-0.113045821335655,-0.0614795127238447,0.0236949220821325,-0.0497863490269103,-0.451702638557351,-0.102593192012681,-0.447618327449837,-0.0267222634104058,0.222123360490529,0.0201873243891784,0.129914836065385,0.087427140411772,0.120923424513973,0.0232689596053028,0.0956247117722999,-0.0531309384601677,0.19867411568515,0.177889565738697
"s__Streptococcus_intermedius",-0.0922353436577559,-0.178031376910172,0.0995049317543135,0.00944109242901003,0.141964763251818,0.089173797033396,0.240434290592565,-0.0241069380842604,0.217849987949904,0.229104189613894,0.131711258289059,0.0736248471198769,-0.117392227220982,-0.0390887137828517,0.239810589765486,0.0126569525988758,0.184260598633933,0.0542187658474702,-0.261251834457617,0.0157037438743043,0.0511282923633026,-0.291887951904872,-0.0639124803879507,-0.0764839710270464,0.289457464711279,0.148481316845989,-0.108884275504659,0.193181429588102,-0.0267950282749481,-0.199527036587688,-0.212504644143549,0.00185545343954319,0.0443897003996696,-0.149560987230558,-0.00290626446382986,0.262746647410314,-0.0567804079649707,0.148265562215619,0.0193495129884098,0.195740982966003,-0.331934199724493,0.343462002503438,-0.107822627596908,0.13863675535063,-0.0509997540282632,-0.259013969757449,-0.0787495800027636,-0.0293610791325142,0.297389842760043,-0.124340388795409,-0.0684526125561906,0.0318008070028563,-0.147438072038362,0.0465912994582391,-0.228588532138512,-0.0794184650636515,-0.313877137085633,-0.196815119738015,0.0842204576293721,0.219331540720248,-0.0130125961056167,0.147529964517623,-0.00321584562773017,-0.0303964223613731,0.048796855303807,-0.0292462314343459,0.0226314556781513,-0.0494528028530327,0.111785108701651,-0.0137056679339403,0.0244698687973542,0.187314652231194,0.0690098627414012,-0.0458355332544661,-0.0402987952950765,0.0812600902714055,-0.0168267228686423,0.0211608212683798,0.111400322358572,0.151321226383307,-0.103590825196262,0.0565907502064205,-0.15650745012892,-0.118738789456993,0.111894821043391,-0.0943157706284078,0.214508282865627,-0.0690281820297364,-0.217481770191295,0.194462857098936,0.00702132391034688,-0.100996202627454,0.0944293554534824,0.0506112726804802,-0.0554908841888631,-0.0470051600535645,-0.0942385558738112,-0.237095435648792,0.0736059489722274,0.188753511014703,0.0134150544351474,-0.0901354265611398,-0.0748584669799919,0.398030641078714,-0.0141335666607519,-0.0415968705885053,-0.166932800852905,0.0259453103870162,0.0930237021721354,-0.0770891390627797,-0.0887749825851627,0.0280042351088336,0.0788188548031636,0.0391226055859986,-0.0111746399860332,0,0.413143047562196,0.156790374020029,-0.102862079435591,-0.0903057493546145,-0.0952325968509338,0.0345864315279064,0.20781517364339,0.0819381944465095,0.00246943262336393,0.0745600964104963,0.019488908239176,0.310791375215115,0.0918959191548311,0.104431394840771,0.304098867587667,0.332438549195274,0.218079909689574,-0.0207566734849026,0.127769583864592,0.198870197866423
"s__Granulicatella_sp._HMSC30F09",0.110816208846944,-0.104258586297068,0.0110806722136091,0.0118624815405101,0.192867744547154,0.0891975951673102,0.066831993630437,-0.186239484688399,-0.0699872810010973,-0.0322196934364993,-0.161451591644467,0.0160855842942743,0.0297612138852871,-0.0665895510705297,-0.153757901329479,0.318307713095458,-0.0142640262206627,-0.17146478599868,0.365857265527322,-0.118626713110409,0.127717757263198,0.123575858543073,-0.00495863376929104,-0.0398984396473286,-0.133878290314313,0.0716317039384305,-0.0378121642182336,0.0446404990278838,-0.171534905975968,0.0287067399519836,0.0538681432559838,0.0543086646553803,0.0238501008151131,-0.0492960498947921,-0.02624667676776,-0.36325718333562,-0.0017455474112599,-0.289053801590777,-0.069276249808254,-0.00772297402421583,-0.0183797770094888,0.194864185119165,-0.0799583879022198,0.151204252788213,-0.0803161015067396,-0.022003862765817,0.0714861958249082,-0.0323734283882943,0.16297012567909,-0.286839086309689,-0.022799717333914,-0.24594013890559,-0.0754836115863382,0.0133767920869497,-0.113752402665222,-0.0200277007468656,-0.040069876236699,0.157971140641958,0.152956640933584,-0.0895116257463554,-0.11471462558954,0.0308101810190834,0.160105121104237,-0.231179879673822,0.0615955306379139,0.26246774540442,-0.0692113056097221,-0.166353121786915,0.00260709749521387,0.0867460315439348,-0.122621733780381,0.277239443827394,0.0317254393035032,0.0884766943919057,0.18537411675317,0.0171847887825186,-0.039236179607627,0.0499056871817965,0.246005364649644,0.312487704447362,-0.0828458595854983,0.0494858830329273,-0.301893428376644,-0.2154864423016,0.0358935551720766,-0.207964338748905,0.0404739710407874,-0.233291482459706,-0.166111310882296,0.147137390631171,-0.154880251713694,0.119354064515683,0.071473940058918,-0.0389890254543979,-0.0415156582289445,0.239616678177164,0.0980842765999576,0.0425418128667941,-0.141696585017551,0.133765076554332,0.0791278407193151,-0.0550241470451592,0.0828867208757725,0.143270239931993,0.0160685830866024,-0.100513122520515,-0.0618531494415121,0.0626118653610192,-0.0583113003730152,-0.00438519783005446,0.105265624882013,-0.285422714694172,0.0632985286846947,-0.0445406441560776,0.103198139278079,0.413143047562196,0,0.0235555599232683,0.323724940408912,0.00944147641016237,-0.199073154123074,0.0856790954582296,0.209453305907868,-0.150884278039976,-0.0843711670173274,0.105390992408965,0.0412451900515928,0.230157495115827,0.313207280751274,0.11251240352429,0.0902181446647416,-0.0128416566756322,0.454185578574388,0.139318318266557,0.166809602022272,0.289568485880847
"s__Veillonella_sp._CLA_AA_H247",0.0661528294631697,0.254426754558933,0.325018657127178,0.163220217701454,0.0564740274258981,0.0144970138969767,-0.0427595470968749,-0.0377634092900049,0.106972814903742,-0.0814920095221582,-0.160790465895503,-0.0454686040597718,-0.0318251206110971,-0.00966228468749752,0.137515798932832,0.177349869527935,-0.0279074663769738,-0.0166535248636116,-0.109011458205876,-0.164448390230587,0.273404589876991,-0.0112682746076883,-0.153088212849637,0.116376243330357,-0.0976930779632128,0.0424426419176625,-0.0199673307939158,0.172479243179219,-0.0445547362724991,0.209947756730349,-0.15540345955612,-0.127295365551916,-0.0424644480403402,-0.11763275685775,0.138881134140589,0.0908181937313149,0.0474211806766137,-0.0105082990907706,-0.0976228124307766,0.0436514485114576,-0.0653815036954495,-0.100854752927045,0.189136681906879,0.27781632544913,0.204813701806815,-0.414357079086752,-0.129291458246423,0.158540887871267,-0.0140439662329097,-0.0416707882903531,0.180202308541492,-0.129564040150843,-0.214646235878061,-0.126026598311744,-0.310690973494533,-0.286077258647323,0.110926654131931,-0.231031758719533,-0.000469644391313417,-0.0128897628673654,0.17950133601753,0.0975762047311833,0.0125744590254759,-0.285869522352604,0.0419527226540231,-0.0276341639990082,-0.137459829347801,0.0947690025119813,0.0711130896719973,-0.238471164590053,0.013363565869032,-0.220508101175096,-0.329773343570001,0.0313609614219264,-0.149784214945318,0.0509916745082868,-0.110684597254973,0.0469716045201159,-0.174777580598905,0.128289902103646,-0.176617261916993,0.120412426717717,0.0406142864822764,-0.0579141770709517,0.145572192473889,-0.108980390282736,0.208739484047212,-0.104859791499106,0.0885801795735349,0.197204286965354,-0.0942278029503139,-0.0156723309945146,0.228145221698448,-0.318641392635605,0.0324764605716241,0.193721108121595,-0.130608299000381,-0.113371366053166,0.0219480665263668,-0.149823043284688,-0.0520433054250169,-0.0140174792960597,0.0902319480145458,0.033313213020882,-0.101862792844669,0.0298730041995175,-0.0787830151930521,0.041561554327522,0.00797743120858552,-0.123384074220539,0.0503236753762882,-0.0830695635087973,0.136950804543684,0.100840077156096,0.163177148217991,0.156790374020029,0.0235555599232683,0,-0.0140194479302227,0.127296063114514,0.131769521911286,-0.0492068323909119,-0.248393202650465,-0.098745637663228,-0.252593402391196,-0.402129847575782,-0.172209217455059,0.0378268256192908,-0.316766678092328,-0.347813608749048,-0.0059970237366232,-0.129580176668898,-0.147558448417344,0.12218991381079,-0.461275128843178,-0.362440747593761
"s__Haemophilus_sp._Marseille_Q0026",-0.121477229692877,0.14918112168356,0.0336141735766977,-0.143250628909062,0.161537483964964,0.0661108670691037,0.153824748041393,0.042820949297244,0.302839631609722,-0.0423943499978018,0.0331992968219484,-0.0183240914408772,-0.201236669080368,0.188163338366616,0.0931427517893212,0.0799063921651612,0.312432599723868,-0.122721934291368,-0.0677413575716522,-0.0847904827049602,-0.182193027376938,-0.117982291442983,0.132046850841301,0.129083676722243,0.0730017685724705,0.339138649426866,-0.256366155190887,0.275773194571036,0.109973826335487,-0.138676743835837,-0.518024143581052,-0.0754199351580764,-0.118023048946704,-0.258036071258293,-0.169148550445227,0.285392883541288,-0.257344011711611,-0.295575187979929,-0.0452654953362487,-0.452441637146662,0.347746583689203,0.470877107199254,0.0728959213003659,-0.286252536024365,0.360529894455788,-0.142847402013456,0.146489887536324,0.190372374470207,0.253228415681235,-0.23034383659004,-0.0376667840909563,0.164882169386829,-0.413132657003009,0.0891783879688759,-0.130390056148187,-0.211938202447594,-0.0280873079961563,-0.059074482415485,0.124701988953319,0.135651260986647,0.433524102373596,0.14047750782514,-0.115476572633966,-0.00830511052491231,0.102844064037043,-0.0239745720538695,-0.0173509119882983,0.164486395624822,-0.131437192732612,0.194126909797368,-0.118067103531397,-0.142880881986629,0.157521899869667,0.0973522299699068,0.0993975081252155,0.392230802211185,0.107186774248094,-0.07982862010953,0.345113268765217,0.0473651301727754,-0.457592858464122,0.173511025904351,0.210589671905038,0.228942856955493,0.324457223505387,0.0436326267247007,0.18902073384455,-0.277569363836627,-0.239531645913812,0.285307998741451,-0.216459435126566,-0.101142905084344,0.344462762707011,-0.0641166544393143,-0.179310987884847,-0.46973759968145,-0.43788926274159,0.236417167781103,-0.532723669160649,0.141933756017194,0.340145327956803,0.140335540763721,0.275577508990872,-0.105618351461969,0.14103285996739,-0.215378476349935,0.240396672781196,0.231388209136777,0.314877838267137,-0.309024882010733,0.308292761592782,0.105221078479279,0.293718013806331,-0.158406689838941,-0.113045821335655,-0.102862079435591,0.323724940408912,-0.0140194479302227,0,0.219893497467814,0.119447189074799,0.22694328026868,-0.119666564057839,-0.272126573988676,-0.201753580733579,0.217771718500873,-0.295381711980473,-0.230319118899806,0.177209298471513,0.189919529780149,-0.161754492510415,-0.188351954668251,0.160497544495536,0.0528453854627113,0.164216016471314,0.202437239237609
"s__Leptotrichia_sp._oral_taxon_215",-0.149247302805566,-0.00766195774428438,0.0237620577941142,-0.155116503226404,0.312994500958812,-0.0598449662345344,-0.0385806842230788,-0.106750367351216,-0.206752368903688,0.0482232354584941,-0.383616144543744,0.0555223757525087,-0.119517623342193,-0.09816788841907,0.00718637079130242,-0.183046433708377,-0.119600866741025,0.102412196167269,0.0979907282828601,0.156300686321459,-0.189333357094524,-0.173818002442292,-0.152745758380186,0.100816976700604,0.0280276456136471,-0.165699988563543,-0.144811635050637,-0.0649413387330045,0.119459717720181,0.0400176399706744,-0.130634397161538,-0.176508176536108,0.17003741203127,0.147665862715111,0.0292905092194659,-0.0164073947870217,-0.0577777901199703,-0.0300126820835923,-0.0555622464484284,-0.0300617285109145,-0.0358015731777597,-0.285893375235053,0.0416348238349611,0.26948897635953,-0.0606100906613911,0.26903082589659,-0.0158758328428216,-0.0849433364808248,-0.015696937708441,-5.32454854032249e-05,-0.24802057031876,-0.147154541204796,0.30564106104863,-0.0261651870734855,-0.0101175919690863,-0.000655565284008397,-0.0389378742902353,0.108559097886214,-0.488924358229725,0.0315556854832335,-0.103776261496511,-0.00080997034710463,-0.235231931800428,0.258015472469675,0.0311807685019964,-0.0859298307179675,0.0937247695269117,0.0911271070014003,0.17915202458664,-0.0474375988476032,-0.221535446512062,0.0176749846904993,0.0452145077696176,0.0348360211439949,0.154066717845672,0.128439501161564,-0.029818559055991,0.115818749661815,0.0319019786925835,-0.36126877549228,0.103143370935794,0.152493576051313,-0.0580246212486059,-0.0923248651734486,-0.150580226679939,0.228240587641628,-0.169422624892341,-0.0756514781957862,-0.0833878561612218,-0.0885946104679113,0.13227629344569,-0.00948554482210244,-0.0913100621811268,-0.102688859062538,0.0319861957524609,0.136930359235105,0.160021811369523,0.0657821657605039,0.0815378835965803,-0.0618125058301093,-0.0320874507576664,0.103141119453795,0.104136646342373,-0.172469782195591,0.0113593845808859,-0.0198601607464589,-0.0875328612449388,-0.109899216155133,-0.0312346902691388,-0.210076451391556,-0.00988631170252813,-0.0738627070445475,-0.053405311572379,-0.297677315533162,-0.0614795127238447,-0.0903057493546145,0.00944147641016237,0.127296063114514,0.219893497467814,0,-0.135750044090277,0.0546347651791392,-0.207097390740535,0.114989153159353,-0.178102633504464,-0.0953370657656718,0.155559815023517,0.43723331475425,0.224508047868266,-0.0467655225171029,0.229002260951523,0.274300182027679,0.00877414007755481,0.119657916930176,0.113797221580265,0.0929100287452781
"s__Leptotrichia_sp._oral_taxon_221",0.0501515202526163,0.148375776041766,-0.0514107471909184,0.216041894655565,-0.410997910616307,-0.229112829775923,0.159976504691749,0.131154421877326,-0.5271038186492,-0.316171315356997,-0.160338214550389,-0.0121011870195302,0.0477604133262349,0.278591008086178,0.070466910119281,-0.165638831920362,-0.4150903421646,0.218142739193328,0.000614540389821713,0.125814002795522,-0.0421400113936691,0.153783620443052,0.165068081997748,-0.231098667045683,0.0655908473148505,-0.252027251068943,0.133467897353068,-0.381565327717781,-0.181247561933662,0.187297007263247,0.0973369901894412,-0.0511515427236745,-0.153239387536039,0.0479083748172129,0.0370181784058974,-0.171658426853734,-0.0992200933211649,0.210791065927678,0.00142460160936805,-0.153210917224005,-0.0190384062137038,-0.450133832690783,0.151404722803887,0.00905393874329252,-0.33989143788241,0.104570637594194,-0.419292288722952,-0.423410747999371,-0.469812062463626,0.125671341965365,0.0937006735833273,0.204273655457728,0.0647418534368537,-0.0679896098933747,-0.163286699276643,0.0689100690901712,0.130977039197255,-0.241512089667595,-0.266937635155492,0.0703596435497765,-0.339938637958334,-0.426086820132516,0.170686817365183,0.442314886814779,-0.346564420128861,0.00201452586561882,0.0351938536038115,-0.191071440381781,-0.0588802566740804,-0.277898404314305,0.013462975250601,-0.256012665056021,-0.202246776481186,-0.0887857334359856,0.158912703694824,0.187689911200968,0.115080091319926,-0.020928234692562,-0.0558890979035661,-0.124496258249011,0.0765324286545616,-0.0516384626251054,-0.000265246636526412,-0.368671312179644,-0.392082914870556,0.269617795193055,-0.262182476286902,0.0820958423368227,0.374021271245312,-0.248396177408146,0.0637699176404642,0.231039338877672,-0.286066939430987,0.0787263571210458,0.137814909837874,0.158002593803924,0.37981916479005,-0.282443471862651,-0.0356510031298202,-0.222696287268318,-0.414881285718527,-0.186515559014547,0.0174378596575664,0.0535220279603805,0.0123404893009488,0.239393634609089,-0.050383675918887,-0.535276710131526,-0.391348973098405,-0.0141005397016457,-0.262309918163753,-0.370061077446517,-0.320350249237773,-0.0239370325523253,0.0236949220821325,-0.0952325968509338,-0.199073154123074,0.131769521911286,0.119447189074799,-0.135750044090277,0,-0.380923705497482,-0.0562898961923292,0.367241399671051,-0.0354080068811145,0.033207628331627,-0.0538669195659339,0.0315894270463256,0.190330182184407,0.124091490460919,0.175258801363883,0.119635317885395,-0.151260344647233,0.0939626837109331,0.129067091377743,0.0136460106779432
"s__Streptococcus_sp._oral_taxon_061",0.0420248374269594,-0.107448914688501,0.0182878445364684,0.141837213215034,0.151122973783319,0.0831146257637416,-0.0128447745551629,0.0641948698335275,-0.248479607995146,0.211202953478444,0.118223463421674,0.0550066301330175,0.036930219109347,0.0630949096863611,-0.0860970989803282,-0.0400474128988506,0.0202971647792349,-0.100013018795938,0.100294663920527,-0.068260367807989,0.0338728528514273,-0.0601898465288731,-0.0494454580543996,0.278583107602787,0.0624678055375713,0.139603612440966,0.103156233836933,-0.0533144980218802,0.104090501565059,-0.0910255242941647,-0.080679521362622,-0.139338793564695,-0.0467470242735452,-0.12214812619922,0.0450373295405639,0.217433417760329,-0.0250449576087678,0.106800148459451,0.260695945909515,0.199012518972159,0.0671155849389152,0.330743409182924,-0.276610541217986,0.295501993088551,0.0378070198348351,0.143349455440387,0.0270203177691222,-0.043517801992569,0.355292413062318,-0.223749227202278,-0.166750471428852,-0.0206977141240095,-0.0413911431551805,-0.0909441284825657,-0.00712304573575737,-0.115248819336702,0.120216494913861,-0.160652492723734,0.0474505345925639,0.013933877202035,0.0351979746970207,-0.17767318750681,-0.224392733321993,0.145897687097707,-0.0722214648079589,-0.09037947565022,0.278786802051821,0.0899362617875299,0.244368622349224,0.0172966542121964,-0.0332132772024636,0.0243610837434275,0.11074205273517,0.0988996108477967,0.119004180228854,-0.00285855230312551,0.0670618844695459,0.145630887395221,-0.277651777799543,-0.0515559669889763,-0.164596687667349,0.0424378600684758,-0.0775561528466217,0.0923782493639219,-0.0144683186898548,-0.0193947788379524,-0.145494653718357,-0.153056660525069,-0.28917947353823,-0.156629450772538,0.293989742049298,-0.0165806673884078,-0.12218008953403,-0.176717544266721,-0.157039651756549,-0.0951114548457266,0.153204511649706,0.0631673775302743,0.289601309625869,0.112408073158602,-0.119824246471052,0.159408599679567,-0.0111969221641958,0.151935614575729,-0.144900084754456,-0.109502039847405,-0.357227509957183,0.0603251578927814,0.1614406603431,0.172975252500167,-0.0244953580065936,-0.0422418820869617,0.0158565254955482,0.181291872236957,-0.0497863490269103,0.0345864315279064,0.0856790954582296,-0.0492068323909119,0.22694328026868,0.0546347651791392,-0.380923705497482,0,0.238218956375194,-0.0611600922617067,0.208970784965378,-0.104385630738546,-0.185603191124791,-0.0407701980211734,-0.19200752619687,-0.188442659741665,-0.152883130122488,-0.0923600216477745,-0.100201748066295,-0.0818450192947278,-0.0161598661172308,-0.108452730278763
"s__Aggregatibacter_sp._2125159857",0.247780862719398,0.100502502146253,0.00360752647057,0.348315698980234,0.132209519832013,-0.210545267711859,0.0618192150537795,-0.196676628795489,0.377079913823678,-0.0336504220663001,-0.0522361278597109,-0.151196939458654,0.343687545227986,0.240944115789824,-0.349070264565317,0.438591889859423,0.0243788228559828,-0.240328698983449,-0.0557818216609276,-0.104461788168571,0.429985493764018,0.113302485944044,-0.0859147093648282,-0.0402860581540054,-0.229269205083527,-0.186612800797617,0.0385210920960221,0.35635838074604,-0.0889066956498484,0.186909165290312,0.311986224046981,0.0463719936163967,-0.149782490845361,0.0615356017363298,0.313138683797649,0.285974799581461,0.142590749044668,-0.0873598220829951,-0.270271957377878,0.0846531470845803,0.13885557375221,0.140636994222647,-0.0537024387706145,0.0113037911571197,0.138825600527774,0.00983122600663936,0.214160168481439,0.140434861140077,0.240639742601622,-0.289184725271465,-0.00323271130498325,-0.0780936971834375,-0.33611112302287,-0.159291346627402,-0.0862555595396097,0.000664978387374962,0.163560753043707,0.257425336642247,0.226730441981457,-0.198149783498368,0.0633200277120299,0.16659221032281,-0.0934396873483807,-0.0399344280134543,0.330585837690271,0.420105606495276,-0.254476130614047,0.0289172902051272,0.0698481034580593,0.052836951224273,-0.00921123474719608,-0.0238605510608504,-0.046063309438907,-0.121969643288296,-0.189963844617902,-0.196666720597918,-0.0872992307498344,-0.00990332734727604,0.0148957855342615,0.133100057753666,0.068543981002274,-0.301253466686822,-0.187931736362127,-0.390357164127138,0.438228966173924,-0.176753730260579,0.48474529698932,0.236258243098212,-0.113700760308687,0.305635350089725,-0.392782066629956,0.148665212484036,0.448739306042993,-0.127548788590647,-0.256526874708298,-0.2134152638703,0.00156750507736117,0.00179190964246009,0.0458875910585576,-0.14315358107206,0.289488273689646,-0.0696709058897273,-0.188690583778558,0.182286061578953,-0.191439588087307,-0.305726764376343,0.0402588615978577,0.291344643765064,0.149952928518411,0.179266545845963,-0.0713679093929579,-0.532482184608145,0.174290832642733,0.113275905340306,-0.451702638557351,0.20781517364339,0.209453305907868,-0.248393202650465,-0.119666564057839,-0.207097390740535,-0.0562898961923292,0.238218956375194,0,-0.185261343158811,0.188472482790129,0.181121018455798,-0.186102274317986,-0.111061996575713,-0.33173821484484,-0.0441174069213795,-0.184600799236011,0.0100360977763048,-0.0751796800091515,-0.198578948284953,-0.16477061875027,-0.0528266943847187
"s__Abiotrophia_defectiva",0.0248838119468189,-0.0460635358444115,-0.269637161224104,0.0520268416118858,-0.110147231965034,0.109140672970159,0.22352709473393,0.181641229754987,0.016699172177846,0.0477231421390221,0.206044677734711,0.0271611357628662,-0.272943697933749,0.17793275340645,-0.316723037754157,-0.23259907453087,0.00868959947967748,0.0444233731832125,-0.027665005320958,0.0944693886649596,-0.211414390997109,0.0118745951845488,0.262618532124082,-0.0378761641378138,0.0399207828931147,-0.356844179952107,-0.135633121367619,-0.0286169045405029,0.130614391583366,0.161100458971882,0.269428128906549,0.128568674592004,-0.0456145738885708,-0.125820005431701,0.111463952957207,-0.127180001025997,0.00918446513863791,0.0902549067206784,0.145115266581545,0.0970459326889276,-0.0392412202220974,-0.110985810572766,0.0475362559095855,0.0946829312570078,-0.111394003480661,0.156088741940561,-0.172667198903949,0.00795008261331954,-0.0577546784225808,0.0854411539781364,-0.0570104512149168,0.363157521225576,0.085737409290408,0.235500429020032,-0.322909209165313,0.0940270186830359,0.0468123685780708,-0.0522500179455376,-0.0964915316063973,0.0100878192254046,-0.346222373071719,-0.0631698763041982,0.0774223256288946,0.17984288677687,-0.0305751263081198,0.0173955507654856,0.133038794727585,-0.204035720369909,-0.00336450004209685,-0.096898932572395,0.43287294434289,-0.0903738983197126,-0.162483248669143,-0.0764520554823814,-0.188871104190105,-0.0699409192635533,0.128349968477319,0.00325665813141776,-0.122978115680261,-0.196485625478696,0.294506897025801,-0.118352522143267,0.0408530354003182,-0.0651761820995414,-0.109589918889669,-0.3416671498079,-0.199074294267574,0.159830836069138,0.122867164899711,-0.0523479621001549,0.0802557360783838,0.0116377441260492,-0.331169153014861,0.335291328364846,0.250876037882926,-0.0554865914759112,-0.223166118861327,-0.119350285243928,0.18605688084829,0.130274971625187,2.9380000414499e-05,-0.0999589582195126,-0.0426881476718321,-0.0325221490797253,0.34023652090413,0.262104321670394,0.0140877239966522,-0.134637480517694,0.112415375232688,-0.100684426993616,-0.282531771270712,0.117280335252493,0.000892698188453774,-0.319887804514512,-0.102593192012681,0.0819381944465095,-0.150884278039976,-0.098745637663228,-0.272126573988676,0.114989153159353,0.367241399671051,-0.0611600922617067,-0.185261343158811,0,-0.285914513133182,-0.0961550757039294,0.125213671890851,-0.00383222307652398,-0.090689787641022,0.0368938681253562,-0.0410145296198926,-0.174787925791864,-0.227122541810026,0.050811927075386,-0.0224786554280238,-0.154342602216071
"s__Aggregatibacter_sp._oral_taxon_458",0.101823901088271,0.0124752177928237,-0.0457319528079717,0.174618389108578,-0.000491837758065862,-0.201549642458652,-0.0712700108098074,-0.142675632998701,0.286425210396996,0.090346395078006,0.0151688135083814,0.0185497823799005,0.25053150359921,0.145310632579444,-0.21537707468565,0.282135610908341,-0.0502325217293256,-0.133895088309893,-0.125698167984799,0.0160318898873493,0.27761286681709,0.0320393379991578,0.0798260059396343,-0.0862679139171453,-0.293799208835493,-0.255437261904943,0.0780409235509786,0.271901886146039,-0.113457548346933,0.0677364617030161,0.160007616696265,0.121753997196104,-0.00433091510419484,0.279512610971509,0.128248680854793,0.074102596431088,0.236474642290255,-0.130685877025246,-0.20387114546421,0.00336635369893149,0.147492355830959,0.0435891490074965,-0.0933762739845787,0.0303084036557022,0.192010604967564,0.0333767337501863,0.215977294569791,0.0937516704676579,0.0110023496826415,-0.0337463204584277,0.171312302685413,0.0665847103986004,0.0875362128821837,-0.145097479093,0.059265988445906,0.139112090998075,0.0965948876487944,0.305342204745992,0.0602871853231768,-0.240375774830612,-0.0104168843893713,0.106446637734598,0.0220590766466986,-0.0607874356888694,0.365842809274869,0.420308344528636,-0.188907387518148,0.012890675720207,0.00108795083745945,0.120065948264459,0.130790594034448,-0.0321157945922058,-0.0763687323362674,-0.0809798562099727,-0.200122847611531,-0.096712287472815,0.00714168337753571,-0.0686940940431671,0.0114802410817344,0.0618142775498097,0.168556913421993,-0.225277822833062,-0.10293469639799,-0.396187099075902,0.385720361652078,-0.307525008789061,0.424086379836825,0.365010858898223,0.0897999815069225,0.214806657335772,-0.30013379774538,0.216069787930611,0.381819751988442,0.00258399820562481,-0.299566481833614,0.0171056591637527,-0.000483476729046473,-0.0215089378955843,-0.101428807509568,-0.0328360360194535,0.170134585481301,-0.0484153745496588,-0.117266074699964,-0.0151273957650422,0.000750947887887102,-0.101708026109461,0.19942512681208,0.220980894486169,0.117417800107893,0.426499242166274,-0.200045631870186,-0.503442620022277,0.0496582254188577,0.147747787220873,-0.447618327449837,0.00246943262336393,-0.0843711670173274,-0.252593402391196,-0.201753580733579,-0.178102633504464,-0.0354080068811145,0.208970784965378,0.188472482790129,-0.285914513133182,0,0.166127858794461,-0.122757176460936,-0.0751286312736575,-0.392109535203065,-0.0131630103024766,-0.024865463985616,0.0245635488722183,-0.168332722445608,-0.194124243098475,-0.250112587008867,-0.0914998241088178
"s__Candidatus_Nanosynbacter_sp._TM7_057",0.160539717350648,-0.0901683498854684,-0.39014864468158,0.0740949866817776,-0.246742765789607,0.0648891960517226,-0.00108033197881774,0.281790448282255,-0.151592642133117,-0.368465386145684,-0.238147234491771,-0.160747875152961,0.249877382521497,-0.0425340018735206,-0.191740742920832,-0.0045208728968526,-0.0458677660032957,-0.369227032980647,0.321752661034826,-0.0690902100824492,-0.213808270268846,0.179425745851813,0.440092193005286,0.0517945214479027,-0.454101422639806,-0.0616257973719259,0.0657844673482723,-0.126441586075099,-0.00805043718992953,-0.123839722617599,0.221436316303676,-0.216667000360383,-0.311807635726012,-0.0737805487141402,-0.0266758059618611,0.0859842445799838,-0.316756317551254,-0.374145581541851,-0.272744134660358,-0.11583960075152,-0.0720414990852405,-0.0570794993229875,0.0090501355062756,-0.101145049287008,-0.0235809483427367,0.282019090160003,0.127731671693916,0.227051375495972,-0.158048774557277,-0.170422993725953,0.0608519888819276,0.0813356241189915,-0.0991671405743974,0.20818297146459,-0.0446421971856033,-0.0939656899094521,-0.0036132018826687,0.0324362289638825,-0.321702835880859,-0.465239854537021,0.0717534565649026,-0.156607698204532,-0.13903359026283,0.284898802356474,-0.11923415779699,0.0298086824806894,-0.262264500182146,0.159531704666402,-0.494549860245132,-0.196371278728757,-0.0848708952381535,0.0816781396781704,-0.0976668467239783,-0.0434303205436922,-0.0299861527234259,-0.0224138413260364,0.310768541485354,-0.225027248709822,0.0882873586661985,0.0395608841165779,-0.282137131851265,0.00684814640424677,-0.0326813144009061,0.0527744772923187,-0.156953746607896,0.133749402637434,-0.252488468712503,-0.326430945862545,0.133418118724943,-0.272047856822262,-0.288953826622231,0.346107717868567,-0.173400266294513,-0.0964705737486592,-0.0381377049469813,0.0537942219851557,0.236690861011312,0.295904947278103,-0.191876813003911,-0.432672575865956,-0.0176588179431184,0.133440911393899,-0.0302798188774593,-0.146282555566654,0.0935804737524914,0.0888327738131194,-0.00466766745646247,0.0151226162849131,-0.0147348715559487,0.238732589112182,0.0499438683767608,-0.200326464064204,0.0897818788804346,0.212035982595928,-0.0267222634104058,0.0745600964104963,0.105390992408965,-0.402129847575782,0.217771718500873,-0.0953370657656718,0.033207628331627,-0.104385630738546,0.181121018455798,-0.0961550757039294,0.166127858794461,0,-0.0215474264010985,-0.169699615832629,0.217262302333703,0.320145961224717,-0.132757501347154,-0.00663093456521366,0.0426440928691059,-0.170281171331612,0.0905775172298189,0.294162341232533
"s__Lachnoanaerobaculum_orale",0.0925186528730814,0.102536770404243,-0.0440107420495544,0.0184962598109873,-0.227378041225461,-0.152540099776143,-0.00230477228908127,-0.0460138802297797,-0.120482620033047,-0.138119534771973,-0.283506372062048,0.137945606805162,0.0808252381621473,0.275129080191248,0.0143101141564681,-0.0473506091420971,0.115770372440519,-0.123782603501438,-0.0841864710741004,-0.167521310900218,0.210484984486378,0.213708718239242,-0.150311386048147,0.174983141763486,-0.193172550613946,0.327837757366232,0.151818166752052,-0.105020431793439,0.0981245570484565,-0.0102235381271199,0.311936842522137,-0.221346907509294,-0.0851048489145257,-0.328051049318606,0.176281902896041,-0.0288445819914929,0.00709976390688827,-0.136785675287011,0.141477311912182,-0.0414713334606123,-0.134880319316716,-0.204383008140961,0.200649153801273,-0.16712133244165,0.164755289208194,-0.0842551400035651,-0.112633218364119,0.103788294148114,-0.240435628763379,0.139725194929513,0.0834256756092598,-0.216233515941383,-0.161106817473265,-0.0551250459831989,-0.0588583276276615,-0.299549474099652,0.224521222992114,-0.0913469995287776,0.0332092070499349,-0.0979973398010943,0.00179791292381876,-0.0787236383444859,-0.0559085647398184,-0.00433947722457201,-0.0670692121747203,0.118591380308525,0.0909785407531077,0.455299630909274,0.0209960334817161,-0.191688008419553,-0.124252507938792,0.0181944841964248,-0.248000380593708,-0.239285199039278,-0.451230993713544,-0.255636377213704,-0.167204332199297,-0.0374888615007858,0.15088109092644,0.254980862271975,-0.199061294186482,-0.413265157235841,-0.371527652719938,-0.00431031857078654,-0.378373920418489,-0.0313769660906063,-0.348420570548459,-0.325667329650018,-0.0244158946378174,-0.291515637001557,0.115975811618247,0.14200899239166,-0.376629018771777,-0.118251476577939,-0.00369443839170774,-0.0340651861326364,-0.294944638258839,0.226990769269733,-0.00462769569195042,0.0886100360638693,0.0617526370478408,0.27691241107905,-0.309556426540352,-0.0368158710406,0.126374171014179,0.0288908361787752,0.329922625961563,0.0898187502900299,0.0258034279748138,0.049159443744673,0.312005686529881,0.153866409811547,0.0471134193815227,0.0347812284183766,0.222123360490529,0.019488908239176,0.0412451900515928,-0.172209217455059,-0.295381711980473,0.155559815023517,-0.0538669195659339,-0.185603191124791,-0.186102274317986,0.125213671890851,-0.122757176460936,-0.0215474264010985,0,0.170308823539532,0.279565145969281,0.124348042278848,0.115421264261044,0.163057537568763,0.0023030577568717,-0.0597868036461646,0.0648684337122964,0.0541317775451698
"s__Actinomyces_sp._S6_Spd3",0.103275688152821,0.207633273698661,0.236177636515162,0.205359738070738,-4.71143650347255e-05,-0.246678546122521,-0.296877697130478,-0.101842355237478,-0.0949824930103098,0.0318135900389885,-0.276411840582988,-0.110305629306739,0.0123856370147002,0.192951945559545,0.171495816292965,0.100055433368699,0.1670053245059,0.0478688613372787,-0.191567696184429,-0.153722635277701,0.283110683679109,0.0482879605341676,-0.299169425056222,0.00331482121542848,-0.117463375847422,0.20896311178172,0.0764753594288956,0.0711065481018445,-0.122905553583922,0.257952318004843,0.189601371822748,-0.315823334127013,0.123556916401154,-0.201389002403589,0.235543880449992,0.158819352216906,-0.0188260124395319,0.0586475497748616,-0.147432076500953,0.135677900014739,-0.17718751381516,0.0142508738829465,0.48490075978547,0.196736447830526,0.0412524573189241,-0.13258648666174,-0.0114543920422806,-0.0653679919204477,-0.071043703731046,-0.0872324554131733,-0.114232540115042,-0.314889031590824,-0.152989673345,-0.0999458870951205,-0.468112151047485,-0.25704421380263,0.130560022470213,0.0378575582143951,0.0364921796158611,-0.0650069633009131,0.0411574590830271,0.107887664614599,-0.265655534055451,-0.146586984130761,0.0341597130850691,0.421949643668435,-0.135058414935998,0.274474561303153,0.109571045543223,-0.203784725105079,-0.0713926072728937,0.0167383117254613,-0.31285810671193,-0.19677576719373,-0.22963618335996,-0.179245218155082,-0.235512090378224,0.0998082149334589,-0.00281870775460763,0.242496566737752,-0.209924759860281,-0.0540363721313626,-0.272840639435899,-0.127895612430861,0.145848644281215,0.0222712097534166,0.24816993444204,-0.323449585621045,-0.20692078109427,0.266789484838514,-0.0729080504362033,-0.103978783932854,0.201112218120769,-0.0679724211066625,0.0956385539423476,-0.192920949942718,-0.294619374413518,0.109040758901955,0.00447915953167613,-0.138819470946572,-0.11679322165425,0.141069365861181,-0.16041764761855,-0.168741515597857,-0.0496416059552561,0.21178016911994,0.128402332410333,0.00264136336313808,-0.143915211337999,-0.0418394771457912,0.185242745269304,0.0219971578792208,-0.0318348221785383,0.0141264636996565,0.0201873243891784,0.310791375215115,0.230157495115827,0.0378268256192908,-0.230319118899806,0.43723331475425,0.0315894270463256,-0.0407701980211734,-0.111061996575713,-0.00383222307652398,-0.0751286312736575,-0.169699615832629,0.170308823539532,0,0.206697181868021,0.066840148429759,-0.0619962812770374,0.00512599733809593,-0.000179900774923247,0.176006696083928,-0.0264323976326447,0.00663450649449743
"s__Candidatus_Nanosynbacter_sp._TM7_008",0.00120295805386189,-0.141398745663841,-0.337589911315489,-0.122701158625544,-0.194490755330744,-0.0913136081364385,-0.108271903856512,-0.040701603056162,-0.165565713298542,-0.261248129007687,-0.150265576029653,-0.17839512236509,0.139496219147505,0.0859873130800043,-0.193240173784076,-0.0152762725342231,-0.000442728711039481,-0.193777998966928,0.159588762226345,-0.134820426057438,-0.0681028195331392,-0.0101957662641449,0.0185804434421374,0.217456776213404,-0.299531207738551,0.205743694554463,-0.057070376956663,-0.0163085764027692,0.102991749166968,0.0404360794886327,0.0833097757900024,-0.0624924343567854,-0.318054140421808,-0.10717805849391,0.103693000866125,0.216831809942698,-0.0518879776376774,-0.0893666693207057,-0.048403953285025,0.0313471460432894,-0.0241259119263399,0.0533079244061866,0.0412135208063833,0.0319705623155893,0.0487555694484407,0.297701151745993,0.13491769464082,0.188027306162611,-0.0293248032435829,-0.0689144527820196,0.0593679116462943,-0.130027684560638,-0.0204761492139503,-0.0357069905736687,-0.19983649887712,-0.183082897875411,0.0489535209661084,0.183906719325655,-0.0456300843129389,-0.380456241779035,0.195013821812633,-0.0975389081595048,-0.112539787427437,0.212360043986512,-0.153193296178494,-0.124970854634561,-0.0202260124867874,0.439549973103622,-0.395901545058427,-0.0710249805958108,0.0952732419732573,0.256176521079799,-0.0532311016288268,-0.0466256053672052,-0.105721003511585,-0.099782190606817,-0.144312601090306,-0.115881381773718,0.327828803855994,0.0296922402864658,-0.196833445585033,-0.0516114592660989,-0.0719304495655514,0.123864000690732,-0.15115829428385,0.159175201618592,-0.128822698586078,-0.235126806422563,0.147124876230221,-0.1360323383455,-0.125762659227417,0.0242581500304493,-0.0825042765710249,0.0951894172207027,0.108759511623494,-0.0601006167245483,0.125730687912818,0.602419673781513,-0.107409922028385,-0.173432467939534,-0.0918858894617101,0.456872327999878,-0.21141633593592,-0.248012195356089,0.233776084193463,0.215153226352207,0.0619766494310263,-0.0905525912189606,-0.147410586728633,-0.0918039044062711,0.485335146687366,0.0338194310388306,0.0196302480669914,0.0906975015237985,0.129914836065385,0.0918959191548311,0.313207280751274,-0.316766678092328,0.177209298471513,0.224508047868266,0.190330182184407,-0.19200752619687,-0.33173821484484,-0.090689787641022,-0.392109535203065,0.217262302333703,0.279565145969281,0.206697181868021,0,-0.0705260756974987,0.164185054696979,0.207251672586947,0.393160192237593,0.0553210961103438,0.366515419531339,0.269272898169634
"s__Candidatus_Nanosynbacter_sp._TM7_076",0.205791355983976,-0.11910799701106,-0.344870146337053,0.0391658815788603,-0.350151743412554,-0.0460811518536458,-0.182677795106698,0.157132777271398,-0.199164937610836,-0.353816091177105,-0.0912872322891168,-0.155541604980521,0.427713405209194,-0.115682590947025,-0.301733967373578,-0.0335236753439325,-0.103632420894274,-0.238595752998331,0.175492915229639,-0.09345913974196,-0.143648881778025,0.106578813964953,0.177047054579192,0.00285828699065066,-0.387333311597819,-0.0305489726587058,0.0499582189210888,-0.166793767478567,-0.0144844044042129,0.085719221083829,0.239669465610359,0.000445209580399897,-0.191157919281926,0.0653112319991314,-0.030761051553689,0.0181767153324388,-0.111120557070255,-0.184971408665706,-0.193835453355685,-0.145743233815905,-0.0137285520113754,-0.155276083445923,-0.00444738075540677,-0.0155491041497249,-0.258529598899441,0.400569939974488,0.000900556580097245,0.0186782138825169,-0.224205114411641,-0.0712609276269339,0.101446707869462,-0.0858393174086448,0.0690736574191652,0.0377094968006486,-0.0451339632773025,-0.0450924958946929,-0.021042253055894,0.142115571111728,-0.108038923843508,-0.408529677515145,0.121493262594184,-0.227436777752323,0.0854622953373559,0.316779155262222,-0.142857211069432,-0.060786543414277,-0.170763264316263,0.227807351522085,-0.358558552597177,-0.219256206411179,0.0266158827593458,0.0976900892747465,-0.156198843015374,-0.0632354855893736,0.0135913202539042,0.0111095634562435,0.148645095443584,-0.22444894074106,-0.114753705267588,0.078373936748017,-0.0634102072702893,0.0272749480576466,-0.0757731173475217,0.0196531506055006,-0.239953309503491,0.137278618984451,-0.266125111615712,-0.0243333999741233,0.212827905352129,-0.269566462702993,-0.198490559004024,0.0267528141298738,-0.141016271873597,-0.0318301743609227,0.0477566858280074,0.107903275833302,0.25801150198157,0.315428220023448,-0.222728706809402,-0.371086500191307,-0.180822021423601,0.157026783201354,-0.0226813207654068,-0.135093829838794,0.20935803164955,0.107800213645144,0.0966683642709352,-0.218281046585748,-0.220899233453147,0.145264999664912,0.121307221266893,-0.0277557048448033,-0.130359628116957,0.315207014610875,0.087427140411772,0.104431394840771,0.11251240352429,-0.347813608749048,0.189919529780149,-0.0467655225171029,0.124091490460919,-0.188442659741665,-0.0441174069213795,0.0368938681253562,-0.0131630103024766,0.320145961224717,0.124348042278848,0.066840148429759,-0.0705260756974987,0,0.0470933656345295,0.0277218156464336,-0.0129670826403759,-0.0414393062464595,-0.349110769536234,0.0697371173829391
"s__Actinomyces_sp._oral_taxon_181",0.0289924135573912,-0.145556570244166,0.0734703441672274,0.132626772997101,-0.118216019036507,-0.0128094642025428,0.0732911868080067,-0.0785639755494065,0.00637679806622617,-0.0335976646713382,0.0104789186446372,-0.255210477507766,-0.217069316738869,0.00349317691821338,0.0913807559238283,0.32669759854233,-0.0242803326897862,-0.0600730054963483,-0.175342609375162,-0.294268841190893,0.0700994486931464,-0.0466727007197456,-0.110671285828608,0.0711350541097851,-0.215185252098898,0.149845472723571,0.0987790194224383,0.0764510945263084,-0.00865369725777626,-0.0418307476581794,0.014566648976454,-0.121950537276187,-0.0904537182366271,-0.137069586807704,0.114710535181513,-0.00912547732026767,-0.0170909008822223,-0.00815314248750676,-0.0183299344711512,0.0219127756797429,0.0241703322879491,-0.025759754281748,0.197410895995784,0.260344035804696,0.0194440012318086,-0.318941762075973,-0.0426911485637561,-0.174179883075855,0.0402102626891878,-0.0462642976752665,0.230777971255285,-0.293820381388714,-0.145885602188537,-0.0385700031200565,-0.19714180334567,-0.135948485260296,-0.0811929501479616,-0.00764898208264062,0.103961363692825,-0.204664942752124,0.00341590181515754,0.100374540419644,0.0389396666870103,-0.0708832622132853,0.166771546023533,0.25291702563984,-0.0215990159934799,0.289213875297683,-0.086906579947853,-0.353311190437839,-0.0466342276757719,0.0423758950847565,-0.374915942288949,-0.10895115110154,-0.182130106576415,-0.0507698729086229,-0.0558765627293485,-0.0225885975980194,0.112114877466324,0.327991262558938,-0.0773125549515434,-0.172985123773588,-0.216503034667723,-0.162510001828127,0.143908442908063,-0.206790257151322,0.187994403583708,-0.271248207820823,-0.141684958526518,0.373720148660493,0.00364383611542761,-0.0226074776469551,0.161532169101447,-0.113749245194234,0.312347644793306,0.108592886847776,-0.113266681887027,-0.0236175054549715,-0.108415941776309,0.117210070373608,-0.205713728823032,0.180269468754734,-0.154961813630578,-0.013816351797364,-0.092943456467975,0.196932928855573,0.0821374727974225,0.00749098596641087,-0.198553695919954,0.00652585220425961,0.0832706721502066,-0.140967923206767,-0.191136931231191,-0.0279461392692446,0.120923424513973,0.304098867587667,0.0902181446647416,-0.0059970237366232,-0.161754492510415,0.229002260951523,0.175258801363883,-0.152883130122488,-0.184600799236011,-0.0410145296198926,-0.024865463985616,-0.132757501347154,0.115421264261044,-0.0619962812770374,0.164185054696979,0.0470933656345295,0,0.312670082505919,0.127456031657537,0.168364129385036,0.0941202885406139,-0.0318886431084404
"s__Actinomyces_sp._ph3",-0.0419154218668597,-0.105970211802009,0.0694191961509907,0.099634482085472,-0.122705581309336,0.0592439954506697,0.175305268681259,-0.153159120844814,0.139468122083982,0.0626970105488727,-0.118925834879255,-0.324522120481706,-0.144736156294432,0.0358940423861219,-0.087493169070517,0.127968971648592,0.0701880919170669,-0.161451827275937,-0.190750291651432,-0.186342909581368,-0.00434732254390659,-0.0230593148544116,-0.0307131593250184,0.03544794550232,-0.313535110623364,0.0799642782383449,0.115148567820162,0.191560929708062,0.0142694495670143,-0.193444461035277,0.193263033384028,-0.0988028330841894,-0.13959646675303,-0.159692736590647,0.144942783378768,-0.0508282381616877,-0.196298032001013,-0.205509268696572,-0.0675206333330837,-0.121772697373888,-0.00542210909272434,0.0664911696628558,0.11458763640316,0.101858115719956,0.271169796198238,-0.292447220245237,-0.00848273548325212,0.0747147753946546,0.00958988687804724,-0.084479623164682,0.218629579000997,-0.129854529914903,-0.0190281581126664,0.0228001190683276,-0.0674325218106824,-0.179758706608353,-0.0463274328742055,-0.0216424918342699,0.173173450532329,-0.274524266522662,0.188736005923716,0.283893236631654,-0.007962591665805,-0.123809530359952,0.0825516204958006,0.316223315915294,-0.10415637907708,0.202109642372783,-0.174865090044611,-0.260625983359814,-0.178089112146569,0.106757409061108,-0.398971612463671,0.0877141608771755,-0.0174917207430393,0.0568992107483126,-0.217887752342752,-0.0706929407948771,0.180899243544764,0.469632696322673,-0.117151908046091,-0.00965269458242396,-0.12394122785435,-0.187050787653816,0.128957878470421,-0.323582994424909,0.187280841438367,-0.21059197563831,-0.195300790859114,0.360162216338391,-0.103883529567919,0.141951257508263,0.143877150467387,0.0223480345511629,0.182161941065429,0.0186254994290774,-0.212461245693717,-0.0208037242033372,-0.149913263706158,0.129831373671044,-0.0655704775821073,0.0684791938179887,-0.048413179174226,-0.0806946530849183,0.0267892757361407,0.12114078954675,0.239373100168329,0.0787440288393838,0.0107182874836491,0.0929889301635236,0.0353716948522827,-0.0600939585490769,0.0731071193536659,-0.210279805219528,0.0232689596053028,0.332438549195274,-0.0128416566756322,-0.129580176668898,-0.188351954668251,0.274300182027679,0.119635317885395,-0.0923600216477745,0.0100360977763048,-0.174787925791864,0.0245635488722183,-0.00663093456521366,0.163057537568763,0.00512599733809593,0.207251672586947,0.0277218156464336,0.312670082505919,0,0.223263384641572,0.234276058260962,0.0683711252698036,-0.0064340314838883
"s__Candidatus_Nanosynbacter_sp._TM7_087",0.115303591654494,0.0668583632900505,-0.141163326602403,0.0466738873082524,-0.258115843601629,0.0225188323482366,-0.0786466304419785,0.120559898134974,-0.168923513783389,-0.275143749049027,-0.236065241239241,-0.114752094044536,0.101422102712235,-0.0263909494202349,-0.191695141986093,0.00208345986748287,0.206682645644521,-0.156507730797718,0.0502369840174121,-0.0467760986165157,-0.132990332750239,0.118282073519653,0.0490342264521199,0.0303091906299169,-0.259024998901319,0.0423761222905191,-0.0162490048753926,-0.127230546008433,-0.10590911555384,0.150088872713091,0.0181844537507506,-0.163080214668775,-0.262048980667224,-0.0991305729357733,0.150494070676305,0.333813136075657,-0.242569706147126,-0.159640928406929,-0.195433833862592,-0.182729802026542,-0.0247614941997785,-0.00941463974408047,0.140798409372472,-0.11581170241489,-0.0815083446318577,0.265659232206328,0.0776192327477419,0.0683503432884504,-0.176988157183708,-0.0965344570358652,0.114041329697007,-0.0691553801342373,-0.0659960180495311,-0.0201384438844138,-0.17790891250045,-0.140338534062805,-0.089452993415019,-0.00915332834776383,-0.170056162498266,-0.319651806940647,0.250579859994022,-0.0678328145078788,0.0539892893598419,0.0572879470969916,-0.121067902258465,-0.0495971681387293,-0.168310608804572,0.191348012342634,-0.418963669680528,-0.366174918901475,-0.293334658022121,0.032584229697266,-0.158915479989108,-0.0556847111111316,-0.143252886642328,-0.109076943935868,-0.0367332784669539,0.0158216490293338,0.156786784975327,0.0617725994467031,-0.173669513639038,-0.0847472635918646,-0.132483417609979,0.0247232900513345,-0.216419411404788,0.0739279309220642,-0.173767444832385,-0.282229795546133,0.132414001000663,-0.208527949250333,-0.142904934390903,0.130275810568586,-0.0655536417823354,-0.108195677621556,-0.134867162158785,0.00511527413792753,0.0906045621950177,0.361469839226513,-0.155788783667914,-0.141358732507569,-0.0382908457472659,0.183508160505719,-0.209134168577811,-0.122383977488008,-0.0502833503713698,-0.0506518009426768,-0.0968001597844446,-0.0991084799287955,-0.102744804772338,0.117164284068576,0.191724874775085,-0.122101884220293,-0.0084509756432361,-0.0339905618415264,0.0956247117722999,0.218079909689574,0.454185578574388,-0.147558448417344,0.160497544495536,0.00877414007755481,-0.151260344647233,-0.100201748066295,-0.0751796800091515,-0.227122541810026,-0.168332722445608,0.0426440928691059,0.0023030577568717,-0.000179900774923247,0.393160192237593,-0.0129670826403759,0.127456031657537,0.223263384641572,0,-0.331813239691712,0.0920389312955348,0.344451840327225
"s__Lachnoanaerobaculum_sp._ICM7",0.0906744406204347,0.211158050539634,0.20394465465778,0.106978627332981,-0.0587604628078431,-0.321892692150964,-0.10842507100756,-0.179588887570442,-0.043907084156089,-0.0334016047360274,-0.167304254811839,0.128015248897207,0.0646216980398909,0.104072996047628,0.0382715798326801,0.128656803180095,0.00573888931998533,0.0526134977545228,0.324816509657985,0.0279174201691127,0.24620289437205,0.0934558060966004,-0.226047165113013,-0.0203929642394731,0.0597060477901147,0.0506607642467706,-0.171900629757466,0.0848966153828272,-0.131600622914822,0.309203802018043,0.0560184160195326,-0.130181940888367,-0.0832495799428478,0.106416539564576,0.194326375000453,-0.00428282398276476,0.122289060752373,-0.178386762631781,-0.0383526106159927,-0.0628561324143219,-0.20470113846014,-0.182236509014629,0.269186791775448,0.0683819694286557,-0.0785331867821697,-0.208489982590147,0.0228346117264894,-0.181928462877375,-0.159357830824093,-0.235003537368818,-0.14376315388851,-0.382012340772858,0.0357546850729916,-0.108592204631046,-0.361868009688516,0.0444695506549501,-0.067565038295178,-0.107779423819591,-0.225655072191942,0.0330842136890961,-0.218322579380937,0.105955071491713,0.0398698966641559,0.211245884882215,0.151783027552487,0.237748039804851,0.00531754629761856,0.0143474165680694,0.0542000902861762,-0.169684229518026,0.00446368287853649,-0.10011653152904,-0.148718953956364,-0.31608887415579,-0.16268901816655,-0.0550487677328893,-0.104949847383187,-0.0190765958648229,-0.139524721033819,0.0679047493322691,-0.129969837037565,-0.277091777371377,-0.260129353808483,-0.325328311666747,-0.0320767191663213,0.064322931069972,0.131365565104504,-0.119684217516318,0.0115328115604794,0.0965199696489515,-0.0178575462256834,0.0862717731412121,0.0520504773595397,0.148996383558623,0.0419621254858256,-0.328705345150464,0.212703403693774,0.0227867014814715,-0.096373439132739,-0.289660560131361,0.114227215723839,0.104666971359861,-0.241625226823414,0.0132789771261393,-0.150818220262951,0.070133109122488,0.232864074216331,-0.0749402102959693,0.0660442784135793,-0.294406580938244,-0.010224570612505,-0.425411497565651,0.139418001854722,-0.0845184875078702,-0.0531309384601677,-0.0207566734849026,0.139318318266557,0.12218991381079,0.0528453854627113,0.119657916930176,0.0939626837109331,-0.0818450192947278,-0.198578948284953,0.050811927075386,-0.194124243098475,-0.170281171331612,-0.0597868036461646,0.176006696083928,0.0553210961103438,-0.0414393062464595,0.168364129385036,0.234276058260962,-0.331813239691712,0,0.0423867918299665,-0.128514037221516
"s__Candidatus_Nanosynbacter_sp._TM7_075",-0.079828291554478,-0.160669723939332,-0.401937753801021,-0.120597458832503,-0.323023029694008,0.0331924866310444,0.0476432452622014,0.151065663374483,-0.226519865448205,-0.576094311314848,-0.377997605405415,-0.386783731136987,0.0347333288231254,0.0299119068399709,-0.528713824676024,-0.10175096930317,-0.116865684042688,-0.29398895723998,0.149061527476918,-0.231786195760539,-0.275526642551614,-0.0039362784480976,0.219171183976772,0.259700083558606,-0.58440848705216,0.0733630610654194,-0.0217717831438709,-0.0623896750737562,0.196309739679013,-0.190031940730184,0.0567588428037502,-0.175962418376515,-0.520317654807126,-0.0800226439566726,-0.141711774026776,0.0282731953566453,-0.33528647176222,-0.332961035232956,-0.0954676785553761,-0.0200297752187258,0.0177237510021075,-0.102953114755335,-0.114435725749969,-0.0122692493291895,0.00761197290908383,0.362645830628164,0.119819855089935,0.211560807589906,-0.187901270962621,-0.106990554086186,0.0811216861316085,0.0998929933549657,-0.0746074603256465,0.179440995667946,-0.0927999533447978,-0.193076275167407,-0.063640057425006,0.183387942467919,-0.0784653113974335,-0.609722275662833,0.287405743849634,-0.124977603574619,0.02047568223368,0.180936566180714,-0.0569973347293942,-0.205074703656586,-0.058199675429967,0.363836797385427,-0.550521498440869,-0.339755671797541,-0.0996938251515918,0.250835572591656,-0.240966740011341,0.171404481498057,0.178630559401928,0.236115334237995,0.128946378433018,-0.331517139353685,-0.272228854787434,0.0473081801309816,-0.144305394985947,0.139711528805359,-0.0457486138161773,0.0695452804421625,-0.0793500676473533,0.132489682081628,-0.167519120835588,-0.198886248398311,0.16389464987442,-0.0765019036318608,-0.172088626486913,0.243548661294963,-0.0395392780596126,0.108864843515082,0.172115159413882,-0.000411155998364304,0.0821425842243232,0.554638897223206,-0.0926197528321285,-0.3409139896978,-0.106420486641481,0.474086663416213,0.0925838533772216,0.0236045676283987,0.174286535054421,0.0519593626436297,0.0548138061042003,-0.000880621252397906,-0.0978679101417789,-0.113140034568937,0.349462098890621,0.125626520907335,0.0768837343154188,0.211086566778088,0.19867411568515,0.127769583864592,0.166809602022272,-0.461275128843178,0.164216016471314,0.113797221580265,0.129067091377743,-0.0161598661172308,-0.16477061875027,-0.0224786554280238,-0.250112587008867,0.0905775172298189,0.0648684337122964,-0.0264323976326447,0.366515419531339,-0.349110769536234,0.0941202885406139,0.0683711252698036,0.0920389312955348,0.0423867918299665,0,-0.0703336950641502
"s__Candidatus_Nanosynbacter_sp._TM7_053",0.0656840564111873,-0.0182206151264081,-0.351939871323884,0.0175342667254708,-0.206715782899008,0.0642352353689336,-0.190727104834287,0.103159946776804,-0.112800101477236,-0.359745038420725,-0.190885535462212,-0.247346191253785,0.222070332117247,0.017022724870502,-0.412719602225225,0.0416062810251429,0.0756686099275319,-0.304686882464523,0.0502705755134834,-0.187380607908438,-0.0447071405704657,0.0387355191651452,0.169683092728648,0.162282718359231,-0.373818501197907,0.141064067173354,-0.0356460250886095,-0.0274263151189016,0.0732251600508478,0.0437159981985576,0.0836608744316308,-0.130107924200954,-0.42919623702145,-0.109633158641779,0.0503883089733866,0.144866793744909,-0.302634002565968,-0.249070366142251,-0.148026376276633,0.00142324511636613,-0.0809293404887284,0.031901369319224,0.119806524710988,-0.060719357586672,0.0391535195044019,0.355347522247637,0.0916062678508743,0.237830154262784,-0.0791567564856901,-0.222622155287235,0.119230452447344,0.0406288587980025,-0.133931784785364,0.0856252588582063,-0.048913067973359,-0.254750499047055,-0.11743798429569,0.117286402751853,0.0489267957078757,-0.470166366604138,0.223996703743347,-0.0716700162997419,-0.0329738441032989,0.220780536294132,-0.173538779719799,-0.11183662373449,-0.142003222827679,0.3373692918558,-0.482955268604506,-0.209555818537548,-0.0452830314579401,0.109656693851798,-0.12481260880581,0.10159256877553,0.0797841928809958,0.0366438588158337,0.0658298398145526,-0.16699483653202,0.164254787191414,0.111757618459905,-0.241142856728947,0.132465030720187,0.00364572459164596,0.158110472988863,-0.0896475900438426,0.0712291563413846,-0.117888678306432,-0.21735207062687,0.237483253451916,-0.116664529313892,-0.205554279443963,0.0697701470355308,0.0163367421551593,-0.0438612688946278,-0.0212942184431729,0.107387927108486,0.158628459015148,0.492462936841306,-0.108455994484437,-0.290113676939211,-0.0181283307420378,0.355051968737942,-0.0155673682857876,-0.107836830796871,0.0978903158502147,0.0346296333438468,-0.00488749097822762,-0.0281079365603244,-0.0656464830764999,0.0964025006401757,0.372010977519088,0.00722836497835165,0.136037552470526,0.115386991560743,0.177889565738697,0.198870197866423,0.289568485880847,-0.362440747593761,0.202437239237609,0.0929100287452781,0.0136460106779432,-0.108452730278763,-0.0528266943847187,-0.154342602216071,-0.0914998241088178,0.294162341232533,0.0541317775451698,0.00663450649449743,0.269272898169634,0.0697371173829391,-0.0318886431084404,-0.0064340314838883,0.344451840327225,-0.128514037221516,-0.0703336950641502,0
