"","s__Streptococcus_mitis","s__Streptococcus_salivarius","s__Streptococcus_parasanguinis","s__Streptococcus_oralis","s__Rothia_mucilaginosa","s__Neisseria_mucosa","s__Haemophilus_parainfluenzae","s__Neisseria_sicca","s__Streptococcus_infantis","s__Schaalia_odontolytica","s__Prevotella_melaninogenica","s__Actinomyces_sp._ICM47","s__Gemella_haemolysans","s__Streptococcus_sanguinis","s__Actinomyces_graevenitzii","s__Streptococcus_pseudopneumoniae","s__Streptococcus_sp._263_SSPC","s__Veillonella_atypica","s__Haemophilus_parahaemolyticus","s__Prevotella_histicola","s__Streptococcus_cristatus","s__Streptococcus_pneumoniae","s__Neisseria_subflava","s__Streptococcus_australis","s__Veillonella_dispar","s__Gemella_sanguinis","s__Haemophilus_haemolyticus","s__Streptococcus_sp._oral_taxon_431","s__Streptococcus_rubneri","s__Streptococcus_vestibularis","s__Streptococcus_sp._M334","s__Prevotella_pallens","s__Lancefieldella_parvula","s__Prevotella_jejuni","s__Streptococcus_gordonii","s__Granulicatella_adiacens","s__Actinomyces_bouchesdurhonensis","s__Veillonella_parvula","s__Veillonella_rogosae","s__Actinomyces_oris","s__Haemophilus_sputorum","s__Rothia_sp._HMSC065C12","s__Streptococcus_sp._HSISS2","s__Rothia_dentocariosa","s__Streptococcus_timonensis","s__Lautropia_mirabilis","s__Streptococcus_sp._HMSC067H01","s__Streptococcus_sp._Marseille_Q3533","s__Rothia_sp._HMSC072B04","s__Veillonella_tobetsuensis","s__Alloprevotella_tannerae","s__Neisseria_sp._HMSC071A01","s__Megasphaera_micronuciformis","s__Neisseria_meningitidis","s__Alloprevotella_sp._oral_taxon_473","s__Prevotella_salivae","s__Streptococcus_sp._UMB0029","s__Solobacterium_moorei","s__Peptostreptococcus_stomatis","s__Veillonella_nakazawae","s__Streptococcus_sp._F0442","s__Streptococcus_sp._HPH0090","s__Prevotella_intermedia","s__Rothia_aeria","s__Streptococcus_sp._HMSC034E03","s__Streptococcus_anginosus","s__Veillonella_sp._oral_taxon_158","s__Streptococcus_sp._XMC","s__Rothia_sp._HMSC062F03","s__Actinomyces_sp._ICM58","s__Leptotrichia_wadei","s__Mogibacterium_diversum","s__Actinomyces_sp._oral_taxon_172","s__Porphyromonas_somerae","s__Porphyromonas_sp._oral_taxon_279","s__Porphyromonas_bobii","s__Neisseria_flavescens","s__Rothia_sp._HMSC072E10","s__Candidatus_Nanosynbacter_sp._HMT_352","s__Parvimonas_micra","s__Prevotella_vespertina","s__Porphyromonas_sp._KLE_1280","s__Prevotella_nanceiensis","s__Fusobacterium_pseudoperiodonticum","s__Streptococcus_sp._HMSC074B11","s__Abiotrophia_sp._HMSC24B09","s__Streptococcus_sp._SK140","s__Prevotella_sp._oral_taxon_306","s__Neisseria_sp._oral_taxon_014","s__Streptococcus_sp._HMSC061D10","s__Veillonella_sp._S13053_19","s__Haemophilus_influenzae","s__Streptococcus_sp._HMSC056C01","s__Lachnoanaerobaculum_saburreum","s__Leptotrichia_sp._oral_taxon_218","s__Alloprevotella_rava","s__Haemophilus_paraphrohaemolyticus","s__Streptococcus_sp._1001283B150225_161107_H12","s__Actinomyces_naeslundii","s__Schaalia_sp._ORNL0103","s__Streptococcus_sp._Marseille_Q6470","s__Streptococcus_sp._343_SSPC","s__Porphyromonas_pasteri","s__Porphyromonas_endodontalis","s__Campylobacter_concisus","s__Leptotrichia_sp._oral_taxon_417","s__Oribacterium_sinus","s__Streptococcus_sp._Marseille_Q0941","s__Streptococcus_sp._HMSC062D07","s__Aggregatibacter_segnis","s__Streptococcus_sp._A12","s__Fusobacterium_periodonticum","s__Streptococcus_sp._Marseille_Q4154","s__Gemella_morbillorum","s__Fusobacterium_nucleatum","s__Streptococcus_intermedius","s__Granulicatella_sp._HMSC30F09","s__Veillonella_sp._CLA_AA_H247","s__Haemophilus_sp._Marseille_Q0026","s__Leptotrichia_sp._oral_taxon_215","s__Leptotrichia_sp._oral_taxon_221","s__Streptococcus_sp._oral_taxon_061","s__Aggregatibacter_sp._2125159857","s__Abiotrophia_defectiva","s__Aggregatibacter_sp._oral_taxon_458","s__Candidatus_Nanosynbacter_sp._TM7_057","s__Lachnoanaerobaculum_orale","s__Actinomyces_sp._S6_Spd3","s__Candidatus_Nanosynbacter_sp._TM7_008","s__Candidatus_Nanosynbacter_sp._TM7_076","s__Actinomyces_sp._oral_taxon_181","s__Actinomyces_sp._ph3","s__Candidatus_Nanosynbacter_sp._TM7_087","s__Lachnoanaerobaculum_sp._ICM7","s__Candidatus_Nanosynbacter_sp._TM7_075","s__Candidatus_Nanosynbacter_sp._TM7_053","HMDB0000243","HMDB0000617","HMDB0246561","HMDB0000749","HMDB0000525","HMDB0000191","HMDB0000208","HMDB0059655","HMDB0000292","HMDB0000177","HMDB0001886","HMDB0000947","HMDB0304953","HMDB0003357","HMDB0000517","HMDB0246328","HMDB0001964","HMDB0001311","HMDB0003099","HMDB0000333","HMDB0006029","HMDB0000759","HMDB0000094","HMDB0029952","HMDB0000625","HMDB0032935","HMDB0000929","HMDB0240343","HMDB0255056","HMDB0028873","HMDB0028917","HMDB0255868","HMDB0000210","HMDB0244966","HMDB0028756","HMDB0304810","HMDB0028766","HMDB0011161","HMDB0011170","HMDB0028823","HMDB0240712","HMDB0003312","HMDB0006344","HMDB0000050","HMDB0029051","HMDB0006294","HMDB0003869","HMDB0028765","HMDB0028738","HMDB0011167","HMDB0252832","HMDB0002171","HMDB0029091","HMDB0001999","HMDB0003876","HMDB0001043","HMDB0000230","HMDB0304067","HMDB0242124","HMDB0242602","HMDB0028886","HMDB0031046","HMDB0004704","HMDB0302107","HMDB0304028","HMDB0029292","HMDB0062747","HMDB0028990","HMDB0304338","HMDB0029112","HMDB0002183","HMDB0304801","HMDB0005764","HMDB0302836","HMDB0030936","HMDB0029160","HMDB0060474","HMDB0001442","HMDB0029681","HMDB0000258","HMDB0302684","HMDB0004241","HMDB0010410","HMDB0029090","HMDB0001220","HMDB0040690","HMDB0029379","HMDB0241173","HMDB0037203","HMDB0035311","HMDB0240453","HMDB0249363","HMDB0304808","HMDB0000244","HMDB0000048","HMDB0028808","HMDB0241271","HMDB0030407","HMDB0000626","HMDB0304025","HMDB0000569","HMDB0244832","HMDB0241231","HMDB0242632","HMDB0038468","HMDB0011152","HMDB0036355","HMDB0247121","HMDB0011474","HMDB0035489","HMDB0302058","HMDB0011475","HMDB0038238","HMDB0296943","HMDB0248874","HMDB0011517","HMDB0031936","HMDB0248539","HMDB0029655","HMDB0296915","HMDB0033008","HMDB0034679","HMDB0038539","HMDB0041413","HMDB0010382","HMDB0035167","HMDB0034393","HMDB0012986","HMDB0255962","HMDB0010386","HMDB0030116","HMDB0037381","HMDB0061034","HMDB0035217","HMDB0302594","HMDB0297111","HMDB0059793","HMDB0038934","HMDB0041125","HMDB0304575","HMDB0304867","HMDB0266649","HMDB0040767","HMDB0266684","HMDB0039553","HMDB0303682","HMDB0303182","HMDB0034361","HMDB0271082","HMDB0262879","HMDB0010332","HMDB0303369","HMDB0250003","HMDB0272648","HMDB0034108","HMDB0273947","HMDB0279169","HMDB0280068"
"s__Streptococcus_mitis",NA,NA,NA,0.735849203610922,NA,NA,NA,NA,NA,0.614107772712671,0.576882517286669,0.656292726136153,0.28116157355707,NA,NA,0.159645194875748,NA,0.870672545312691,0.313096317120236,0.743955940733068,0.846587828327061,0.165731950903162,NA,NA,0.667101776087127,NA,0.853669314197349,NA,NA,0.158076487944597,0.489246310462025,0.860859919607975,NA,0.480547991291162,0.607992188572671,NA,NA,NA,0.248915307563562,NA,NA,NA,NA,0.397562066678294,NA,NA,NA,NA,NA,0.316185973650994,NA,NA,0.486375401529036,NA,NA,0.141757087352715,0.241184626748053,NA,NA,0.722400076354892,NA,NA,NA,NA,NA,NA,0.142452970416831,NA,NA,0.871995020730886,0.546711671865719,NA,0.630139889960417,NA,NA,NA,NA,NA,NA,NA,0.467735440029895,NA,0.36688059770396,NA,NA,NA,NA,0.815473354991348,NA,NA,0.178477016891545,NA,NA,0.423060837177984,NA,NA,0.159486976631925,NA,NA,0.465965789483932,NA,NA,NA,NA,0.495763252851743,NA,NA,NA,NA,NA,NA,NA,NA,NA,NA,0.515537369996304,NA,0.650599649992018,0.484567233390534,NA,0.768255355850201,NA,NA,NA,NA,NA,NA,0.529053278095211,NA,NA,NA,NA,NA,NA,NA,NA,NA,NA,NA,NA,NA,NA,NA,NA,NA,NA,NA,NA,NA,NA,NA,NA,NA,NA,NA,NA,NA,NA,NA,NA,NA,NA,NA,NA,NA,NA,NA,NA,NA,NA,NA,NA,NA,NA,NA,NA,NA,NA,NA,NA,NA,NA,NA,NA,NA,NA,NA,NA,NA,NA,NA,NA,NA,NA,NA,NA,NA,NA,NA,NA,NA,NA,NA,NA,NA,NA,NA,NA,NA,NA,NA,NA,NA,NA,NA,NA,NA,NA,NA,NA,NA,NA,NA,NA,NA,NA,NA,NA,NA,NA,NA,NA,NA,NA,NA,NA,NA,NA,NA,NA,NA,NA,NA,NA,NA,NA,NA,NA,NA,NA,NA,NA,NA,NA,NA,NA,NA,NA,NA,NA,NA,NA,NA,NA,NA,NA,NA,NA,NA,NA,NA,NA,NA,NA,NA,NA,NA,NA,NA,NA,NA,NA,NA,NA,NA,NA,NA,NA,NA,NA,NA,NA,NA,NA
"s__Streptococcus_salivarius",NA,NA,0.561406115672454,NA,0.933117379587577,0.199172654000267,0.041832469411555,0.267614953337955,NA,NA,NA,NA,NA,NA,NA,NA,0.144400511880558,0.333406500894748,NA,NA,NA,NA,0.623401674546738,NA,0.219950801777564,NA,0.632573023598124,NA,NA,0.11576263763961,NA,NA,NA,NA,0.280259049713258,NA,NA,NA,NA,NA,NA,NA,0.969677058775792,NA,NA,NA,NA,NA,NA,NA,NA,0.239518929031239,NA,0.181213435385714,0.173563982357045,NA,NA,NA,NA,0.0591233636229249,NA,NA,NA,NA,NA,NA,NA,NA,0.650924197208882,NA,NA,NA,NA,0.978107079426871,NA,NA,0.384017010949943,NA,NA,NA,NA,NA,NA,0.884893918416075,NA,NA,NA,NA,NA,NA,NA,0.977726890448637,NA,NA,NA,NA,NA,NA,NA,NA,NA,NA,NA,NA,NA,NA,NA,NA,NA,NA,NA,NA,NA,NA,NA,NA,NA,0.081510815440611,NA,NA,NA,NA,NA,NA,NA,NA,NA,NA,NA,NA,0.395839423764146,NA,NA,NA,NA,NA,NA,NA,NA,NA,NA,NA,NA,NA,NA,NA,NA,NA,0.263321039087108,NA,NA,NA,NA,NA,NA,NA,NA,NA,NA,NA,NA,NA,NA,NA,NA,NA,NA,NA,NA,NA,NA,NA,NA,NA,NA,NA,NA,NA,NA,NA,NA,NA,NA,NA,NA,NA,NA,NA,NA,NA,NA,NA,NA,NA,NA,NA,NA,0.000309498500917021,NA,NA,NA,NA,NA,NA,NA,NA,NA,NA,NA,NA,NA,NA,NA,NA,NA,NA,NA,NA,NA,NA,NA,NA,NA,NA,NA,NA,NA,0.429050283914948,NA,NA,NA,NA,NA,NA,NA,NA,NA,NA,NA,NA,NA,NA,NA,NA,NA,NA,NA,NA,NA,NA,NA,NA,NA,NA,NA,NA,NA,NA,NA,NA,NA,NA,NA,NA,NA,NA,NA,NA,NA,NA,NA,NA,NA,NA,NA,NA,NA,NA,NA,NA,NA,NA,NA,NA,NA,NA,0.818782609154883,NA,NA,NA,NA,NA,NA,NA
"s__Streptococcus_parasanguinis",NA,0.561406115672454,NA,NA,0.255301213173413,0.101352568171775,0.0410234861913948,0.390464438026576,0.10891166035962,0.21335584221712,NA,NA,NA,NA,NA,NA,0.507354374181646,0.424968464278598,0.447806231285868,0.892039320240146,0.868033000029749,NA,0.797141710588022,NA,0.0776571003031187,NA,0.386002948038302,0.0860496842616118,NA,0.819011245451967,0.0335749752960154,NA,0.972555455024623,NA,0.925673592346789,NA,NA,0.0898981698174448,0.0353533236724386,NA,0.844652629114011,NA,0.598791446836775,0.00390062630493947,NA,0.203054997337856,NA,NA,NA,NA,NA,0.403781830717208,NA,0.151632592220893,0.159773500104192,NA,NA,NA,NA,0.0637145502047127,0.024792549277754,0.096297532006094,NA,NA,NA,0.0558140880296236,NA,NA,0.0178129061831939,NA,NA,NA,NA,0.55115311875081,NA,NA,0.70904171460216,0.0355384162921484,NA,NA,NA,NA,NA,0.1241893964776,0.750900516375315,NA,0.316594247530324,NA,NA,0.278250928353912,NA,0.850253114106951,0.703077372216928,NA,NA,NA,0.626482392654667,NA,NA,0.285146219556083,NA,NA,NA,NA,NA,NA,NA,NA,NA,NA,NA,0.85312237316981,NA,NA,NA,NA,NA,0.026060514952583,NA,NA,NA,NA,NA,NA,NA,NA,NA,NA,NA,NA,0.668232825142337,0.695358388255034,NA,NA,NA,NA,NA,NA,NA,NA,NA,NA,NA,NA,NA,NA,NA,NA,0.883964509018861,NA,NA,NA,NA,NA,NA,NA,NA,NA,NA,NA,NA,NA,NA,NA,NA,NA,NA,NA,NA,NA,NA,NA,NA,NA,NA,NA,NA,NA,NA,NA,NA,NA,NA,NA,NA,NA,NA,NA,NA,NA,NA,NA,NA,NA,NA,NA,NA,NA,NA,NA,NA,NA,NA,NA,NA,NA,NA,NA,NA,NA,NA,NA,NA,NA,NA,NA,NA,NA,NA,NA,NA,NA,NA,NA,NA,NA,NA,NA,NA,NA,NA,NA,NA,NA,NA,NA,NA,NA,NA,NA,NA,NA,NA,NA,NA,NA,NA,NA,NA,NA,0.155300915246774,NA,NA,NA,NA,NA,NA,NA,NA,NA,NA,NA,NA,NA,NA,NA,NA,NA,NA,NA,NA,NA,0.00986922752707594,0.103970329451684,NA,NA,NA,NA,NA,NA,NA,NA,NA,NA,NA,NA,0.274447031200412,NA,NA,0.172075679997309,NA,NA,NA,NA
"s__Streptococcus_oralis",0.735849203610922,NA,NA,NA,NA,NA,NA,NA,NA,NA,0.0356264094059828,0.143523806178582,NA,0.327661229578992,NA,0.900323718388766,NA,0.172735525387644,NA,0.225524446292902,0.632788720890589,0.856867290751176,NA,NA,0.203386329364528,NA,NA,NA,NA,NA,NA,0.21778071568749,NA,0.963860030339502,0.355106023678882,0.826470532436021,0.949957039146444,NA,0.227232899704498,0.619106797663544,NA,NA,NA,0.693438788368731,NA,NA,NA,NA,NA,0.418887639702012,NA,NA,0.700904650839867,NA,NA,0.461048994605116,0.123795978032567,NA,NA,0.111665254807554,NA,NA,0.153897447151344,0.280509152631374,NA,0.96543551859064,0.132092757159909,NA,NA,0.199354904210298,0.541814968460862,NA,0.315871616840144,NA,NA,NA,NA,NA,NA,NA,NA,NA,0.810933608535507,0.486413684858433,NA,NA,NA,NA,NA,NA,0.26600808328259,NA,0.882241140817351,0.117030483898514,0.755068791024742,NA,NA,NA,NA,NA,NA,NA,NA,NA,0.920081035206084,NA,NA,NA,NA,NA,NA,0.512702420907494,NA,NA,NA,0.94693381096699,0.935297089243827,NA,NA,NA,0.204326338697396,NA,0.0449604161925573,NA,NA,0.66686616754782,NA,NA,NA,NA,NA,NA,0.787158219470353,NA,NA,NA,NA,NA,NA,NA,NA,NA,NA,NA,NA,NA,NA,NA,NA,NA,NA,NA,NA,NA,NA,NA,NA,NA,NA,NA,NA,NA,NA,NA,NA,NA,NA,NA,NA,NA,NA,NA,NA,NA,NA,NA,NA,NA,NA,NA,NA,NA,NA,NA,NA,NA,NA,NA,NA,NA,NA,NA,NA,NA,NA,NA,NA,NA,0.00274269664938487,NA,NA,NA,NA,NA,NA,NA,NA,NA,NA,NA,NA,NA,NA,NA,NA,NA,NA,NA,NA,NA,NA,NA,NA,NA,NA,NA,NA,NA,NA,NA,NA,NA,NA,NA,NA,NA,NA,NA,NA,NA,NA,NA,NA,NA,NA,NA,NA,NA,NA,NA,NA,NA,0.150155955651404,NA,NA,NA,NA,NA,NA,NA,NA,NA,NA,NA,NA,NA,NA,NA,NA,0.065558528425693,NA,NA,NA,NA,NA,NA,NA,NA,NA,NA,NA,NA,NA,NA,NA,NA,NA,NA,NA,NA,NA,NA,NA,NA
"s__Rothia_mucilaginosa",NA,0.933117379587577,0.255301213173413,NA,NA,NA,NA,NA,0.00568955761200623,0.302742232852897,NA,NA,NA,NA,NA,NA,0.0766355966926041,NA,NA,NA,NA,NA,0.557039183605433,NA,NA,NA,NA,0.000678415762714964,NA,NA,NA,NA,NA,NA,NA,NA,NA,NA,NA,NA,0.303796527139827,0.0606118841916815,NA,0.0503589146208741,NA,NA,NA,NA,0.00229526314080399,NA,NA,NA,NA,NA,NA,NA,NA,NA,NA,NA,NA,0.00139831894970681,0.0110664937671934,NA,0.0179122417984797,NA,NA,NA,0.133196408936734,NA,0.0358700299908462,NA,NA,NA,NA,NA,0.900349890045918,0.233079806198719,NA,NA,NA,NA,NA,NA,0.000279132066378123,NA,0.000259643577325355,NA,0.0439718227272575,0.0105040801115893,NA,NA,0.00416318898377376,NA,NA,NA,NA,NA,NA,NA,0.178865803077099,NA,NA,NA,NA,0.094151093290067,NA,0.0666949683420405,0.0156985245891208,NA,NA,NA,0.0164633006754112,NA,NA,NA,NA,NA,NA,NA,0.0157457300729051,NA,NA,NA,NA,NA,NA,NA,NA,NA,NA,NA,NA,NA,NA,NA,NA,NA,NA,NA,NA,NA,NA,NA,NA,NA,NA,NA,NA,NA,NA,NA,NA,NA,NA,NA,NA,NA,NA,NA,NA,NA,NA,NA,NA,NA,NA,NA,NA,NA,NA,NA,NA,NA,NA,NA,NA,NA,NA,NA,NA,NA,NA,NA,NA,NA,NA,NA,NA,NA,NA,NA,NA,NA,NA,NA,NA,NA,NA,NA,NA,NA,NA,NA,NA,NA,NA,NA,NA,NA,NA,NA,NA,NA,NA,NA,NA,NA,NA,NA,NA,NA,NA,NA,NA,NA,NA,NA,NA,NA,NA,NA,NA,NA,NA,NA,NA,NA,NA,NA,NA,NA,NA,NA,NA,NA,NA,NA,NA,NA,NA,NA,NA,NA,NA,NA,NA,NA,NA,NA,NA,NA,NA,NA,NA,NA,NA,NA,NA,NA,NA,NA,NA,NA,NA,NA,NA,NA,NA,NA,NA,NA,NA,NA,NA,NA,NA,0.480768509296191,NA,NA,NA,0.752323897157869,NA,NA
"s__Neisseria_mucosa",NA,0.199172654000267,0.101352568171775,NA,NA,NA,0.420363193418564,0.379231370317487,NA,0.398641642654701,NA,NA,NA,NA,NA,NA,NA,0.203419874182156,0.139919466872814,0.633626002083211,0.547336718429462,NA,0.211966173742706,NA,NA,NA,0.295391252744083,NA,NA,0.0971269914319434,NA,NA,0.770019226123777,0.0528107031286772,0.0222910277694139,NA,0.757189680112556,NA,NA,NA,0.0121263457590406,NA,0.194396702448143,NA,NA,NA,NA,NA,NA,NA,NA,0.143404185650094,NA,0.979979904375782,0.851631125961998,NA,NA,0.0444427260584908,NA,0.224356580946275,NA,NA,NA,NA,NA,0.216476700777247,NA,NA,0.103189652913608,NA,NA,0.0732042001094209,NA,0.213709594494845,0.676006691819763,0.155004897462017,0.498148483630487,NA,NA,NA,0.174015526491654,0.323518276949983,NA,0.848107339266574,NA,NA,NA,0.206662026991488,0.60637497136408,NA,NA,0.0866653302059814,NA,NA,NA,NA,NA,NA,NA,0.198403583263955,NA,NA,0.221878674940636,NA,NA,NA,NA,NA,NA,NA,NA,NA,NA,NA,NA,0.540865362358748,NA,NA,NA,NA,NA,NA,NA,NA,NA,NA,NA,0.149002545219694,NA,NA,NA,0.750768428601427,NA,NA,NA,NA,NA,NA,NA,NA,NA,NA,NA,NA,0.566238904842522,NA,NA,NA,0.312460256793206,NA,NA,NA,NA,NA,NA,NA,NA,NA,NA,NA,NA,NA,NA,NA,NA,NA,NA,NA,NA,NA,NA,NA,NA,NA,NA,NA,NA,NA,NA,NA,NA,NA,NA,NA,NA,NA,0.0233035595299654,NA,NA,NA,NA,NA,NA,NA,NA,0.913495069462087,NA,NA,NA,NA,NA,NA,NA,NA,NA,NA,NA,NA,NA,NA,NA,NA,NA,NA,NA,NA,NA,NA,NA,NA,NA,NA,NA,NA,NA,NA,NA,NA,NA,NA,NA,NA,NA,NA,NA,NA,NA,NA,NA,NA,NA,NA,NA,NA,NA,NA,NA,NA,NA,NA,NA,NA,NA,NA,NA,NA,NA,NA,0.0868064722611675,NA,NA,NA,NA,NA,NA,NA,NA,NA,NA,NA,NA,NA,NA,NA,NA,NA,NA,NA,NA,NA,NA,NA,NA,NA,NA,NA,NA,NA,NA,NA,NA,NA,NA,NA
"s__Haemophilus_parainfluenzae",NA,0.041832469411555,0.0410234861913948,NA,NA,0.420363193418564,NA,0.749350079622037,NA,NA,NA,NA,NA,NA,0.783145585680955,NA,NA,0.783120964472826,0.173411233568687,0.808220528852696,0.0538112105720128,NA,0.809522081432261,0.121818120871456,NA,NA,0.525874011836745,NA,0.694828663344568,0.0367309686633248,NA,NA,0.365822511968466,0.305747127586151,NA,NA,NA,NA,0.00847677348183872,NA,0.815896342538063,NA,0.131208336868637,0.221674919279328,NA,NA,NA,NA,NA,NA,NA,0.79553947277037,NA,0.48947862788532,NA,0.538999356768139,NA,0.400753923244464,NA,NA,NA,NA,NA,NA,NA,0.00523757294664546,0.0251463200366403,0.0340690498615033,0.270729161044558,NA,0.0591961035733429,NA,NA,0.204514859577122,NA,0.0534382933832225,0.970491678990576,NA,0.814439339935105,NA,0.111995326624584,NA,NA,NA,NA,NA,NA,0.790755177223378,NA,NA,0.026847801666627,0.0717694682173408,NA,0.683664505194968,NA,NA,0.980160540131949,0.0610743869189463,NA,NA,NA,0.114269629813049,NA,NA,NA,NA,NA,NA,NA,0.333732811464057,NA,NA,NA,NA,NA,NA,NA,NA,NA,NA,NA,NA,NA,NA,NA,NA,NA,0.0709684813997813,NA,0.287885005791908,0.670265743100105,0.325049150018958,NA,NA,0.785867058378146,NA,NA,NA,NA,NA,NA,NA,NA,NA,NA,NA,NA,NA,0.0155350626601499,NA,NA,NA,NA,NA,NA,NA,NA,NA,NA,NA,NA,NA,NA,NA,NA,NA,NA,NA,NA,NA,NA,0.155040779603252,NA,NA,NA,NA,NA,NA,NA,NA,NA,NA,NA,NA,NA,NA,NA,NA,NA,NA,0.0415716692965782,NA,NA,NA,NA,NA,NA,NA,NA,NA,NA,NA,NA,NA,NA,NA,NA,NA,NA,NA,NA,NA,NA,NA,NA,NA,0.023676468968368,NA,NA,NA,NA,NA,NA,NA,NA,NA,NA,NA,NA,NA,NA,NA,NA,NA,NA,NA,NA,NA,NA,NA,NA,NA,NA,NA,0.00116963078490407,NA,NA,NA,NA,NA,NA,NA,NA,NA,NA,NA,NA,NA,NA,NA,NA,NA,NA,NA,NA,NA,NA,NA,NA,NA,NA,NA,NA,NA,NA,NA,NA,NA,NA,NA,NA,NA,NA,NA,NA,NA,NA,NA,NA,NA,NA,NA,NA,NA
"s__Neisseria_sicca",NA,0.267614953337955,0.390464438026576,NA,NA,0.379231370317487,0.749350079622037,NA,NA,0.768436594159372,NA,NA,NA,NA,NA,NA,NA,0.966775956667807,NA,0.632794106800394,NA,NA,0.409692416053739,NA,NA,NA,0.477379464660526,NA,NA,0.0426920264279394,NA,NA,0.448359979681453,NA,NA,NA,0.319829405754487,NA,NA,NA,0.0630032422811359,NA,0.455064902712258,NA,NA,0.47398262257977,NA,NA,NA,NA,NA,0.0543596112501426,NA,0.0125621897991709,NA,NA,NA,NA,NA,NA,NA,0.50415061244632,NA,NA,0.242832503190328,NA,NA,NA,NA,0.44605713545074,NA,NA,NA,NA,NA,NA,0.303041286091996,NA,0.277012315698951,NA,0.355589764317421,NA,NA,NA,0.0286253373365975,NA,0.0568746391264003,NA,0.64321425153331,0.0827846646845341,NA,0.994539577401314,0.138539953184904,NA,NA,NA,NA,NA,NA,0.293437063187341,NA,NA,NA,NA,NA,NA,NA,NA,NA,0.44977731474342,NA,NA,NA,NA,NA,NA,NA,NA,NA,NA,NA,NA,NA,NA,NA,0.114642850596892,NA,NA,NA,NA,0.664138183096675,NA,NA,NA,0.404572671222207,0.557755343139779,NA,NA,NA,NA,NA,NA,NA,NA,0.161089115405349,NA,NA,NA,NA,NA,NA,NA,NA,NA,NA,NA,NA,NA,NA,NA,NA,NA,NA,NA,NA,NA,NA,NA,NA,NA,NA,NA,NA,NA,NA,NA,NA,NA,NA,NA,NA,NA,NA,NA,NA,NA,0.0453727039204061,NA,NA,NA,NA,NA,NA,NA,NA,NA,NA,NA,NA,NA,NA,NA,NA,NA,NA,NA,NA,NA,NA,NA,NA,NA,NA,NA,NA,NA,NA,NA,NA,NA,NA,NA,NA,NA,0.262169600293586,NA,NA,NA,NA,NA,NA,NA,NA,NA,NA,NA,NA,NA,NA,NA,NA,NA,NA,NA,0.108014744692659,NA,NA,NA,NA,NA,NA,NA,NA,NA,NA,NA,NA,NA,NA,NA,NA,NA,NA,NA,NA,NA,NA,NA,NA,NA,NA,NA,NA,NA,NA,NA,NA,NA,NA,NA,NA,NA,NA,NA,NA,NA,NA,NA,NA,0.0313746225521436,NA,NA,NA,NA
"s__Streptococcus_infantis",NA,NA,0.10891166035962,NA,0.00568955761200623,NA,NA,NA,NA,NA,NA,NA,NA,NA,NA,0.0569746927040557,0.378089608682135,0.494354297043389,NA,NA,NA,NA,NA,0.342184496736492,NA,0.563226593906866,0.0631535171294116,0.0725874598398414,0.520185359067913,NA,NA,NA,NA,NA,NA,0.988642805388038,NA,0.137546379721158,NA,NA,NA,0.00744895077746507,NA,NA,0.694877153644787,NA,0.597781973081829,0.562812254269326,0.0778957460675192,0.482908942394388,0.562013964174869,NA,0.124558995711395,NA,NA,0.720444540489006,NA,NA,NA,NA,0.44302664259675,0.946396878777557,0.938162497450592,NA,0.864896755299439,NA,NA,0.0403363756628434,NA,NA,NA,NA,NA,NA,NA,NA,NA,NA,NA,NA,NA,NA,NA,NA,0.69740637412074,NA,0.779051277278672,NA,0.180341485286813,0.89121216525437,NA,NA,0.488389154664299,NA,0.167218066654203,0.508021169803673,0.760682126458351,0.0230281794299495,NA,NA,0.302242272686962,0.0952347331550943,NA,NA,NA,0.12526937253822,NA,0.852865182747711,0.765186212152802,0.245574580891883,0.180929858385837,NA,0.741808750364725,NA,NA,NA,0.631963229993775,0.463917170610299,NA,NA,0.00195543042718273,0.0835632481984016,0.0299613241871919,NA,0.0977686764157462,NA,NA,NA,0.338175169815409,0.243974406206641,NA,NA,NA,NA,NA,NA,NA,NA,NA,NA,NA,NA,NA,NA,NA,NA,NA,NA,NA,NA,NA,NA,NA,NA,NA,NA,NA,NA,NA,NA,NA,NA,NA,NA,NA,NA,NA,NA,NA,NA,NA,NA,NA,NA,NA,NA,NA,NA,NA,0.003109709821674,0.0560799635414372,NA,NA,NA,NA,NA,NA,NA,NA,NA,NA,NA,NA,NA,NA,NA,NA,NA,NA,NA,NA,NA,NA,NA,NA,NA,NA,NA,NA,NA,NA,NA,NA,NA,NA,NA,NA,NA,NA,NA,NA,NA,NA,NA,NA,NA,NA,0.156269263419617,NA,NA,NA,NA,NA,NA,NA,NA,NA,NA,NA,NA,NA,NA,NA,NA,NA,NA,NA,NA,NA,NA,NA,NA,NA,NA,NA,NA,NA,NA,NA,NA,0.00340070991904196,NA,NA,NA,NA,NA,NA,NA,NA,NA,NA,NA,NA,NA,NA,0.115604262468715,NA,NA,NA,NA,NA,NA,NA,NA,NA,NA,NA,NA,NA,NA,NA,NA,NA,NA
"s__Schaalia_odontolytica",0.614107772712671,NA,0.21335584221712,NA,0.302742232852897,0.398641642654701,NA,0.768436594159372,NA,NA,0.325113177806247,0.693057645635848,NA,NA,0.62506751847612,NA,0.272397829392567,0.360845143044882,0.959156750869684,0.0760009777855836,NA,0.738099023596728,0.94994819483946,NA,0.931943824678187,NA,0.579434450505365,NA,NA,NA,0.687909098671494,NA,0.361599268407361,0.0876483969020055,NA,NA,0.350529038942009,0.823618840226316,NA,NA,0.134519051048267,NA,NA,NA,NA,NA,NA,NA,NA,NA,NA,NA,0.078833839523394,0.456998708083239,NA,0.0774532217623753,NA,NA,NA,0.675330824110097,NA,0.0889033994960232,NA,NA,NA,NA,NA,NA,0.00964597521003001,0.0837615821795423,NA,0.744125278058178,0.00993121296656346,NA,NA,NA,0.533754069545089,0.139191061591212,0.0395155028302167,NA,NA,NA,NA,NA,NA,NA,NA,NA,0.434448376855057,NA,NA,0.251180193403216,NA,0.000732630890627145,NA,NA,0.114208339500938,NA,NA,0.109206768270118,NA,NA,NA,NA,NA,NA,NA,NA,NA,NA,NA,NA,NA,NA,NA,NA,NA,0.580792653052547,NA,NA,NA,NA,NA,NA,NA,NA,NA,0.84625443114498,0.130715091162097,0.0384696034628013,0.845525646542827,0.72358327185265,NA,NA,0.00101936738994089,0.0351782178957805,NA,NA,NA,NA,NA,NA,NA,NA,NA,NA,NA,NA,NA,NA,NA,NA,NA,NA,NA,NA,NA,NA,NA,NA,NA,NA,NA,NA,NA,NA,NA,NA,NA,NA,NA,NA,NA,NA,NA,NA,NA,NA,NA,NA,NA,NA,NA,NA,NA,NA,NA,NA,NA,NA,NA,NA,NA,0.702242761874987,NA,NA,NA,NA,NA,NA,NA,NA,NA,NA,NA,NA,NA,NA,NA,NA,NA,NA,NA,NA,NA,NA,NA,NA,NA,NA,NA,NA,NA,NA,NA,NA,NA,NA,NA,NA,NA,NA,NA,NA,NA,NA,NA,NA,NA,NA,NA,NA,NA,NA,NA,NA,NA,NA,NA,NA,NA,NA,NA,NA,NA,NA,NA,NA,NA,NA,NA,NA,NA,NA,NA,NA,NA,NA,NA,NA,NA,NA,NA,NA,NA,NA,NA,NA,NA,NA,NA,NA,NA,NA,NA,NA,NA,NA,NA,NA,NA,NA,NA,NA
"s__Prevotella_melaninogenica",0.576882517286669,NA,NA,0.0356264094059828,NA,NA,NA,NA,NA,0.325113177806247,NA,0.912884751675662,NA,0.0795091448349707,0.0650306262436816,0.313579328529289,NA,0.399080979622709,NA,0.176593582399981,0.0382972038816043,0.525643347785536,NA,0.269202620051459,0.531267454218897,NA,NA,NA,NA,NA,NA,0.48744280584896,0.40666923893584,0.901998798404999,0.0469005910618319,NA,0.907086992946364,0.99381612254316,0.768843368819637,NA,NA,NA,NA,NA,NA,NA,NA,NA,NA,0.07347888336571,NA,NA,0.410892581701074,NA,NA,0.649187775139019,NA,NA,NA,0.58171898361873,NA,NA,0.404200493780976,NA,NA,NA,0.501416727326033,0.071750568528351,NA,0.0143196788470611,0.259657735729381,0.105086254925352,0.0237125289738896,NA,NA,NA,NA,NA,NA,NA,0.133147879043178,NA,0.82995805270006,NA,NA,NA,NA,0.0886754585990779,NA,NA,0.614943609491585,NA,NA,0.33283022789022,NA,0.305104599550165,NA,NA,NA,NA,NA,0.106265273949302,NA,NA,0.690921252103337,NA,NA,0.427892661653893,NA,NA,0.10241012637465,NA,0.662404161510961,NA,NA,0.363698795616459,NA,0.277889572147544,NA,NA,0.34878311847847,NA,NA,NA,NA,NA,NA,NA,NA,NA,NA,NA,NA,NA,NA,NA,NA,NA,NA,NA,NA,NA,NA,NA,NA,NA,NA,NA,NA,NA,NA,NA,NA,NA,NA,NA,NA,NA,NA,NA,NA,NA,NA,NA,NA,NA,NA,NA,NA,NA,NA,NA,NA,NA,NA,NA,NA,NA,NA,0.473367221267162,NA,NA,0.0218839243066271,NA,NA,NA,NA,NA,NA,NA,NA,NA,NA,0.704452155979765,NA,NA,NA,NA,NA,NA,NA,NA,NA,NA,NA,0.00426598673772428,NA,0.000855922705143303,NA,NA,NA,NA,NA,NA,NA,NA,NA,NA,NA,NA,NA,NA,NA,NA,NA,NA,NA,NA,0.0903921466874884,NA,NA,NA,NA,NA,NA,NA,NA,NA,NA,NA,NA,0.00469479487440077,NA,NA,NA,NA,NA,NA,NA,NA,NA,NA,NA,NA,NA,NA,NA,NA,NA,NA,NA,NA,NA,NA,NA,NA,NA,NA,NA,NA,NA,NA,NA,NA,NA,NA,NA,NA,NA,NA,NA,NA,NA,NA,NA,NA,NA,NA,NA,NA,NA,NA,NA,NA
"s__Actinomyces_sp._ICM47",0.656292726136153,NA,NA,0.143523806178582,NA,NA,NA,NA,NA,0.693057645635848,0.912884751675662,NA,NA,NA,0.670524771467308,0.354154070183025,NA,0.88810045670475,0.539749850773619,0.743337494629234,NA,0.247571019654429,NA,NA,0.755896734994567,NA,0.309431278207447,NA,NA,NA,NA,0.0738529022314277,0.254113889571627,0.80103186090381,NA,NA,0.755507099234323,NA,0.00312618141074897,NA,NA,NA,NA,NA,NA,NA,NA,NA,NA,0.548962428060553,NA,NA,NA,NA,NA,0.447408714706365,NA,NA,NA,0.688872769928368,NA,NA,NA,NA,NA,NA,0.00468762150359627,NA,NA,0.0195919226752529,0.807227844030466,NA,0.322216950591783,NA,NA,NA,NA,NA,0.0581592822941066,NA,0.174574396685125,NA,NA,NA,NA,NA,NA,0.174754514714127,NA,NA,0.00390495468093987,NA,NA,0.282441192266077,NA,NA,NA,NA,NA,0.0510916425388728,NA,NA,NA,NA,0.488519335908002,NA,NA,NA,NA,NA,NA,NA,NA,NA,NA,NA,NA,0.75896618928866,NA,NA,NA,NA,NA,NA,NA,0.350375719821383,NA,0.501393728482861,0.30207509824763,0.362867498656777,NA,NA,0.506801286683005,NA,0.0274120535556439,0.147558982916335,NA,NA,NA,NA,NA,NA,NA,NA,NA,NA,NA,NA,NA,NA,NA,NA,NA,NA,NA,NA,NA,NA,NA,NA,NA,NA,NA,NA,NA,NA,NA,NA,NA,NA,NA,NA,NA,NA,NA,NA,NA,NA,NA,NA,NA,NA,NA,NA,NA,NA,NA,NA,NA,NA,NA,NA,NA,0.0771616800405901,NA,NA,NA,NA,NA,NA,NA,NA,NA,NA,NA,NA,NA,0.803984590165392,NA,NA,NA,NA,NA,NA,NA,NA,NA,NA,NA,NA,NA,NA,NA,NA,NA,NA,NA,NA,0.179674653588117,NA,NA,NA,NA,NA,NA,NA,NA,NA,NA,NA,NA,NA,NA,NA,NA,NA,NA,NA,NA,NA,0.000558839276945959,NA,NA,NA,NA,NA,NA,NA,NA,NA,NA,NA,NA,NA,NA,NA,NA,NA,NA,NA,NA,NA,NA,NA,NA,NA,NA,NA,NA,NA,NA,NA,NA,NA,NA,NA,NA,NA,NA,NA,NA,NA,NA,NA
"s__Gemella_haemolysans",0.28116157355707,NA,NA,NA,NA,NA,NA,NA,NA,NA,NA,NA,NA,NA,NA,0.559262360735648,NA,0.785129224869636,NA,NA,NA,0.285934395864942,NA,NA,0.68989176080149,NA,0.29646554554633,NA,NA,NA,0.0976242959595929,NA,0.492207963869153,NA,NA,NA,NA,NA,NA,NA,NA,NA,NA,NA,NA,NA,NA,NA,NA,NA,NA,NA,0.0907955358564067,NA,NA,0.0867237880449004,0.0403249831852707,NA,NA,0.927521415509316,NA,NA,NA,NA,NA,NA,NA,NA,NA,0.0901665254564644,NA,NA,NA,NA,NA,NA,NA,NA,NA,NA,NA,NA,NA,NA,NA,0.36339153249641,NA,NA,NA,NA,NA,NA,NA,NA,NA,NA,NA,NA,NA,0.378141761759599,NA,NA,NA,NA,NA,0.387665150903282,NA,NA,NA,NA,NA,NA,NA,0.765337373525859,NA,NA,NA,0.831029370825165,NA,NA,NA,NA,NA,NA,NA,NA,NA,NA,NA,0.0128345514316984,NA,NA,NA,NA,NA,NA,NA,NA,NA,NA,NA,NA,NA,NA,NA,NA,NA,NA,NA,NA,NA,NA,NA,NA,NA,0.971895802656157,NA,NA,NA,NA,NA,NA,NA,NA,NA,NA,NA,NA,NA,NA,NA,NA,NA,NA,NA,NA,NA,NA,NA,NA,NA,NA,NA,NA,NA,NA,NA,NA,NA,NA,NA,NA,NA,NA,NA,NA,NA,NA,NA,NA,NA,NA,NA,NA,NA,NA,NA,NA,NA,NA,NA,NA,NA,NA,NA,NA,NA,NA,NA,NA,NA,NA,NA,NA,NA,NA,NA,NA,NA,NA,NA,NA,NA,NA,NA,NA,NA,NA,NA,NA,NA,NA,NA,NA,NA,NA,NA,NA,NA,NA,NA,NA,NA,NA,NA,NA,NA,NA,NA,NA,NA,NA,NA,NA,NA,NA,NA,NA,NA,0.0702769686692602,0.429787665451202,NA,NA,NA,NA,NA,NA,NA,0.0235024289354622,NA,NA,NA,NA,NA,NA,NA,NA,NA,NA,NA,NA,NA,NA,NA
"s__Streptococcus_sanguinis",NA,NA,NA,0.327661229578992,NA,NA,NA,NA,NA,NA,0.0795091448349707,NA,NA,NA,NA,NA,NA,NA,NA,0.173905761115815,0.681410670776071,NA,NA,NA,NA,NA,NA,NA,NA,NA,NA,0.0351707942193458,NA,NA,0.998560108679732,NA,NA,NA,NA,0.696639067477541,NA,NA,NA,NA,NA,0.401788653006324,NA,NA,NA,NA,NA,NA,NA,NA,NA,NA,NA,0.685991701527543,NA,NA,NA,NA,0.310708374442817,NA,NA,NA,NA,NA,NA,NA,NA,NA,NA,NA,NA,NA,NA,NA,NA,NA,NA,NA,0.302978784881661,NA,NA,NA,NA,NA,NA,NA,NA,NA,NA,NA,NA,NA,NA,NA,0.368020932845966,NA,NA,NA,NA,NA,NA,NA,NA,NA,NA,NA,NA,NA,NA,NA,NA,NA,NA,NA,NA,NA,NA,NA,NA,NA,NA,NA,NA,NA,NA,NA,NA,NA,NA,NA,NA,NA,NA,NA,NA,NA,NA,NA,NA,NA,NA,NA,NA,NA,NA,NA,NA,NA,NA,NA,NA,NA,NA,NA,NA,NA,NA,NA,NA,NA,NA,NA,NA,NA,NA,NA,NA,NA,NA,NA,NA,NA,NA,NA,NA,NA,NA,NA,NA,NA,NA,NA,NA,NA,NA,NA,NA,NA,NA,NA,NA,NA,NA,0.000182138971021441,NA,NA,NA,NA,NA,NA,NA,NA,NA,NA,NA,NA,NA,NA,NA,NA,NA,NA,NA,NA,NA,NA,NA,NA,NA,0.00327515048723187,0.884076043989156,NA,NA,NA,NA,NA,NA,NA,0.00536869808756996,NA,NA,NA,NA,NA,NA,NA,NA,NA,NA,0.0172470166242861,NA,NA,NA,NA,NA,NA,NA,NA,NA,NA,NA,NA,NA,NA,NA,NA,NA,NA,NA,NA,NA,NA,NA,NA,NA,NA,NA,NA,NA,NA,NA,NA,NA,NA,NA,NA,NA,NA,NA,NA,NA,NA,NA,NA,NA,NA,NA,NA,NA,NA
"s__Actinomyces_graevenitzii",NA,NA,NA,NA,NA,NA,0.783145585680955,NA,NA,0.62506751847612,0.0650306262436816,0.670524771467308,NA,NA,NA,NA,NA,0.3663830970992,NA,0.294658284473423,NA,NA,NA,0.065686420176606,0.886290092177661,NA,0.718792751068689,NA,NA,NA,NA,0.240686477351763,0.910427946460798,0.634536456163599,NA,NA,0.512468352228023,0.507858665746311,NA,NA,NA,NA,NA,NA,NA,NA,NA,NA,NA,0.961999814834287,NA,NA,0.599204207761607,0.715041309148568,NA,0.204290447805056,NA,NA,NA,0.829330291802913,0.00125077079060356,NA,NA,NA,NA,NA,NA,0.0481922107674972,NA,0.325206054793639,NA,NA,0.744187275321742,NA,NA,NA,NA,NA,0.100277532334791,NA,0.361490205008231,NA,NA,NA,NA,NA,NA,NA,NA,NA,NA,0.6018880863882,NA,0.0329457877945686,NA,NA,NA,0.323372043600999,NA,0.15081498423262,NA,0.075360026811121,NA,NA,NA,NA,NA,0.241648834047002,NA,NA,NA,NA,NA,NA,NA,NA,NA,0.357834954729425,0.61134164415235,NA,NA,NA,NA,NA,NA,0.267345467286754,NA,0.296912458878726,0.267430824760412,0.0782037707562496,0.596173927678936,0.624518002543853,0.268502847249361,NA,0.00266959236506113,0.0162772105085316,NA,NA,NA,NA,NA,NA,NA,NA,NA,NA,NA,NA,NA,NA,NA,NA,NA,NA,NA,NA,NA,NA,NA,NA,NA,NA,NA,NA,NA,NA,NA,NA,NA,NA,NA,NA,NA,NA,NA,NA,NA,NA,NA,NA,NA,NA,NA,NA,NA,NA,NA,NA,NA,NA,NA,NA,NA,0.109433726255429,NA,NA,NA,NA,NA,NA,NA,NA,NA,NA,NA,NA,NA,NA,NA,NA,NA,NA,NA,NA,NA,NA,NA,NA,NA,NA,NA,NA,NA,NA,NA,NA,NA,NA,NA,NA,NA,NA,NA,NA,NA,NA,NA,NA,NA,NA,NA,NA,NA,NA,NA,NA,NA,NA,NA,NA,NA,NA,NA,NA,NA,NA,NA,0.15793298952496,NA,NA,NA,NA,NA,NA,NA,NA,NA,NA,NA,NA,NA,NA,NA,NA,NA,NA,NA,NA,NA,NA,NA,NA,NA,NA,NA,NA,NA,NA,NA,NA,NA,NA,NA,NA
"s__Streptococcus_pseudopneumoniae",0.159645194875748,NA,NA,0.900323718388766,NA,NA,NA,NA,0.0569746927040557,NA,0.313579328529289,0.354154070183025,0.559262360735648,NA,NA,NA,NA,0.996230373875737,NA,NA,0.249017376103038,0.130229027155681,NA,NA,0.650680313711007,NA,NA,0.221537471405688,NA,NA,0.297791256061432,0.979088916108312,NA,NA,NA,NA,NA,0.531605631170466,0.973802267410326,NA,NA,NA,NA,NA,NA,NA,0.214594993356743,NA,NA,0.337545642087955,NA,NA,NA,NA,NA,0.602423722989376,0.116477901050488,NA,NA,0.648951389473714,NA,0.0967085628779511,NA,NA,0.469178679717719,NA,0.695182757466473,NA,NA,NA,NA,NA,NA,NA,NA,NA,NA,NA,NA,NA,NA,NA,0.732242585342436,0.064056762546039,0.461248046194335,NA,0.102589154734135,NA,NA,0.171731134426186,0.417699601575196,NA,0.0371139596515668,NA,NA,NA,NA,NA,NA,NA,NA,NA,NA,NA,0.181828016458883,NA,NA,0.330830608442843,NA,NA,NA,NA,NA,NA,NA,NA,NA,0.224647196976275,NA,NA,NA,0.780333643419007,NA,NA,NA,NA,NA,NA,NA,NA,NA,NA,NA,NA,NA,NA,NA,NA,NA,NA,NA,NA,NA,NA,NA,NA,NA,NA,NA,NA,NA,NA,NA,NA,NA,NA,NA,NA,NA,NA,NA,NA,NA,NA,NA,NA,NA,NA,NA,NA,NA,NA,NA,NA,NA,NA,NA,NA,NA,NA,NA,NA,NA,NA,NA,NA,NA,NA,NA,NA,NA,NA,NA,NA,NA,NA,NA,NA,NA,NA,NA,NA,NA,NA,NA,NA,NA,NA,NA,NA,NA,NA,NA,NA,NA,NA,NA,NA,NA,NA,NA,NA,NA,NA,NA,NA,NA,NA,NA,NA,NA,NA,NA,NA,NA,NA,NA,NA,NA,NA,NA,NA,NA,NA,NA,NA,NA,NA,NA,NA,NA,NA,NA,NA,NA,NA,NA,NA,NA,NA,NA,NA,NA,NA,NA,NA,NA,NA,NA,NA,NA,NA,NA,NA,NA,NA,NA,NA,NA,NA,NA,NA,NA,NA,NA,NA,NA,NA,NA,NA,NA,NA,NA,NA
"s__Streptococcus_sp._263_SSPC",NA,0.144400511880558,0.507354374181646,NA,0.0766355966926041,NA,NA,NA,0.378089608682135,0.272397829392567,NA,NA,NA,NA,NA,NA,NA,NA,0.130958569391564,NA,NA,NA,NA,0.0569032089686759,NA,0.19911437272053,NA,0.261767185449291,NA,NA,NA,NA,NA,NA,NA,0.603562456997115,NA,NA,NA,NA,NA,0.0592793814759123,NA,NA,0.159069578863891,NA,0.887270854213221,0.209083880208556,0.0303666723288381,NA,NA,NA,NA,NA,NA,NA,NA,NA,NA,NA,0.459059270695972,0.195194723750936,0.499176003850307,NA,0.679308384533246,NA,NA,0.0365303770536514,NA,NA,NA,NA,NA,NA,NA,NA,NA,NA,NA,NA,NA,NA,NA,NA,0.622038913127328,NA,0.834606420997419,NA,0.119837092022595,0.946852311455444,NA,0.0995721272899458,0.678725777258446,NA,0.992442467008319,0.466613779948418,0.917559428953593,NA,NA,0.0575246524592522,0.236303503664353,NA,NA,NA,NA,NA,NA,0.222559689784229,0.123459953621128,NA,0.125161583366708,NA,0.128352681782506,NA,NA,NA,0.92223611987776,NA,NA,NA,0.0149134541935746,0.887596250986053,NA,NA,NA,NA,NA,NA,NA,NA,0.887825713823183,NA,NA,NA,NA,NA,NA,NA,NA,NA,0.0417403535026148,NA,NA,NA,NA,NA,NA,NA,NA,NA,NA,NA,NA,NA,NA,NA,NA,NA,NA,NA,NA,NA,NA,NA,NA,NA,NA,NA,NA,NA,NA,NA,NA,NA,NA,NA,NA,NA,NA,NA,NA,NA,NA,NA,NA,NA,NA,NA,NA,NA,NA,NA,NA,NA,NA,NA,NA,NA,NA,NA,NA,NA,NA,NA,NA,NA,NA,NA,NA,NA,NA,NA,NA,NA,NA,NA,NA,NA,NA,NA,NA,NA,NA,NA,NA,NA,NA,NA,NA,NA,NA,NA,NA,NA,NA,NA,NA,NA,NA,NA,NA,NA,NA,NA,NA,NA,NA,NA,NA,NA,NA,NA,NA,NA,0.376775246570123,NA,NA,0.0987684904927702,NA,NA,0.0681112977882741,NA,NA,0.598057784302601,NA,NA,NA,NA,NA,NA,NA,NA,NA,NA,NA,NA,NA,NA,NA,NA,NA,NA,NA,NA,NA,NA,NA,0.901340753608977,NA,0.199549944265677,NA,NA,NA,NA
"s__Veillonella_atypica",0.870672545312691,0.333406500894748,0.424968464278598,0.172735525387644,NA,0.203419874182156,0.783120964472826,0.966775956667807,0.494354297043389,0.360845143044882,0.399080979622709,0.88810045670475,0.785129224869636,NA,0.3663830970992,0.996230373875737,NA,NA,0.0490370706084983,0.882178819560794,NA,0.66744754386193,0.994278853270626,0.0635516069251259,0.139933746295428,0.869389325402901,NA,0.313351028380144,0.559262988859592,NA,NA,0.653293244677815,0.867518559023695,0.483990440927725,NA,NA,0.999137652209791,0.0918135780206312,NA,NA,NA,NA,0.267481191086295,NA,0.624536403384723,NA,0.625467885361907,0.758506200525079,NA,0.718579854914253,NA,NA,0.93766939124493,0.387320073659938,NA,0.352110902732371,NA,NA,NA,0.32032234892038,0.068343290345579,NA,0.361870839242518,NA,NA,NA,NA,0.0659348625052253,NA,0.032477922871128,0.575738706460068,NA,NA,0.571930090283062,NA,NA,NA,NA,NA,NA,0.862839469133026,0.156688038741005,0.732009932084127,NA,NA,NA,NA,0.480796179289491,NA,NA,0.751191941166609,0.795004874927951,NA,0.0957157179339465,NA,NA,NA,0.590876297770557,NA,0.0752981492064439,0.500158909219663,0.458572660658263,0.30783894997838,NA,0.875380839615974,0.360174866526464,NA,0.776619970169909,0.562763675112041,NA,0.311337531773818,NA,0.353435843957048,0.944680868541137,NA,NA,NA,0.909220455785126,NA,NA,0.200759432762189,NA,NA,NA,NA,NA,NA,NA,0.262295665410554,0.162780908358221,0.726020587942159,0.362427130890925,NA,NA,0.0936509356349626,0.0744339982388075,NA,NA,NA,NA,NA,NA,NA,NA,NA,NA,NA,NA,NA,NA,NA,NA,NA,NA,NA,NA,NA,NA,NA,NA,NA,NA,NA,NA,0.201839864248787,NA,NA,NA,NA,NA,NA,NA,NA,NA,NA,NA,NA,NA,NA,NA,NA,NA,NA,NA,NA,NA,NA,NA,NA,NA,NA,NA,NA,NA,NA,NA,NA,NA,NA,NA,NA,NA,NA,NA,NA,NA,NA,NA,NA,NA,NA,NA,NA,NA,NA,NA,NA,NA,NA,NA,NA,NA,NA,NA,NA,NA,NA,NA,NA,NA,NA,NA,NA,NA,NA,NA,NA,NA,NA,NA,NA,NA,NA,NA,NA,NA,NA,NA,NA,NA,0.00391883188484667,NA,NA,NA,NA,NA,NA,NA,NA,NA,NA,NA,NA,NA,NA,NA,NA,NA,NA,NA,NA,NA,NA,NA,NA,NA,NA,NA,NA,NA,NA,NA,NA,NA,NA,NA,NA,NA,NA,NA,NA,NA,NA,NA
"s__Haemophilus_parahaemolyticus",0.313096317120236,NA,0.447806231285868,NA,NA,0.139919466872814,0.173411233568687,NA,NA,0.959156750869684,NA,0.539749850773619,NA,NA,NA,NA,0.130958569391564,0.0490370706084983,NA,0.0951463890236147,NA,0.54246695631625,0.225228660873665,NA,0.289330779690728,NA,0.451740353618889,NA,NA,NA,0.196695036157458,NA,0.42908960743853,NA,NA,0.012172890974512,NA,NA,NA,NA,0.0263207488929232,NA,NA,NA,NA,NA,NA,NA,NA,NA,NA,0.0292414719245446,NA,0.349278471144568,NA,NA,NA,0.414126863868475,NA,0.127603825882792,NA,NA,NA,NA,NA,NA,NA,NA,NA,NA,NA,NA,NA,NA,NA,NA,0.495708352370658,NA,0.103251730331424,NA,NA,NA,NA,NA,NA,NA,NA,NA,0.0688147834520842,NA,NA,0.703843070799901,NA,NA,NA,NA,0.454508839174565,NA,NA,0.979349205142836,NA,NA,NA,NA,NA,NA,NA,NA,NA,NA,NA,NA,NA,NA,NA,NA,0.0166506011581349,NA,0.697707560267776,NA,NA,NA,NA,NA,NA,NA,NA,0.270548237556012,NA,NA,0.336858453683298,NA,NA,NA,NA,NA,NA,NA,NA,NA,NA,NA,NA,NA,0.298445935929934,NA,NA,NA,NA,NA,NA,NA,NA,NA,NA,NA,NA,NA,NA,NA,NA,NA,NA,NA,NA,NA,NA,NA,NA,NA,NA,0.317917802186111,NA,NA,NA,NA,NA,NA,NA,NA,NA,NA,NA,NA,NA,NA,NA,NA,NA,NA,NA,NA,NA,0.00430237251025826,NA,NA,NA,NA,NA,NA,0.000215300585470074,NA,NA,NA,NA,NA,NA,NA,NA,NA,NA,NA,NA,NA,NA,NA,NA,NA,NA,NA,NA,NA,NA,NA,NA,NA,NA,NA,NA,NA,NA,NA,NA,NA,NA,NA,NA,NA,NA,NA,NA,NA,NA,NA,NA,NA,NA,NA,NA,NA,NA,NA,NA,NA,NA,NA,NA,0.29229793190051,NA,NA,NA,NA,NA,NA,NA,NA,NA,NA,NA,NA,NA,NA,NA,NA,NA,NA,NA,NA,NA,NA,NA,NA,NA,0.0158535642636038,NA,NA,NA,0.0312629966857632,NA,NA,NA,NA,NA,NA
"s__Prevotella_histicola",0.743955940733068,NA,0.892039320240146,0.225524446292902,NA,0.633626002083211,0.808220528852696,0.632794106800394,NA,0.0760009777855836,0.176593582399981,0.743337494629234,NA,0.173905761115815,0.294658284473423,NA,NA,0.882178819560794,0.0951463890236147,NA,NA,0.596574414230736,0.938935477463318,0.110682752640522,0.0859750929983232,0.567858498129941,NA,0.926694949354088,0.513641216372305,NA,NA,0.192584854947511,0.365735287248788,0.804422546457744,NA,NA,0.479119144782789,0.314507779502263,NA,NA,0.680940367640473,NA,NA,NA,0.479984162473437,NA,0.302485672633929,0.928455391463132,NA,0.719885526502423,NA,NA,0.356369315014546,0.410398048678577,NA,0.278236336822062,NA,NA,NA,0.27595351389291,0.258577268098051,NA,0.443733005292411,NA,NA,NA,NA,0.0593683415070656,NA,0.0517547515453347,NA,NA,NA,0.365891973714456,NA,NA,NA,NA,NA,NA,0.178116201358207,0.0430219735708159,0.649959182345763,NA,NA,NA,NA,0.862587752756234,NA,NA,NA,NA,NA,0.197905478454104,NA,NA,NA,0.928033087642245,NA,0.0349617672166994,0.0944333211881583,0.397669823554973,NA,NA,0.346403841649228,0.166398396819392,NA,0.578203958663515,NA,NA,0.605431645144965,NA,0.972548772836292,NA,NA,NA,NA,0.272060533393168,NA,NA,NA,NA,NA,NA,NA,NA,0.348311594226735,0.354252528293695,0.437457701190451,0.586250126919958,0.0912580605308934,0.29551556584707,NA,NA,0.18881113759801,NA,NA,NA,NA,NA,NA,NA,NA,NA,NA,NA,NA,NA,0.107725099534665,NA,NA,NA,NA,NA,NA,NA,NA,NA,NA,NA,NA,NA,NA,NA,NA,NA,NA,NA,NA,NA,NA,NA,NA,NA,NA,NA,NA,NA,NA,NA,NA,NA,NA,NA,NA,NA,NA,NA,NA,NA,NA,NA,NA,NA,NA,NA,NA,NA,NA,NA,NA,NA,NA,NA,NA,NA,NA,0.0416146440794187,NA,NA,NA,NA,NA,NA,NA,NA,NA,NA,NA,NA,NA,NA,NA,NA,NA,NA,NA,NA,NA,NA,NA,NA,NA,NA,NA,NA,NA,NA,NA,NA,NA,NA,NA,NA,NA,NA,NA,NA,NA,NA,NA,NA,NA,NA,NA,NA,NA,NA,NA,NA,NA,NA,NA,NA,NA,NA,NA,NA,NA,NA,NA,NA,NA,NA,NA,NA,NA,NA,NA,NA,NA,NA,NA,NA,NA,NA,NA,NA,NA,NA,NA,NA,NA,NA
"s__Streptococcus_cristatus",0.846587828327061,NA,0.868033000029749,0.632788720890589,NA,0.547336718429462,0.0538112105720128,NA,NA,NA,0.0382972038816043,NA,NA,0.681410670776071,NA,0.249017376103038,NA,NA,NA,NA,NA,0.604539623115793,0.379066652069352,NA,NA,NA,NA,NA,NA,0.124075480559013,NA,0.198782467285239,NA,NA,0.167664294463226,NA,NA,NA,0.628807381079829,0.121435988855216,NA,NA,NA,0.737398311591001,NA,NA,NA,NA,NA,0.304239821020159,NA,0.96526055622699,NA,0.509851602881809,NA,NA,NA,NA,NA,NA,NA,NA,NA,NA,NA,0.18662945737036,0.990013635698897,NA,0.212141197231995,NA,NA,NA,NA,NA,NA,NA,0.512386984132001,NA,NA,NA,NA,NA,0.300087528078837,0.212835004815315,NA,0.0201298469169085,0.0933184213161974,NA,NA,NA,0.480319803486215,NA,NA,NA,NA,NA,NA,NA,NA,NA,NA,NA,NA,NA,NA,NA,NA,NA,NA,NA,NA,NA,NA,NA,NA,0.718515356814615,NA,NA,NA,NA,NA,NA,0.0133182481734445,NA,NA,NA,NA,NA,NA,NA,NA,NA,NA,NA,NA,NA,NA,0.0138911769080418,NA,NA,NA,NA,NA,NA,NA,NA,NA,NA,NA,NA,NA,NA,NA,NA,NA,NA,NA,NA,NA,NA,NA,NA,NA,NA,NA,NA,NA,NA,NA,NA,NA,NA,NA,NA,NA,NA,NA,NA,NA,NA,NA,NA,NA,NA,NA,NA,0.0599442109287034,NA,NA,NA,NA,NA,NA,NA,NA,NA,0.393039972114226,NA,0.0112954820765991,NA,NA,NA,NA,NA,0.265476068275599,NA,NA,NA,NA,NA,NA,NA,NA,NA,NA,NA,NA,NA,NA,NA,NA,NA,NA,NA,NA,NA,NA,NA,NA,NA,NA,NA,NA,NA,NA,NA,NA,NA,NA,NA,NA,NA,NA,NA,NA,NA,NA,NA,NA,NA,NA,NA,0.951725455320633,NA,NA,NA,NA,NA,NA,NA,NA,NA,NA,NA,NA,NA,NA,NA,NA,NA,NA,NA,NA,NA,NA,0.061178994635572,NA,NA,NA,NA,NA,NA,NA,NA,NA,NA,NA,NA,NA,NA,NA,NA,NA,NA
"s__Streptococcus_pneumoniae",0.165731950903162,NA,NA,0.856867290751176,NA,NA,NA,NA,NA,0.738099023596728,0.525643347785536,0.247571019654429,0.285934395864942,NA,NA,0.130229027155681,NA,0.66744754386193,0.54246695631625,0.596574414230736,0.604539623115793,NA,NA,NA,0.961945079987607,NA,0.750588077872551,NA,NA,0.0763699061264437,0.440073452517758,0.987139109266284,NA,0.992309977640047,0.54117489412109,NA,0.268899424230007,NA,0.363981215498445,NA,NA,NA,NA,NA,NA,NA,NA,NA,0.1028488516369,0.778595890494744,NA,NA,0.0952885310438395,NA,NA,0.186421258979824,0.30748899432544,NA,NA,0.883739775857552,NA,NA,NA,NA,NA,0.189074849076168,0.139563301046986,NA,NA,0.599001275703921,NA,NA,0.727382908380817,NA,NA,NA,NA,NA,NA,NA,0.518164261202868,NA,0.74461500983885,NA,NA,NA,NA,0.822421199696244,NA,NA,0.233789429297311,NA,NA,0.0762096434282,NA,NA,NA,NA,NA,0.892086197046513,NA,NA,NA,NA,0.70782477896296,NA,NA,NA,NA,NA,NA,0.0655251162672165,NA,NA,NA,0.0396142736050709,NA,NA,NA,NA,0.366243302819424,NA,NA,NA,NA,NA,NA,0.768521930125794,NA,NA,NA,NA,NA,NA,NA,NA,NA,NA,NA,NA,NA,NA,NA,NA,NA,NA,NA,NA,NA,NA,NA,NA,NA,NA,NA,NA,NA,NA,NA,NA,NA,NA,NA,NA,NA,NA,NA,NA,NA,NA,NA,NA,NA,NA,NA,NA,NA,NA,NA,NA,NA,NA,NA,NA,NA,NA,NA,NA,NA,NA,NA,NA,NA,NA,NA,NA,NA,NA,NA,NA,NA,NA,NA,NA,NA,NA,NA,NA,NA,NA,NA,NA,NA,NA,NA,NA,NA,NA,NA,NA,NA,NA,NA,NA,NA,NA,NA,NA,NA,NA,NA,NA,NA,NA,NA,NA,NA,NA,NA,NA,NA,NA,NA,NA,NA,NA,NA,NA,NA,NA,NA,NA,NA,NA,NA,NA,NA,NA,NA,NA,NA,NA,NA,NA,NA,NA,NA,NA,0.237840837553805,NA,NA,NA,NA,NA,NA,NA,NA,NA,NA,NA,NA,NA,0.038352575892932,NA,NA,NA,NA,NA,NA,NA,NA,NA,NA,NA
"s__Neisseria_subflava",NA,0.623401674546738,0.797141710588022,NA,0.557039183605433,0.211966173742706,0.809522081432261,0.409692416053739,NA,0.94994819483946,NA,NA,NA,NA,NA,NA,NA,0.994278853270626,0.225228660873665,0.938935477463318,0.379066652069352,NA,NA,NA,0.469532030524129,NA,0.00622968267228163,NA,NA,0.359145004526238,NA,NA,0.260796481111312,NA,NA,NA,0.358433728668027,0.11507002447441,NA,NA,0.0407810597095375,NA,0.776566071265811,NA,0.24747486392576,NA,NA,NA,NA,NA,NA,0.0104803890817727,NA,0.415710166612765,0.0722659719099734,NA,NA,NA,NA,0.118668117259903,NA,NA,NA,NA,NA,NA,NA,NA,0.769251214696287,NA,NA,NA,NA,NA,0.17804757488186,0.16956865380098,0.0218188803095426,NA,NA,NA,NA,NA,NA,NA,NA,NA,0.150947094596614,NA,0.225408298356572,NA,NA,0.167475775845696,0.0550058026781045,NA,NA,NA,0.0468569218110819,NA,NA,0.557958498608874,NA,NA,0.110899235688361,NA,NA,NA,NA,NA,NA,0.212461952034819,NA,NA,NA,NA,NA,NA,NA,0.320917482676581,NA,NA,NA,NA,NA,NA,NA,NA,NA,0.0888544449214439,NA,NA,0.550692670589967,0.873163015224211,NA,NA,NA,NA,NA,NA,NA,NA,NA,NA,NA,NA,NA,NA,NA,NA,0.81427581299555,NA,NA,NA,NA,NA,NA,NA,NA,NA,NA,NA,NA,NA,NA,NA,NA,NA,NA,NA,NA,NA,NA,NA,NA,NA,NA,NA,NA,NA,NA,NA,NA,NA,NA,NA,NA,NA,NA,NA,NA,NA,NA,NA,NA,NA,NA,0.140337780184799,NA,NA,NA,NA,NA,NA,NA,0.0483789171029646,NA,NA,NA,NA,NA,NA,NA,NA,NA,NA,NA,NA,NA,NA,NA,NA,NA,NA,NA,NA,NA,NA,NA,NA,NA,NA,NA,NA,NA,NA,NA,NA,NA,NA,NA,NA,NA,NA,NA,NA,NA,NA,NA,NA,NA,NA,NA,NA,NA,NA,NA,NA,NA,NA,NA,NA,NA,NA,NA,NA,NA,NA,NA,0.914619015920119,NA,NA,NA,NA,NA,NA,NA,NA,NA,NA,NA,NA,NA,NA,NA,NA,NA,NA,NA,NA,NA,NA,NA,NA,NA,NA
"s__Streptococcus_australis",NA,NA,NA,NA,NA,NA,0.121818120871456,NA,0.342184496736492,NA,0.269202620051459,NA,NA,NA,0.065686420176606,NA,0.0569032089686759,0.0635516069251259,NA,0.110682752640522,NA,NA,NA,NA,0.0258720840022048,0.30064792695382,NA,0.61443455388053,0.420308455482262,NA,NA,0.438600722131884,0.133700556711726,0.210978740659894,NA,NA,NA,0.653114045406979,0.130345885893195,NA,0.10380047798645,NA,NA,NA,0.728365702100195,NA,0.705092863031378,0.809542356254494,0.22121234794867,0.523581324717435,NA,NA,0.313450345326227,NA,NA,0.879285056991902,NA,NA,NA,0.174814725654115,0.496459058796346,NA,0.0996920556873448,NA,0.607200037936952,NA,NA,0.366133043169453,NA,NA,NA,NA,NA,NA,NA,NA,NA,NA,NA,NA,0.363176210256694,NA,NA,NA,0.890682795478833,NA,NA,0.549811880763432,NA,0.722074917783202,NA,NA,NA,0.445378764407085,NA,NA,NA,0.119330044704861,NA,NA,0.6127370488388,0.381101570408386,NA,NA,NA,NA,NA,0.970034404798611,0.736913939875808,NA,0.423111834785195,NA,0.976129757787087,NA,NA,NA,NA,0.425570389424416,NA,NA,NA,0.052378280217803,NA,NA,NA,NA,0.321097567594811,NA,0.208406057899007,NA,NA,NA,NA,NA,0.138628848200049,0.342029688994221,NA,NA,NA,NA,NA,NA,NA,NA,NA,NA,NA,NA,0.0085487872235491,NA,NA,NA,NA,NA,NA,NA,NA,NA,NA,NA,NA,NA,NA,NA,NA,NA,NA,NA,NA,NA,NA,NA,NA,NA,NA,NA,NA,NA,NA,NA,NA,NA,NA,NA,NA,NA,NA,NA,NA,NA,NA,NA,NA,NA,NA,NA,NA,NA,NA,NA,NA,NA,NA,NA,NA,NA,NA,NA,NA,NA,NA,NA,NA,NA,NA,NA,NA,NA,NA,NA,NA,NA,NA,NA,NA,NA,NA,0.931727194197412,NA,NA,NA,NA,NA,NA,NA,NA,NA,NA,NA,NA,NA,NA,NA,NA,NA,NA,NA,NA,NA,NA,NA,NA,NA,NA,NA,NA,NA,NA,NA,NA,NA,NA,NA,NA,NA,NA,NA,NA,NA,NA,NA,NA,NA,NA,NA,NA,NA,NA,NA,NA,NA,NA,NA,NA,NA,NA,NA,NA,NA,NA,NA,NA,NA,NA
"s__Veillonella_dispar",0.667101776087127,0.219950801777564,0.0776571003031187,0.203386329364528,NA,NA,NA,NA,NA,0.931943824678187,0.531267454218897,0.755896734994567,0.68989176080149,NA,0.886290092177661,0.650680313711007,NA,0.139933746295428,0.289330779690728,0.0859750929983232,NA,0.961945079987607,0.469532030524129,0.0258720840022048,NA,0.158631370643359,0.895010952275349,0.13086123119849,0.288418825060593,NA,NA,0.147387066571289,0.220505518140274,0.330398193292871,NA,NA,NA,0.649648204565292,0.239589909852635,NA,0.545347510475108,NA,0.65229200876006,NA,0.0688700118774637,NA,0.572814079576157,0.0367363365618577,NA,0.498450236032662,NA,NA,0.195365983589938,0.480458548655568,NA,0.0329501821772867,NA,NA,NA,0.64317373702211,NA,NA,NA,NA,NA,NA,0.583116666224957,0.0462632778799529,NA,0.0186141712011107,NA,NA,0.0145394788128367,0.174706685820221,NA,NA,0.579809896489322,NA,NA,NA,0.0797645446649383,0.275687341974939,NA,NA,NA,NA,NA,0.462833628082572,NA,NA,0.518475363581388,0.833095689414113,NA,0.0305433875591514,NA,NA,NA,0.655291699412639,NA,0.0871041094124238,NA,0.143723573856457,0.197230208997575,NA,NA,NA,NA,0.172281493216338,NA,NA,0.151155498426365,NA,0.0689294006304686,0.48003071043263,NA,NA,NA,0.503574410224377,NA,NA,NA,NA,NA,NA,NA,NA,NA,0.474038301036237,0.083139961565525,0.0234580775869434,0.21031595526644,0.0776595365469743,NA,NA,0.000860580452627602,0.0286185907869135,NA,NA,NA,NA,NA,NA,NA,NA,NA,NA,NA,NA,0.745020420748499,NA,NA,NA,NA,NA,NA,NA,NA,NA,NA,NA,NA,NA,NA,NA,NA,NA,NA,NA,NA,NA,NA,NA,NA,NA,NA,NA,NA,NA,NA,NA,NA,NA,NA,NA,NA,NA,NA,NA,NA,NA,NA,NA,NA,NA,NA,NA,NA,NA,NA,NA,NA,NA,NA,NA,NA,NA,NA,NA,NA,NA,NA,NA,NA,NA,NA,NA,NA,NA,NA,NA,NA,NA,NA,NA,NA,NA,NA,NA,NA,NA,NA,NA,NA,NA,NA,NA,NA,NA,NA,NA,NA,NA,NA,NA,NA,NA,NA,NA,NA,NA,0.00632864464695224,NA,NA,NA,NA,NA,NA,NA,NA,NA,NA,NA,NA,NA,NA,NA,NA,NA,NA,NA,NA,NA,NA,NA,NA,NA,NA,NA,NA,NA,NA,NA,NA,NA,NA,NA,NA,NA,NA,NA,NA,NA,NA,NA
"s__Gemella_sanguinis",NA,NA,NA,NA,NA,NA,NA,NA,0.563226593906866,NA,NA,NA,NA,NA,NA,NA,0.19911437272053,0.869389325402901,NA,0.567858498129941,NA,NA,NA,0.30064792695382,0.158631370643359,NA,NA,0.434016236332119,0.763554115011748,NA,NA,NA,0.405490757201118,0.831090992998085,NA,NA,NA,0.879875379044213,NA,NA,NA,0.0297375103597056,NA,NA,0.695702239689743,NA,0.486526679608611,0.53557494205381,0.0660380407883399,NA,NA,NA,0.25090319595127,NA,NA,0.491283482067247,NA,NA,NA,0.265268441426792,0.625856417395361,NA,0.970598244850931,NA,NA,NA,NA,0.598705821461128,NA,NA,NA,NA,NA,0.499768206066589,NA,NA,NA,NA,NA,NA,0.897470172036509,NA,NA,0.253398019216084,0.549244695656816,NA,NA,0.50467458574683,NA,NA,NA,NA,NA,NA,NA,NA,NA,0.597197213769159,NA,NA,0.268081639425404,0.267978008844727,NA,NA,NA,NA,NA,0.415352661103265,0.163015488455926,NA,0.0961179556755977,0.172656283237668,0.199734754243976,0.221817292273059,NA,NA,NA,NA,NA,0.337150289915895,NA,0.33228360408537,NA,NA,NA,NA,NA,NA,NA,NA,NA,NA,NA,NA,NA,NA,NA,NA,NA,NA,NA,NA,NA,NA,NA,NA,NA,NA,NA,NA,NA,NA,NA,NA,NA,NA,NA,NA,NA,NA,NA,NA,NA,NA,NA,NA,NA,NA,NA,NA,NA,NA,NA,NA,NA,NA,NA,NA,NA,NA,NA,NA,NA,NA,NA,NA,NA,NA,NA,NA,NA,NA,NA,NA,NA,NA,NA,NA,NA,NA,NA,NA,NA,NA,NA,NA,NA,NA,NA,NA,NA,NA,NA,NA,NA,NA,NA,NA,NA,NA,NA,NA,NA,NA,NA,NA,NA,0.918634842444454,NA,NA,NA,NA,NA,NA,NA,NA,NA,NA,NA,NA,NA,NA,NA,NA,NA,NA,NA,NA,NA,NA,NA,NA,NA,NA,NA,NA,NA,NA,NA,NA,NA,NA,NA,NA,NA,NA,NA,NA,NA,NA,0.0473658594514861,NA,0.0745398057764655,NA,NA,NA,NA,NA,NA,NA,NA,NA,NA,NA,NA,NA,NA,NA,NA,NA,NA,NA,NA,NA
"s__Haemophilus_haemolyticus",0.853669314197349,0.632573023598124,0.386002948038302,NA,NA,0.295391252744083,0.525874011836745,0.477379464660526,0.0631535171294116,0.579434450505365,NA,0.309431278207447,0.29646554554633,NA,0.718792751068689,NA,NA,NA,0.451740353618889,NA,NA,0.750588077872551,0.00622968267228163,NA,0.895010952275349,NA,NA,NA,NA,NA,0.256612335617327,NA,0.527810844610526,NA,NA,NA,NA,NA,NA,NA,0.209029077839029,NA,NA,NA,NA,0.210059351879516,NA,NA,NA,NA,NA,0.047428407237921,NA,0.312826863376762,0.0216328877554932,NA,NA,0.956200166570861,NA,0.820872397299531,NA,0.356373417509418,NA,NA,NA,NA,NA,NA,NA,0.28194489027639,NA,NA,0.47887186569344,NA,NA,NA,0.131216824517405,NA,0.418633675943182,NA,NA,NA,NA,NA,NA,NA,0.370882005605901,NA,NA,NA,NA,0.429125544492905,NA,NA,NA,NA,0.253178504701977,NA,NA,0.757199557189144,NA,NA,NA,NA,NA,NA,NA,NA,NA,0.378161637144371,NA,NA,NA,NA,NA,NA,NA,0.892334335634508,0.140179808502957,NA,NA,NA,NA,NA,NA,NA,0.395350044578095,0.645613870648116,NA,NA,0.570789399496201,0.523604365638005,NA,NA,0.902023793774025,NA,NA,NA,NA,NA,NA,NA,NA,NA,NA,NA,NA,NA,NA,NA,NA,NA,NA,NA,NA,NA,NA,NA,NA,NA,NA,NA,NA,NA,NA,0.00575537991511268,NA,NA,NA,NA,NA,NA,NA,NA,NA,NA,NA,NA,NA,NA,NA,NA,NA,NA,NA,NA,NA,NA,NA,NA,0.026490134151131,NA,NA,NA,NA,NA,NA,NA,NA,NA,NA,NA,NA,NA,NA,NA,NA,NA,NA,NA,NA,NA,NA,NA,NA,NA,NA,NA,NA,NA,NA,NA,NA,NA,NA,NA,NA,NA,NA,NA,NA,NA,NA,NA,NA,NA,NA,NA,NA,NA,NA,NA,NA,NA,NA,NA,NA,NA,NA,NA,0.0118078644427459,NA,NA,NA,NA,NA,NA,0.127943663939882,NA,NA,0.233296334438431,NA,NA,NA,NA,NA,NA,NA,NA,NA,NA,NA,NA,NA,NA,NA,NA,NA,NA,NA,NA,NA,NA,NA,NA,NA,NA,NA,NA,NA,NA,NA,NA,NA
"s__Streptococcus_sp._oral_taxon_431",NA,NA,0.0860496842616118,NA,0.000678415762714964,NA,NA,NA,0.0725874598398414,NA,NA,NA,NA,NA,NA,0.221537471405688,0.261767185449291,0.313351028380144,NA,0.926694949354088,NA,NA,NA,0.61443455388053,0.13086123119849,0.434016236332119,NA,NA,0.575968047027441,NA,NA,NA,NA,0.492991011531145,NA,0.446633756509617,NA,0.103968464894534,NA,NA,NA,0.000476170826357456,NA,NA,0.373757522379019,NA,0.551822654452337,0.24685799962022,0.0210284696000693,0.300227976921237,0.670689853449273,NA,0.448671343819578,NA,NA,0.709737275431416,NA,NA,NA,0.214938089317581,0.598633971896496,0.629639907911386,0.430485914503727,NA,0.714942480183173,NA,NA,0.212582836102398,NA,NA,NA,NA,NA,NA,NA,NA,NA,NA,NA,NA,NA,NA,NA,NA,0.25925979830433,NA,0.743156133140907,NA,0.0482149400888066,0.649948531815578,NA,NA,0.559469794177734,0.47338721172375,0.717010990721808,0.370975225896772,NA,0.0781311930910414,NA,NA,0.841936939785608,0.251932997061316,NA,NA,NA,0.109902969182382,NA,0.256115299823346,0.975553859380171,NA,0.414939148626985,NA,0.21054343723391,NA,NA,NA,0.759983836067223,0.237636283350022,NA,NA,0.0249723729877949,0.710433247669159,NA,NA,0.115994125854195,NA,NA,NA,0.924836621692813,0.329193532966204,NA,NA,NA,NA,NA,NA,NA,NA,NA,NA,NA,NA,NA,NA,NA,NA,NA,NA,NA,NA,NA,NA,NA,NA,NA,NA,NA,NA,NA,NA,NA,NA,NA,NA,NA,NA,NA,NA,NA,NA,NA,NA,NA,NA,NA,NA,NA,NA,NA,NA,NA,NA,NA,NA,NA,NA,NA,NA,NA,NA,NA,NA,NA,NA,NA,NA,NA,NA,NA,NA,NA,NA,NA,NA,NA,NA,NA,NA,NA,NA,NA,NA,NA,NA,NA,NA,NA,NA,NA,NA,NA,NA,NA,NA,NA,NA,NA,0.0547145998031785,NA,NA,NA,NA,NA,NA,NA,NA,NA,NA,NA,NA,NA,NA,NA,NA,NA,NA,NA,NA,NA,NA,NA,NA,NA,NA,NA,NA,NA,NA,NA,NA,0.00167652094695262,NA,NA,NA,NA,NA,NA,NA,NA,NA,NA,NA,NA,NA,NA,NA,NA,NA,NA,NA,NA,NA,NA,NA,NA,NA,NA,NA,NA,NA,NA,NA,NA,NA
"s__Streptococcus_rubneri",NA,NA,NA,NA,NA,NA,0.694828663344568,NA,0.520185359067913,NA,NA,NA,NA,NA,NA,NA,NA,0.559262988859592,NA,0.513641216372305,NA,NA,NA,0.420308455482262,0.288418825060593,0.763554115011748,NA,0.575968047027441,NA,NA,NA,NA,0.725349936229885,0.669645409057167,NA,NA,NA,0.728084464564566,NA,NA,NA,NA,NA,NA,0.885710644303675,NA,0.56168912204421,0.876857400953725,NA,NA,NA,NA,0.640186967931053,NA,NA,0.767749479906424,NA,NA,NA,0.816628024334915,0.251485330877264,NA,0.0719239935391738,NA,NA,NA,NA,0.280676905773861,0.198227428861512,NA,NA,NA,NA,0.751590001120686,NA,NA,NA,0.195788023029201,NA,NA,0.69052233121054,0.329020995895062,NA,0.931207754890684,NA,NA,NA,0.888385502202166,NA,NA,NA,NA,NA,NA,NA,NA,NA,0.654013271969227,NA,NA,0.593892062770164,0.645504600333065,0.558558705856378,NA,NA,NA,NA,0.935319821857872,0.950518516258513,NA,0.200798690295442,0.765698588347863,0.618661133146783,NA,NA,NA,NA,0.761293860291071,NA,NA,NA,NA,NA,NA,NA,NA,NA,NA,0.551312529326848,NA,NA,NA,NA,NA,NA,NA,NA,NA,NA,NA,NA,NA,NA,NA,NA,NA,NA,NA,NA,NA,NA,NA,NA,NA,NA,NA,NA,NA,NA,NA,NA,NA,NA,NA,NA,NA,NA,NA,NA,NA,NA,NA,NA,NA,NA,NA,NA,NA,NA,NA,NA,NA,NA,NA,NA,NA,NA,NA,NA,NA,NA,NA,NA,NA,NA,NA,NA,NA,NA,NA,NA,NA,NA,NA,NA,NA,NA,NA,NA,NA,NA,NA,NA,NA,NA,NA,NA,NA,NA,NA,NA,NA,NA,NA,NA,NA,NA,0.744412513215212,NA,NA,NA,NA,NA,NA,NA,NA,NA,NA,NA,NA,NA,NA,NA,NA,NA,NA,NA,NA,NA,NA,NA,NA,NA,NA,NA,NA,NA,NA,NA,NA,NA,NA,NA,NA,NA,NA,NA,NA,NA,NA,NA,NA,NA,NA,NA,NA,NA,NA,NA,NA,NA,NA,NA,NA,NA,NA,NA,NA,NA,NA,NA,NA,NA,NA
"s__Streptococcus_vestibularis",0.158076487944597,0.11576263763961,0.819011245451967,NA,NA,0.0971269914319434,0.0367309686633248,0.0426920264279394,NA,NA,NA,NA,NA,NA,NA,NA,NA,NA,NA,NA,0.124075480559013,0.0763699061264437,0.359145004526238,NA,NA,NA,NA,NA,NA,NA,NA,NA,NA,NA,0.382114524497119,NA,NA,NA,0.140083371402481,NA,NA,NA,0.600195254781824,0.278989781442182,NA,NA,NA,NA,NA,NA,NA,0.020715197589718,NA,0.193796882373656,NA,NA,NA,NA,NA,NA,NA,NA,NA,NA,NA,0.0386806386230389,0.219596440262738,NA,0.714218445667483,NA,NA,NA,NA,0.255872711543303,0.582834618421117,0.893203301581334,0.60090804015036,NA,NA,NA,NA,0.791701795082752,NA,0.827993769074671,NA,NA,NA,NA,NA,NA,0.0489909030605395,NA,NA,NA,NA,NA,NA,NA,NA,NA,NA,NA,0.683755870238489,NA,NA,NA,NA,NA,NA,NA,NA,0.1456902085236,NA,NA,NA,NA,NA,NA,NA,NA,NA,NA,NA,NA,NA,NA,NA,NA,NA,NA,NA,NA,NA,0.105154282259798,NA,NA,NA,NA,NA,NA,NA,NA,NA,NA,NA,NA,NA,NA,NA,NA,NA,NA,NA,NA,NA,NA,NA,NA,NA,NA,NA,NA,NA,NA,NA,NA,NA,NA,NA,NA,NA,NA,NA,NA,NA,NA,NA,NA,NA,NA,NA,NA,NA,NA,NA,NA,NA,NA,NA,NA,NA,NA,NA,NA,NA,NA,NA,NA,NA,NA,NA,NA,NA,NA,NA,NA,NA,NA,NA,NA,NA,NA,NA,NA,NA,NA,NA,NA,NA,NA,NA,NA,NA,NA,NA,NA,NA,NA,NA,NA,NA,NA,NA,NA,NA,NA,NA,NA,NA,NA,NA,NA,NA,NA,NA,NA,NA,NA,NA,NA,NA,NA,NA,NA,NA,NA,NA,NA,NA,NA,NA,NA,NA,NA,NA,NA,NA,NA,NA,NA,NA,NA,NA,NA,NA,NA,NA,NA,NA,NA,NA,NA,NA,NA,NA,NA,NA,NA,NA,NA,NA,NA,NA,NA
"s__Streptococcus_sp._M334",0.489246310462025,NA,0.0335749752960154,NA,NA,NA,NA,NA,NA,0.687909098671494,NA,NA,0.0976242959595929,NA,NA,0.297791256061432,NA,NA,0.196695036157458,NA,NA,0.440073452517758,NA,NA,NA,NA,0.256612335617327,NA,NA,NA,NA,NA,NA,NA,NA,NA,NA,NA,NA,NA,NA,NA,NA,NA,NA,NA,NA,NA,NA,NA,NA,NA,NA,NA,NA,NA,0.712535109522288,NA,NA,NA,0.393771004550855,NA,NA,NA,NA,NA,NA,NA,NA,NA,NA,NA,0.296216744502895,NA,NA,NA,NA,NA,NA,NA,NA,NA,NA,NA,NA,NA,NA,NA,NA,NA,NA,NA,NA,NA,NA,NA,NA,NA,NA,NA,NA,NA,NA,NA,NA,NA,NA,NA,NA,NA,NA,NA,NA,NA,NA,NA,NA,NA,NA,NA,NA,NA,NA,NA,NA,NA,NA,NA,NA,NA,NA,NA,NA,NA,NA,NA,NA,NA,NA,NA,NA,NA,NA,NA,NA,NA,NA,NA,NA,NA,NA,NA,NA,NA,NA,NA,NA,NA,NA,NA,NA,NA,NA,NA,NA,NA,NA,NA,NA,NA,NA,NA,NA,NA,NA,NA,NA,NA,NA,NA,NA,NA,NA,NA,NA,NA,NA,NA,NA,NA,NA,NA,NA,NA,NA,NA,NA,NA,NA,NA,NA,NA,NA,NA,NA,NA,NA,NA,NA,NA,NA,NA,NA,NA,NA,NA,NA,NA,NA,NA,NA,NA,NA,NA,NA,NA,NA,NA,NA,NA,NA,NA,NA,NA,NA,NA,NA,NA,NA,NA,NA,NA,NA,NA,NA,NA,NA,NA,NA,NA,NA,NA,NA,NA,NA,NA,NA,NA,NA,NA,NA,NA,NA,NA,NA,NA,NA,NA,NA,NA,NA,NA,NA,NA,NA,NA,NA,NA,NA,NA,NA,NA,NA,NA,NA,NA,NA,NA,NA,NA,NA,NA,NA,NA
"s__Prevotella_pallens",0.860859919607975,NA,NA,0.21778071568749,NA,NA,NA,NA,NA,NA,0.48744280584896,0.0738529022314277,NA,0.0351707942193458,0.240686477351763,0.979088916108312,NA,0.653293244677815,NA,0.192584854947511,0.198782467285239,0.987139109266284,NA,0.438600722131884,0.147387066571289,NA,NA,NA,NA,NA,NA,NA,0.903305002853785,0.26782532116141,0.0870862329651718,0.68724261390887,0.520043748994016,NA,NA,NA,NA,NA,NA,NA,NA,NA,NA,NA,NA,0.666711544127711,NA,NA,0.624934236189305,NA,NA,0.301222307425037,0.152470603055486,0.302045402418072,NA,0.275700405730644,NA,NA,0.847799386173285,0.424239584830519,NA,NA,NA,0.0678378435737051,NA,0.0531425128819818,0.0916463444547178,0.923011612425815,0.0578331207462125,NA,NA,NA,NA,NA,NA,NA,0.152898771900313,NA,0.625631940597751,NA,NA,NA,NA,0.0397287684265044,NA,NA,NA,NA,NA,0.583809992021574,0.158996242066491,0.161080524707697,NA,0.192655809450625,NA,NA,NA,0.265812028410687,NA,NA,0.489441312435916,0.390369766813176,NA,0.730705794376833,NA,NA,0.0432335411604655,NA,NA,NA,NA,NA,0.727802948166701,NA,NA,NA,0.768666626294996,NA,NA,NA,NA,NA,0.220212220196061,0.0577573035039463,NA,NA,NA,NA,NA,NA,0.317515470562774,NA,NA,NA,NA,NA,NA,NA,NA,NA,NA,NA,NA,NA,NA,NA,NA,NA,NA,NA,NA,NA,NA,NA,NA,NA,NA,NA,NA,NA,NA,NA,NA,NA,NA,NA,NA,NA,NA,NA,NA,NA,NA,NA,NA,NA,NA,NA,NA,NA,NA,NA,NA,NA,NA,NA,NA,NA,NA,NA,NA,NA,NA,NA,NA,NA,NA,NA,NA,NA,NA,NA,NA,NA,NA,NA,NA,NA,NA,NA,NA,NA,NA,NA,NA,NA,NA,NA,NA,NA,NA,NA,NA,NA,NA,NA,NA,NA,NA,NA,NA,NA,NA,NA,NA,NA,NA,NA,NA,NA,NA,NA,NA,NA,NA,NA,NA,NA,NA,NA,NA,NA,NA,NA,NA,NA,NA,NA,NA,NA,NA,NA,NA,NA,NA,NA,NA,NA,NA,NA,NA,NA,NA,NA,NA,NA,NA,NA,NA,NA,NA,NA,NA,NA,NA,NA,0.472825210074803,NA,NA,NA
"s__Lancefieldella_parvula",NA,NA,0.972555455024623,NA,NA,0.770019226123777,0.365822511968466,0.448359979681453,NA,0.361599268407361,0.40666923893584,0.254113889571627,0.492207963869153,NA,0.910427946460798,NA,NA,0.867518559023695,0.42908960743853,0.365735287248788,NA,NA,0.260796481111312,0.133700556711726,0.220505518140274,0.405490757201118,0.527810844610526,NA,0.725349936229885,NA,NA,0.903305002853785,NA,0.90309922127971,NA,NA,0.951298558331206,0.526854936901099,NA,NA,NA,NA,NA,NA,0.310392472929673,NA,NA,0.383327675239776,NA,NA,NA,0.996045557180222,0.805570110858642,0.720411405797848,NA,0.280094102715901,NA,0.820179901462834,NA,0.458399166728931,NA,NA,NA,NA,NA,NA,NA,0.00477310938141451,NA,0.0806479938024435,0.361941333222622,0.647126055209387,0.0376897707568285,0.0461307015873778,0.23751520649395,0.0107684026891263,0.853730743908361,NA,0.0614366444784567,NA,0.70547924411116,0.0159377497685619,NA,NA,NA,NA,NA,0.765838557191121,NA,NA,NA,0.994446854876295,NA,0.0229262383607309,NA,NA,NA,0.0729732371979372,NA,0.0536170038747935,NA,0.00451151390507471,NA,NA,NA,NA,NA,0.779341723515328,NA,NA,0.0109739746260074,NA,NA,NA,NA,NA,NA,0.783680204778647,NA,NA,NA,NA,NA,NA,NA,0.0768688006963181,0.634507077649638,0.457496082822426,0.0727902171087176,0.27157441575183,0.603212080298845,0.441810755910887,0.13706049727815,NA,0.00364882654121263,0.0144187734958024,NA,NA,NA,NA,NA,NA,NA,NA,0.316964750466013,NA,NA,NA,0.043989215777232,NA,NA,NA,NA,NA,NA,NA,NA,NA,NA,NA,NA,NA,NA,NA,NA,NA,NA,NA,NA,NA,NA,NA,NA,NA,NA,NA,NA,NA,NA,NA,NA,NA,NA,NA,NA,NA,NA,NA,NA,NA,NA,NA,NA,NA,NA,NA,NA,NA,NA,NA,NA,NA,NA,NA,NA,NA,NA,NA,NA,NA,NA,NA,NA,NA,NA,NA,NA,NA,NA,NA,NA,NA,NA,NA,0.402183488915468,NA,NA,NA,NA,NA,NA,NA,NA,NA,NA,NA,NA,NA,NA,NA,NA,NA,NA,NA,NA,NA,NA,NA,NA,NA,NA,NA,NA,NA,NA,NA,NA,NA,NA,NA,NA,NA,NA,NA,NA,NA,NA,NA,NA,NA,0.0269463049524982,NA,NA,NA,NA,NA,0.385455469828282,NA,NA,NA,NA,NA,NA,NA,NA,NA,NA,NA,NA,NA,NA,NA,NA,NA
"s__Prevotella_jejuni",0.480547991291162,NA,NA,0.963860030339502,NA,0.0528107031286772,0.305747127586151,NA,NA,0.0876483969020055,0.901998798404999,0.80103186090381,NA,NA,0.634536456163599,NA,NA,0.483990440927725,NA,0.804422546457744,NA,0.992309977640047,NA,0.210978740659894,0.330398193292871,0.831090992998085,NA,0.492991011531145,0.669645409057167,NA,NA,0.26782532116141,0.90309922127971,NA,NA,0.544346585016798,0.534691330767616,0.85756222662057,NA,NA,NA,0.0680134077465645,NA,NA,0.904290105796416,NA,0.896299612732605,0.840730040601573,0.0198869575479524,0.279094348471099,NA,NA,0.918229556996984,NA,NA,0.810682858688803,NA,0.903850980727176,NA,0.914486094913386,NA,NA,0.863432832536589,NA,NA,NA,NA,0.0334821622382694,NA,0.145775479347582,0.505538792715856,NA,0.0738867211455457,NA,NA,NA,NA,NA,NA,NA,0.960761326891312,NA,0.853897785383763,NA,NA,NA,NA,0.690307068878492,NA,NA,NA,0.574826689531946,NA,0.410496914543598,0.256570580556432,0.255086460112252,NA,0.418030831617214,NA,NA,0.289635933591829,0.182357783504584,NA,NA,0.34894502040448,0.645511247687302,NA,0.625154026950508,0.43256181429923,NA,0.247046923311457,NA,0.46550365189878,NA,NA,NA,NA,0.441899116794526,NA,NA,0.782442268959141,NA,NA,NA,NA,NA,0.0674104416166325,0.231686924946214,0.545109009306968,NA,NA,NA,NA,NA,NA,NA,NA,NA,NA,NA,NA,NA,NA,NA,NA,NA,NA,NA,NA,NA,NA,NA,NA,NA,NA,NA,NA,NA,NA,NA,NA,NA,NA,NA,NA,NA,NA,NA,NA,NA,NA,NA,NA,NA,NA,NA,NA,NA,NA,NA,NA,NA,NA,NA,NA,NA,NA,NA,0.0403987981098981,NA,NA,NA,NA,NA,NA,NA,NA,NA,NA,NA,NA,NA,NA,NA,NA,NA,NA,NA,NA,NA,NA,NA,NA,NA,NA,NA,NA,NA,NA,NA,NA,NA,NA,NA,NA,NA,NA,NA,NA,NA,NA,NA,NA,NA,NA,NA,NA,NA,NA,NA,NA,NA,NA,NA,NA,NA,NA,NA,NA,NA,NA,NA,NA,NA,NA,NA,NA,NA,NA,NA,NA,NA,NA,NA,NA,NA,NA,NA,NA,NA,0.397852801087055,NA,NA,NA,NA,NA,NA,NA,NA,0.000160662149147612,NA,NA,NA,NA,NA,NA,NA,NA,NA,NA,NA,NA,NA,NA
"s__Streptococcus_gordonii",0.607992188572671,0.280259049713258,0.925673592346789,0.355106023678882,NA,0.0222910277694139,NA,NA,NA,NA,0.0469005910618319,NA,NA,0.998560108679732,NA,NA,NA,NA,NA,NA,0.167664294463226,0.54117489412109,NA,NA,NA,NA,NA,NA,NA,0.382114524497119,NA,0.0870862329651718,NA,NA,NA,0.921257280853568,NA,NA,0.899064843701927,0.834275068372545,NA,NA,0.142222282006763,0.342463136427934,NA,NA,NA,NA,NA,0.336503928003121,NA,0.71440245414401,NA,0.317503303743746,NA,NA,NA,NA,NA,NA,NA,NA,0.136301492111813,NA,NA,0.152028496551789,0.531209747594885,NA,0.0725900867846142,0.117925301982362,NA,NA,0.171017036483912,NA,NA,NA,0.332540333845334,0.0533297380217884,NA,NA,NA,NA,NA,0.0403308910674358,NA,NA,NA,NA,NA,NA,0.218517643614621,NA,NA,NA,NA,0.612917137255954,NA,NA,NA,NA,NA,NA,NA,NA,NA,NA,NA,NA,NA,NA,NA,0.213495472964241,NA,NA,NA,0.983653644025145,0.857449386524865,NA,NA,NA,NA,NA,NA,NA,NA,NA,NA,NA,NA,NA,NA,NA,0.383978322491736,NA,NA,NA,NA,NA,NA,NA,NA,NA,NA,NA,NA,NA,NA,NA,NA,NA,NA,NA,NA,NA,NA,NA,NA,NA,NA,NA,NA,NA,NA,NA,NA,NA,NA,NA,NA,NA,NA,NA,NA,NA,NA,NA,NA,NA,NA,NA,NA,NA,NA,NA,NA,NA,NA,NA,NA,NA,NA,NA,NA,NA,NA,NA,0.0931873904731348,NA,NA,NA,NA,NA,NA,NA,NA,NA,NA,NA,NA,NA,NA,NA,NA,NA,NA,NA,NA,NA,NA,NA,NA,NA,NA,NA,NA,NA,NA,NA,NA,NA,NA,NA,NA,NA,NA,NA,NA,NA,NA,NA,NA,NA,NA,NA,NA,NA,NA,NA,NA,NA,NA,NA,0.515490567774393,NA,NA,NA,NA,NA,NA,NA,NA,NA,NA,NA,NA,NA,NA,NA,NA,NA,NA,NA,NA,NA,NA,NA,NA,NA,NA,NA,NA,NA,NA,NA,NA,NA,NA,NA,NA,NA,NA,NA,NA,NA
"s__Granulicatella_adiacens",NA,NA,NA,0.826470532436021,NA,NA,NA,NA,0.988642805388038,NA,NA,NA,NA,NA,NA,NA,0.603562456997115,NA,0.012172890974512,NA,NA,NA,NA,NA,NA,NA,NA,0.446633756509617,NA,NA,NA,0.68724261390887,NA,0.544346585016798,0.921257280853568,NA,NA,NA,NA,NA,NA,0.106864704529264,NA,NA,NA,NA,NA,NA,NA,0.0337556476756287,NA,NA,NA,NA,NA,NA,NA,NA,NA,NA,0.397872847400021,0.715785293704027,0.381522324642662,NA,NA,NA,NA,NA,NA,NA,0.316055120959574,NA,NA,NA,NA,NA,NA,NA,NA,NA,NA,NA,NA,NA,0.864133431446465,NA,0.697952619288945,NA,NA,0.533963854095766,NA,NA,0.45983929440706,NA,0.961821505177521,0.139890871220625,NA,NA,NA,NA,NA,NA,NA,NA,0.269316289896457,0.678774521227768,NA,NA,0.680653432302495,NA,NA,NA,0.260136499362921,NA,NA,NA,0.0130380167383179,NA,NA,NA,0.324132650345898,NA,NA,NA,NA,NA,NA,NA,NA,NA,NA,NA,0.0563321566128698,NA,NA,NA,NA,NA,NA,NA,NA,NA,NA,NA,NA,NA,NA,NA,NA,NA,NA,NA,NA,NA,NA,NA,NA,NA,NA,NA,NA,NA,NA,NA,NA,NA,NA,NA,NA,NA,NA,NA,NA,NA,NA,NA,NA,NA,NA,NA,NA,NA,NA,NA,NA,NA,NA,NA,NA,NA,NA,NA,NA,NA,NA,NA,NA,NA,NA,NA,NA,NA,NA,NA,NA,NA,NA,NA,NA,NA,NA,NA,NA,NA,NA,NA,NA,NA,NA,NA,NA,NA,NA,NA,NA,NA,NA,NA,NA,NA,NA,NA,NA,NA,NA,NA,NA,NA,NA,NA,NA,NA,NA,NA,NA,NA,NA,NA,NA,NA,NA,NA,NA,NA,NA,NA,NA,NA,NA,NA,0.115212351187692,NA,NA,NA,NA,NA,NA,NA,NA,NA,NA,NA,NA,NA,NA,NA,NA,NA,NA,NA,NA,NA,NA,NA,NA,NA,NA,NA,NA,NA,NA,NA,NA,NA
"s__Actinomyces_bouchesdurhonensis",NA,NA,NA,0.949957039146444,NA,0.757189680112556,NA,0.319829405754487,NA,0.350529038942009,0.907086992946364,0.755507099234323,NA,NA,0.512468352228023,NA,NA,0.999137652209791,NA,0.479119144782789,NA,0.268899424230007,0.358433728668027,NA,NA,NA,NA,NA,NA,NA,NA,0.520043748994016,0.951298558331206,0.534691330767616,NA,NA,NA,0.0131996043005136,NA,NA,NA,NA,NA,NA,NA,NA,NA,NA,NA,0.833386188191144,NA,NA,NA,0.6306498610647,NA,0.870617037860168,NA,NA,NA,NA,NA,NA,NA,NA,NA,NA,NA,NA,NA,0.00638396953482711,0.965078480851169,0.243415998250585,0.0216167921044005,NA,NA,NA,0.451503732934783,NA,0.24921161153019,NA,0.81752072868079,NA,NA,NA,NA,NA,NA,0.843586353319523,NA,NA,NA,NA,NA,0.148886488571478,NA,NA,NA,NA,NA,0.117831531898091,NA,NA,NA,NA,NA,NA,NA,NA,NA,NA,0.229177202332856,NA,NA,NA,NA,NA,NA,NA,NA,NA,0.562047843314623,NA,NA,NA,NA,0.0657406537485027,NA,0.908649549956064,0.76405091226891,0.51565823215184,NA,NA,0.160546583713955,NA,0.0558837608991233,0.0764083631550646,NA,NA,NA,NA,NA,NA,NA,NA,NA,NA,NA,NA,NA,NA,NA,NA,NA,NA,NA,NA,NA,NA,NA,NA,NA,NA,NA,NA,NA,NA,NA,NA,NA,NA,NA,NA,NA,NA,NA,NA,NA,NA,NA,NA,NA,NA,NA,NA,NA,NA,NA,NA,NA,NA,NA,NA,NA,0.166686679834713,NA,NA,NA,NA,NA,NA,NA,NA,NA,NA,NA,NA,NA,NA,NA,NA,NA,NA,NA,NA,NA,NA,NA,NA,NA,NA,NA,NA,NA,NA,NA,NA,NA,NA,NA,NA,NA,NA,NA,NA,NA,NA,NA,NA,NA,NA,NA,NA,NA,NA,NA,NA,NA,NA,NA,NA,NA,NA,NA,NA,NA,NA,NA,NA,NA,NA,NA,NA,NA,NA,NA,NA,NA,NA,NA,NA,NA,NA,NA,NA,NA,NA,NA,NA,NA,NA,NA,NA,NA,NA,NA,NA,NA,NA,NA,NA,NA,NA,NA,NA
"s__Veillonella_parvula",NA,NA,0.0898981698174448,NA,NA,NA,NA,NA,0.137546379721158,0.823618840226316,0.99381612254316,NA,NA,NA,0.507858665746311,0.531605631170466,NA,0.0918135780206312,NA,0.314507779502263,NA,NA,0.11507002447441,0.653114045406979,0.649648204565292,0.879875379044213,NA,0.103968464894534,0.728084464564566,NA,NA,NA,0.526854936901099,0.85756222662057,NA,NA,0.0131996043005136,NA,NA,NA,NA,NA,NA,NA,0.26025274286728,NA,0.69925846300873,0.559835215607387,NA,0.828780197853758,NA,NA,0.361062512123225,NA,NA,0.958845753402841,NA,NA,NA,0.333694588889979,NA,NA,NA,NA,0.265195725618849,NA,NA,0.704739419975567,0.86760303625234,NA,NA,NA,NA,0.97490893520493,NA,NA,0.0368203859055562,NA,NA,NA,0.514430496342423,NA,NA,NA,0.0515933038832962,NA,NA,0.100713806412947,NA,0.00252953124144949,0.468142183715708,NA,0.0393679332165579,0.143202144635844,NA,NA,NA,0.20453823940237,0.948541302626224,NA,0.712889175818506,0.845263831479937,NA,NA,NA,NA,NA,0.227900759898648,0.902668917792334,NA,0.971181229436952,NA,0.214388364938614,NA,NA,NA,NA,0.942897500077176,NA,NA,NA,0.464032514438559,NA,NA,NA,NA,NA,NA,NA,NA,NA,0.250281072757115,NA,NA,NA,NA,NA,NA,NA,NA,NA,NA,NA,NA,NA,NA,NA,NA,NA,NA,NA,NA,NA,NA,NA,NA,NA,NA,NA,NA,NA,NA,NA,NA,NA,NA,NA,NA,NA,NA,NA,NA,NA,NA,NA,NA,NA,NA,NA,NA,NA,NA,NA,NA,NA,NA,NA,NA,NA,NA,NA,NA,NA,NA,NA,NA,NA,NA,NA,NA,NA,NA,NA,NA,NA,NA,NA,NA,NA,NA,NA,NA,NA,NA,NA,NA,NA,NA,NA,NA,NA,NA,NA,NA,NA,NA,NA,NA,NA,NA,NA,NA,NA,NA,NA,NA,NA,NA,NA,NA,NA,NA,NA,NA,NA,NA,NA,NA,NA,NA,NA,NA,NA,NA,NA,NA,NA,NA,NA,NA,NA,NA,NA,NA,NA,NA,NA,NA,NA,NA,0.26180084426344,NA,NA,NA,NA,NA,NA,NA,NA,NA,NA,NA,NA,NA,NA,NA,NA,NA,NA,NA,NA,NA,NA,NA
"s__Veillonella_rogosae",0.248915307563562,NA,0.0353533236724386,0.227232899704498,NA,NA,0.00847677348183872,NA,NA,NA,0.768843368819637,0.00312618141074897,NA,NA,NA,0.973802267410326,NA,NA,NA,NA,0.628807381079829,0.363981215498445,NA,0.130345885893195,0.239589909852635,NA,NA,NA,NA,0.140083371402481,NA,NA,NA,NA,0.899064843701927,NA,NA,NA,NA,NA,NA,NA,NA,0.122378402933798,NA,NA,NA,NA,NA,0.361663922400489,NA,NA,NA,NA,NA,NA,NA,NA,NA,NA,NA,NA,NA,NA,NA,0.184659429413262,0.101701101665248,NA,NA,0.0962804888360946,NA,NA,NA,NA,NA,NA,NA,NA,NA,NA,NA,NA,NA,0.510055168749644,NA,NA,NA,NA,NA,NA,0.0837195815774686,NA,NA,NA,NA,NA,NA,NA,NA,NA,NA,NA,NA,NA,NA,NA,NA,NA,NA,NA,NA,0.602860294061032,NA,NA,NA,NA,NA,NA,NA,0.747572185383913,NA,NA,NA,NA,NA,NA,NA,NA,NA,NA,NA,NA,NA,NA,NA,NA,NA,NA,NA,NA,NA,NA,NA,NA,NA,NA,NA,NA,NA,NA,NA,NA,NA,NA,NA,NA,NA,NA,NA,NA,NA,NA,NA,NA,NA,NA,NA,NA,NA,NA,NA,NA,NA,NA,NA,NA,NA,NA,NA,NA,NA,NA,NA,NA,NA,NA,NA,NA,NA,NA,NA,NA,NA,NA,NA,NA,NA,NA,NA,NA,NA,NA,NA,NA,NA,NA,NA,NA,NA,NA,NA,NA,NA,NA,NA,NA,NA,NA,NA,NA,NA,NA,NA,NA,NA,NA,NA,NA,NA,NA,NA,NA,NA,NA,NA,NA,NA,NA,NA,NA,NA,NA,NA,NA,NA,NA,NA,NA,NA,NA,NA,NA,NA,NA,NA,NA,NA,NA,NA,NA,NA,NA,NA,NA,NA,NA,NA,NA,NA,NA,NA,NA,NA,NA,NA,NA,NA,NA,NA,NA,NA,NA,NA,NA,NA,NA,NA,NA,NA,NA,NA,NA,NA,NA
"s__Actinomyces_oris",NA,NA,NA,0.619106797663544,NA,NA,NA,NA,NA,NA,NA,NA,NA,0.696639067477541,NA,NA,NA,NA,NA,NA,0.121435988855216,NA,NA,NA,NA,NA,NA,NA,NA,NA,NA,NA,NA,NA,0.834275068372545,NA,NA,NA,NA,NA,NA,NA,NA,0.466504179198209,NA,NA,NA,0.210041830322792,NA,NA,NA,NA,NA,NA,NA,NA,NA,NA,NA,NA,NA,NA,NA,NA,NA,NA,NA,NA,NA,NA,NA,NA,NA,NA,NA,NA,NA,NA,NA,NA,NA,NA,NA,0.567735574001642,NA,NA,NA,NA,NA,NA,0.615492598438321,NA,NA,NA,NA,NA,NA,NA,0.305004939203427,NA,NA,NA,NA,NA,NA,NA,NA,NA,NA,NA,NA,0.182590390795288,NA,NA,NA,NA,NA,NA,NA,NA,NA,NA,NA,NA,NA,NA,NA,NA,NA,NA,NA,NA,NA,NA,NA,NA,NA,0.00810828132468562,NA,NA,NA,NA,NA,NA,NA,NA,NA,NA,NA,NA,NA,NA,NA,NA,NA,NA,NA,NA,NA,NA,NA,NA,NA,NA,NA,NA,NA,NA,NA,NA,NA,NA,NA,NA,NA,NA,NA,NA,NA,NA,NA,NA,NA,NA,NA,NA,NA,NA,NA,NA,NA,NA,NA,NA,NA,NA,NA,NA,NA,NA,NA,NA,NA,NA,NA,NA,NA,NA,NA,NA,NA,NA,NA,NA,NA,NA,0.0093716549944599,NA,NA,NA,NA,NA,NA,NA,NA,NA,NA,NA,NA,NA,NA,NA,NA,NA,NA,NA,NA,NA,NA,NA,NA,NA,NA,NA,NA,NA,NA,NA,NA,NA,NA,NA,0.0738394393624903,NA,NA,NA,NA,NA,NA,NA,NA,NA,NA,NA,NA,NA,NA,NA,NA,NA,NA,NA,NA,NA,NA,NA,NA,NA,NA,NA,NA,NA,NA,NA,NA,NA,NA,NA,NA,NA,NA,NA,NA,NA
"s__Haemophilus_sputorum",NA,NA,0.844652629114011,NA,0.303796527139827,0.0121263457590406,0.815896342538063,0.0630032422811359,NA,0.134519051048267,NA,NA,NA,NA,NA,NA,NA,NA,0.0263207488929232,0.680940367640473,NA,NA,0.0407810597095375,0.10380047798645,0.545347510475108,NA,0.209029077839029,NA,NA,NA,NA,NA,NA,NA,NA,NA,NA,NA,NA,NA,NA,NA,NA,NA,NA,NA,0.269861854490272,NA,NA,NA,NA,0.312691851990366,NA,0.01646264070572,NA,NA,NA,NA,NA,0.647064279858748,NA,NA,NA,NA,NA,NA,NA,NA,NA,NA,NA,NA,NA,NA,NA,NA,0.0773517304142029,0.413544021012725,NA,NA,NA,NA,NA,NA,NA,NA,NA,NA,NA,NA,NA,0.684724352091167,NA,NA,NA,NA,0.0116360650579681,NA,NA,NA,NA,NA,NA,NA,NA,NA,NA,NA,NA,NA,NA,NA,NA,NA,NA,NA,NA,0.662332842910704,NA,NA,NA,NA,NA,NA,NA,NA,NA,0.29343686998332,NA,NA,0.891295807509628,0.976371571426713,NA,NA,NA,NA,NA,NA,NA,NA,NA,NA,NA,NA,NA,NA,NA,NA,0.284746627368589,NA,NA,NA,NA,NA,NA,NA,NA,NA,NA,NA,NA,NA,NA,NA,NA,NA,NA,NA,NA,NA,NA,NA,NA,NA,NA,NA,NA,NA,NA,NA,NA,NA,NA,NA,NA,NA,NA,NA,NA,NA,NA,NA,NA,NA,NA,NA,NA,NA,NA,NA,NA,NA,NA,NA,NA,NA,NA,NA,NA,NA,NA,NA,NA,NA,NA,NA,NA,NA,NA,NA,NA,NA,NA,NA,NA,NA,NA,NA,NA,NA,NA,NA,NA,NA,NA,NA,NA,NA,NA,NA,NA,NA,NA,NA,NA,NA,NA,NA,NA,NA,NA,NA,NA,NA,NA,NA,NA,NA,NA,NA,NA,NA,NA,NA,NA,NA,NA,NA,NA,NA,NA,NA,NA,NA,NA,NA,NA,NA,NA,NA,NA,NA,NA,NA,NA,NA,NA,NA,NA,NA,NA,NA,NA,NA
"s__Rothia_sp._HMSC065C12",NA,NA,NA,NA,0.0606118841916815,NA,NA,NA,0.00744895077746507,NA,NA,NA,NA,NA,NA,NA,0.0592793814759123,NA,NA,NA,NA,NA,NA,NA,NA,0.0297375103597056,NA,0.000476170826357456,NA,NA,NA,NA,NA,0.0680134077465645,NA,0.106864704529264,NA,NA,NA,NA,NA,NA,NA,NA,0.210404467129524,NA,0.00587940475783754,0.0648414311925821,0.0362734869336721,0.0099469768648302,NA,NA,NA,NA,NA,NA,NA,NA,NA,NA,NA,0.00347578941141671,0.0587328028800519,NA,0.117014040738626,NA,NA,NA,NA,NA,NA,NA,NA,NA,NA,NA,NA,NA,NA,NA,NA,NA,NA,NA,0.0022565193889887,NA,0.0709470006772763,NA,NA,0.0416096178868639,NA,NA,0.0170108430264105,NA,NA,NA,NA,NA,NA,NA,0.0333836508882594,NA,NA,NA,NA,NA,NA,0.000821616414814454,0.00145439222127454,NA,NA,NA,0.000512168934891279,NA,NA,NA,NA,NA,NA,NA,0.00840783301770403,0.0225725670119663,NA,NA,NA,NA,NA,NA,NA,NA,NA,NA,NA,NA,NA,NA,NA,NA,NA,NA,NA,NA,NA,NA,NA,NA,NA,NA,NA,NA,NA,NA,NA,NA,NA,NA,NA,NA,NA,NA,NA,NA,NA,NA,NA,NA,NA,NA,NA,NA,NA,NA,NA,NA,NA,NA,NA,NA,NA,NA,NA,NA,NA,NA,NA,NA,NA,NA,NA,NA,NA,NA,NA,NA,NA,NA,NA,NA,NA,NA,NA,NA,NA,NA,NA,NA,NA,NA,NA,NA,NA,NA,NA,NA,NA,NA,NA,NA,NA,NA,NA,NA,NA,NA,NA,NA,NA,NA,NA,NA,NA,NA,NA,NA,NA,NA,NA,NA,NA,NA,NA,NA,NA,NA,NA,NA,NA,NA,NA,NA,NA,NA,NA,NA,NA,NA,NA,NA,NA,NA,0.00431798968875483,NA,NA,NA,NA,NA,NA,NA,NA,NA,NA,NA,NA,NA,NA,NA,NA,NA,NA,NA,NA,NA,0.0817334250629429,NA,NA,NA,NA,NA,NA,NA,NA,NA,NA,NA
"s__Streptococcus_sp._HSISS2",NA,0.969677058775792,0.598791446836775,NA,NA,0.194396702448143,0.131208336868637,0.455064902712258,NA,NA,NA,NA,NA,NA,NA,NA,NA,0.267481191086295,NA,NA,NA,NA,0.776566071265811,NA,0.65229200876006,NA,NA,NA,NA,0.600195254781824,NA,NA,NA,NA,0.142222282006763,NA,NA,NA,NA,NA,NA,NA,NA,NA,NA,NA,NA,0.283573700863277,NA,NA,NA,0.509899439297794,NA,0.311696786215062,NA,NA,NA,NA,NA,0.192953319601535,NA,NA,NA,NA,NA,NA,NA,NA,0.683328104779816,NA,NA,NA,NA,0.661565657398836,NA,0.656756600225552,0.962479730141803,0.492371586232266,NA,NA,NA,NA,NA,0.88348972283784,NA,NA,NA,NA,NA,NA,NA,NA,NA,NA,NA,NA,NA,NA,NA,NA,NA,NA,0.876712330819337,NA,NA,NA,NA,NA,NA,NA,NA,0.0831085024987505,NA,NA,NA,NA,NA,0.203777660785822,NA,NA,NA,NA,NA,NA,NA,NA,NA,0.00362117933108977,NA,NA,NA,NA,NA,NA,NA,NA,NA,NA,NA,NA,NA,NA,NA,NA,NA,NA,NA,NA,0.531223576653143,NA,NA,NA,NA,NA,NA,NA,NA,NA,NA,NA,NA,NA,NA,NA,NA,NA,NA,NA,NA,NA,NA,NA,NA,NA,NA,NA,NA,NA,NA,NA,NA,NA,NA,NA,NA,NA,NA,NA,NA,NA,NA,NA,NA,NA,NA,NA,NA,NA,NA,NA,NA,NA,NA,NA,NA,NA,NA,NA,NA,NA,NA,NA,NA,NA,NA,NA,NA,NA,NA,NA,NA,NA,NA,NA,NA,NA,NA,0.33763337091588,NA,NA,NA,NA,NA,NA,NA,NA,NA,NA,NA,NA,NA,NA,NA,NA,NA,NA,NA,NA,NA,NA,NA,NA,NA,NA,NA,NA,NA,NA,NA,NA,NA,NA,NA,NA,NA,NA,NA,NA,NA,NA,NA,NA,NA,NA,NA,NA,NA,NA,NA,NA,NA,NA,NA,NA,NA,NA,NA,NA,NA,NA,NA,NA,NA,NA
"s__Rothia_dentocariosa",0.397562066678294,NA,0.00390062630493947,0.693438788368731,0.0503589146208741,NA,0.221674919279328,NA,NA,NA,NA,NA,NA,NA,NA,NA,NA,NA,NA,NA,0.737398311591001,NA,NA,NA,NA,NA,NA,NA,NA,0.278989781442182,NA,NA,NA,NA,0.342463136427934,NA,NA,NA,0.122378402933798,0.466504179198209,NA,NA,NA,NA,NA,NA,NA,NA,NA,NA,0.0456427338388188,NA,NA,NA,NA,NA,NA,NA,NA,NA,NA,NA,NA,0.459727564930056,NA,NA,NA,NA,0.193384596927365,NA,NA,NA,NA,0.625837878961328,NA,NA,NA,0.023324648735358,NA,NA,NA,NA,NA,0.973683572840552,NA,NA,0.000720801983376755,NA,NA,0.00279155556726958,NA,NA,0.0374125384116512,NA,NA,NA,NA,NA,0.228490917817373,NA,NA,NA,NA,NA,NA,NA,NA,NA,NA,NA,NA,0.276730931598366,NA,NA,NA,NA,NA,NA,NA,0.125468653892742,NA,NA,NA,NA,NA,NA,NA,NA,NA,NA,NA,NA,NA,NA,NA,NA,NA,NA,NA,NA,NA,NA,NA,NA,NA,NA,NA,NA,NA,NA,NA,NA,NA,NA,NA,NA,0.0423275315577923,NA,NA,NA,NA,NA,NA,NA,NA,NA,NA,NA,NA,NA,NA,NA,NA,NA,NA,NA,NA,NA,NA,NA,NA,NA,NA,NA,NA,NA,NA,0.10673034416895,NA,NA,NA,NA,NA,NA,NA,NA,NA,NA,NA,NA,NA,NA,NA,0.00723113638109105,NA,NA,NA,NA,NA,NA,NA,NA,0.00553119504283838,NA,NA,NA,NA,NA,NA,NA,NA,NA,NA,NA,NA,NA,NA,NA,NA,NA,NA,NA,NA,NA,NA,NA,NA,NA,NA,NA,NA,7.82268857038507e-05,NA,NA,NA,NA,NA,NA,NA,NA,NA,NA,NA,NA,NA,NA,NA,NA,NA,NA,NA,NA,NA,NA,NA,0.0287326965042609,NA,NA,0.0922070381793118,NA,NA,NA,NA,NA,NA,NA,NA,NA,NA,NA,NA,NA,NA,NA,NA,NA,NA,NA,NA,NA,NA,0.665527948073181,NA,NA
"s__Streptococcus_timonensis",NA,NA,NA,NA,NA,NA,NA,NA,0.694877153644787,NA,NA,NA,NA,NA,NA,NA,0.159069578863891,0.624536403384723,NA,0.479984162473437,NA,NA,0.24747486392576,0.728365702100195,0.0688700118774637,0.695702239689743,NA,0.373757522379019,0.885710644303675,NA,NA,NA,0.310392472929673,0.904290105796416,NA,NA,NA,0.26025274286728,NA,NA,NA,0.210404467129524,NA,NA,NA,NA,0.945803443441398,0.538201185994844,0.0213005203464904,NA,NA,NA,0.652765451279002,NA,NA,0.753751404398632,NA,NA,NA,0.0955461671462096,0.40455469933298,NA,0.485634918881693,NA,NA,NA,NA,0.842206655649884,0.0510607013871389,NA,NA,NA,NA,0.330460474208821,NA,NA,NA,0.0477996971427667,NA,NA,0.778147834617273,0.358944555145294,NA,NA,NA,NA,NA,0.503858816248763,NA,NA,NA,NA,NA,NA,NA,NA,NA,0.359615321811163,NA,NA,0.782817742766546,0.479086677516783,0.529346218954725,NA,NA,NA,NA,0.533121396736118,0.612271251580369,NA,0.291249568952966,NA,0.262912170409516,NA,NA,NA,NA,0.161985066334629,NA,NA,NA,0.792332847012247,NA,NA,NA,NA,NA,NA,0.777909069136191,0.130434164905674,NA,0.127933254706519,NA,NA,NA,NA,NA,NA,NA,NA,NA,NA,NA,NA,NA,NA,NA,NA,NA,NA,NA,NA,NA,NA,NA,NA,NA,NA,NA,NA,NA,NA,NA,NA,NA,NA,NA,NA,NA,NA,NA,NA,NA,NA,NA,NA,NA,NA,NA,NA,NA,NA,NA,NA,NA,NA,NA,NA,NA,NA,NA,NA,NA,NA,NA,NA,NA,NA,NA,NA,NA,NA,NA,NA,NA,NA,NA,NA,NA,NA,NA,NA,NA,NA,NA,NA,NA,NA,NA,NA,NA,NA,NA,NA,NA,NA,NA,NA,NA,NA,NA,NA,NA,NA,NA,NA,NA,NA,NA,NA,NA,NA,NA,NA,NA,NA,NA,NA,NA,NA,NA,NA,NA,NA,NA,NA,NA,NA,NA,NA,NA,NA,NA,NA,NA,NA,NA,NA,NA,NA,NA,NA,NA,NA,NA,NA,NA,NA,NA,NA,NA,NA,NA,NA,NA,NA,NA,NA,NA,NA,NA,NA,NA,NA
"s__Lautropia_mirabilis",NA,NA,0.203054997337856,NA,NA,NA,NA,0.47398262257977,NA,NA,NA,NA,NA,0.401788653006324,NA,NA,NA,NA,NA,NA,NA,NA,NA,NA,NA,NA,0.210059351879516,NA,NA,NA,NA,NA,NA,NA,NA,NA,NA,NA,NA,NA,NA,NA,NA,NA,NA,NA,NA,NA,NA,NA,NA,NA,NA,NA,NA,NA,NA,NA,NA,NA,NA,0.0280937168651218,NA,NA,NA,0.636532598759802,NA,NA,0.143294990349237,NA,NA,NA,NA,NA,NA,NA,NA,0.125573817126567,NA,NA,NA,NA,NA,NA,0.501739736085888,NA,0.866011939944066,NA,0.612265540398264,0.903857357793391,NA,NA,NA,NA,NA,NA,0.441206219993052,NA,NA,NA,NA,NA,NA,NA,NA,NA,NA,NA,NA,NA,NA,NA,NA,NA,NA,NA,NA,NA,NA,NA,NA,NA,NA,NA,NA,NA,NA,NA,NA,NA,0.109552376678531,0.155753540750534,NA,NA,NA,NA,NA,NA,NA,NA,NA,NA,NA,NA,NA,NA,NA,NA,0.826280485279405,NA,NA,NA,NA,NA,NA,NA,NA,NA,NA,NA,NA,NA,NA,NA,NA,NA,NA,NA,NA,NA,NA,NA,NA,NA,NA,NA,NA,NA,NA,NA,NA,NA,NA,NA,NA,NA,NA,NA,NA,NA,NA,NA,NA,NA,NA,NA,NA,NA,NA,NA,NA,NA,NA,NA,NA,NA,NA,NA,NA,NA,NA,NA,NA,NA,NA,NA,NA,NA,NA,NA,NA,NA,NA,NA,NA,NA,NA,NA,NA,NA,NA,NA,NA,NA,NA,NA,NA,NA,NA,NA,NA,NA,NA,NA,NA,NA,NA,NA,NA,NA,NA,NA,NA,NA,NA,NA,NA,NA,NA,NA,NA,NA,NA,NA,NA,NA,NA,NA,NA,NA,NA,NA,NA,NA,NA,NA,NA,NA,NA,NA,NA,NA,NA,NA,NA,NA,NA,NA,NA,NA,NA,NA,NA,NA
"s__Streptococcus_sp._HMSC067H01",NA,NA,NA,NA,NA,NA,NA,NA,0.597781973081829,NA,NA,NA,NA,NA,NA,0.214594993356743,0.887270854213221,0.625467885361907,NA,0.302485672633929,NA,NA,NA,0.705092863031378,0.572814079576157,0.486526679608611,NA,0.551822654452337,0.56168912204421,NA,NA,NA,NA,0.896299612732605,NA,NA,NA,0.69925846300873,NA,NA,0.269861854490272,0.00587940475783754,NA,NA,0.945803443441398,NA,NA,0.719643009975612,0.0542593038531469,0.945905099276402,NA,NA,0.873992890017404,NA,NA,0.688810318648009,NA,NA,NA,0.460913504803161,0.453697439276742,0.327413786676034,0.124826605758184,NA,0.650725305018258,NA,NA,0.353676614480906,NA,NA,0.167863472877229,NA,NA,NA,NA,NA,NA,NA,NA,NA,0.954898927774334,NA,0.52023714978941,NA,0.477280344602607,NA,0.789959183566037,0.559570828755716,NA,0.729110002228312,NA,NA,0.562846613638891,NA,NA,0.469949000574186,NA,0.65648223252851,NA,NA,0.421631636063977,0.701518313219333,NA,NA,NA,0.079861428234206,NA,0.506033088044629,0.807924323635467,NA,0.79499320872548,NA,0.669142731047337,NA,NA,NA,NA,0.376693294403522,NA,NA,0.0139278818901504,0.850746915947076,NA,NA,NA,NA,NA,NA,0.435107150788131,0.99579657638362,NA,NA,NA,NA,NA,NA,NA,NA,NA,NA,NA,NA,NA,NA,NA,NA,NA,NA,NA,NA,NA,NA,NA,NA,NA,NA,NA,NA,NA,NA,NA,NA,NA,NA,NA,NA,NA,NA,NA,NA,NA,NA,NA,NA,NA,NA,NA,NA,NA,NA,NA,NA,NA,NA,NA,NA,NA,NA,NA,NA,NA,NA,NA,NA,NA,NA,NA,NA,NA,NA,NA,NA,NA,NA,NA,NA,NA,NA,NA,NA,NA,NA,NA,NA,NA,NA,NA,NA,NA,NA,NA,NA,NA,NA,NA,NA,NA,NA,NA,NA,NA,NA,NA,NA,NA,NA,NA,NA,NA,NA,NA,NA,NA,NA,NA,NA,NA,NA,NA,NA,NA,NA,NA,NA,NA,NA,NA,NA,NA,NA,NA,NA,NA,NA,NA,NA,NA,NA,NA,NA,NA,NA,NA,NA,NA,NA,NA,NA,NA,NA,NA,NA,NA,NA,NA,NA,NA,NA,NA,NA,NA,NA,NA,NA
"s__Streptococcus_sp._Marseille_Q3533",NA,NA,NA,NA,NA,NA,NA,NA,0.562812254269326,NA,NA,NA,NA,NA,NA,NA,0.209083880208556,0.758506200525079,NA,0.928455391463132,NA,NA,NA,0.809542356254494,0.0367363365618577,0.53557494205381,NA,0.24685799962022,0.876857400953725,NA,NA,NA,0.383327675239776,0.840730040601573,NA,NA,NA,0.559835215607387,NA,0.210041830322792,NA,0.0648414311925821,0.283573700863277,NA,0.538201185994844,NA,0.719643009975612,NA,0.0861726115735389,NA,NA,NA,0.479279099921158,NA,NA,0.607424466340456,NA,NA,NA,0.413007595580112,0.799335399523328,0.560792975935976,0.636339911418264,NA,0.838242301186537,NA,NA,0.967447352212884,0.0299859207650768,NA,NA,NA,NA,0.56807289427344,0.550467635169256,NA,NA,0.134359900096845,NA,NA,0.256264442171683,0.409360536904059,NA,0.86697675286699,0.465450385336574,NA,NA,0.301699941824615,NA,0.179464277436593,NA,NA,NA,NA,0.0803819772117623,NA,NA,0.97760547776125,0.25873602496147,NA,0.0798103311613246,0.598440285743374,0.600440555866011,NA,NA,NA,NA,0.664016593693406,0.805205540223141,NA,0.780084017420417,0.306703183595492,0.827645375992521,NA,NA,NA,NA,0.283325882719189,NA,NA,0.0135900945505086,0.76282699038075,NA,NA,NA,NA,NA,NA,0.279514490467609,NA,NA,0.676703076447827,NA,NA,NA,NA,NA,NA,NA,NA,NA,NA,NA,NA,NA,NA,NA,NA,NA,NA,NA,NA,NA,NA,NA,NA,NA,NA,NA,NA,NA,NA,NA,NA,NA,NA,NA,NA,NA,0.0306536344241935,NA,NA,NA,NA,NA,NA,NA,NA,NA,NA,NA,NA,NA,NA,NA,NA,NA,0.0210186058487216,NA,NA,NA,NA,NA,NA,NA,NA,NA,NA,NA,NA,NA,NA,NA,NA,NA,NA,NA,NA,NA,NA,NA,NA,NA,NA,NA,NA,NA,NA,NA,NA,NA,NA,NA,NA,NA,NA,NA,NA,NA,NA,NA,NA,NA,NA,NA,NA,NA,NA,NA,NA,NA,NA,NA,NA,NA,NA,NA,NA,NA,NA,NA,NA,NA,NA,NA,NA,NA,NA,NA,NA,0.00440238956663084,NA,NA,NA,NA,NA,NA,NA,NA,NA,0.227354071536329,NA,NA,NA,NA,NA,NA,NA,NA,NA,NA,NA,NA,NA,NA,NA,NA,NA,NA,NA,NA,NA,NA,NA
"s__Rothia_sp._HMSC072B04",NA,NA,NA,NA,0.00229526314080399,NA,NA,NA,0.0778957460675192,NA,NA,NA,NA,NA,NA,NA,0.0303666723288381,NA,NA,NA,NA,0.1028488516369,NA,0.22121234794867,NA,0.0660380407883399,NA,0.0210284696000693,NA,NA,NA,NA,NA,0.0198869575479524,NA,NA,NA,NA,NA,NA,NA,0.0362734869336721,NA,NA,0.0213005203464904,NA,0.0542593038531469,0.0861726115735389,NA,0.0590448516369243,0.104017156919543,NA,NA,NA,NA,NA,NA,NA,NA,NA,NA,0.137368313948302,0.101011237629913,0.0964703348605848,NA,NA,NA,NA,NA,NA,NA,NA,NA,NA,NA,NA,NA,NA,NA,NA,NA,NA,NA,NA,0.0210489575759428,NA,0.0522870127221087,NA,NA,0.197379075299762,NA,NA,0.0433811244586553,NA,0.0891692406858631,NA,NA,NA,NA,NA,0.0698826374942352,NA,NA,NA,NA,NA,NA,0.00384814279611604,0.00279992950074754,NA,0.131950060453978,NA,0.0768143445860947,NA,0.338308285285448,NA,NA,NA,NA,NA,0.00608465572849934,0.0142909139506674,NA,NA,NA,NA,NA,NA,NA,NA,NA,NA,NA,NA,NA,NA,NA,NA,NA,NA,NA,NA,NA,NA,NA,NA,NA,NA,NA,NA,NA,NA,NA,NA,NA,NA,NA,NA,NA,NA,NA,NA,NA,NA,NA,NA,NA,NA,NA,NA,NA,NA,NA,NA,NA,NA,NA,NA,NA,NA,NA,NA,NA,NA,NA,NA,NA,NA,NA,NA,NA,NA,NA,NA,NA,NA,NA,NA,NA,NA,NA,NA,NA,NA,NA,NA,NA,NA,NA,NA,NA,NA,NA,NA,NA,NA,NA,NA,NA,NA,NA,NA,NA,NA,NA,NA,NA,NA,NA,NA,NA,NA,NA,NA,NA,NA,NA,NA,NA,NA,NA,NA,NA,NA,NA,NA,NA,NA,NA,NA,NA,NA,NA,NA,NA,NA,NA,NA,NA,NA,NA,NA,NA,NA,NA,NA,NA,NA,NA,NA,NA,NA,NA,NA,NA,NA,NA,NA,NA,NA,NA,NA,NA,NA,NA,0.108416411344644,NA,0.904720227585906,NA,NA,NA,NA,NA,NA
"s__Veillonella_tobetsuensis",0.316185973650994,NA,NA,0.418887639702012,NA,NA,NA,NA,0.482908942394388,NA,0.07347888336571,0.548962428060553,NA,NA,0.961999814834287,0.337545642087955,NA,0.718579854914253,NA,0.719885526502423,0.304239821020159,0.778595890494744,NA,0.523581324717435,0.498450236032662,NA,NA,0.300227976921237,NA,NA,NA,0.666711544127711,NA,0.279094348471099,0.336503928003121,0.0337556476756287,0.833386188191144,0.828780197853758,0.361663922400489,NA,NA,0.0099469768648302,NA,NA,NA,NA,0.945905099276402,NA,0.0590448516369243,NA,NA,NA,0.415748799082255,NA,NA,0.92087164979279,NA,NA,NA,0.349668514144756,NA,NA,0.961622838485045,NA,NA,NA,0.938565510607174,0.450085198840877,NA,0.141211020778691,0.322722615405503,NA,NA,NA,NA,NA,NA,NA,NA,NA,0.577438922491833,NA,0.686114911824705,0.353231212692363,0.91756394836812,NA,0.605006093191981,0.18926384721504,NA,NA,0.430560127203215,NA,0.592898670746838,0.253296278973635,0.940026407949046,NA,NA,0.644674493514174,NA,NA,0.587020871028511,0.418944982002061,NA,NA,0.614709611588855,0.973444002311666,NA,0.496878698626679,0.307355752111867,NA,0.385114526894567,0.410630318419147,0.677385067869048,NA,NA,NA,0.0556130632846609,0.776012151968913,NA,NA,0.464662681497023,0.129461839699873,NA,NA,NA,NA,NA,NA,NA,NA,NA,NA,NA,NA,NA,NA,NA,0.00205762924570624,NA,NA,NA,NA,NA,NA,NA,NA,NA,NA,NA,NA,NA,NA,NA,NA,NA,NA,NA,NA,NA,NA,NA,NA,NA,NA,NA,NA,NA,NA,NA,NA,NA,NA,NA,NA,NA,NA,NA,NA,NA,NA,NA,NA,NA,NA,NA,NA,NA,NA,NA,NA,NA,NA,NA,NA,NA,NA,NA,NA,NA,NA,NA,NA,NA,NA,NA,NA,NA,NA,NA,NA,NA,NA,NA,NA,NA,NA,NA,NA,NA,NA,0.0552003838775416,NA,NA,NA,NA,NA,NA,NA,NA,NA,NA,NA,NA,NA,NA,NA,NA,NA,NA,NA,NA,NA,NA,NA,NA,NA,NA,NA,NA,NA,NA,NA,NA,NA,NA,NA,NA,NA,NA,NA,NA,NA,NA,NA,NA,NA,NA,NA,NA,NA,NA,NA,NA,NA,NA,NA,NA,NA,NA,NA,NA,NA,NA,NA,NA,NA,NA,NA,NA,NA,NA,NA,NA,NA
"s__Alloprevotella_tannerae",NA,NA,NA,NA,NA,NA,NA,NA,0.562013964174869,NA,NA,NA,NA,NA,NA,NA,NA,NA,NA,NA,NA,NA,NA,NA,NA,NA,NA,0.670689853449273,NA,NA,NA,NA,NA,NA,NA,NA,NA,NA,NA,NA,NA,NA,NA,0.0456427338388188,NA,NA,NA,NA,0.104017156919543,NA,NA,NA,NA,NA,NA,0.185380376952215,NA,NA,NA,NA,NA,NA,0.0838124998736265,NA,0.375845992803566,NA,NA,NA,NA,NA,NA,NA,NA,NA,NA,NA,NA,NA,NA,0.017537722717156,NA,NA,0.105711078483003,NA,0.229890415045477,NA,NA,NA,NA,0.393271841502061,NA,NA,NA,NA,NA,0.771883720426947,NA,NA,NA,NA,NA,NA,NA,NA,NA,NA,NA,NA,NA,NA,NA,NA,NA,NA,0.647603891162119,NA,NA,NA,NA,NA,NA,NA,NA,NA,NA,NA,NA,NA,NA,NA,NA,NA,NA,NA,NA,NA,NA,NA,NA,NA,NA,NA,NA,NA,NA,NA,NA,NA,NA,NA,NA,NA,NA,NA,NA,NA,NA,NA,NA,NA,NA,NA,NA,NA,NA,NA,NA,NA,NA,NA,NA,NA,NA,NA,NA,NA,NA,NA,NA,NA,NA,NA,NA,NA,NA,NA,NA,NA,NA,NA,NA,NA,NA,NA,NA,NA,NA,NA,NA,NA,NA,NA,NA,NA,NA,NA,NA,NA,NA,NA,NA,NA,NA,NA,NA,NA,NA,NA,NA,NA,NA,NA,NA,NA,NA,NA,NA,NA,NA,NA,NA,NA,NA,NA,NA,NA,NA,NA,NA,NA,NA,0.00919092649501246,NA,NA,NA,NA,NA,NA,NA,NA,NA,NA,NA,NA,NA,NA,NA,NA,NA,NA,NA,NA,NA,NA,NA,NA,NA,NA,NA,NA,NA,NA,NA,NA,NA,NA,NA,NA,NA,NA,NA,NA,NA,NA,NA,NA,NA,NA,NA,NA,NA,NA,NA,NA
"s__Neisseria_sp._HMSC071A01",NA,0.239518929031239,0.403781830717208,NA,NA,0.143404185650094,0.79553947277037,0.0543596112501426,NA,NA,NA,NA,NA,NA,NA,NA,NA,NA,0.0292414719245446,NA,0.96526055622699,NA,0.0104803890817727,NA,NA,NA,0.047428407237921,NA,NA,0.020715197589718,NA,NA,0.996045557180222,NA,0.71440245414401,NA,NA,NA,NA,NA,0.312691851990366,NA,0.509899439297794,NA,NA,NA,NA,NA,NA,NA,NA,NA,NA,0.226551532922218,NA,NA,NA,0.129531343564102,NA,NA,NA,NA,NA,NA,NA,NA,NA,NA,NA,NA,NA,0.0129240137180267,NA,NA,NA,0.0374573526727495,0.0137785064583747,NA,NA,NA,NA,NA,NA,NA,NA,NA,0.0558602212071991,NA,0.032991427127178,NA,NA,0.339328484330422,0.0208861616604776,NA,NA,NA,0.0257025757128406,NA,NA,NA,NA,NA,0.049634521091606,NA,NA,NA,NA,NA,NA,NA,NA,NA,NA,NA,NA,NA,NA,NA,NA,NA,NA,NA,NA,NA,NA,NA,NA,0.0801718850633176,NA,NA,0.128379669903543,0.515839573732694,NA,NA,NA,NA,NA,NA,NA,NA,NA,NA,NA,NA,NA,NA,NA,NA,0.483502598411733,NA,NA,NA,NA,NA,NA,NA,NA,NA,NA,NA,NA,NA,NA,NA,NA,NA,NA,NA,NA,NA,NA,NA,NA,NA,NA,NA,NA,NA,NA,NA,NA,NA,NA,NA,NA,NA,0.0438275034715107,NA,NA,NA,NA,NA,NA,NA,NA,NA,NA,NA,NA,NA,NA,NA,NA,NA,NA,NA,NA,NA,NA,NA,NA,NA,NA,NA,NA,NA,NA,NA,NA,NA,NA,NA,NA,NA,NA,NA,NA,NA,NA,NA,NA,NA,NA,NA,NA,NA,NA,NA,NA,NA,NA,NA,NA,NA,NA,NA,NA,NA,NA,NA,NA,NA,NA,NA,NA,NA,NA,NA,NA,NA,NA,NA,NA,NA,NA,NA,NA,NA,0.241517624440921,NA,NA,NA,NA,NA,NA,NA,NA,NA,NA,NA,NA,NA,NA,NA,NA,NA,NA,NA,NA,NA,NA,NA,NA,NA
"s__Megasphaera_micronuciformis",0.486375401529036,NA,NA,0.700904650839867,NA,NA,NA,NA,0.124558995711395,0.078833839523394,0.410892581701074,NA,0.0907955358564067,NA,0.599204207761607,NA,NA,0.93766939124493,NA,0.356369315014546,NA,0.0952885310438395,NA,0.313450345326227,0.195365983589938,0.25090319595127,NA,0.448671343819578,0.640186967931053,NA,NA,0.624934236189305,0.805570110858642,0.918229556996984,NA,NA,NA,0.361062512123225,NA,NA,NA,NA,NA,NA,0.652765451279002,NA,0.873992890017404,0.479279099921158,NA,0.415748799082255,NA,NA,NA,NA,NA,0.635966727446856,NA,0.346086945826803,NA,0.51071193834548,NA,NA,0.397825794561019,NA,NA,NA,NA,0.0489551678532052,NA,NA,0.76573868708151,NA,NA,NA,NA,NA,NA,NA,NA,NA,0.372441788577146,NA,0.221320634635824,NA,NA,NA,NA,0.213914798590021,NA,0.548434819516358,NA,0.559563858140776,NA,0.440641228203085,0.48704217018596,0.943573893150341,NA,0.392647350661699,NA,NA,0.0893602230682845,0.327193908550387,NA,NA,NA,NA,NA,0.262409245800379,0.246541006721812,NA,0.666817991190236,NA,0.195032170917008,NA,NA,NA,NA,0.223563840499827,NA,NA,NA,NA,NA,NA,NA,NA,0.403187404348169,0.410872269588091,NA,NA,0.450168670086155,NA,NA,NA,NA,NA,NA,NA,NA,NA,NA,NA,NA,NA,NA,NA,NA,NA,0.0992167408874095,NA,NA,NA,NA,NA,NA,NA,NA,NA,NA,NA,NA,NA,NA,NA,NA,NA,NA,NA,NA,NA,NA,NA,NA,NA,NA,NA,NA,NA,NA,NA,NA,NA,NA,NA,NA,NA,NA,NA,NA,NA,NA,NA,NA,NA,NA,NA,NA,NA,NA,NA,NA,NA,NA,NA,NA,NA,NA,NA,NA,NA,NA,NA,NA,NA,NA,NA,NA,NA,NA,NA,NA,NA,NA,NA,NA,NA,NA,NA,NA,NA,NA,NA,NA,NA,NA,NA,NA,NA,NA,NA,NA,NA,NA,NA,NA,NA,NA,NA,NA,NA,0.000524971563268494,NA,NA,NA,NA,NA,NA,NA,NA,NA,NA,NA,NA,NA,NA,NA,NA,NA,NA,NA,NA,NA,NA,NA,NA,NA,NA,NA,NA,NA,NA,NA,NA,NA,NA,NA,NA,NA,NA,NA,NA,NA,NA,NA
"s__Neisseria_meningitidis",NA,0.181213435385714,0.151632592220893,NA,NA,0.979979904375782,0.48947862788532,0.0125621897991709,NA,0.456998708083239,NA,NA,NA,NA,0.715041309148568,NA,NA,0.387320073659938,0.349278471144568,0.410398048678577,0.509851602881809,NA,0.415710166612765,NA,0.480458548655568,NA,0.312826863376762,NA,NA,0.193796882373656,NA,NA,0.720411405797848,NA,0.317503303743746,NA,0.6306498610647,NA,NA,NA,0.01646264070572,NA,0.311696786215062,NA,NA,NA,NA,NA,NA,NA,NA,0.226551532922218,NA,NA,0.765105863272635,NA,NA,NA,NA,0.294499862401773,NA,0.942772003213384,NA,NA,NA,NA,NA,NA,0.720434957988584,NA,NA,NA,NA,0.182479406544088,NA,0.120428417480724,0.396542193818152,NA,NA,NA,NA,0.272881147032261,NA,0.939548788595854,NA,NA,0.464961946622773,NA,0.367082631036877,NA,NA,0.885718131170386,NA,NA,NA,NA,0.140885677103437,NA,NA,0.570446303150296,NA,NA,0.162831007786098,NA,NA,NA,NA,NA,NA,0.846478309495947,NA,0.318150855062099,NA,NA,NA,0.749017673445932,NA,0.402090650396053,NA,NA,NA,NA,NA,NA,NA,NA,NA,0.557528022342354,NA,NA,0.82941594805007,0.902087232895519,NA,NA,0.312147447541354,NA,NA,NA,NA,NA,NA,NA,NA,NA,0.336740802737214,NA,NA,NA,NA,NA,NA,NA,NA,NA,NA,NA,NA,NA,NA,NA,NA,NA,0.0300761274400329,NA,NA,NA,NA,NA,NA,NA,NA,0.235075754138946,NA,NA,NA,NA,NA,NA,NA,NA,NA,NA,NA,NA,NA,NA,NA,NA,NA,NA,NA,NA,NA,NA,NA,0.26812141778051,NA,NA,NA,0.0537495503167952,NA,NA,NA,NA,NA,NA,NA,NA,NA,NA,NA,NA,NA,NA,NA,NA,NA,NA,NA,NA,NA,NA,NA,NA,NA,NA,NA,NA,NA,NA,NA,NA,NA,NA,NA,NA,NA,NA,NA,NA,NA,NA,NA,NA,NA,NA,NA,NA,NA,NA,NA,NA,NA,NA,NA,NA,NA,NA,NA,NA,NA,NA,NA,NA,NA,NA,NA,NA,NA,NA,NA,NA,NA,NA,NA,NA,NA,NA,NA,NA,NA,NA,NA,NA,NA,NA,NA,NA,NA,NA,NA,NA,NA,NA
"s__Alloprevotella_sp._oral_taxon_473",NA,0.173563982357045,0.159773500104192,NA,NA,0.851631125961998,NA,NA,NA,NA,NA,NA,NA,NA,NA,NA,NA,NA,NA,NA,NA,NA,0.0722659719099734,NA,NA,NA,0.0216328877554932,NA,NA,NA,NA,NA,NA,NA,NA,NA,NA,NA,NA,NA,NA,NA,NA,NA,NA,NA,NA,NA,NA,NA,NA,NA,NA,0.765105863272635,NA,NA,NA,NA,NA,NA,NA,NA,NA,NA,0.237332873003334,NA,NA,NA,NA,NA,NA,NA,NA,NA,0.140279801673215,NA,0.176847017915569,NA,NA,NA,NA,NA,0.0707106064105341,NA,NA,NA,NA,NA,NA,NA,NA,NA,NA,NA,NA,NA,NA,NA,NA,NA,NA,NA,0.19112377330588,NA,NA,NA,NA,NA,NA,0.169932137842743,NA,NA,NA,NA,NA,NA,NA,NA,NA,NA,NA,NA,NA,NA,NA,NA,NA,NA,NA,NA,NA,NA,NA,NA,NA,NA,NA,NA,NA,NA,NA,NA,NA,NA,NA,NA,NA,NA,NA,NA,NA,NA,NA,NA,NA,NA,NA,NA,NA,NA,NA,NA,NA,NA,NA,NA,NA,NA,NA,NA,NA,NA,NA,NA,NA,NA,NA,NA,NA,NA,NA,NA,NA,NA,NA,NA,NA,NA,NA,NA,NA,NA,NA,NA,NA,NA,NA,NA,NA,NA,NA,NA,NA,NA,NA,NA,NA,NA,NA,NA,NA,NA,NA,NA,NA,NA,NA,NA,NA,NA,NA,NA,NA,NA,NA,NA,NA,NA,NA,NA,NA,NA,NA,NA,NA,NA,NA,NA,NA,NA,NA,NA,NA,NA,NA,NA,NA,NA,NA,NA,NA,NA,NA,NA,NA,NA,NA,NA,NA,NA,NA,NA,NA,NA,NA,NA,NA,NA,NA,NA,NA,NA,NA,NA,NA,NA,NA,NA,NA,NA,NA,NA,NA,NA,NA,NA,NA,NA,NA,NA,NA,NA,NA,NA
"s__Prevotella_salivae",0.141757087352715,NA,NA,0.461048994605116,NA,NA,0.538999356768139,NA,0.720444540489006,0.0774532217623753,0.649187775139019,0.447408714706365,0.0867237880449004,NA,0.204290447805056,0.602423722989376,NA,0.352110902732371,NA,0.278236336822062,NA,0.186421258979824,NA,0.879285056991902,0.0329501821772867,0.491283482067247,NA,0.709737275431416,0.767749479906424,NA,NA,0.301222307425037,0.280094102715901,0.810682858688803,NA,NA,0.870617037860168,0.958845753402841,NA,NA,NA,NA,NA,NA,0.753751404398632,NA,0.688810318648009,0.607424466340456,NA,0.92087164979279,0.185380376952215,NA,0.635966727446856,NA,NA,NA,NA,0.934066337544282,NA,0.145808218384808,0.423770851571618,NA,0.670933080386267,NA,0.887638428365005,NA,NA,0.147846990835609,NA,0.0379554763655666,0.384574682476056,NA,NA,NA,NA,NA,NA,NA,NA,NA,0.18595459790938,NA,0.801067721904653,NA,NA,NA,NA,0.176645007300266,NA,NA,NA,NA,NA,0.456517830955491,0.87840100426011,0.216783126312948,NA,0.104280476742885,NA,NA,0.454758669941147,0.20432982271108,NA,NA,0.689234999100866,0.331799961831249,NA,0.80978790149431,0.260710314902813,NA,0.113835962461086,NA,0.46409907397705,NA,NA,NA,NA,0.0606481478125649,NA,NA,0.690096934590476,NA,NA,NA,NA,NA,0.0956328794719249,0.124910979119141,0.297309993745603,0.795088544077117,NA,NA,NA,NA,0.272731467094366,0.142032838889113,NA,NA,NA,NA,NA,NA,NA,NA,NA,NA,NA,NA,NA,NA,NA,NA,NA,NA,NA,NA,NA,NA,NA,NA,NA,NA,NA,NA,NA,NA,NA,NA,NA,NA,NA,NA,NA,NA,NA,NA,NA,NA,NA,NA,NA,NA,NA,NA,NA,NA,NA,NA,NA,NA,NA,NA,NA,NA,NA,NA,NA,NA,NA,NA,NA,NA,NA,NA,NA,NA,NA,NA,NA,NA,NA,NA,NA,NA,NA,NA,NA,NA,NA,NA,NA,NA,NA,NA,NA,NA,NA,NA,NA,NA,NA,NA,NA,NA,NA,NA,NA,NA,NA,NA,NA,NA,NA,NA,NA,NA,NA,NA,NA,NA,NA,NA,NA,NA,NA,NA,NA,NA,NA,NA,NA,NA,NA,NA,NA,NA,NA,NA,NA,NA,0.256486441338753,NA,NA,NA,NA,NA,NA,NA,NA,NA,NA,NA,NA,NA,NA,NA,NA,NA,NA,NA,NA,NA,NA,NA
"s__Streptococcus_sp._UMB0029",0.241184626748053,NA,NA,0.123795978032567,NA,NA,NA,NA,NA,NA,NA,NA,0.0403249831852707,NA,NA,0.116477901050488,NA,NA,NA,NA,NA,0.30748899432544,NA,NA,NA,NA,NA,NA,NA,NA,0.712535109522288,0.152470603055486,NA,NA,NA,NA,NA,NA,NA,NA,NA,NA,NA,NA,NA,NA,NA,NA,NA,NA,NA,NA,NA,NA,NA,NA,NA,NA,NA,NA,NA,NA,NA,NA,NA,NA,NA,NA,NA,NA,NA,NA,NA,NA,NA,NA,NA,NA,NA,NA,NA,NA,NA,NA,NA,NA,NA,NA,NA,NA,NA,NA,NA,NA,NA,NA,NA,NA,NA,NA,NA,NA,NA,NA,NA,NA,NA,NA,NA,NA,NA,NA,NA,NA,NA,NA,NA,NA,NA,NA,NA,NA,NA,NA,NA,NA,NA,NA,NA,NA,NA,NA,NA,NA,NA,NA,NA,NA,NA,NA,NA,NA,NA,NA,NA,NA,NA,NA,NA,NA,NA,NA,NA,NA,NA,NA,NA,NA,NA,NA,NA,NA,NA,NA,NA,NA,NA,NA,NA,NA,NA,NA,NA,NA,NA,NA,NA,NA,NA,NA,NA,NA,NA,NA,NA,NA,NA,NA,NA,NA,NA,NA,NA,NA,NA,NA,NA,NA,NA,NA,NA,NA,NA,NA,NA,NA,NA,NA,NA,NA,NA,NA,NA,NA,NA,NA,NA,NA,NA,NA,NA,NA,NA,NA,NA,NA,NA,NA,NA,NA,NA,NA,NA,NA,NA,NA,NA,NA,NA,NA,NA,NA,NA,NA,NA,NA,NA,NA,NA,NA,NA,NA,NA,NA,NA,NA,NA,NA,NA,NA,NA,NA,NA,NA,NA,NA,NA,NA,NA,NA,NA,NA,NA,NA,NA,NA,NA,NA,NA,NA,NA,NA,NA,NA,NA,NA,NA,NA,NA,NA,NA,NA,NA,NA
"s__Solobacterium_moorei",NA,NA,NA,NA,NA,0.0444427260584908,0.400753923244464,NA,NA,NA,NA,NA,NA,0.685991701527543,NA,NA,NA,NA,0.414126863868475,NA,NA,NA,NA,NA,NA,NA,0.956200166570861,NA,NA,NA,NA,0.302045402418072,0.820179901462834,0.903850980727176,NA,NA,NA,NA,NA,NA,NA,NA,NA,NA,NA,NA,NA,NA,NA,NA,NA,0.129531343564102,0.346086945826803,NA,NA,0.934066337544282,NA,NA,NA,NA,NA,NA,NA,NA,NA,NA,NA,NA,NA,NA,NA,0.112965023304988,0.553315559438668,NA,NA,NA,NA,NA,0.231221747137045,NA,0.817846565984706,NA,NA,NA,NA,NA,NA,0.496104499699803,0.0443318552686518,NA,NA,0.82847258391108,NA,0.711847437421115,NA,NA,0.293579032593069,NA,NA,NA,NA,NA,NA,NA,NA,NA,0.335615471739246,NA,NA,NA,NA,NA,NA,NA,NA,NA,NA,NA,NA,NA,NA,NA,NA,NA,NA,NA,0.62842297330319,0.833838399375764,0.310928026838947,0.432325133421586,NA,NA,NA,0.590660331099677,NA,NA,NA,NA,NA,NA,NA,NA,NA,NA,0.967315262653995,NA,NA,NA,NA,NA,NA,NA,NA,NA,NA,NA,NA,NA,NA,NA,NA,NA,NA,NA,NA,NA,NA,NA,NA,NA,NA,NA,NA,NA,NA,NA,NA,NA,NA,NA,NA,0.00525848217538949,NA,NA,NA,NA,NA,NA,NA,NA,NA,NA,NA,NA,NA,NA,NA,NA,NA,NA,NA,0.091008093130585,NA,NA,NA,NA,NA,NA,NA,NA,NA,NA,NA,0.0275886139601336,NA,NA,0.0117773604504733,NA,0.0369829235480338,NA,NA,NA,NA,NA,NA,NA,NA,NA,NA,NA,NA,NA,NA,NA,NA,NA,NA,NA,NA,NA,NA,NA,NA,NA,NA,NA,NA,NA,NA,NA,NA,NA,NA,NA,NA,NA,NA,NA,NA,NA,0.0468989053999767,0.224327628900512,NA,NA,NA,NA,NA,NA,NA,NA,NA,NA,NA,NA,NA,NA,NA,NA,NA,NA,NA,NA,NA,NA,NA,NA,NA,NA,NA,NA,NA,NA,NA,NA
"s__Peptostreptococcus_stomatis",NA,NA,NA,NA,NA,NA,NA,NA,NA,NA,NA,NA,NA,NA,NA,NA,NA,NA,NA,NA,NA,NA,NA,NA,NA,NA,NA,NA,NA,NA,NA,NA,NA,NA,NA,NA,NA,NA,NA,NA,NA,NA,NA,NA,NA,NA,NA,NA,NA,NA,NA,NA,NA,NA,NA,NA,NA,NA,NA,NA,NA,NA,0.501235017875599,NA,NA,NA,NA,NA,NA,NA,NA,NA,NA,NA,NA,NA,NA,NA,NA,0.948721191980748,NA,NA,NA,NA,NA,NA,NA,NA,NA,NA,NA,NA,NA,NA,NA,NA,NA,NA,NA,NA,NA,NA,NA,NA,NA,NA,NA,NA,NA,NA,NA,NA,NA,NA,NA,NA,NA,NA,NA,0.0112579554617319,NA,NA,NA,NA,NA,NA,NA,NA,NA,NA,NA,NA,NA,NA,NA,NA,NA,NA,NA,NA,NA,NA,NA,NA,NA,NA,NA,NA,NA,NA,NA,NA,NA,NA,NA,NA,NA,NA,NA,NA,NA,NA,NA,NA,NA,NA,NA,NA,NA,NA,NA,NA,NA,NA,NA,NA,NA,NA,NA,NA,NA,NA,0.0335041750292067,NA,NA,NA,NA,NA,NA,NA,NA,NA,NA,NA,NA,NA,NA,NA,NA,NA,NA,NA,NA,NA,NA,NA,NA,NA,NA,NA,NA,NA,NA,NA,NA,NA,NA,NA,NA,NA,NA,NA,NA,NA,NA,NA,NA,NA,0.303601374178375,NA,NA,NA,NA,NA,NA,0.148849276674822,NA,NA,NA,NA,NA,NA,NA,NA,NA,NA,NA,NA,NA,NA,NA,NA,NA,NA,NA,NA,NA,NA,NA,NA,NA,NA,NA,NA,NA,NA,NA,0.0082653374698171,0.0510756795437204,NA,NA,NA,NA,NA,NA,NA,NA,NA,NA,NA,NA,NA,NA,NA,NA,NA,NA,NA,NA,NA,NA,NA,NA,NA
"s__Veillonella_nakazawae",0.722400076354892,0.0591233636229249,0.0637145502047127,0.111665254807554,NA,0.224356580946275,NA,NA,NA,0.675330824110097,0.58171898361873,0.688872769928368,0.927521415509316,NA,0.829330291802913,0.648951389473714,NA,0.32032234892038,0.127603825882792,0.27595351389291,NA,0.883739775857552,0.118668117259903,0.174814725654115,0.64317373702211,0.265268441426792,0.820872397299531,0.214938089317581,0.816628024334915,NA,NA,0.275700405730644,0.458399166728931,0.914486094913386,NA,NA,NA,0.333694588889979,NA,NA,0.647064279858748,NA,0.192953319601535,NA,0.0955461671462096,NA,0.460913504803161,0.413007595580112,NA,0.349668514144756,NA,NA,0.51071193834548,0.294499862401773,NA,0.145808218384808,NA,NA,NA,NA,NA,NA,NA,NA,NA,NA,0.98933187036628,0.33405425598296,NA,0.0252363089936175,NA,NA,0.0080715382146033,0.599187414590813,NA,NA,NA,NA,NA,NA,0.387162642696287,0.456354762348816,NA,NA,NA,NA,NA,0.702353304423432,NA,NA,0.72730131731626,NA,NA,0.188343273676666,NA,NA,NA,0.714805411087655,NA,0.0989829128812378,NA,0.516694468117394,NA,NA,NA,NA,NA,0.59940085701423,0.589504529259483,NA,0.419096922355115,NA,0.268805017058931,0.261897228751683,NA,NA,NA,0.929772345381978,NA,NA,NA,NA,NA,NA,NA,NA,NA,0.692556973552329,0.0280849488934765,0.0170993098600071,0.234441291241589,0.124218403887714,NA,NA,0.000519880671380145,0.00601297996911,NA,NA,NA,NA,NA,NA,NA,NA,NA,NA,NA,NA,0.330931131942584,NA,NA,NA,NA,NA,NA,NA,NA,NA,NA,NA,NA,NA,NA,NA,NA,NA,NA,NA,NA,NA,NA,NA,NA,NA,NA,NA,NA,NA,NA,NA,NA,NA,NA,NA,NA,NA,NA,NA,NA,NA,NA,NA,NA,NA,NA,NA,NA,NA,NA,NA,NA,NA,NA,NA,NA,NA,NA,NA,NA,NA,NA,NA,NA,NA,NA,NA,NA,NA,NA,NA,NA,NA,NA,NA,NA,NA,NA,NA,NA,NA,NA,NA,NA,NA,NA,NA,NA,NA,NA,NA,NA,NA,NA,NA,NA,NA,NA,NA,NA,NA,NA,NA,NA,NA,NA,NA,NA,0.072735101265342,NA,NA,NA,NA,NA,NA,NA,NA,NA,NA,NA,NA,NA,NA,NA,NA,NA,NA,NA,NA,NA,NA,NA,NA,NA,NA,NA,NA,NA,NA,NA,NA,NA,NA,NA,NA
"s__Streptococcus_sp._F0442",NA,NA,0.024792549277754,NA,NA,NA,NA,NA,0.44302664259675,NA,NA,NA,NA,NA,0.00125077079060356,NA,0.459059270695972,0.068343290345579,NA,0.258577268098051,NA,NA,NA,0.496459058796346,NA,0.625856417395361,NA,0.598633971896496,0.251485330877264,NA,0.393771004550855,NA,NA,NA,NA,0.397872847400021,NA,NA,NA,NA,NA,NA,NA,NA,0.40455469933298,NA,0.453697439276742,0.799335399523328,NA,NA,NA,NA,NA,NA,NA,0.423770851571618,NA,NA,NA,NA,NA,0.883663766476681,0.808088584400434,NA,NA,NA,NA,0.059398905039142,NA,NA,NA,NA,NA,NA,NA,NA,NA,NA,NA,NA,0.528264694610982,NA,NA,NA,NA,NA,NA,0.334395598939009,NA,NA,NA,NA,NA,NA,NA,0.771073462649081,NA,0.166540114629406,NA,NA,0.987359033165349,0.158617817039285,NA,NA,NA,NA,NA,0.580892677499115,0.249422823310516,NA,0.551805286890709,NA,0.39787774804423,NA,NA,NA,0.434876532546953,NA,NA,NA,NA,NA,NA,NA,NA,NA,NA,NA,0.259264704206111,NA,NA,NA,NA,NA,NA,NA,NA,NA,NA,NA,NA,NA,NA,NA,NA,NA,NA,NA,NA,NA,0.00173916535420955,NA,NA,NA,NA,NA,NA,NA,NA,NA,NA,NA,NA,NA,NA,NA,NA,NA,NA,NA,NA,NA,NA,NA,NA,NA,NA,NA,NA,NA,NA,NA,NA,NA,NA,NA,NA,0.056064263902062,NA,NA,NA,NA,NA,NA,NA,NA,NA,NA,NA,NA,NA,NA,NA,NA,NA,NA,NA,NA,NA,NA,NA,NA,NA,NA,NA,NA,NA,NA,NA,NA,NA,NA,NA,NA,NA,NA,NA,NA,NA,NA,NA,NA,NA,NA,NA,NA,NA,NA,NA,NA,NA,NA,NA,NA,NA,NA,NA,NA,NA,NA,NA,NA,NA,NA,NA,NA,NA,NA,NA,NA,0.00218006803536847,NA,NA,NA,NA,NA,NA,NA,NA,NA,NA,NA,NA,NA,NA,NA,NA,NA,NA,NA,NA,NA,NA,NA,NA,NA,NA,NA,NA,NA,NA,NA,NA,NA
"s__Streptococcus_sp._HPH0090",NA,NA,0.096297532006094,NA,0.00139831894970681,NA,NA,0.50415061244632,0.946396878777557,0.0889033994960232,NA,NA,NA,NA,NA,0.0967085628779511,0.195194723750936,NA,NA,NA,NA,NA,NA,NA,NA,NA,0.356373417509418,0.629639907911386,NA,NA,NA,NA,NA,NA,NA,0.715785293704027,NA,NA,NA,NA,NA,0.00347578941141671,NA,NA,NA,0.0280937168651218,0.327413786676034,0.560792975935976,0.137368313948302,NA,NA,NA,NA,0.942772003213384,NA,NA,NA,NA,NA,NA,0.883663766476681,NA,0.931960151006172,NA,0.737015222715538,NA,NA,NA,0.000162652820191915,NA,0.359866797359462,NA,NA,NA,NA,NA,0.43128434002467,0.000345298619882683,NA,NA,NA,NA,NA,NA,0.853470823194093,NA,0.414564088704429,NA,0.0480413915037229,0.616245963169819,NA,NA,0.816857598268918,NA,0.655082219058836,NA,0.85609421730087,0.189609474599704,NA,NA,0.582853584853898,0.320985059519108,NA,NA,NA,0.410341561552233,NA,0.838721866532895,0.627869385703216,NA,0.410397309915674,NA,0.989185368902139,NA,NA,NA,0.833002168525905,NA,NA,NA,0.0124555750286665,0.215979503699099,NA,NA,NA,NA,NA,NA,NA,NA,NA,NA,NA,NA,NA,NA,NA,NA,NA,NA,NA,NA,NA,NA,NA,NA,NA,NA,NA,NA,NA,NA,NA,NA,NA,NA,NA,NA,NA,NA,NA,NA,NA,NA,NA,NA,NA,NA,NA,NA,NA,NA,NA,NA,NA,NA,NA,NA,NA,NA,NA,NA,NA,NA,NA,NA,NA,NA,NA,NA,0.0180699265167295,NA,NA,NA,NA,NA,NA,NA,NA,NA,NA,NA,NA,NA,NA,NA,NA,NA,NA,NA,NA,NA,NA,NA,NA,NA,NA,NA,NA,NA,NA,NA,NA,NA,NA,NA,NA,0.0104915618169564,NA,NA,NA,NA,NA,NA,NA,NA,NA,NA,NA,NA,NA,NA,NA,NA,NA,NA,NA,NA,NA,NA,NA,NA,NA,NA,NA,NA,NA,NA,NA,NA,0.0301033546571761,NA,NA,NA,NA,NA,NA,NA,NA,NA,NA,NA,NA,NA,NA,NA,NA,NA,NA,NA,NA,NA,NA,NA,NA,NA,NA,NA,NA,0.167390589741238,NA,NA,NA,NA
"s__Prevotella_intermedia",NA,NA,NA,0.153897447151344,0.0110664937671934,NA,NA,NA,0.938162497450592,NA,0.404200493780976,NA,NA,0.310708374442817,NA,NA,0.499176003850307,0.361870839242518,NA,0.443733005292411,NA,NA,NA,0.0996920556873448,NA,0.970598244850931,NA,0.430485914503727,0.0719239935391738,NA,NA,0.847799386173285,NA,0.863432832536589,0.136301492111813,0.381522324642662,NA,NA,NA,NA,NA,0.0587328028800519,NA,NA,0.485634918881693,NA,0.124826605758184,0.636339911418264,0.101011237629913,0.961622838485045,0.0838124998736265,NA,0.397825794561019,NA,NA,0.670933080386267,NA,NA,0.501235017875599,NA,0.808088584400434,0.931960151006172,NA,NA,NA,NA,NA,0.603827210958519,NA,NA,NA,NA,NA,NA,NA,NA,NA,NA,NA,NA,0.210187061725517,NA,0.862318068583921,NA,0.315125358149921,NA,NA,0.193718788295784,NA,NA,NA,NA,NA,0.673825754783504,0.464980726611713,0.569009603973361,NA,0.210946294229919,NA,NA,0.652177869307336,0.71609419946681,NA,NA,NA,NA,NA,0.57184414159756,0.379967311313991,NA,0.921280265665604,NA,0.270061648880733,NA,0.904865197365336,NA,0.288000884294587,NA,NA,NA,NA,0.131616600868544,NA,NA,NA,NA,NA,NA,NA,NA,NA,NA,NA,NA,NA,NA,NA,NA,NA,NA,NA,0.331335470254946,NA,NA,NA,0.845057408864033,NA,NA,NA,NA,NA,NA,NA,NA,NA,NA,NA,NA,NA,NA,NA,NA,NA,NA,NA,NA,NA,NA,NA,NA,NA,NA,NA,NA,NA,NA,NA,NA,NA,0.90039203278556,0.106119973671673,NA,NA,NA,NA,NA,NA,NA,NA,NA,NA,NA,NA,NA,NA,NA,NA,NA,NA,NA,NA,NA,NA,NA,NA,0.667614461443741,NA,NA,NA,NA,NA,NA,NA,NA,NA,NA,NA,NA,NA,NA,NA,NA,NA,NA,NA,NA,NA,NA,0.431000621166559,NA,NA,NA,NA,NA,NA,NA,NA,NA,NA,NA,NA,NA,NA,NA,NA,NA,NA,NA,NA,NA,NA,NA,NA,NA,NA,NA,NA,NA,NA,NA,NA,NA,NA,NA,NA,NA,NA,NA,NA,NA,0.441511004641058,NA,NA,NA,NA,NA,NA,NA,NA,NA,NA,NA,NA,NA,NA,NA,NA,NA,NA,0.337413744941766,0.320530746552889,NA,NA,NA
"s__Rothia_aeria",NA,NA,NA,0.280509152631374,NA,NA,NA,NA,NA,NA,NA,NA,NA,NA,NA,NA,NA,NA,NA,NA,NA,NA,NA,NA,NA,NA,NA,NA,NA,NA,NA,0.424239584830519,NA,NA,NA,NA,NA,NA,NA,NA,NA,NA,NA,0.459727564930056,NA,NA,NA,NA,0.0964703348605848,NA,NA,NA,NA,NA,NA,NA,NA,NA,NA,NA,NA,NA,NA,NA,NA,NA,NA,NA,NA,NA,NA,NA,NA,NA,NA,NA,NA,NA,NA,NA,NA,NA,NA,NA,NA,NA,NA,NA,NA,NA,NA,NA,NA,NA,NA,NA,NA,NA,NA,NA,NA,NA,NA,NA,NA,NA,NA,NA,NA,NA,NA,NA,NA,NA,NA,NA,NA,0.056777629869789,NA,NA,NA,NA,NA,NA,NA,NA,NA,NA,NA,NA,NA,NA,NA,NA,NA,NA,NA,NA,NA,NA,NA,NA,NA,NA,NA,NA,NA,NA,NA,NA,NA,NA,NA,NA,NA,NA,NA,NA,NA,NA,NA,NA,NA,NA,NA,0.000267992729752465,NA,NA,0.0430132358276867,NA,NA,NA,NA,NA,NA,NA,NA,NA,NA,NA,NA,NA,NA,NA,NA,NA,NA,0.000337123040671053,NA,NA,0.00618795172311612,NA,NA,NA,NA,NA,NA,NA,NA,NA,NA,NA,NA,NA,NA,NA,NA,NA,NA,NA,NA,NA,NA,NA,NA,NA,NA,NA,NA,NA,NA,NA,NA,NA,NA,NA,NA,NA,NA,NA,NA,NA,NA,NA,NA,NA,NA,NA,NA,NA,NA,NA,NA,NA,NA,NA,NA,NA,NA,NA,NA,0.0559004681445277,NA,NA,NA,NA,NA,NA,NA,NA,NA,NA,NA,NA,NA,NA,NA,NA,NA,NA,NA,0.00114706502320173,NA,NA,NA,NA,NA,NA,NA,NA,NA,NA,0.0491371495625807,NA,7.08287955709609e-06,NA,NA,NA,NA,NA,NA,NA,NA,NA
"s__Streptococcus_sp._HMSC034E03",NA,NA,NA,NA,0.0179122417984797,NA,NA,0.242832503190328,0.864896755299439,NA,NA,NA,NA,NA,NA,0.469178679717719,0.679308384533246,NA,NA,NA,NA,NA,NA,0.607200037936952,NA,NA,NA,0.714942480183173,NA,NA,NA,NA,NA,NA,NA,NA,NA,0.265195725618849,NA,NA,NA,0.117014040738626,NA,NA,NA,NA,0.650725305018258,0.838242301186537,NA,NA,0.375845992803566,NA,NA,NA,0.237332873003334,0.887638428365005,NA,NA,NA,NA,NA,0.737015222715538,NA,NA,NA,NA,NA,NA,NA,NA,NA,NA,NA,NA,NA,NA,NA,NA,NA,NA,NA,NA,0.764628857114525,NA,0.812459714895905,NA,0.955392358153183,NA,0.0346546483850949,0.314215875390429,NA,NA,0.524316745429736,NA,NA,NA,NA,NA,NA,NA,0.6151081449358,NA,NA,NA,NA,NA,NA,0.840295453662436,0.437813721114753,0.562869591472985,NA,NA,0.646900998378473,NA,NA,NA,NA,NA,NA,NA,NA,0.615006731420646,0.0570450539151122,NA,0.0344413340972272,NA,NA,NA,NA,NA,NA,NA,NA,NA,NA,NA,NA,NA,NA,NA,NA,NA,NA,NA,NA,NA,NA,NA,NA,NA,NA,NA,NA,NA,NA,NA,NA,NA,NA,NA,NA,NA,NA,NA,NA,NA,NA,NA,NA,NA,NA,NA,NA,NA,NA,NA,NA,NA,NA,NA,NA,NA,NA,NA,NA,NA,NA,NA,NA,NA,NA,NA,NA,NA,NA,NA,NA,NA,NA,NA,NA,NA,NA,NA,NA,NA,NA,NA,NA,NA,NA,NA,NA,NA,NA,NA,NA,NA,NA,NA,NA,NA,NA,NA,NA,NA,NA,NA,NA,NA,NA,NA,NA,NA,NA,NA,NA,NA,NA,NA,NA,NA,NA,NA,NA,NA,NA,NA,NA,NA,NA,NA,NA,NA,NA,NA,NA,NA,NA,NA,0.0119447849922649,NA,NA,NA,NA,NA,NA,NA,NA,NA,NA,NA,NA,NA,NA,NA,NA,NA,NA,NA,NA,NA,NA,NA,NA,NA,NA,NA,NA,NA,NA,NA,NA,NA
"s__Streptococcus_anginosus",NA,NA,0.0558140880296236,0.96543551859064,NA,0.216476700777247,0.00523757294664546,NA,NA,NA,NA,NA,NA,NA,NA,NA,NA,NA,NA,NA,0.18662945737036,0.189074849076168,NA,NA,NA,NA,NA,NA,NA,0.0386806386230389,NA,NA,NA,NA,0.152028496551789,NA,NA,NA,0.184659429413262,NA,NA,NA,NA,NA,NA,0.636532598759802,NA,NA,NA,NA,NA,NA,NA,NA,NA,NA,NA,NA,NA,NA,NA,NA,NA,NA,NA,NA,0.110912481837177,NA,NA,NA,NA,NA,NA,NA,NA,NA,NA,NA,NA,NA,NA,NA,NA,NA,NA,NA,NA,NA,NA,NA,0.247346652510499,NA,0.100921540153995,NA,NA,NA,NA,NA,NA,NA,NA,NA,NA,NA,NA,NA,NA,NA,NA,NA,NA,NA,NA,NA,NA,0.83665048782687,NA,NA,NA,NA,NA,NA,NA,NA,NA,NA,NA,NA,NA,NA,NA,NA,NA,NA,NA,NA,NA,NA,NA,NA,NA,NA,NA,NA,NA,NA,NA,NA,NA,NA,NA,NA,NA,NA,NA,NA,NA,NA,NA,NA,NA,NA,NA,NA,NA,NA,NA,NA,NA,NA,NA,NA,NA,NA,NA,NA,NA,NA,NA,NA,NA,NA,NA,NA,NA,NA,NA,NA,NA,NA,NA,NA,NA,NA,NA,NA,NA,NA,NA,NA,NA,NA,NA,0.152130118947378,NA,NA,NA,NA,NA,NA,NA,NA,NA,NA,NA,NA,NA,NA,NA,NA,NA,NA,NA,NA,NA,NA,NA,NA,NA,NA,NA,NA,NA,NA,NA,NA,NA,0.00949957934031119,NA,NA,NA,NA,NA,NA,NA,NA,NA,NA,NA,NA,NA,NA,0.132440491566484,NA,NA,NA,NA,NA,NA,NA,NA,NA,NA,NA,NA,NA,NA,0.215621299276227,NA,NA,NA,NA,NA,NA,NA,NA,NA,NA,NA,NA,NA,NA,NA,NA,NA,NA,NA,NA,NA,NA,NA,NA,NA,NA
"s__Veillonella_sp._oral_taxon_158",0.142452970416831,NA,NA,0.132092757159909,NA,NA,0.0251463200366403,NA,NA,NA,0.501416727326033,0.00468762150359627,NA,NA,NA,0.695182757466473,NA,NA,NA,NA,0.990013635698897,0.139563301046986,NA,NA,0.583116666224957,NA,NA,NA,NA,0.219596440262738,NA,NA,NA,NA,0.531209747594885,NA,NA,NA,0.101701101665248,NA,NA,NA,NA,NA,NA,NA,NA,NA,NA,0.938565510607174,NA,NA,NA,NA,NA,NA,NA,NA,NA,0.98933187036628,NA,NA,NA,NA,NA,0.110912481837177,NA,NA,NA,0.0744116796785393,NA,NA,NA,NA,NA,NA,NA,NA,NA,NA,NA,NA,NA,0.816742003970039,NA,NA,NA,NA,NA,NA,0.142368569637062,NA,NA,NA,NA,NA,NA,NA,NA,NA,NA,NA,NA,NA,NA,NA,NA,NA,NA,NA,NA,0.56424048095675,NA,NA,NA,NA,NA,0.347962958886014,NA,NA,NA,NA,NA,NA,NA,NA,NA,NA,NA,NA,NA,NA,NA,NA,NA,NA,NA,NA,NA,NA,NA,NA,NA,NA,NA,NA,NA,NA,NA,NA,NA,NA,NA,NA,NA,NA,NA,NA,NA,NA,NA,NA,NA,NA,NA,NA,NA,NA,NA,NA,NA,NA,NA,NA,NA,NA,NA,NA,NA,NA,NA,NA,NA,NA,NA,NA,NA,NA,NA,NA,NA,NA,NA,NA,NA,NA,NA,NA,NA,NA,NA,NA,NA,NA,NA,NA,NA,NA,NA,NA,NA,NA,NA,NA,NA,NA,NA,NA,NA,NA,NA,NA,NA,NA,NA,NA,NA,NA,NA,NA,NA,NA,NA,NA,NA,NA,NA,NA,NA,NA,NA,NA,NA,NA,NA,NA,NA,NA,NA,NA,NA,NA,NA,NA,NA,NA,NA,NA,NA,NA,NA,NA,NA,NA,NA,NA,NA,NA,NA,NA,NA,NA,NA,NA,NA,NA,NA,NA,NA,NA,NA,NA,NA,NA,NA,NA,NA,NA,NA,NA,NA,NA,0.0788289689291642,NA
"s__Streptococcus_sp._XMC",NA,NA,NA,NA,NA,NA,0.0340690498615033,NA,0.0403363756628434,NA,0.071750568528351,NA,NA,NA,0.0481922107674972,NA,0.0365303770536514,0.0659348625052253,NA,0.0593683415070656,NA,NA,NA,0.366133043169453,0.0462632778799529,0.598705821461128,NA,0.212582836102398,0.280676905773861,NA,NA,0.0678378435737051,0.00477310938141451,0.0334821622382694,NA,NA,NA,0.704739419975567,NA,NA,NA,NA,NA,NA,0.842206655649884,NA,0.353676614480906,0.967447352212884,NA,0.450085198840877,NA,NA,0.0489551678532052,NA,NA,0.147846990835609,NA,NA,NA,0.33405425598296,0.059398905039142,NA,0.603827210958519,NA,NA,NA,NA,NA,NA,NA,NA,NA,NA,0.576223916280148,NA,NA,NA,NA,0.0917236380641205,NA,0.0350586547730361,NA,NA,NA,NA,NA,NA,0.23124068111655,NA,NA,NA,NA,NA,0.361963402106809,NA,NA,NA,0.364328535006779,NA,NA,0.316023733969607,0.0588115956627089,NA,NA,NA,NA,NA,0.325852255789681,0.512999784671271,NA,0.00415297239641687,NA,0.292475335708857,NA,NA,NA,NA,0.521890915488402,NA,NA,NA,0.538047921202011,NA,NA,NA,NA,0.010630634697274,NA,0.0114712635018317,0.187558135669677,NA,NA,0.271110331837095,NA,0.0392921885362892,0.0495313290453718,NA,NA,NA,NA,NA,NA,NA,NA,NA,NA,NA,NA,NA,NA,NA,NA,NA,NA,NA,NA,NA,NA,NA,NA,NA,NA,NA,NA,NA,NA,NA,NA,NA,NA,NA,NA,NA,NA,NA,NA,NA,NA,NA,NA,NA,NA,NA,NA,NA,NA,NA,NA,NA,NA,NA,NA,NA,NA,NA,NA,NA,NA,NA,NA,NA,NA,NA,NA,NA,NA,NA,NA,NA,NA,NA,NA,NA,NA,NA,NA,NA,NA,NA,NA,NA,NA,NA,NA,NA,NA,NA,NA,NA,NA,NA,NA,NA,NA,NA,NA,NA,NA,NA,NA,NA,NA,NA,NA,NA,NA,NA,NA,NA,NA,NA,NA,NA,NA,NA,NA,NA,NA,NA,NA,NA,NA,NA,NA,NA,NA,NA,NA,NA,NA,NA,NA,NA,NA,NA,NA,NA,NA,NA,NA,NA,NA,NA,NA,NA,NA,NA,NA,0.0831673936733728,NA,NA,NA,NA,NA
"s__Rothia_sp._HMSC062F03",NA,0.650924197208882,0.0178129061831939,NA,0.133196408936734,0.103189652913608,0.270729161044558,NA,NA,0.00964597521003001,NA,NA,NA,NA,NA,NA,NA,NA,NA,NA,0.212141197231995,NA,0.769251214696287,NA,NA,NA,NA,NA,0.198227428861512,0.714218445667483,NA,NA,NA,NA,0.0725900867846142,NA,NA,0.86760303625234,NA,NA,NA,NA,0.683328104779816,0.193384596927365,0.0510607013871389,0.143294990349237,NA,0.0299859207650768,NA,NA,NA,NA,NA,0.720434957988584,NA,NA,NA,NA,NA,NA,NA,0.000162652820191915,NA,NA,NA,NA,NA,NA,NA,NA,NA,NA,NA,0.255390873195105,NA,NA,0.303932248726334,0.700340566773865,NA,NA,NA,NA,NA,0.822508417192549,0.00142461833755425,NA,0.00215993587381038,NA,NA,NA,NA,NA,0.0142424927722148,NA,NA,NA,NA,0.681106966213713,NA,0.073548893132965,NA,NA,NA,NA,NA,NA,NA,NA,NA,NA,NA,0.215137580778468,0.000898990259240456,NA,NA,NA,NA,0.638377600692228,NA,NA,NA,NA,NA,NA,NA,NA,NA,NA,NA,NA,0.620794126103145,0.33565286526453,NA,NA,NA,NA,NA,NA,NA,NA,NA,NA,NA,NA,NA,NA,NA,NA,NA,NA,NA,NA,NA,NA,NA,NA,NA,NA,NA,NA,NA,NA,NA,NA,0.33481580168636,NA,NA,NA,NA,NA,NA,NA,NA,NA,NA,NA,NA,NA,NA,NA,NA,NA,NA,NA,NA,NA,NA,NA,NA,NA,NA,NA,NA,NA,NA,NA,NA,NA,NA,NA,NA,NA,NA,NA,NA,NA,NA,NA,NA,NA,NA,NA,NA,NA,NA,NA,NA,NA,NA,NA,NA,NA,NA,NA,NA,NA,NA,NA,NA,NA,NA,NA,NA,NA,NA,NA,NA,NA,NA,NA,NA,NA,NA,NA,NA,NA,NA,NA,NA,NA,NA,NA,NA,NA,NA,NA,NA,NA,NA,NA,NA,NA,NA,NA,NA,NA,NA,NA,NA,NA,NA,NA,NA,NA,NA,NA,NA,NA,NA,NA,NA,NA,NA,NA,NA,NA,NA,NA,NA,NA,NA,NA,NA,NA
"s__Actinomyces_sp._ICM58",0.871995020730886,NA,NA,0.199354904210298,NA,NA,NA,0.44605713545074,NA,0.0837615821795423,0.0143196788470611,0.0195919226752529,0.0901665254564644,NA,0.325206054793639,NA,NA,0.032477922871128,NA,0.0517547515453347,NA,0.599001275703921,NA,NA,0.0186141712011107,NA,0.28194489027639,NA,NA,NA,NA,0.0531425128819818,0.0806479938024435,0.145775479347582,0.117925301982362,NA,0.00638396953482711,NA,0.0962804888360946,NA,NA,NA,NA,NA,NA,NA,NA,NA,NA,0.141211020778691,NA,NA,NA,NA,NA,0.0379554763655666,NA,NA,NA,0.0252363089936175,NA,NA,NA,NA,NA,NA,0.0744116796785393,NA,NA,NA,0.0957388367275621,NA,0.0785298543232419,NA,NA,NA,NA,NA,0.0640808474736472,NA,NA,NA,NA,NA,NA,NA,NA,NA,NA,NA,0.121141062898454,NA,NA,0.00548108115255609,NA,NA,NA,NA,NA,0.00499860035834652,NA,NA,NA,NA,0.456558819145985,0.0570704920706185,NA,NA,NA,NA,NA,NA,NA,NA,NA,NA,NA,NA,NA,NA,NA,NA,NA,NA,NA,0.253947317444137,NA,0.215172967222345,0.682914378727055,0.199616967019897,NA,NA,0.0341516619335923,NA,0.052693263957773,0.222493129279553,NA,NA,NA,NA,NA,NA,NA,NA,NA,NA,NA,NA,NA,NA,NA,NA,NA,NA,NA,NA,NA,NA,NA,NA,NA,NA,NA,NA,NA,NA,NA,NA,NA,NA,NA,NA,NA,NA,NA,NA,NA,NA,NA,NA,NA,NA,NA,NA,NA,NA,NA,NA,NA,NA,NA,NA,NA,0.00382941837728163,NA,NA,NA,NA,NA,NA,NA,NA,NA,NA,NA,NA,NA,0.0307273056525737,NA,NA,NA,NA,NA,NA,NA,NA,NA,NA,NA,NA,NA,NA,NA,NA,NA,NA,NA,NA,NA,NA,NA,NA,NA,NA,NA,NA,NA,NA,NA,NA,NA,NA,NA,NA,NA,NA,NA,NA,NA,NA,NA,NA,NA,NA,NA,NA,NA,0.0525408649827818,NA,NA,NA,NA,NA,NA,NA,0.0259575218671232,NA,NA,NA,NA,NA,NA,NA,NA,NA,NA,NA,NA,NA,NA,NA,NA,NA,NA,NA,NA,NA,NA,NA,NA,NA,NA,NA,NA
"s__Leptotrichia_wadei",0.546711671865719,NA,NA,0.541814968460862,0.0358700299908462,NA,0.0591961035733429,NA,NA,NA,0.259657735729381,0.807227844030466,NA,NA,NA,NA,NA,0.575738706460068,NA,NA,NA,NA,NA,NA,NA,NA,NA,NA,NA,NA,NA,0.0916463444547178,0.361941333222622,0.505538792715856,NA,0.316055120959574,0.965078480851169,NA,NA,NA,NA,NA,NA,NA,NA,NA,0.167863472877229,NA,NA,0.322722615405503,NA,NA,0.76573868708151,NA,NA,0.384574682476056,NA,NA,NA,NA,NA,0.359866797359462,NA,NA,NA,NA,NA,NA,NA,0.0957388367275621,NA,NA,NA,NA,NA,NA,NA,NA,NA,NA,0.323607983927193,NA,NA,0.0863852507766064,NA,NA,NA,0.312269982600032,NA,NA,NA,0.0190442492691248,NA,0.608779121960958,0.768684822835369,0.0491624610925754,NA,NA,NA,NA,0.68253876974366,NA,NA,NA,0.624641253679104,0.877066116899998,NA,0.339026863838242,NA,NA,NA,0.0242343452966168,0.674553351857435,NA,NA,NA,0.441679592974383,NA,NA,0.220882220183067,0.938296110559341,NA,NA,NA,NA,NA,NA,NA,NA,NA,NA,NA,NA,NA,NA,NA,NA,NA,NA,NA,NA,NA,NA,NA,NA,NA,NA,NA,NA,NA,NA,NA,NA,NA,NA,NA,NA,NA,NA,NA,NA,NA,NA,NA,NA,NA,NA,NA,NA,NA,NA,NA,NA,NA,NA,NA,NA,NA,NA,NA,NA,NA,NA,NA,NA,NA,NA,NA,NA,NA,NA,NA,NA,NA,NA,NA,NA,NA,NA,NA,NA,NA,NA,NA,NA,NA,NA,NA,NA,NA,NA,NA,NA,NA,NA,NA,NA,NA,NA,NA,NA,NA,NA,NA,NA,NA,NA,NA,NA,NA,NA,NA,NA,NA,NA,NA,NA,NA,NA,NA,NA,NA,NA,NA,NA,NA,NA,NA,NA,NA,NA,NA,NA,NA,NA,NA,NA,NA,NA,NA,NA,NA,NA,NA,NA,NA,NA,NA,NA,NA,NA,NA,NA,NA,NA,NA,NA,NA,NA,NA,NA,NA,NA,NA,NA,NA,NA,NA,NA,NA,0.0732973183816206,NA,NA,NA
"s__Mogibacterium_diversum",NA,NA,NA,NA,NA,0.0732042001094209,NA,NA,NA,0.744125278058178,0.105086254925352,NA,NA,NA,NA,NA,NA,NA,NA,NA,NA,NA,NA,NA,NA,NA,NA,NA,NA,NA,NA,0.923011612425815,0.647126055209387,NA,NA,NA,0.243415998250585,NA,NA,NA,NA,NA,NA,NA,NA,NA,NA,NA,NA,NA,NA,0.0129240137180267,NA,NA,NA,NA,NA,0.112965023304988,NA,NA,NA,NA,NA,NA,NA,NA,NA,NA,NA,NA,NA,NA,0.823538571523678,NA,NA,NA,NA,NA,NA,NA,NA,NA,NA,NA,NA,NA,NA,NA,0.0394460588190275,NA,NA,NA,NA,0.609031793997192,NA,0.106721435654058,NA,NA,NA,0.217926994222462,NA,NA,NA,NA,NA,NA,NA,NA,NA,NA,NA,NA,NA,NA,NA,NA,NA,NA,NA,NA,NA,NA,NA,NA,NA,NA,0.927446980056823,0.929927626279011,NA,NA,NA,NA,NA,0.633817294076767,NA,NA,NA,NA,NA,NA,NA,NA,NA,NA,NA,NA,NA,NA,NA,NA,NA,NA,NA,NA,NA,NA,NA,NA,NA,NA,NA,NA,NA,NA,NA,NA,NA,NA,NA,NA,NA,NA,NA,NA,NA,NA,NA,NA,NA,NA,NA,NA,NA,NA,NA,NA,0.00235625412379953,NA,NA,NA,NA,NA,NA,NA,NA,NA,0.0367025385328228,NA,NA,NA,NA,NA,NA,NA,NA,NA,NA,NA,NA,NA,NA,NA,NA,0.0304113013867136,NA,NA,NA,NA,NA,NA,NA,NA,NA,NA,NA,NA,NA,0.141308990997777,NA,NA,NA,NA,NA,NA,NA,NA,NA,NA,NA,NA,NA,NA,NA,NA,NA,NA,NA,NA,NA,NA,NA,NA,NA,NA,NA,NA,NA,NA,NA,NA,NA,NA,NA,NA,NA,NA,NA,NA,NA,NA,NA,NA,NA,NA,NA,NA,NA,NA,NA,NA,NA,NA,NA,NA,NA,NA,NA,NA,NA,NA,NA,NA,NA,NA
"s__Actinomyces_sp._oral_taxon_172",0.630139889960417,NA,NA,0.315871616840144,NA,NA,NA,NA,NA,0.00993121296656346,0.0237125289738896,0.322216950591783,NA,NA,0.744187275321742,NA,NA,NA,NA,NA,NA,0.727382908380817,NA,NA,0.0145394788128367,NA,0.47887186569344,NA,NA,NA,0.296216744502895,0.0578331207462125,0.0376897707568285,0.0738867211455457,0.171017036483912,NA,0.0216167921044005,NA,NA,NA,NA,NA,NA,NA,NA,NA,NA,NA,NA,NA,NA,NA,NA,NA,NA,NA,NA,0.553315559438668,NA,0.0080715382146033,NA,NA,NA,NA,NA,NA,NA,NA,NA,0.0785298543232419,NA,0.823538571523678,NA,NA,NA,NA,NA,NA,0.387620183575015,NA,NA,NA,NA,NA,NA,NA,NA,NA,NA,NA,NA,NA,NA,0.00653476696002463,NA,NA,NA,NA,NA,0.00403552935449491,NA,0.00034912125221263,NA,NA,NA,NA,NA,NA,NA,NA,NA,NA,NA,NA,NA,NA,NA,NA,NA,NA,NA,NA,NA,NA,NA,0.574309455285146,NA,0.0570567733888209,0.761370012237883,0.3645533203259,0.0313698891610328,NA,0.361763290977894,NA,0.173856767734775,0.470996978909704,NA,NA,NA,NA,NA,NA,NA,NA,NA,NA,NA,NA,NA,NA,NA,NA,NA,NA,NA,NA,NA,NA,NA,NA,NA,NA,NA,NA,NA,NA,NA,NA,NA,NA,NA,NA,NA,NA,NA,NA,NA,NA,NA,NA,NA,NA,NA,NA,NA,NA,NA,NA,NA,NA,NA,NA,NA,0.0380022916371797,NA,NA,NA,NA,NA,NA,NA,NA,NA,NA,NA,NA,NA,NA,NA,NA,NA,NA,NA,NA,NA,NA,NA,NA,NA,NA,NA,NA,NA,NA,NA,NA,NA,NA,NA,NA,NA,NA,NA,NA,NA,NA,NA,NA,NA,NA,NA,NA,NA,NA,NA,NA,NA,NA,NA,NA,NA,NA,NA,NA,NA,NA,NA,NA,NA,NA,NA,NA,NA,NA,NA,NA,NA,NA,NA,NA,NA,NA,NA,NA,NA,NA,NA,NA,NA,NA,NA,NA,NA,NA,NA,NA,NA,NA,NA,NA,NA,NA,NA,NA
"s__Porphyromonas_somerae",NA,0.978107079426871,0.55115311875081,NA,NA,0.213709594494845,0.204514859577122,NA,NA,NA,NA,NA,NA,NA,NA,NA,NA,0.571930090283062,NA,0.365891973714456,NA,NA,NA,NA,0.174706685820221,0.499768206066589,NA,NA,0.751590001120686,0.255872711543303,NA,NA,0.0461307015873778,NA,NA,NA,NA,0.97490893520493,NA,NA,NA,NA,0.661565657398836,0.625837878961328,0.330460474208821,NA,NA,0.56807289427344,NA,NA,NA,NA,NA,0.182479406544088,NA,NA,NA,NA,NA,0.599187414590813,NA,NA,NA,NA,NA,NA,NA,0.576223916280148,0.255390873195105,NA,NA,NA,NA,NA,0.153971627795782,0.20049819389037,NA,NA,NA,NA,NA,0.625290644114207,NA,0.700978405628441,NA,NA,NA,NA,NA,NA,NA,NA,NA,NA,NA,NA,NA,0.217801116638601,NA,NA,NA,0.254289684725748,0.674700288724197,NA,NA,NA,NA,NA,NA,NA,0.514495102214073,0.632615827190624,NA,NA,NA,NA,NA,0.853559492225186,NA,0.851211228676129,NA,NA,NA,NA,NA,NA,NA,NA,NA,NA,NA,NA,NA,NA,NA,NA,NA,NA,NA,NA,NA,NA,NA,NA,NA,NA,NA,NA,NA,NA,NA,NA,NA,NA,NA,NA,NA,NA,NA,NA,NA,NA,NA,NA,NA,NA,NA,NA,NA,NA,NA,NA,NA,NA,NA,NA,NA,NA,NA,NA,NA,NA,NA,NA,NA,NA,NA,NA,NA,NA,NA,NA,NA,NA,NA,NA,NA,NA,NA,NA,NA,NA,NA,NA,NA,NA,NA,NA,NA,NA,NA,NA,NA,NA,NA,NA,NA,NA,NA,NA,NA,NA,NA,NA,NA,NA,NA,NA,NA,NA,NA,NA,NA,NA,NA,NA,NA,NA,NA,NA,NA,NA,NA,NA,NA,NA,NA,NA,NA,NA,NA,NA,NA,NA,NA,NA,NA,NA,NA,NA,NA,NA,NA,NA,NA,NA,NA,NA,NA,NA,NA,NA,NA,NA,NA,NA,NA,NA,NA,NA,NA,NA,NA,NA,NA,NA,NA,NA,NA,NA,NA,NA,NA,NA
"s__Porphyromonas_sp._oral_taxon_279",NA,NA,NA,NA,NA,0.676006691819763,NA,NA,NA,NA,NA,NA,NA,NA,NA,NA,NA,NA,NA,NA,NA,NA,0.17804757488186,NA,NA,NA,NA,NA,NA,0.582834618421117,NA,NA,0.23751520649395,NA,NA,NA,NA,NA,NA,NA,NA,NA,NA,NA,NA,NA,NA,0.550467635169256,NA,NA,NA,NA,NA,NA,0.140279801673215,NA,NA,NA,NA,NA,NA,NA,NA,NA,NA,NA,NA,NA,NA,NA,NA,NA,NA,0.153971627795782,NA,0.203512682613355,NA,NA,NA,NA,NA,0.478390149937361,NA,0.462760701177874,NA,NA,NA,NA,NA,NA,NA,NA,NA,NA,NA,NA,NA,NA,NA,NA,NA,NA,0.335454363612528,NA,NA,NA,NA,NA,NA,NA,NA,0.840179953540995,NA,NA,NA,NA,NA,NA,NA,NA,NA,NA,NA,NA,NA,NA,0.0293641713173874,NA,NA,NA,NA,NA,NA,NA,NA,NA,NA,NA,NA,NA,NA,NA,NA,NA,NA,NA,NA,NA,NA,NA,NA,NA,NA,NA,NA,NA,NA,NA,NA,NA,NA,NA,NA,NA,NA,NA,NA,NA,NA,NA,NA,NA,NA,NA,NA,NA,NA,NA,NA,NA,NA,NA,NA,NA,NA,NA,NA,NA,NA,NA,NA,NA,NA,NA,NA,NA,NA,NA,NA,NA,NA,NA,NA,NA,NA,NA,NA,NA,NA,NA,NA,NA,NA,NA,NA,NA,NA,NA,NA,NA,NA,NA,NA,NA,NA,NA,NA,NA,NA,NA,0.147949953853695,NA,NA,NA,NA,NA,NA,NA,NA,NA,NA,NA,NA,NA,NA,NA,NA,NA,NA,NA,NA,NA,NA,NA,NA,NA,NA,NA,NA,NA,NA,NA,NA,NA,NA,NA,NA,NA,NA,NA,NA,NA,NA,NA,NA,NA,NA,NA,NA,NA,NA,NA,NA,NA,NA,NA,NA,NA,NA,NA,NA,NA,NA,NA
"s__Porphyromonas_bobii",NA,NA,NA,NA,NA,0.155004897462017,0.0534382933832225,NA,NA,NA,NA,NA,NA,NA,NA,NA,NA,NA,NA,NA,NA,NA,0.16956865380098,NA,NA,NA,NA,NA,NA,0.893203301581334,NA,NA,0.0107684026891263,NA,NA,NA,NA,NA,NA,NA,NA,NA,0.656756600225552,NA,NA,NA,NA,NA,NA,NA,NA,0.0374573526727495,NA,0.120428417480724,NA,NA,NA,NA,NA,NA,NA,NA,NA,NA,NA,NA,NA,NA,NA,NA,NA,NA,NA,0.20049819389037,0.203512682613355,NA,0.218991564105154,NA,NA,NA,NA,0.592607318953346,NA,0.967369315972188,NA,NA,NA,NA,NA,NA,NA,NA,NA,NA,NA,NA,NA,NA,NA,NA,NA,NA,0.00436184448967676,NA,NA,NA,NA,NA,NA,NA,NA,0.196113406605701,NA,NA,NA,NA,NA,NA,NA,NA,NA,NA,NA,NA,NA,NA,NA,NA,NA,NA,NA,NA,NA,NA,NA,NA,NA,NA,NA,NA,NA,NA,NA,NA,NA,NA,NA,NA,NA,NA,NA,NA,NA,NA,NA,NA,NA,NA,NA,NA,NA,NA,NA,NA,NA,NA,NA,NA,NA,NA,NA,NA,NA,NA,NA,NA,NA,NA,NA,NA,NA,NA,NA,NA,NA,NA,NA,NA,NA,NA,NA,0.286657709650898,NA,NA,NA,NA,NA,NA,NA,NA,NA,NA,NA,NA,NA,NA,NA,NA,NA,NA,NA,NA,NA,NA,NA,NA,NA,NA,NA,NA,NA,NA,NA,NA,NA,NA,NA,NA,NA,NA,NA,NA,NA,NA,NA,NA,NA,NA,NA,NA,NA,NA,NA,NA,NA,NA,NA,NA,NA,NA,NA,NA,NA,NA,NA,NA,NA,NA,NA,NA,NA,NA,NA,NA,NA,NA,NA,NA,NA,NA,NA,NA,NA,NA,NA,NA,NA,NA,NA,NA,NA,NA,NA,NA,NA,NA,NA,NA,NA,NA,NA,NA,NA,NA
"s__Neisseria_flavescens",NA,0.384017010949943,0.70904171460216,NA,0.900349890045918,0.498148483630487,0.970491678990576,0.303041286091996,NA,0.533754069545089,NA,NA,NA,NA,NA,NA,NA,NA,0.495708352370658,NA,0.512386984132001,NA,0.0218188803095426,NA,0.579809896489322,NA,0.131216824517405,NA,NA,0.60090804015036,NA,NA,0.853730743908361,NA,0.332540333845334,NA,0.451503732934783,0.0368203859055562,NA,NA,0.0773517304142029,NA,0.962479730141803,NA,NA,NA,NA,NA,NA,NA,NA,0.0137785064583747,NA,0.396542193818152,0.176847017915569,NA,NA,NA,NA,NA,NA,0.43128434002467,NA,NA,NA,NA,NA,NA,0.303932248726334,NA,NA,NA,NA,NA,NA,0.218991564105154,NA,NA,NA,NA,NA,NA,NA,NA,NA,NA,0.48072982166815,NA,0.256610046118238,NA,NA,0.102129751689473,0.191444785054619,NA,NA,NA,NA,NA,NA,0.189712481275863,NA,NA,0.193798299708206,NA,NA,NA,0.129255798060922,NA,NA,NA,NA,NA,NA,NA,NA,NA,NA,NA,NA,NA,NA,NA,NA,NA,NA,NA,NA,0.183600335921444,NA,NA,0.764853727481658,0.261486570968989,NA,NA,NA,NA,NA,NA,NA,NA,NA,NA,NA,NA,NA,NA,NA,NA,0.906636331579902,NA,NA,NA,NA,NA,NA,NA,NA,NA,NA,NA,NA,NA,0.0790199312620086,NA,NA,NA,NA,NA,NA,NA,NA,0.371981099368082,NA,NA,NA,NA,NA,NA,NA,NA,NA,NA,NA,NA,NA,NA,0.135604936108323,NA,NA,NA,NA,NA,NA,NA,NA,NA,NA,NA,NA,NA,NA,NA,NA,NA,NA,NA,NA,NA,NA,NA,NA,NA,NA,NA,NA,NA,NA,NA,NA,NA,NA,NA,NA,NA,NA,NA,NA,NA,NA,NA,NA,NA,NA,NA,NA,NA,NA,NA,NA,NA,NA,NA,NA,NA,NA,NA,NA,NA,NA,NA,NA,NA,NA,NA,NA,NA,NA,NA,NA,NA,NA,NA,NA,NA,NA,NA,NA,0.235993756218908,0.159269557028881,NA,NA,NA,NA,NA,NA,NA,NA,NA,NA,NA,NA,NA,NA,NA,NA,NA,NA,NA,NA,0.0137750213835127,NA,NA,NA,NA
"s__Rothia_sp._HMSC072E10",NA,NA,0.0355384162921484,NA,0.233079806198719,NA,NA,NA,NA,0.139191061591212,NA,NA,NA,NA,NA,NA,NA,NA,NA,NA,NA,NA,NA,NA,NA,NA,NA,NA,0.195788023029201,NA,NA,NA,NA,NA,0.0533297380217884,NA,NA,NA,NA,NA,0.413544021012725,NA,0.492371586232266,0.023324648735358,0.0477996971427667,0.125573817126567,NA,0.134359900096845,NA,NA,NA,NA,NA,NA,NA,NA,NA,NA,NA,NA,NA,0.000345298619882683,NA,NA,NA,NA,NA,NA,0.700340566773865,NA,NA,NA,NA,NA,NA,NA,NA,NA,NA,NA,NA,NA,NA,0.434400880772523,NA,NA,0.000288312195420936,NA,NA,NA,NA,NA,0.00970662136506628,NA,NA,NA,NA,NA,NA,0.202885921280185,NA,NA,NA,NA,NA,0.821345883687264,NA,NA,NA,NA,NA,0.316330974753767,NA,NA,0.0678325384619336,NA,NA,NA,NA,0.515322779788694,NA,NA,NA,NA,NA,NA,NA,NA,NA,NA,0.898299693843833,0.697107175424452,NA,NA,NA,NA,NA,NA,NA,NA,NA,NA,NA,NA,NA,NA,NA,NA,NA,NA,NA,NA,NA,NA,NA,NA,NA,NA,NA,NA,NA,NA,NA,NA,0.830897130405687,NA,NA,NA,NA,NA,NA,NA,NA,NA,NA,NA,NA,NA,NA,NA,NA,NA,NA,NA,NA,NA,NA,NA,NA,NA,NA,NA,NA,NA,NA,NA,NA,NA,NA,NA,NA,NA,NA,NA,NA,NA,NA,NA,NA,NA,NA,NA,NA,NA,NA,NA,NA,NA,NA,NA,NA,NA,NA,NA,NA,NA,NA,NA,NA,NA,NA,NA,NA,NA,NA,NA,NA,NA,NA,NA,NA,NA,NA,NA,NA,NA,NA,NA,NA,NA,NA,NA,NA,NA,NA,NA,NA,NA,NA,NA,NA,NA,NA,NA,NA,NA,NA,NA,NA,NA,NA,NA,NA,NA,NA,NA,NA,NA,NA,NA,NA,NA,NA,NA,NA,NA,NA,NA,NA,NA,NA,NA,NA,NA
"s__Candidatus_Nanosynbacter_sp._HMT_352",NA,NA,NA,NA,NA,NA,0.814439339935105,0.277012315698951,NA,0.0395155028302167,NA,0.0581592822941066,NA,NA,0.100277532334791,NA,NA,NA,0.103251730331424,NA,NA,NA,NA,NA,NA,NA,0.418633675943182,NA,NA,NA,NA,NA,0.0614366444784567,NA,NA,NA,0.24921161153019,NA,NA,NA,NA,NA,NA,NA,NA,NA,NA,NA,NA,NA,NA,NA,NA,NA,NA,NA,NA,0.231221747137045,NA,NA,NA,NA,NA,NA,NA,NA,NA,0.0917236380641205,NA,0.0640808474736472,NA,NA,0.387620183575015,NA,NA,NA,NA,NA,NA,NA,NA,NA,NA,NA,NA,NA,NA,NA,NA,NA,NA,NA,NA,NA,NA,NA,0.0550901348990379,0.0191728662775583,NA,NA,NA,NA,NA,NA,NA,NA,NA,NA,NA,NA,NA,NA,NA,NA,NA,NA,NA,NA,NA,NA,NA,NA,NA,NA,NA,0.614488126921254,NA,0.98747076827896,0.0593680525783823,0.507721408696401,NA,NA,0.36719738831084,NA,0.124252506909153,0.339278190547096,NA,NA,NA,NA,NA,NA,NA,NA,NA,NA,NA,NA,NA,NA,NA,NA,NA,NA,NA,NA,NA,NA,NA,NA,NA,NA,NA,NA,NA,NA,NA,NA,NA,NA,NA,NA,NA,NA,NA,NA,NA,NA,NA,NA,NA,NA,NA,NA,NA,NA,NA,NA,NA,NA,NA,NA,NA,NA,NA,NA,NA,NA,NA,NA,NA,NA,NA,NA,NA,NA,NA,NA,NA,NA,NA,NA,NA,NA,NA,NA,NA,NA,NA,NA,NA,NA,NA,NA,NA,NA,NA,NA,NA,NA,NA,NA,NA,NA,NA,NA,NA,NA,NA,NA,NA,NA,NA,NA,NA,NA,NA,NA,NA,NA,NA,NA,NA,NA,NA,NA,NA,NA,NA,NA,NA,NA,NA,NA,NA,NA,NA,NA,NA,NA,NA,NA,NA,NA,NA,NA,NA,NA,NA,NA,NA,NA,NA,NA,NA,NA,NA,NA,NA,NA,NA,NA,NA,NA
"s__Parvimonas_micra",NA,NA,NA,NA,NA,NA,NA,NA,NA,NA,NA,NA,NA,NA,NA,NA,NA,NA,NA,NA,NA,NA,NA,NA,NA,NA,NA,NA,NA,NA,NA,NA,NA,NA,NA,NA,NA,NA,NA,NA,NA,NA,NA,NA,NA,NA,NA,NA,NA,NA,0.017537722717156,NA,NA,NA,NA,NA,NA,NA,0.948721191980748,NA,NA,NA,NA,NA,NA,NA,NA,NA,NA,NA,NA,NA,NA,NA,NA,NA,NA,NA,NA,NA,NA,NA,NA,NA,NA,NA,NA,NA,NA,NA,NA,NA,NA,NA,NA,NA,NA,NA,NA,NA,NA,NA,NA,0.460269931338531,NA,NA,NA,NA,NA,NA,NA,NA,NA,NA,0.793213976602464,0.332614310584111,NA,NA,NA,NA,NA,NA,NA,NA,NA,NA,NA,NA,NA,NA,NA,NA,NA,NA,NA,NA,NA,NA,NA,NA,NA,NA,NA,NA,NA,NA,NA,NA,NA,NA,NA,NA,NA,NA,NA,NA,NA,NA,NA,NA,NA,NA,NA,NA,NA,NA,NA,NA,NA,NA,NA,NA,NA,NA,NA,NA,NA,NA,NA,NA,NA,NA,NA,NA,NA,NA,0.123163080429598,NA,NA,NA,NA,NA,NA,NA,NA,NA,NA,NA,NA,NA,NA,NA,NA,NA,NA,NA,NA,NA,NA,NA,NA,NA,NA,NA,NA,NA,NA,NA,NA,NA,NA,NA,NA,NA,NA,NA,NA,NA,NA,NA,NA,NA,NA,NA,NA,NA,NA,NA,NA,NA,NA,NA,NA,NA,NA,NA,NA,NA,NA,NA,NA,NA,NA,NA,NA,NA,NA,NA,NA,NA,NA,NA,NA,NA,NA,NA,NA,NA,NA,NA,NA,NA,NA,NA,NA,NA,NA,NA,NA,NA,NA,NA,NA,NA,NA,NA,NA,NA,NA,NA,NA,NA,NA,NA
"s__Prevotella_vespertina",0.467735440029895,NA,NA,NA,NA,0.174015526491654,0.111995326624584,0.355589764317421,NA,NA,0.133147879043178,0.174574396685125,NA,NA,0.361490205008231,NA,NA,0.862839469133026,NA,0.178116201358207,NA,0.518164261202868,NA,0.363176210256694,0.0797645446649383,0.897470172036509,NA,NA,0.69052233121054,NA,NA,0.152898771900313,0.70547924411116,0.960761326891312,NA,NA,0.81752072868079,0.514430496342423,NA,NA,NA,NA,NA,NA,0.778147834617273,NA,0.954898927774334,0.256264442171683,NA,0.577438922491833,NA,NA,0.372441788577146,NA,NA,0.18595459790938,NA,0.817846565984706,NA,0.387162642696287,0.528264694610982,NA,0.210187061725517,NA,NA,NA,NA,0.0350586547730361,NA,NA,0.323607983927193,NA,NA,NA,NA,NA,NA,NA,NA,NA,NA,NA,0.939833841204687,NA,NA,NA,NA,0.83353521903093,NA,NA,NA,0.851325081107475,NA,0.90704710489654,0.832024469471433,0.468876684876484,NA,0.0447744230703908,NA,NA,0.0404297618619097,0.28179466539178,NA,NA,0.987709553966921,NA,NA,0.479672894220213,0.164349677477902,NA,0.0345414741671966,NA,0.129868866120181,NA,NA,NA,NA,0.27186968194071,0.0253194176252209,NA,0.670997857415863,NA,NA,NA,NA,NA,0.281023469566073,0.227285261444903,0.278477553784897,NA,NA,NA,NA,NA,NA,NA,NA,NA,NA,NA,NA,NA,NA,NA,NA,NA,NA,NA,NA,NA,NA,NA,NA,NA,NA,NA,NA,NA,NA,NA,NA,NA,NA,NA,NA,NA,NA,NA,NA,NA,NA,NA,NA,NA,NA,NA,NA,NA,NA,NA,NA,NA,NA,NA,NA,NA,NA,NA,NA,NA,NA,NA,NA,NA,NA,NA,NA,NA,NA,NA,NA,NA,NA,NA,NA,NA,NA,NA,NA,NA,NA,NA,NA,NA,NA,NA,NA,NA,NA,NA,NA,NA,NA,NA,NA,NA,NA,NA,NA,NA,NA,NA,NA,NA,NA,NA,0.000642907460475495,NA,NA,NA,NA,NA,NA,NA,NA,NA,NA,NA,NA,NA,NA,NA,NA,NA,NA,NA,NA,NA,NA,NA,NA,NA,NA,NA,NA,NA,NA,NA,NA,NA,NA,NA,NA,NA,NA,NA,NA,NA,NA,NA,NA,NA,NA,NA,NA,NA,NA,NA,NA,NA,NA,NA,NA,NA
"s__Porphyromonas_sp._KLE_1280",NA,NA,NA,NA,NA,0.323518276949983,NA,NA,NA,NA,NA,NA,NA,NA,NA,NA,NA,0.156688038741005,NA,0.0430219735708159,NA,NA,NA,NA,0.275687341974939,NA,NA,NA,0.329020995895062,0.791701795082752,NA,NA,0.0159377497685619,NA,NA,NA,NA,NA,NA,NA,NA,NA,NA,NA,0.358944555145294,NA,NA,0.409360536904059,NA,NA,NA,NA,NA,0.272881147032261,NA,NA,NA,NA,NA,0.456354762348816,NA,NA,NA,NA,NA,NA,NA,NA,NA,NA,NA,NA,NA,0.625290644114207,0.478390149937361,0.592607318953346,NA,NA,NA,NA,NA,NA,NA,0.955467433915709,NA,NA,NA,NA,NA,NA,NA,NA,NA,0.0446228659186819,NA,NA,NA,NA,NA,NA,NA,NA,0.286871399758174,NA,NA,NA,NA,NA,NA,NA,0.11849598895912,0.453641752264191,NA,NA,NA,NA,NA,NA,NA,NA,NA,NA,NA,NA,NA,NA,NA,NA,NA,NA,NA,NA,NA,NA,NA,NA,NA,NA,NA,NA,NA,NA,NA,NA,NA,NA,NA,NA,NA,NA,NA,NA,NA,NA,NA,NA,NA,NA,NA,NA,NA,NA,NA,NA,NA,NA,NA,NA,NA,NA,NA,NA,NA,NA,NA,NA,NA,NA,NA,NA,NA,NA,NA,NA,NA,NA,NA,NA,NA,NA,NA,NA,NA,NA,NA,NA,NA,NA,NA,NA,NA,NA,NA,NA,NA,NA,NA,NA,NA,NA,NA,NA,NA,NA,NA,NA,NA,NA,NA,NA,NA,NA,NA,NA,NA,NA,NA,NA,NA,NA,NA,NA,NA,NA,NA,NA,NA,NA,NA,NA,NA,NA,NA,NA,NA,NA,NA,NA,NA,NA,NA,NA,NA,NA,NA,NA,NA,NA,NA,NA,NA,NA,NA,NA,NA,NA,NA,NA,NA,NA,NA,NA,NA,NA,NA,NA,NA,NA,NA,NA,NA,NA,NA,NA,NA,NA,NA,NA,NA,NA,NA,NA,NA,NA
"s__Prevotella_nanceiensis",0.36688059770396,NA,NA,0.810933608535507,NA,NA,NA,NA,NA,NA,0.82995805270006,NA,NA,0.302978784881661,NA,0.732242585342436,NA,0.732009932084127,NA,0.649959182345763,0.300087528078837,0.74461500983885,NA,NA,NA,NA,NA,NA,NA,NA,NA,0.625631940597751,NA,0.853897785383763,NA,NA,NA,NA,NA,NA,NA,NA,NA,NA,NA,NA,0.52023714978941,NA,NA,0.686114911824705,0.105711078483003,NA,0.221320634635824,NA,0.0707106064105341,0.801067721904653,NA,NA,NA,NA,NA,NA,0.862318068583921,NA,0.764628857114525,NA,NA,NA,NA,NA,NA,NA,NA,NA,NA,NA,NA,NA,NA,NA,0.939833841204687,NA,NA,NA,NA,NA,NA,0.503370839994642,NA,NA,NA,NA,NA,NA,NA,NA,NA,0.0282941104949862,NA,NA,NA,NA,NA,NA,NA,NA,NA,NA,NA,NA,NA,NA,NA,NA,NA,NA,NA,NA,NA,NA,NA,NA,NA,NA,NA,NA,NA,NA,NA,NA,NA,NA,NA,NA,NA,NA,NA,NA,NA,NA,NA,NA,NA,NA,NA,NA,NA,NA,NA,NA,NA,NA,NA,NA,NA,NA,NA,NA,NA,NA,NA,NA,NA,NA,NA,NA,NA,NA,NA,NA,NA,NA,NA,NA,NA,NA,NA,NA,NA,NA,NA,NA,NA,NA,NA,NA,NA,NA,NA,NA,NA,NA,NA,NA,NA,NA,NA,NA,NA,NA,NA,NA,NA,NA,NA,NA,NA,NA,NA,NA,NA,NA,NA,NA,NA,NA,NA,NA,NA,NA,NA,NA,NA,NA,NA,NA,NA,NA,NA,NA,NA,NA,NA,NA,NA,NA,NA,NA,NA,NA,NA,NA,NA,NA,NA,NA,NA,0.00615514392863875,NA,NA,NA,NA,NA,NA,NA,NA,NA,NA,NA,NA,NA,NA,NA,NA,NA,NA,NA,NA,NA,NA,NA,NA,NA,NA,NA,NA,NA,NA,NA,NA,NA,NA,NA,NA,NA,NA,NA,NA,NA,NA,NA,NA,NA,NA
"s__Fusobacterium_pseudoperiodonticum",NA,0.884893918416075,0.1241893964776,0.486413684858433,NA,0.848107339266574,NA,NA,NA,NA,NA,NA,NA,NA,NA,0.064056762546039,NA,NA,NA,NA,0.212835004815315,NA,NA,NA,NA,0.253398019216084,NA,NA,0.931207754890684,0.827993769074671,NA,NA,NA,NA,0.0403308910674358,NA,NA,NA,0.510055168749644,0.567735574001642,NA,NA,0.88348972283784,0.973683572840552,NA,NA,NA,0.86697675286699,NA,0.353231212692363,NA,NA,NA,0.939548788595854,NA,NA,NA,NA,NA,NA,NA,NA,NA,NA,NA,NA,0.816742003970039,NA,0.822508417192549,NA,0.0863852507766064,NA,NA,0.700978405628441,0.462760701177874,0.967369315972188,NA,0.434400880772523,NA,NA,NA,0.955467433915709,NA,NA,NA,NA,NA,NA,NA,NA,0.793733353019949,NA,NA,NA,NA,NA,NA,NA,NA,NA,NA,NA,NA,NA,NA,0.0639607560445623,NA,NA,NA,NA,NA,1.63964592759055e-06,NA,NA,0.249034034222774,NA,NA,NA,NA,0.60466171172608,0.0416949583917743,NA,NA,NA,NA,NA,NA,NA,NA,NA,NA,NA,NA,NA,NA,NA,NA,NA,NA,NA,NA,NA,NA,NA,NA,NA,NA,NA,NA,NA,NA,NA,NA,NA,NA,NA,NA,NA,NA,NA,NA,NA,NA,NA,NA,NA,NA,NA,NA,NA,NA,NA,NA,NA,NA,NA,NA,NA,NA,NA,NA,NA,NA,NA,NA,NA,NA,NA,NA,NA,NA,NA,NA,NA,NA,NA,NA,NA,NA,NA,NA,NA,NA,NA,NA,NA,NA,NA,NA,NA,NA,NA,NA,NA,NA,NA,NA,NA,NA,NA,NA,NA,NA,NA,NA,NA,NA,NA,NA,NA,NA,NA,NA,NA,NA,NA,NA,NA,NA,NA,NA,NA,NA,NA,NA,NA,NA,NA,NA,NA,NA,NA,NA,NA,NA,NA,NA,NA,NA,NA,NA,NA,NA,NA,NA,NA,NA,NA,NA,NA,NA,NA,NA,NA,NA,NA,NA,NA,NA,NA,NA,NA,NA,NA,NA,NA,NA,NA,NA,NA,NA,NA,NA,NA
"s__Streptococcus_sp._HMSC074B11",NA,NA,0.750900516375315,NA,0.000279132066378123,NA,NA,0.0286253373365975,0.69740637412074,NA,NA,NA,NA,NA,NA,0.461248046194335,0.622038913127328,NA,NA,NA,NA,NA,NA,0.890682795478833,NA,0.549244695656816,NA,0.25925979830433,NA,NA,NA,NA,NA,NA,NA,0.864133431446465,NA,0.0515933038832962,NA,NA,NA,0.0022565193889887,NA,NA,NA,0.501739736085888,0.477280344602607,0.465450385336574,0.0210489575759428,0.91756394836812,0.229890415045477,NA,NA,NA,NA,NA,NA,NA,NA,NA,NA,0.853470823194093,0.315125358149921,NA,0.812459714895905,NA,NA,NA,0.00142461833755425,NA,NA,NA,NA,NA,NA,NA,NA,NA,NA,NA,NA,NA,NA,NA,NA,NA,0.426394969022982,NA,0.189328885484707,0.922233350441162,NA,NA,0.428671414705164,NA,NA,NA,NA,NA,NA,NA,0.531999192803782,NA,NA,NA,NA,0.106482633356763,NA,0.895962132088319,0.17329584399575,0.0973022252445375,NA,NA,0.258057916770534,NA,NA,NA,NA,NA,NA,NA,0.0214744602407415,0.919744764344737,0.0116492079304437,NA,0.0257624039459138,NA,NA,NA,NA,NA,NA,NA,NA,NA,NA,NA,NA,NA,NA,NA,NA,NA,NA,NA,NA,NA,NA,NA,NA,NA,NA,NA,NA,NA,NA,NA,NA,NA,NA,NA,NA,NA,NA,NA,NA,NA,NA,NA,NA,NA,NA,NA,NA,NA,NA,NA,NA,NA,NA,NA,NA,NA,NA,NA,NA,NA,NA,NA,NA,NA,NA,NA,NA,NA,NA,NA,NA,NA,NA,NA,NA,NA,NA,NA,NA,NA,NA,NA,NA,NA,NA,NA,NA,NA,NA,NA,NA,NA,NA,NA,NA,NA,NA,NA,NA,NA,NA,NA,NA,NA,NA,NA,NA,NA,NA,NA,NA,NA,NA,NA,NA,NA,NA,NA,NA,NA,NA,NA,NA,NA,NA,NA,NA,NA,NA,NA,NA,NA,NA,NA,0.247055064415366,NA,NA,NA,NA,NA,NA,NA,NA,NA,NA,NA,NA,NA,NA,NA,NA,NA,NA,NA,NA,NA,NA,NA,NA,0.0188430563974084,NA,NA,NA,NA,NA,NA,NA,NA
"s__Abiotrophia_sp._HMSC24B09",NA,NA,NA,NA,NA,NA,NA,NA,NA,NA,NA,NA,0.36339153249641,NA,NA,NA,NA,NA,NA,NA,0.0201298469169085,NA,NA,NA,NA,NA,NA,NA,NA,NA,NA,NA,NA,NA,NA,NA,NA,NA,NA,NA,NA,NA,NA,NA,NA,NA,NA,NA,NA,NA,NA,NA,NA,NA,NA,NA,NA,NA,NA,NA,NA,NA,NA,NA,NA,NA,NA,NA,NA,NA,NA,NA,NA,NA,NA,NA,NA,NA,NA,NA,NA,NA,NA,NA,NA,NA,NA,NA,NA,NA,NA,NA,NA,NA,NA,NA,NA,NA,NA,NA,NA,NA,NA,NA,NA,NA,NA,NA,NA,NA,NA,NA,NA,0.0100346283110066,NA,NA,NA,NA,NA,NA,NA,NA,NA,0.0758845809664629,NA,NA,NA,NA,NA,NA,NA,NA,NA,NA,NA,NA,NA,NA,NA,NA,NA,NA,NA,NA,NA,NA,NA,NA,NA,NA,NA,NA,NA,NA,NA,NA,NA,NA,NA,NA,NA,NA,NA,NA,NA,NA,NA,NA,NA,NA,NA,NA,NA,NA,NA,NA,NA,NA,NA,NA,NA,0.0383820379974993,NA,NA,NA,NA,NA,NA,NA,NA,NA,NA,NA,NA,NA,NA,NA,NA,NA,NA,NA,NA,NA,NA,NA,NA,NA,NA,NA,NA,NA,NA,NA,NA,NA,NA,NA,NA,NA,NA,NA,NA,NA,NA,NA,NA,NA,NA,NA,NA,NA,NA,NA,NA,NA,NA,NA,NA,NA,NA,NA,NA,NA,NA,NA,NA,NA,NA,NA,NA,NA,NA,NA,NA,NA,NA,NA,NA,NA,NA,NA,NA,NA,NA,NA,NA,NA,NA,NA,NA,NA,NA,NA,NA,NA,NA,NA,NA,NA,NA,NA,NA,NA,NA,NA,NA,NA,NA,NA,NA,NA,NA,NA,NA
"s__Streptococcus_sp._SK140",NA,NA,0.316594247530324,NA,0.000259643577325355,NA,NA,0.0568746391264003,0.779051277278672,NA,NA,NA,NA,NA,NA,0.102589154734135,0.834606420997419,NA,NA,NA,0.0933184213161974,NA,0.150947094596614,NA,NA,NA,0.370882005605901,0.743156133140907,NA,NA,NA,NA,NA,NA,NA,0.697952619288945,NA,NA,NA,NA,NA,0.0709470006772763,NA,0.000720801983376755,NA,0.866011939944066,0.789959183566037,NA,0.0522870127221087,0.605006093191981,NA,0.0558602212071991,NA,0.464961946622773,NA,NA,NA,NA,NA,NA,NA,0.414564088704429,NA,NA,0.955392358153183,NA,NA,NA,0.00215993587381038,NA,NA,NA,NA,NA,NA,NA,0.48072982166815,0.000288312195420936,NA,NA,NA,NA,NA,NA,0.426394969022982,NA,NA,NA,0.176968115012287,0.377529090495363,NA,NA,0.248091676901205,NA,NA,0.733142657118491,NA,NA,NA,NA,0.580894557106218,NA,NA,NA,NA,NA,NA,0.583735129477954,0.875383096193693,0.0903622386269077,NA,NA,0.877683680684178,NA,NA,NA,NA,NA,NA,NA,0.127146818193654,0.313012788879276,NA,NA,0.0149493726839014,NA,NA,NA,NA,NA,NA,NA,NA,NA,NA,NA,NA,NA,NA,NA,NA,NA,NA,NA,NA,NA,NA,NA,NA,NA,NA,NA,NA,NA,NA,NA,NA,NA,NA,NA,NA,NA,NA,NA,NA,NA,NA,NA,NA,NA,NA,NA,NA,NA,NA,NA,NA,NA,NA,NA,NA,NA,NA,NA,NA,NA,NA,NA,NA,NA,NA,NA,NA,NA,NA,NA,NA,NA,NA,NA,NA,NA,NA,NA,NA,NA,NA,NA,NA,NA,NA,NA,NA,NA,NA,NA,NA,NA,NA,NA,NA,NA,NA,NA,NA,NA,NA,NA,NA,NA,NA,NA,NA,NA,NA,NA,NA,NA,NA,NA,NA,NA,NA,NA,NA,NA,NA,NA,NA,NA,NA,NA,NA,NA,NA,NA,NA,NA,NA,NA,NA,NA,NA,NA,NA,NA,NA,NA,NA,NA,NA,NA,NA,NA,NA,NA,NA,NA,NA,NA,NA,NA,NA,NA,NA,NA,NA,NA,NA,NA,NA,NA,NA,NA
"s__Prevotella_sp._oral_taxon_306",0.815473354991348,NA,NA,NA,NA,0.206662026991488,0.790755177223378,NA,NA,NA,0.0886754585990779,0.174754514714127,NA,NA,NA,NA,NA,0.480796179289491,NA,0.862587752756234,NA,0.822421199696244,NA,0.549811880763432,0.462833628082572,0.50467458574683,NA,NA,0.888385502202166,NA,NA,0.0397287684265044,0.765838557191121,0.690307068878492,NA,NA,0.843586353319523,0.100713806412947,NA,NA,NA,NA,NA,NA,0.503858816248763,NA,0.559570828755716,0.301699941824615,NA,0.18926384721504,NA,NA,0.213914798590021,NA,NA,0.176645007300266,NA,0.496104499699803,NA,0.702353304423432,0.334395598939009,NA,0.193718788295784,NA,NA,NA,NA,0.23124068111655,NA,NA,0.312269982600032,NA,NA,NA,NA,NA,NA,NA,NA,NA,0.83353521903093,NA,0.503370839994642,NA,NA,NA,NA,NA,NA,NA,NA,0.297196589299211,NA,0.460612844362766,0.335282581246039,0.417668380267072,NA,0.394697003630083,NA,NA,0.178088004494617,0.719229235814843,NA,NA,0.693028796996167,NA,NA,0.431999057836853,0.238318906134745,NA,0.203598076269771,NA,0.229209486728733,NA,NA,NA,NA,0.510442908099596,NA,NA,0.643747789173536,NA,NA,NA,NA,NA,0.0708438141939804,0.0607082508178341,0.189066092961899,NA,NA,NA,NA,NA,NA,NA,NA,NA,NA,NA,NA,NA,NA,NA,NA,NA,NA,NA,NA,NA,NA,NA,NA,NA,NA,NA,NA,NA,NA,NA,NA,NA,NA,NA,NA,NA,NA,NA,NA,NA,NA,NA,NA,NA,NA,NA,NA,NA,NA,NA,NA,NA,NA,NA,NA,NA,NA,NA,NA,NA,NA,NA,NA,NA,NA,NA,NA,NA,NA,NA,NA,NA,NA,NA,NA,NA,NA,NA,NA,NA,NA,NA,NA,NA,NA,NA,NA,NA,NA,NA,NA,NA,NA,NA,NA,NA,NA,NA,NA,NA,NA,NA,NA,NA,NA,NA,NA,NA,NA,NA,NA,NA,NA,NA,NA,NA,NA,NA,NA,NA,NA,NA,NA,NA,NA,NA,NA,NA,NA,NA,NA,NA,NA,NA,NA,NA,NA,NA,NA,NA,NA,NA,NA,NA,NA,NA,NA,NA,NA,NA,NA,NA,NA,NA,NA,NA,NA,NA,NA,NA,NA,NA,NA,NA
"s__Neisseria_sp._oral_taxon_014",NA,NA,NA,NA,0.0439718227272575,0.60637497136408,NA,0.64321425153331,0.180341485286813,0.434448376855057,NA,NA,NA,NA,NA,NA,0.119837092022595,NA,0.0688147834520842,NA,NA,NA,0.225408298356572,NA,NA,NA,NA,0.0482149400888066,NA,NA,NA,NA,NA,NA,NA,NA,NA,NA,NA,NA,NA,NA,NA,NA,NA,0.612265540398264,NA,NA,NA,NA,NA,0.032991427127178,NA,0.367082631036877,NA,NA,NA,0.0443318552686518,NA,NA,NA,0.0480413915037229,NA,NA,0.0346546483850949,NA,NA,NA,NA,NA,NA,0.0394460588190275,NA,NA,NA,NA,0.256610046118238,NA,NA,NA,NA,NA,NA,NA,0.189328885484707,NA,0.176968115012287,NA,NA,0.214700702250901,NA,NA,NA,NA,NA,NA,0.347010426816193,NA,NA,NA,NA,NA,NA,NA,NA,NA,NA,NA,NA,NA,NA,NA,0.0416980310428099,NA,NA,NA,NA,NA,0.187142418349231,NA,NA,NA,NA,NA,NA,NA,NA,NA,NA,NA,NA,NA,NA,NA,NA,NA,NA,NA,NA,NA,NA,NA,NA,NA,NA,0.0307052579046405,NA,NA,NA,NA,NA,NA,NA,NA,NA,NA,NA,NA,NA,NA,NA,NA,NA,NA,NA,NA,NA,NA,NA,NA,NA,NA,NA,NA,NA,NA,NA,0.000605439356590182,NA,NA,NA,NA,NA,NA,NA,NA,0.0132760348921645,0.0143524469090276,NA,NA,0.103291254389868,NA,NA,NA,0.138368184026953,NA,NA,NA,NA,NA,NA,NA,NA,NA,NA,NA,NA,NA,NA,NA,NA,NA,NA,NA,NA,NA,NA,NA,NA,NA,NA,NA,NA,NA,NA,NA,NA,NA,NA,NA,NA,NA,NA,NA,NA,NA,NA,NA,NA,NA,NA,NA,NA,NA,NA,NA,NA,NA,NA,NA,NA,0.00890240991999319,NA,NA,0.00313216982554965,NA,NA,0.0546896742859797,NA,NA,0.0229747805108463,0.0355128792963472,NA,NA,NA,NA,NA,NA,0.00376405142106981,NA,NA,NA,NA,NA,NA,NA,NA,NA,NA,NA,NA,NA,NA,NA,NA,NA,NA,NA,NA,0.0508641611217928,NA,NA,NA,NA
"s__Streptococcus_sp._HMSC061D10",NA,NA,0.278250928353912,NA,0.0105040801115893,NA,NA,0.0827846646845341,0.89121216525437,NA,NA,NA,NA,NA,NA,0.171731134426186,0.946852311455444,NA,NA,NA,NA,NA,NA,0.722074917783202,NA,NA,NA,0.649948531815578,NA,NA,NA,NA,NA,NA,NA,0.533963854095766,NA,0.00252953124144949,NA,NA,NA,0.0416096178868639,NA,0.00279155556726958,NA,0.903857357793391,0.729110002228312,0.179464277436593,0.197379075299762,NA,0.393271841502061,NA,0.548434819516358,NA,NA,NA,NA,NA,NA,NA,NA,0.616245963169819,NA,NA,0.314215875390429,NA,NA,NA,NA,NA,NA,NA,NA,NA,NA,NA,NA,NA,NA,NA,NA,NA,NA,NA,0.922233350441162,NA,0.377529090495363,NA,0.214700702250901,NA,NA,NA,0.588941868793322,NA,NA,NA,0.177435219200834,0.07673865578891,NA,NA,0.389174963355389,0.378042667441832,NA,NA,NA,NA,NA,0.451327110134489,0.742434543095515,NA,0.537982692844449,NA,0.49580504958808,NA,NA,NA,NA,NA,NA,NA,NA,0.275385388676971,NA,NA,NA,NA,NA,NA,NA,NA,NA,NA,NA,NA,NA,NA,NA,NA,NA,NA,NA,NA,NA,NA,NA,NA,NA,NA,NA,NA,NA,NA,NA,NA,NA,NA,NA,NA,NA,NA,NA,NA,NA,NA,NA,NA,NA,NA,NA,NA,NA,NA,NA,NA,NA,NA,NA,NA,NA,NA,NA,NA,NA,NA,NA,NA,NA,NA,NA,NA,0.00425024883307663,NA,NA,NA,NA,NA,NA,NA,NA,NA,NA,NA,NA,NA,NA,NA,NA,NA,NA,NA,NA,NA,NA,NA,NA,NA,NA,NA,NA,NA,NA,NA,NA,NA,NA,NA,NA,NA,NA,NA,NA,NA,NA,NA,NA,NA,NA,NA,NA,NA,NA,NA,NA,NA,NA,NA,NA,NA,NA,NA,NA,NA,NA,NA,NA,NA,NA,NA,NA,NA,0.0313976780135169,NA,NA,NA,NA,NA,NA,NA,NA,NA,NA,NA,NA,NA,NA,NA,NA,NA,NA,NA,NA,NA,NA,NA,NA,NA,NA,NA,NA,NA,NA,NA,NA,NA
"s__Veillonella_sp._S13053_19",0.178477016891545,NA,NA,0.26600808328259,NA,NA,0.026847801666627,NA,NA,NA,0.614943609491585,0.00390495468093987,NA,NA,NA,0.417699601575196,NA,0.751191941166609,NA,NA,0.480319803486215,0.233789429297311,NA,NA,0.518475363581388,NA,NA,NA,NA,0.0489909030605395,NA,NA,NA,NA,0.218517643614621,NA,NA,0.468142183715708,0.0837195815774686,0.615492598438321,NA,NA,NA,NA,NA,NA,NA,NA,NA,0.430560127203215,NA,NA,NA,NA,NA,NA,NA,NA,NA,0.72730131731626,NA,NA,NA,NA,NA,0.247346652510499,0.142368569637062,NA,NA,0.121141062898454,NA,NA,NA,NA,NA,NA,NA,NA,NA,NA,NA,NA,NA,0.793733353019949,NA,NA,NA,NA,NA,NA,NA,NA,NA,NA,NA,NA,NA,NA,NA,NA,NA,NA,NA,NA,NA,NA,NA,NA,NA,NA,NA,0.950936205416106,NA,NA,NA,NA,NA,0.520573249109047,NA,NA,NA,NA,NA,NA,NA,NA,NA,NA,NA,NA,NA,NA,NA,NA,NA,NA,NA,NA,NA,NA,NA,NA,NA,NA,NA,NA,NA,NA,NA,NA,NA,NA,NA,NA,NA,NA,NA,NA,NA,NA,NA,NA,NA,NA,NA,NA,NA,NA,NA,NA,NA,NA,NA,NA,NA,NA,NA,NA,NA,NA,NA,NA,NA,NA,NA,NA,NA,NA,NA,NA,NA,NA,NA,NA,NA,NA,NA,NA,NA,NA,NA,NA,NA,NA,NA,NA,NA,NA,NA,NA,NA,NA,NA,NA,NA,NA,NA,NA,NA,NA,NA,NA,NA,NA,NA,NA,NA,NA,NA,NA,NA,NA,NA,NA,NA,NA,NA,NA,NA,NA,NA,NA,NA,NA,NA,NA,NA,NA,NA,NA,NA,NA,NA,NA,NA,NA,NA,NA,NA,NA,NA,NA,NA,NA,NA,NA,NA,NA,NA,NA,NA,NA,NA,NA,NA,NA,NA,NA,NA,NA,NA,NA,NA,NA,NA,NA,NA,NA,NA,NA,NA,NA,NA,NA
"s__Haemophilus_influenzae",NA,0.977726890448637,0.850253114106951,NA,NA,0.0866653302059814,0.0717694682173408,0.994539577401314,NA,0.251180193403216,NA,NA,NA,NA,0.6018880863882,NA,0.0995721272899458,0.795004874927951,0.703843070799901,NA,NA,NA,0.167475775845696,NA,0.833095689414113,NA,0.429125544492905,NA,NA,NA,NA,NA,0.994446854876295,0.574826689531946,NA,NA,NA,NA,NA,NA,0.684724352091167,NA,NA,NA,NA,NA,NA,NA,NA,NA,NA,0.339328484330422,0.559563858140776,0.885718131170386,NA,NA,NA,0.82847258391108,NA,NA,NA,NA,NA,NA,NA,NA,NA,NA,NA,NA,0.0190442492691248,NA,NA,NA,NA,NA,0.102129751689473,NA,NA,NA,0.851325081107475,NA,NA,NA,NA,NA,NA,0.297196589299211,NA,NA,NA,NA,NA,0.311688992190847,0.279047244613095,NA,0.707520118829127,NA,NA,0.308806029697714,NA,NA,NA,NA,NA,NA,NA,NA,NA,0.340396623354629,NA,NA,NA,NA,NA,NA,NA,NA,0.560585075786103,NA,NA,NA,NA,NA,NA,NA,0.426591179586548,0.531808047413443,NA,NA,0.896173576415031,0.427838083713746,NA,NA,NA,NA,NA,NA,NA,NA,NA,NA,NA,NA,NA,NA,NA,NA,0.247899484921664,NA,NA,NA,NA,NA,NA,NA,NA,NA,NA,NA,NA,NA,NA,NA,NA,NA,NA,NA,NA,NA,NA,NA,NA,NA,NA,NA,NA,NA,NA,NA,NA,NA,NA,NA,NA,NA,NA,NA,NA,NA,NA,NA,NA,NA,NA,NA,NA,NA,NA,NA,NA,NA,NA,NA,NA,NA,NA,0.181287662244744,NA,NA,NA,NA,NA,NA,NA,NA,NA,NA,NA,NA,NA,NA,NA,NA,NA,NA,NA,NA,NA,NA,NA,NA,NA,NA,NA,NA,NA,NA,NA,NA,NA,NA,NA,NA,0.0167025988805882,NA,NA,NA,NA,NA,NA,NA,NA,NA,NA,NA,NA,NA,NA,NA,NA,NA,NA,NA,NA,NA,NA,NA,NA,NA,NA,NA,NA,NA,NA,NA,NA,NA,NA,NA,NA,NA,NA,NA,NA,NA,NA,NA,NA,NA,NA,NA,NA,NA
"s__Streptococcus_sp._HMSC056C01",NA,NA,0.703077372216928,0.882241140817351,0.00416318898377376,NA,NA,0.138539953184904,0.488389154664299,NA,NA,NA,NA,NA,NA,0.0371139596515668,0.678725777258446,NA,NA,NA,NA,NA,0.0550058026781045,NA,NA,NA,NA,0.559469794177734,NA,NA,NA,NA,NA,NA,NA,0.45983929440706,NA,0.0393679332165579,NA,NA,NA,0.0170108430264105,NA,0.0374125384116512,NA,NA,0.562846613638891,NA,0.0433811244586553,0.592898670746838,NA,0.0208861616604776,NA,NA,NA,NA,NA,NA,NA,NA,NA,0.816857598268918,NA,NA,0.524316745429736,0.100921540153995,NA,NA,0.0142424927722148,NA,NA,NA,NA,NA,NA,NA,0.191444785054619,0.00970662136506628,NA,NA,NA,NA,NA,NA,0.428671414705164,NA,0.248091676901205,NA,NA,0.588941868793322,NA,NA,NA,NA,NA,0.39646778071695,NA,NA,NA,NA,0.437513488122226,NA,NA,NA,0.143798735083195,0.476428564057354,NA,0.442111925025428,0.473247470450892,0.152418479334947,NA,NA,0.542874057707437,NA,NA,NA,NA,NA,NA,NA,0.0954372188479427,0.396857149141684,NA,NA,NA,NA,NA,NA,NA,NA,NA,NA,NA,NA,NA,NA,NA,NA,NA,NA,NA,NA,NA,NA,NA,NA,NA,NA,NA,NA,NA,NA,NA,NA,NA,NA,NA,NA,NA,NA,NA,NA,NA,NA,NA,NA,NA,NA,NA,NA,NA,NA,NA,NA,NA,NA,NA,NA,NA,NA,NA,NA,NA,NA,NA,NA,NA,NA,NA,NA,NA,NA,NA,NA,NA,NA,NA,NA,NA,NA,NA,NA,NA,NA,NA,NA,NA,NA,NA,NA,NA,NA,NA,NA,NA,NA,NA,NA,NA,NA,NA,NA,NA,NA,NA,NA,NA,NA,NA,NA,NA,NA,NA,NA,NA,NA,NA,NA,NA,NA,NA,NA,NA,NA,NA,NA,NA,NA,NA,NA,NA,NA,NA,NA,NA,NA,NA,NA,NA,NA,NA,NA,NA,NA,NA,NA,NA,NA,NA,NA,NA,NA,NA,NA,NA,NA,NA,NA,NA,NA,NA,NA,NA,NA,NA,NA,NA,NA,NA,NA,NA,NA,NA,NA
"s__Lachnoanaerobaculum_saburreum",0.423060837177984,NA,NA,0.117030483898514,NA,NA,0.683664505194968,NA,NA,0.000732630890627145,0.33283022789022,0.282441192266077,NA,NA,0.0329457877945686,NA,NA,0.0957157179339465,NA,0.197905478454104,NA,0.0762096434282,NA,0.445378764407085,0.0305433875591514,NA,NA,0.47338721172375,NA,NA,NA,0.583809992021574,0.0229262383607309,0.410496914543598,NA,NA,0.148886488571478,0.143202144635844,NA,NA,NA,NA,NA,NA,NA,NA,NA,NA,NA,0.253296278973635,NA,NA,0.440641228203085,NA,NA,0.456517830955491,NA,0.711847437421115,NA,0.188343273676666,NA,NA,0.673825754783504,NA,NA,NA,NA,0.361963402106809,NA,0.00548108115255609,0.608779121960958,0.609031793997192,0.00653476696002463,NA,NA,NA,NA,NA,NA,NA,0.90704710489654,0.0446228659186819,NA,NA,NA,NA,NA,0.460612844362766,NA,NA,NA,0.311688992190847,NA,NA,0.848020613347553,NA,NA,0.290308281985355,NA,NA,NA,0.0748161742133852,NA,NA,0.462648052849977,0.692419903024101,0.398235529179801,0.434762248939086,NA,NA,0.0679803653062153,NA,0.437185637680922,NA,NA,NA,NA,0.0495739437355475,NA,NA,0.660594821450117,NA,NA,NA,NA,NA,0.509870316317849,NA,NA,NA,NA,NA,NA,0.441697206801922,NA,NA,NA,NA,NA,NA,NA,NA,NA,NA,NA,NA,NA,NA,NA,NA,NA,NA,NA,NA,NA,NA,NA,NA,NA,NA,NA,NA,NA,NA,NA,NA,NA,NA,NA,NA,NA,NA,NA,NA,NA,NA,NA,NA,NA,NA,NA,NA,NA,NA,NA,NA,NA,NA,NA,NA,NA,NA,NA,NA,NA,NA,NA,NA,NA,NA,NA,NA,NA,NA,NA,NA,0.00165192833375003,NA,0.942877131437788,NA,NA,NA,NA,NA,NA,NA,NA,NA,NA,NA,NA,NA,NA,NA,NA,NA,NA,NA,NA,NA,NA,NA,NA,NA,NA,NA,NA,NA,NA,NA,NA,NA,NA,NA,NA,NA,NA,NA,NA,NA,NA,NA,NA,NA,NA,NA,NA,NA,NA,NA,NA,NA,NA,NA,NA,NA,NA,NA,NA,NA,NA,NA,NA,NA,NA,NA,NA,NA,0.00909937452640334,NA,NA,NA,NA,NA,NA,NA,NA,NA,NA,NA,0.0555623015672514,NA,NA,NA
"s__Leptotrichia_sp._oral_taxon_218",NA,NA,NA,0.755068791024742,NA,NA,NA,NA,0.167218066654203,NA,NA,NA,NA,NA,NA,NA,0.992442467008319,NA,NA,NA,NA,NA,NA,NA,NA,NA,NA,0.717010990721808,NA,NA,NA,0.158996242066491,NA,0.256570580556432,NA,0.961821505177521,NA,NA,NA,NA,NA,NA,NA,NA,NA,NA,NA,0.0803819772117623,0.0891692406858631,0.940026407949046,NA,NA,0.48704217018596,NA,NA,0.87840100426011,NA,NA,NA,NA,NA,0.655082219058836,0.464980726611713,NA,NA,NA,NA,NA,NA,NA,0.768684822835369,NA,NA,NA,NA,NA,NA,NA,NA,NA,0.832024469471433,NA,NA,NA,NA,NA,NA,0.335282581246039,NA,NA,NA,0.279047244613095,NA,0.848020613347553,NA,NA,NA,NA,NA,NA,0.137322404923919,NA,NA,NA,0.41315226395245,0.685508058574618,NA,0.0231224883209291,0.163791186317246,NA,NA,NA,0.482553577900517,NA,NA,NA,0.821475094108691,NA,NA,NA,0.466109117805046,NA,NA,NA,NA,NA,NA,NA,NA,NA,NA,NA,NA,NA,NA,NA,NA,NA,NA,NA,NA,NA,NA,NA,NA,NA,NA,NA,NA,NA,NA,NA,NA,NA,NA,NA,NA,NA,NA,NA,NA,NA,NA,NA,NA,NA,NA,NA,NA,NA,NA,NA,NA,NA,NA,NA,NA,NA,NA,NA,NA,NA,NA,NA,NA,NA,NA,NA,NA,NA,NA,NA,NA,NA,NA,NA,NA,NA,NA,NA,NA,NA,NA,NA,NA,NA,NA,NA,NA,NA,NA,NA,NA,NA,NA,NA,NA,NA,NA,NA,NA,NA,NA,NA,NA,NA,NA,NA,NA,NA,NA,NA,NA,NA,NA,NA,NA,NA,NA,NA,NA,NA,NA,NA,NA,NA,NA,NA,NA,NA,NA,NA,NA,NA,NA,NA,NA,NA,NA,NA,NA,NA,NA,NA,NA,NA,NA,NA,NA,NA,NA,NA,NA,NA,NA,NA,NA,NA,NA,NA,NA,NA,NA,NA,NA,NA,NA,NA,NA,NA,NA,NA,NA,NA
"s__Alloprevotella_rava",NA,NA,NA,NA,NA,NA,NA,NA,0.508021169803673,NA,0.305104599550165,NA,NA,NA,NA,NA,0.466613779948418,NA,NA,NA,NA,NA,NA,NA,NA,NA,NA,0.370975225896772,NA,NA,NA,0.161080524707697,NA,0.255086460112252,0.612917137255954,0.139890871220625,NA,NA,NA,NA,NA,NA,NA,NA,NA,NA,0.469949000574186,NA,NA,NA,0.771883720426947,NA,0.943573893150341,NA,NA,0.216783126312948,NA,NA,NA,NA,0.771073462649081,NA,0.569009603973361,NA,NA,NA,NA,NA,NA,NA,0.0491624610925754,0.106721435654058,NA,NA,NA,NA,NA,NA,NA,NA,0.468876684876484,NA,NA,NA,NA,NA,0.733142657118491,0.417668380267072,NA,NA,NA,NA,0.39646778071695,NA,NA,NA,NA,NA,NA,NA,NA,NA,NA,NA,0.511571990290329,0.164425178482669,NA,NA,0.39005694302045,NA,NA,NA,0.739388722573918,NA,NA,NA,0.182533056459446,NA,NA,NA,0.413548732429427,NA,NA,NA,NA,NA,NA,NA,NA,NA,NA,NA,NA,NA,NA,NA,NA,NA,NA,NA,NA,NA,NA,NA,NA,NA,NA,NA,NA,NA,NA,NA,NA,NA,NA,NA,NA,NA,NA,NA,NA,NA,NA,NA,NA,NA,NA,NA,NA,NA,NA,NA,NA,NA,NA,NA,NA,NA,NA,NA,NA,NA,NA,NA,NA,NA,NA,NA,NA,NA,NA,NA,NA,NA,NA,NA,NA,NA,NA,NA,NA,NA,NA,NA,NA,NA,NA,NA,NA,NA,NA,NA,NA,NA,NA,NA,NA,NA,NA,NA,NA,NA,NA,NA,NA,NA,NA,NA,NA,NA,NA,NA,NA,NA,NA,NA,NA,NA,NA,NA,NA,NA,NA,NA,NA,NA,NA,NA,NA,NA,NA,NA,NA,NA,NA,NA,NA,NA,NA,NA,NA,NA,NA,NA,NA,NA,NA,NA,NA,NA,NA,NA,NA,NA,NA,NA,NA,NA,NA,NA,NA,NA,NA,NA,NA,NA,NA,NA,NA,NA,NA,NA,NA,NA
"s__Haemophilus_paraphrohaemolyticus",0.159486976631925,NA,0.626482392654667,NA,NA,NA,0.980160540131949,NA,0.760682126458351,0.114208339500938,NA,NA,NA,NA,NA,NA,0.917559428953593,NA,0.454508839174565,NA,NA,NA,0.0468569218110819,NA,NA,NA,0.253178504701977,NA,NA,NA,NA,NA,NA,NA,NA,NA,NA,NA,NA,NA,0.0116360650579681,NA,NA,NA,NA,0.441206219993052,NA,NA,NA,NA,NA,0.0257025757128406,NA,0.140885677103437,NA,NA,NA,0.293579032593069,NA,NA,NA,0.85609421730087,NA,NA,NA,NA,NA,NA,NA,NA,NA,NA,NA,NA,NA,NA,NA,NA,0.0550901348990379,NA,NA,NA,NA,NA,NA,NA,NA,NA,0.347010426816193,0.177435219200834,NA,0.707520118829127,NA,NA,NA,NA,NA,NA,NA,NA,NA,NA,NA,NA,NA,NA,NA,NA,NA,NA,NA,NA,NA,NA,NA,NA,NA,NA,0.014777546956886,NA,NA,NA,NA,NA,NA,NA,NA,0.128198986764436,NA,NA,NA,NA,NA,NA,NA,NA,NA,NA,NA,NA,NA,NA,NA,NA,0.178139280060765,NA,NA,NA,NA,NA,NA,NA,NA,NA,NA,NA,NA,NA,NA,NA,NA,NA,NA,NA,NA,NA,NA,NA,NA,NA,NA,NA,NA,NA,NA,NA,NA,NA,NA,NA,NA,NA,NA,NA,NA,NA,NA,NA,NA,NA,NA,NA,NA,NA,NA,NA,NA,NA,NA,NA,NA,NA,NA,NA,NA,NA,NA,NA,NA,NA,NA,NA,NA,NA,NA,NA,NA,NA,NA,NA,NA,NA,NA,NA,NA,NA,NA,NA,NA,NA,NA,NA,NA,NA,NA,NA,NA,NA,NA,NA,NA,NA,NA,NA,0.230424554894318,NA,NA,NA,NA,NA,NA,NA,NA,NA,NA,NA,NA,NA,NA,NA,NA,NA,NA,NA,NA,NA,NA,NA,NA,NA,NA,NA,NA,NA,NA,NA,NA,NA,NA,NA,NA,NA,NA,NA,NA,NA,NA,NA,NA,NA,NA,NA,NA,NA
"s__Streptococcus_sp._1001283B150225_161107_H12",NA,NA,NA,NA,NA,NA,0.0610743869189463,NA,0.0230281794299495,NA,NA,NA,NA,NA,0.323372043600999,NA,NA,0.590876297770557,NA,0.928033087642245,NA,NA,NA,0.119330044704861,0.655291699412639,0.597197213769159,NA,0.0781311930910414,0.654013271969227,NA,NA,0.192655809450625,0.0729732371979372,0.418030831617214,NA,NA,NA,0.20453823940237,NA,NA,NA,NA,NA,NA,0.359615321811163,NA,0.65648223252851,0.97760547776125,NA,0.644674493514174,NA,NA,0.392647350661699,NA,NA,0.104280476742885,NA,NA,NA,0.714805411087655,0.166540114629406,0.189609474599704,0.210946294229919,NA,NA,NA,NA,0.364328535006779,0.681106966213713,NA,NA,NA,NA,0.217801116638601,NA,NA,NA,NA,0.0191728662775583,NA,0.0447744230703908,NA,0.0282941104949862,NA,NA,NA,NA,0.394697003630083,NA,0.07673865578891,NA,NA,NA,0.290308281985355,NA,NA,NA,NA,NA,NA,0.941195574631384,0.000394986162189911,NA,NA,NA,NA,NA,0.580454812676142,0.959564257954629,NA,0.109530783870946,0.00941228957741771,0.420427430536044,NA,NA,NA,NA,0.448416977935187,NA,0.710367412708601,NA,NA,NA,NA,NA,NA,NA,NA,0.00070563575895915,0.0725566406516019,NA,0.908577136501833,0.0421000890118243,NA,0.0021705858390924,0.00504611666685,NA,NA,NA,NA,NA,NA,NA,NA,NA,NA,NA,NA,NA,NA,NA,NA,NA,NA,NA,NA,NA,NA,NA,NA,NA,NA,NA,NA,NA,NA,NA,NA,NA,NA,NA,NA,NA,NA,NA,NA,NA,NA,NA,NA,NA,NA,NA,NA,NA,NA,NA,NA,NA,NA,NA,NA,NA,NA,NA,NA,NA,NA,NA,NA,NA,NA,NA,NA,NA,NA,NA,NA,NA,NA,NA,NA,NA,NA,NA,NA,NA,NA,NA,NA,NA,NA,NA,NA,NA,NA,NA,0.930405806069145,NA,NA,NA,NA,NA,NA,NA,NA,NA,NA,NA,NA,NA,NA,NA,NA,NA,NA,NA,NA,NA,NA,NA,NA,NA,NA,NA,NA,NA,NA,NA,NA,NA,NA,NA,NA,NA,NA,NA,NA,NA,NA,NA,NA,NA,NA,NA,NA,NA,NA,NA,NA,NA,NA,NA,NA,NA,NA,NA,NA,NA,NA,NA,NA,NA,NA
"s__Actinomyces_naeslundii",NA,NA,NA,NA,NA,NA,NA,NA,NA,NA,NA,NA,NA,0.368020932845966,NA,NA,NA,NA,NA,NA,NA,NA,NA,NA,NA,NA,NA,NA,NA,NA,NA,NA,NA,NA,NA,NA,NA,0.948541302626224,NA,0.305004939203427,NA,NA,NA,0.228490917817373,NA,NA,NA,0.25873602496147,NA,NA,NA,NA,NA,NA,NA,NA,NA,NA,NA,NA,NA,NA,NA,NA,NA,NA,NA,NA,NA,NA,NA,NA,NA,NA,NA,NA,NA,NA,NA,NA,NA,NA,NA,NA,NA,NA,NA,NA,NA,NA,NA,NA,NA,NA,NA,NA,NA,NA,NA,NA,NA,NA,NA,NA,NA,NA,NA,0.0246637484927873,NA,NA,NA,NA,NA,NA,NA,NA,NA,NA,NA,NA,NA,NA,NA,NA,NA,NA,NA,NA,NA,NA,NA,NA,NA,NA,NA,NA,NA,NA,NA,NA,NA,NA,NA,NA,NA,NA,NA,NA,NA,NA,NA,NA,NA,NA,NA,NA,NA,NA,NA,NA,NA,NA,NA,NA,NA,NA,NA,NA,NA,NA,NA,NA,NA,NA,NA,NA,NA,NA,NA,NA,NA,NA,NA,NA,NA,NA,NA,NA,NA,NA,NA,NA,NA,NA,NA,NA,NA,NA,NA,NA,NA,NA,NA,0.607868632155551,NA,NA,NA,NA,NA,NA,NA,NA,NA,NA,NA,NA,NA,NA,NA,NA,NA,NA,NA,NA,NA,NA,NA,NA,NA,NA,NA,NA,NA,NA,NA,NA,NA,NA,NA,NA,NA,NA,NA,NA,NA,NA,NA,NA,NA,NA,NA,NA,NA,NA,NA,NA,NA,NA,NA,NA,NA,NA,NA,NA,NA,NA,NA,NA,NA,NA,NA,NA,NA,NA,NA,NA,NA,NA,NA,NA,NA,NA,NA,NA,NA,NA,NA,NA,NA,NA,NA,NA,NA,NA
"s__Schaalia_sp._ORNL0103",0.465965789483932,NA,0.285146219556083,NA,NA,0.198403583263955,NA,0.293437063187341,NA,0.109206768270118,NA,0.0510916425388728,0.378141761759599,NA,0.15081498423262,NA,0.0575246524592522,0.0752981492064439,0.979349205142836,0.0349617672166994,NA,0.892086197046513,0.557958498608874,NA,0.0871041094124238,NA,0.757199557189144,NA,NA,NA,NA,NA,0.0536170038747935,NA,NA,NA,0.117831531898091,NA,NA,NA,NA,NA,NA,NA,NA,NA,NA,NA,NA,NA,NA,NA,NA,0.570446303150296,NA,NA,NA,NA,NA,0.0989829128812378,NA,NA,NA,NA,NA,NA,NA,NA,0.073548893132965,0.00499860035834652,NA,0.217926994222462,0.00403552935449491,NA,NA,NA,0.189712481275863,0.202885921280185,NA,NA,NA,NA,NA,NA,NA,NA,NA,NA,NA,NA,NA,0.308806029697714,NA,NA,NA,NA,NA,NA,NA,NA,NA,NA,NA,NA,NA,NA,NA,NA,NA,NA,NA,NA,NA,NA,NA,NA,NA,0.31487589057178,NA,NA,NA,NA,NA,NA,NA,NA,NA,0.397504447427883,NA,NA,0.497561207193051,NA,NA,NA,0.0543576521971927,0.0919098505825422,NA,NA,NA,NA,NA,NA,NA,NA,NA,NA,NA,NA,NA,NA,NA,NA,NA,NA,NA,NA,NA,NA,NA,NA,NA,NA,NA,NA,NA,NA,NA,NA,NA,NA,NA,NA,NA,NA,NA,NA,NA,NA,NA,NA,NA,NA,NA,NA,NA,NA,NA,NA,NA,NA,NA,NA,NA,0.0138734058151289,NA,NA,NA,NA,NA,NA,NA,NA,NA,NA,NA,NA,NA,NA,NA,NA,NA,NA,NA,NA,NA,NA,NA,NA,NA,NA,NA,NA,NA,NA,NA,NA,NA,NA,NA,NA,NA,NA,NA,NA,NA,NA,NA,NA,NA,NA,NA,NA,NA,NA,NA,NA,NA,NA,NA,NA,NA,NA,NA,NA,NA,NA,NA,NA,NA,NA,NA,NA,NA,NA,NA,NA,NA,NA,NA,NA,NA,NA,NA,NA,NA,NA,NA,1.30763217777234e-05,NA,NA,NA,NA,NA,NA,NA,NA,NA,NA,NA,NA,NA,NA,NA,NA
"s__Streptococcus_sp._Marseille_Q6470",NA,NA,NA,NA,0.178865803077099,NA,NA,NA,0.302242272686962,NA,NA,NA,NA,NA,NA,NA,0.236303503664353,0.500158909219663,NA,0.0944333211881583,NA,NA,NA,0.6127370488388,NA,0.268081639425404,NA,0.841936939785608,0.593892062770164,NA,NA,NA,NA,0.289635933591829,NA,NA,NA,0.712889175818506,NA,NA,NA,0.0333836508882594,NA,NA,0.782817742766546,NA,0.421631636063977,0.0798103311613246,0.0698826374942352,0.587020871028511,NA,NA,0.0893602230682845,NA,NA,0.454758669941147,NA,NA,NA,NA,0.987359033165349,0.582853584853898,0.652177869307336,NA,0.6151081449358,NA,NA,0.316023733969607,NA,NA,0.68253876974366,NA,NA,NA,NA,NA,NA,NA,NA,NA,0.0404297618619097,NA,NA,NA,0.531999192803782,NA,0.580894557106218,0.178088004494617,NA,0.389174963355389,NA,NA,0.437513488122226,NA,0.137322404923919,NA,NA,0.941195574631384,NA,NA,NA,0.983281205818227,NA,NA,NA,0.0870861109869404,NA,0.706698888162912,0.0675297630575396,NA,0.80397926454975,NA,0.362273553533968,NA,NA,NA,NA,NA,NA,NA,0.0164563646598368,0.408673359013642,NA,NA,NA,NA,NA,NA,NA,NA,NA,NA,NA,NA,NA,NA,NA,NA,NA,NA,NA,NA,NA,NA,NA,NA,NA,NA,NA,NA,NA,NA,NA,NA,NA,NA,NA,NA,NA,NA,NA,NA,NA,NA,NA,NA,NA,NA,NA,NA,NA,NA,NA,NA,NA,NA,NA,NA,NA,NA,NA,NA,NA,NA,NA,NA,NA,0.0677830659493249,NA,NA,NA,NA,NA,NA,NA,NA,NA,NA,NA,NA,NA,NA,NA,NA,NA,NA,NA,NA,NA,NA,NA,NA,NA,NA,NA,NA,NA,NA,NA,NA,NA,NA,NA,NA,NA,NA,NA,NA,NA,NA,NA,NA,NA,NA,NA,NA,NA,NA,NA,NA,NA,NA,NA,NA,NA,NA,NA,NA,NA,NA,NA,NA,NA,NA,NA,NA,NA,NA,NA,NA,0.00316822051797278,NA,NA,NA,NA,NA,NA,NA,NA,NA,NA,0.00496272083588537,NA,NA,NA,NA,NA,NA,NA,NA,NA,NA,NA,NA,NA,NA,NA,NA,NA,NA,NA,NA,NA,NA
"s__Streptococcus_sp._343_SSPC",NA,NA,NA,NA,NA,NA,0.114269629813049,NA,0.0952347331550943,NA,0.106265273949302,NA,NA,NA,0.075360026811121,NA,NA,0.458572660658263,NA,0.397669823554973,NA,NA,NA,0.381101570408386,0.143723573856457,0.267978008844727,NA,0.251932997061316,0.645504600333065,NA,NA,0.265812028410687,0.00451151390507471,0.182357783504584,NA,NA,NA,0.845263831479937,NA,NA,NA,NA,NA,NA,0.479086677516783,NA,0.701518313219333,0.598440285743374,NA,0.418944982002061,NA,NA,0.327193908550387,NA,NA,0.20432982271108,NA,NA,NA,0.516694468117394,0.158617817039285,0.320985059519108,0.71609419946681,NA,NA,NA,NA,0.0588115956627089,NA,NA,NA,NA,0.00034912125221263,0.254289684725748,NA,NA,NA,NA,NA,NA,0.28179466539178,NA,NA,NA,NA,NA,NA,0.719229235814843,NA,0.378042667441832,NA,NA,NA,0.0748161742133852,NA,NA,NA,0.000394986162189911,NA,NA,0.983281205818227,NA,0.168452816392995,NA,NA,NA,NA,0.893418377565175,0.766203493456171,NA,0.0234112284795863,NA,0.467028206300656,NA,NA,NA,NA,0.926497696036654,NA,NA,NA,0.28290602970717,NA,NA,NA,NA,0.128465451698527,NA,0.0105307253512875,0.377260654196872,NA,NA,NA,NA,0.00928309948549732,0.0445446921809994,NA,NA,NA,NA,NA,NA,NA,NA,NA,NA,NA,NA,NA,NA,NA,NA,NA,NA,NA,NA,NA,NA,NA,NA,NA,NA,NA,NA,NA,NA,NA,NA,NA,NA,NA,NA,NA,NA,NA,NA,NA,NA,NA,NA,NA,NA,NA,NA,NA,NA,NA,NA,NA,NA,NA,NA,NA,NA,NA,NA,NA,NA,NA,NA,NA,NA,NA,NA,NA,NA,NA,NA,NA,NA,NA,NA,NA,NA,NA,NA,NA,NA,NA,NA,NA,NA,NA,NA,NA,NA,NA,0.348163686273047,NA,NA,NA,NA,NA,NA,NA,NA,NA,NA,NA,NA,NA,NA,NA,NA,NA,NA,NA,NA,NA,NA,NA,NA,NA,NA,NA,NA,NA,NA,NA,NA,NA,NA,NA,NA,NA,NA,NA,NA,NA,NA,NA,NA,NA,NA,NA,NA,NA,NA,NA,NA,NA,NA,NA,NA,NA,NA,NA,NA,NA,NA,NA,NA,NA,NA
"s__Porphyromonas_pasteri",NA,NA,NA,NA,NA,0.221878674940636,NA,NA,NA,NA,NA,NA,NA,NA,NA,NA,NA,0.30783894997838,NA,NA,NA,NA,0.110899235688361,NA,0.197230208997575,NA,NA,NA,0.558558705856378,0.683755870238489,NA,NA,NA,NA,NA,NA,NA,NA,NA,NA,NA,NA,0.876712330819337,NA,0.529346218954725,NA,NA,0.600440555866011,NA,NA,NA,0.049634521091606,NA,0.162831007786098,0.19112377330588,NA,NA,NA,NA,NA,NA,NA,NA,NA,NA,NA,NA,NA,NA,NA,NA,NA,NA,0.674700288724197,0.335454363612528,0.00436184448967676,0.193798299708206,NA,NA,NA,NA,0.286871399758174,NA,NA,NA,NA,NA,NA,NA,NA,NA,NA,NA,NA,NA,NA,NA,NA,NA,NA,NA,0.168452816392995,NA,NA,NA,NA,NA,NA,NA,NA,NA,0.535863735088578,NA,NA,NA,NA,NA,NA,NA,NA,NA,NA,NA,NA,NA,NA,NA,NA,NA,NA,NA,NA,NA,NA,NA,NA,NA,NA,NA,NA,NA,NA,NA,NA,NA,NA,NA,NA,NA,NA,NA,NA,NA,NA,NA,NA,NA,NA,NA,NA,NA,NA,NA,NA,NA,NA,NA,NA,NA,NA,NA,NA,NA,NA,NA,NA,NA,NA,NA,NA,NA,NA,NA,NA,NA,NA,NA,NA,NA,NA,NA,NA,NA,NA,NA,NA,NA,NA,NA,NA,NA,NA,NA,NA,NA,NA,NA,NA,NA,NA,NA,NA,NA,NA,NA,NA,NA,NA,NA,NA,NA,NA,NA,NA,NA,NA,NA,NA,NA,NA,NA,NA,NA,NA,NA,NA,NA,NA,NA,NA,NA,NA,NA,NA,NA,NA,NA,NA,NA,NA,NA,NA,NA,NA,NA,NA,NA,NA,NA,NA,NA,NA,NA,NA,NA,NA,NA,NA,NA,NA,NA,NA,NA,NA,NA,NA,NA,NA,NA,NA,NA,NA,NA,NA,NA,NA,NA,NA,NA,NA,NA,NA,NA,NA
"s__Porphyromonas_endodontalis",NA,NA,NA,NA,NA,NA,NA,NA,NA,NA,NA,NA,NA,NA,NA,NA,NA,NA,NA,NA,NA,NA,NA,NA,NA,NA,NA,NA,NA,NA,NA,NA,NA,NA,NA,NA,NA,NA,NA,NA,NA,NA,NA,NA,NA,NA,NA,NA,NA,NA,NA,NA,NA,NA,NA,NA,NA,NA,NA,NA,NA,NA,NA,NA,NA,NA,NA,NA,NA,NA,NA,NA,NA,NA,NA,NA,NA,NA,NA,0.460269931338531,NA,NA,NA,NA,NA,NA,NA,NA,NA,NA,NA,NA,NA,NA,NA,NA,NA,NA,NA,NA,NA,NA,NA,NA,NA,NA,NA,NA,NA,NA,NA,NA,NA,NA,0.916884381093063,0.0258498985391238,NA,NA,NA,NA,NA,NA,NA,NA,NA,NA,NA,NA,NA,NA,NA,NA,NA,NA,NA,NA,NA,NA,NA,NA,NA,NA,NA,NA,NA,NA,NA,NA,NA,NA,NA,NA,NA,NA,NA,NA,NA,NA,NA,NA,NA,NA,NA,NA,NA,NA,NA,NA,NA,NA,NA,NA,NA,NA,NA,NA,NA,NA,NA,0.0327661336129845,NA,NA,NA,NA,NA,NA,NA,NA,NA,NA,NA,NA,NA,NA,NA,NA,NA,NA,NA,NA,NA,NA,NA,NA,NA,NA,NA,NA,NA,NA,NA,NA,NA,NA,NA,NA,NA,NA,NA,NA,NA,NA,NA,NA,NA,NA,NA,NA,NA,NA,NA,NA,NA,NA,NA,NA,NA,NA,NA,NA,NA,NA,NA,NA,NA,NA,NA,NA,NA,NA,NA,NA,NA,NA,NA,NA,NA,NA,NA,NA,NA,NA,NA,NA,NA,NA,NA,NA,NA,NA,NA,NA,NA,NA,NA,NA,NA,NA,NA,NA,NA,NA,NA,NA,NA,NA,NA,NA,NA,NA,NA,NA,NA,NA
"s__Campylobacter_concisus",0.495763252851743,NA,NA,0.920081035206084,NA,NA,NA,NA,NA,NA,0.690921252103337,0.488519335908002,NA,NA,NA,0.181828016458883,NA,0.875380839615974,NA,0.346403841649228,NA,0.70782477896296,NA,NA,NA,NA,NA,NA,NA,NA,NA,0.489441312435916,NA,0.34894502040448,NA,0.269316289896457,NA,NA,NA,NA,NA,NA,NA,NA,NA,NA,NA,NA,NA,0.614709611588855,NA,NA,NA,NA,NA,0.689234999100866,NA,NA,NA,NA,NA,NA,NA,NA,NA,NA,NA,NA,NA,0.456558819145985,0.624641253679104,NA,NA,NA,NA,NA,NA,NA,NA,NA,0.987709553966921,NA,NA,NA,NA,NA,NA,0.693028796996167,NA,NA,NA,NA,0.143798735083195,0.462648052849977,0.41315226395245,0.511571990290329,NA,NA,NA,NA,NA,NA,NA,NA,NA,0.998058637981714,0.301736703891046,0.431741488436714,NA,NA,NA,NA,NA,NA,NA,NA,NA,NA,NA,NA,0.9436463735717,NA,NA,NA,NA,NA,NA,NA,NA,NA,NA,NA,NA,0.436134490013959,NA,NA,NA,NA,NA,NA,NA,NA,NA,NA,NA,NA,NA,NA,NA,NA,NA,NA,NA,NA,NA,NA,NA,NA,NA,NA,NA,NA,NA,NA,NA,NA,NA,NA,NA,NA,NA,NA,NA,NA,NA,NA,NA,NA,NA,NA,NA,NA,NA,NA,NA,NA,NA,NA,NA,NA,NA,NA,NA,NA,NA,NA,NA,NA,NA,NA,NA,NA,NA,NA,NA,NA,NA,NA,NA,NA,NA,NA,NA,NA,NA,NA,NA,NA,NA,NA,NA,NA,NA,NA,NA,NA,NA,NA,NA,NA,NA,NA,NA,NA,NA,NA,NA,NA,NA,NA,NA,NA,NA,NA,NA,NA,NA,NA,NA,NA,NA,NA,NA,NA,NA,NA,NA,NA,NA,NA,NA,NA,NA,NA,NA,NA,NA,NA,NA,NA,NA,NA,NA,NA,NA,NA,NA,NA,NA,NA,NA,NA,NA,NA,NA,NA,NA,NA,NA,NA,NA,NA,NA,NA
"s__Leptotrichia_sp._oral_taxon_417",NA,NA,NA,NA,0.094151093290067,NA,NA,NA,0.12526937253822,NA,NA,NA,0.387665150903282,NA,NA,NA,NA,0.360174866526464,NA,0.166398396819392,NA,NA,NA,NA,NA,NA,NA,0.109902969182382,NA,NA,NA,0.390369766813176,NA,0.645511247687302,NA,0.678774521227768,NA,NA,NA,NA,NA,NA,NA,NA,NA,NA,0.079861428234206,NA,NA,0.973444002311666,NA,NA,NA,NA,NA,0.331799961831249,NA,NA,NA,NA,NA,0.410341561552233,NA,NA,NA,NA,NA,NA,NA,0.0570704920706185,0.877066116899998,NA,NA,NA,NA,NA,NA,0.821345883687264,NA,NA,NA,NA,NA,0.0639607560445623,0.106482633356763,NA,NA,NA,NA,NA,NA,NA,0.476428564057354,0.692419903024101,0.685508058574618,0.164425178482669,NA,NA,NA,NA,0.0870861109869404,NA,NA,NA,0.998058637981714,NA,NA,0.0957738704171608,0.067061992368223,NA,NA,0.0505890515344999,0.329876500899294,NA,NA,NA,0.547190373579758,NA,NA,NA,0.178270220847084,NA,NA,NA,NA,NA,NA,NA,NA,NA,NA,NA,NA,NA,NA,NA,NA,NA,NA,NA,NA,NA,NA,NA,NA,NA,NA,NA,NA,NA,NA,NA,NA,NA,NA,NA,NA,NA,NA,NA,NA,NA,NA,NA,NA,NA,NA,NA,NA,NA,NA,NA,NA,NA,NA,NA,NA,NA,NA,NA,NA,NA,NA,NA,NA,NA,NA,NA,NA,NA,NA,NA,NA,NA,NA,NA,NA,NA,NA,NA,NA,NA,NA,NA,NA,NA,NA,NA,NA,NA,NA,NA,NA,NA,NA,NA,NA,NA,NA,NA,NA,NA,NA,NA,NA,NA,NA,NA,NA,NA,NA,NA,NA,NA,NA,NA,NA,NA,NA,NA,0.00118945793262569,NA,NA,NA,NA,NA,NA,NA,NA,NA,NA,NA,NA,NA,NA,NA,NA,NA,NA,NA,NA,NA,NA,NA,NA,NA,NA,NA,NA,NA,NA,NA,NA,NA,NA,NA,NA,NA,NA,NA,NA,NA,NA,NA,NA,NA,NA,NA,NA,NA,0.32560674556343,NA,NA,NA
"s__Oribacterium_sinus",NA,NA,NA,NA,NA,NA,NA,NA,NA,NA,NA,NA,NA,NA,NA,NA,NA,NA,NA,NA,NA,NA,NA,NA,NA,NA,NA,NA,NA,NA,NA,NA,NA,NA,NA,NA,NA,NA,NA,NA,NA,NA,NA,NA,NA,NA,NA,NA,NA,NA,NA,NA,NA,NA,NA,NA,NA,0.335615471739246,NA,NA,NA,NA,NA,NA,NA,NA,NA,NA,NA,NA,NA,NA,NA,NA,NA,NA,0.129255798060922,NA,NA,NA,NA,NA,NA,NA,NA,NA,NA,NA,NA,NA,NA,NA,NA,0.398235529179801,NA,NA,NA,NA,NA,NA,NA,NA,NA,NA,0.301736703891046,NA,NA,NA,NA,NA,NA,NA,NA,NA,NA,NA,NA,NA,NA,NA,NA,NA,NA,NA,NA,NA,NA,NA,NA,NA,NA,NA,NA,NA,NA,NA,NA,NA,NA,NA,NA,NA,NA,NA,NA,NA,NA,NA,NA,NA,NA,NA,NA,NA,NA,NA,NA,NA,NA,NA,NA,NA,NA,NA,NA,NA,NA,NA,NA,NA,NA,NA,NA,NA,NA,NA,NA,NA,NA,NA,NA,NA,NA,NA,NA,NA,NA,NA,NA,NA,NA,NA,NA,NA,NA,NA,NA,NA,NA,NA,NA,NA,NA,NA,NA,NA,NA,NA,NA,NA,NA,NA,NA,NA,NA,NA,NA,NA,NA,NA,NA,NA,NA,NA,NA,NA,NA,NA,NA,NA,NA,NA,NA,NA,NA,NA,NA,NA,NA,NA,NA,NA,NA,NA,NA,NA,NA,NA,NA,NA,NA,NA,NA,NA,NA,NA,NA,NA,NA,NA,NA,NA,NA,NA,NA,NA,NA,NA,NA,NA,NA,NA,NA,NA,NA,NA,NA,NA,NA,NA,NA,NA,NA,NA,NA,NA,NA,NA,NA,NA,NA,NA,NA,NA
"s__Streptococcus_sp._Marseille_Q0941",NA,NA,NA,NA,0.0666949683420405,NA,NA,NA,0.852865182747711,NA,0.427892661653893,NA,NA,NA,0.241648834047002,0.330830608442843,0.222559689784229,0.776619970169909,NA,0.578203958663515,NA,NA,NA,0.970034404798611,0.172281493216338,0.415352661103265,NA,0.256115299823346,0.935319821857872,NA,NA,0.730705794376833,0.779341723515328,0.625154026950508,NA,NA,NA,0.227900759898648,NA,NA,NA,0.000821616414814454,NA,NA,0.533121396736118,NA,0.506033088044629,0.664016593693406,0.00384814279611604,0.496878698626679,NA,NA,0.262409245800379,NA,NA,0.80978790149431,NA,NA,NA,0.59940085701423,0.580892677499115,0.838721866532895,0.57184414159756,NA,0.840295453662436,NA,NA,0.325852255789681,NA,NA,0.339026863838242,NA,NA,NA,NA,NA,NA,NA,NA,NA,0.479672894220213,NA,NA,NA,0.895962132088319,NA,0.583735129477954,0.431999057836853,NA,0.451327110134489,NA,NA,0.442111925025428,0.434762248939086,0.0231224883209291,NA,NA,0.580454812676142,0.0246637484927873,NA,0.706698888162912,0.893418377565175,NA,NA,0.431741488436714,0.0957738704171608,NA,NA,0.213563551253834,NA,0.87644147007115,NA,0.953538966308361,NA,NA,NA,NA,0.777242971322224,NA,NA,0.00169318441775851,0.674415699974337,NA,NA,NA,NA,NA,NA,0.600392960284964,0.204119038231349,NA,NA,NA,NA,0.995993308947569,NA,NA,NA,NA,NA,NA,NA,NA,NA,NA,NA,NA,NA,NA,NA,NA,NA,NA,NA,NA,NA,NA,NA,NA,NA,NA,NA,NA,NA,NA,NA,NA,NA,NA,NA,NA,NA,NA,NA,NA,NA,NA,NA,NA,NA,NA,NA,NA,NA,NA,NA,NA,0.0233563666094769,NA,NA,NA,NA,NA,NA,NA,NA,NA,NA,NA,NA,NA,NA,NA,NA,NA,NA,NA,NA,NA,NA,NA,NA,NA,NA,NA,NA,NA,NA,NA,NA,NA,NA,NA,NA,NA,NA,NA,NA,NA,NA,NA,NA,NA,NA,NA,NA,NA,NA,NA,NA,NA,NA,NA,NA,NA,NA,NA,NA,NA,NA,NA,NA,NA,NA,NA,NA,NA,NA,NA,NA,0.00265480294688006,NA,NA,NA,NA,NA,NA,NA,NA,NA,NA,NA,NA,NA,NA,NA,NA,NA,NA,NA,NA,NA,NA,NA,NA,NA,NA,NA,NA,NA,NA,NA,NA,NA
"s__Streptococcus_sp._HMSC062D07",NA,NA,NA,NA,0.0156985245891208,NA,NA,NA,0.765186212152802,NA,NA,NA,NA,NA,NA,NA,0.123459953621128,0.562763675112041,NA,NA,NA,NA,NA,0.736913939875808,NA,0.163015488455926,NA,0.975553859380171,0.950518516258513,NA,NA,NA,NA,0.43256181429923,NA,0.680653432302495,NA,0.902668917792334,NA,NA,NA,0.00145439222127454,NA,NA,0.612271251580369,NA,0.807924323635467,0.805205540223141,0.00279992950074754,0.307355752111867,NA,NA,0.246541006721812,NA,NA,0.260710314902813,NA,NA,NA,0.589504529259483,0.249422823310516,0.627869385703216,0.379967311313991,NA,0.437813721114753,NA,NA,0.512999784671271,NA,NA,NA,NA,NA,NA,NA,NA,NA,NA,NA,NA,0.164349677477902,NA,NA,NA,0.17329584399575,NA,0.875383096193693,0.238318906134745,NA,0.742434543095515,NA,NA,0.473247470450892,NA,0.163791186317246,0.39005694302045,NA,0.959564257954629,NA,NA,0.0675297630575396,0.766203493456171,NA,NA,NA,0.067061992368223,NA,0.213563551253834,NA,NA,0.486650481439737,NA,0.276100188898407,NA,NA,NA,0.69223027205757,0.956874605654781,NA,NA,0.0219581414105355,0.262211605470752,NA,NA,NA,NA,NA,NA,0.394828060279544,0.199736014273593,NA,NA,NA,NA,NA,NA,NA,NA,NA,NA,NA,NA,NA,NA,NA,NA,NA,NA,NA,NA,NA,NA,NA,NA,NA,NA,NA,NA,NA,NA,NA,NA,NA,NA,NA,NA,NA,NA,NA,NA,NA,NA,NA,NA,NA,NA,NA,NA,NA,NA,NA,NA,NA,NA,NA,NA,NA,NA,NA,NA,NA,NA,NA,NA,NA,NA,NA,NA,NA,NA,NA,NA,NA,NA,NA,NA,NA,NA,NA,NA,NA,NA,NA,NA,NA,NA,NA,NA,NA,NA,NA,NA,NA,NA,NA,NA,NA,NA,NA,NA,NA,NA,NA,NA,NA,NA,NA,NA,NA,NA,NA,NA,NA,NA,NA,NA,NA,NA,NA,NA,NA,NA,NA,NA,NA,NA,NA,NA,NA,NA,0.0142627407367792,NA,NA,NA,NA,NA,NA,NA,NA,NA,NA,NA,NA,NA,NA,NA,NA,NA,NA,NA,NA,NA,NA,NA,NA,NA,NA,NA,NA,NA,NA,NA,NA,NA
"s__Aggregatibacter_segnis",NA,NA,NA,NA,NA,NA,0.333732811464057,0.44977731474342,0.245574580891883,NA,NA,NA,NA,NA,NA,NA,NA,NA,NA,NA,NA,NA,0.212461952034819,NA,NA,NA,0.378161637144371,NA,NA,NA,NA,NA,NA,NA,NA,NA,NA,NA,NA,NA,NA,NA,NA,NA,NA,NA,NA,NA,NA,NA,NA,NA,NA,0.846478309495947,0.169932137842743,NA,NA,NA,NA,NA,NA,NA,NA,NA,0.562869591472985,NA,NA,NA,NA,NA,NA,NA,NA,NA,NA,NA,NA,NA,NA,NA,NA,NA,NA,NA,0.0973022252445375,NA,0.0903622386269077,NA,NA,NA,NA,0.340396623354629,0.152418479334947,NA,NA,NA,NA,NA,NA,NA,NA,NA,NA,NA,NA,NA,NA,NA,NA,NA,NA,NA,NA,NA,NA,NA,NA,NA,NA,NA,NA,NA,0.31435256152958,NA,0.015417696678247,NA,NA,NA,NA,NA,NA,NA,NA,NA,NA,NA,NA,NA,NA,NA,NA,NA,NA,NA,NA,NA,NA,NA,NA,NA,NA,NA,NA,NA,NA,NA,NA,NA,NA,NA,NA,NA,NA,NA,NA,NA,NA,NA,NA,NA,NA,NA,NA,NA,NA,NA,NA,NA,NA,NA,NA,NA,NA,NA,NA,NA,NA,NA,NA,NA,NA,NA,NA,NA,NA,NA,NA,NA,NA,NA,NA,NA,NA,NA,NA,NA,NA,NA,NA,NA,NA,NA,NA,NA,NA,NA,NA,NA,NA,NA,NA,NA,NA,NA,NA,NA,NA,NA,NA,NA,NA,NA,NA,NA,NA,NA,NA,NA,NA,NA,NA,NA,NA,NA,0.176466722141818,NA,NA,NA,NA,NA,NA,NA,NA,NA,NA,NA,NA,NA,NA,NA,NA,NA,NA,0.00252640348930418,NA,NA,NA,NA,NA,NA,NA,NA,NA,NA,NA,NA,NA,NA,NA,NA,0.304502324573234,NA,NA,NA,NA,NA,NA,NA,NA,NA,NA,NA,NA,NA
"s__Streptococcus_sp._A12",NA,NA,NA,NA,NA,NA,NA,NA,0.180929858385837,NA,0.10241012637465,NA,NA,NA,NA,NA,0.125161583366708,0.311337531773818,NA,0.605431645144965,NA,NA,NA,0.423111834785195,0.151155498426365,0.0961179556755977,NA,0.414939148626985,0.200798690295442,NA,NA,0.0432335411604655,0.0109739746260074,0.247046923311457,NA,NA,0.229177202332856,0.971181229436952,NA,NA,NA,NA,NA,NA,0.291249568952966,NA,0.79499320872548,0.780084017420417,0.131950060453978,0.385114526894567,NA,NA,0.666817991190236,NA,NA,0.113835962461086,NA,NA,NA,0.419096922355115,0.551805286890709,0.410397309915674,0.921280265665604,NA,NA,NA,NA,0.00415297239641687,NA,NA,NA,NA,NA,0.514495102214073,NA,NA,NA,NA,NA,NA,0.0345414741671966,0.11849598895912,NA,NA,NA,NA,NA,0.203598076269771,NA,0.537982692844449,NA,NA,NA,0.0679803653062153,NA,NA,NA,0.109530783870946,NA,NA,0.80397926454975,0.0234112284795863,NA,NA,NA,NA,NA,0.87644147007115,0.486650481439737,NA,NA,NA,0.599997127728705,NA,NA,NA,NA,0.73721384928393,NA,NA,NA,0.867936601443524,NA,NA,NA,NA,NA,NA,0.00592342578955925,NA,NA,NA,NA,NA,0.0512827324096558,0.0327061758479387,NA,NA,NA,NA,NA,NA,NA,NA,NA,NA,NA,NA,NA,NA,NA,NA,NA,NA,NA,NA,NA,NA,NA,NA,NA,NA,NA,NA,NA,NA,NA,NA,NA,NA,NA,NA,NA,NA,NA,NA,NA,NA,NA,NA,NA,NA,NA,NA,NA,NA,NA,NA,NA,NA,NA,NA,NA,NA,NA,NA,NA,NA,NA,NA,NA,NA,NA,NA,NA,NA,NA,NA,NA,NA,NA,NA,NA,NA,NA,NA,NA,NA,NA,NA,NA,NA,NA,NA,NA,NA,NA,0.907516396758218,NA,NA,NA,NA,NA,NA,NA,NA,NA,NA,NA,NA,NA,NA,NA,NA,NA,NA,NA,NA,NA,NA,NA,NA,NA,NA,NA,NA,NA,NA,NA,NA,NA,NA,NA,NA,NA,NA,NA,NA,NA,NA,NA,NA,NA,NA,NA,NA,NA,NA,NA,NA,NA,NA,NA,NA,NA,NA,NA,NA,NA,NA,NA,NA,NA,NA
"s__Fusobacterium_periodonticum",NA,NA,0.85312237316981,0.512702420907494,NA,NA,NA,NA,NA,NA,NA,NA,NA,NA,NA,NA,NA,NA,NA,NA,NA,0.0655251162672165,NA,NA,NA,0.172656283237668,NA,NA,0.765698588347863,0.1456902085236,NA,NA,NA,NA,0.213495472964241,NA,NA,NA,0.602860294061032,0.182590390795288,NA,NA,0.0831085024987505,0.276730931598366,NA,NA,NA,0.306703183595492,NA,0.410630318419147,NA,NA,NA,0.318150855062099,NA,NA,NA,NA,NA,NA,NA,NA,NA,NA,NA,NA,0.56424048095675,NA,0.215137580778468,NA,0.0242343452966168,NA,NA,0.632615827190624,0.840179953540995,0.196113406605701,NA,0.316330974753767,NA,NA,NA,0.453641752264191,NA,1.63964592759055e-06,NA,NA,NA,NA,NA,NA,0.950936205416106,NA,NA,NA,NA,NA,NA,0.00941228957741771,NA,NA,NA,NA,0.535863735088578,NA,NA,0.0505890515344999,NA,NA,NA,NA,NA,NA,NA,NA,0.346228662277286,NA,NA,NA,NA,0.68525281185438,NA,NA,0.00547683652023553,NA,NA,NA,NA,NA,NA,NA,NA,NA,NA,NA,NA,NA,NA,NA,NA,NA,NA,0.000759706332639951,NA,NA,NA,NA,NA,NA,NA,NA,NA,NA,NA,NA,NA,NA,NA,NA,NA,NA,NA,NA,NA,NA,NA,NA,NA,NA,NA,NA,NA,NA,NA,NA,NA,NA,NA,NA,NA,NA,NA,NA,NA,NA,NA,NA,NA,NA,NA,NA,NA,NA,NA,NA,NA,NA,NA,NA,NA,NA,NA,NA,NA,NA,NA,NA,NA,NA,0.000108967016006166,NA,NA,NA,NA,NA,NA,NA,NA,NA,NA,NA,NA,NA,NA,NA,NA,NA,NA,NA,NA,NA,NA,NA,NA,NA,NA,NA,NA,NA,NA,NA,NA,NA,NA,NA,NA,NA,NA,NA,NA,NA,NA,NA,NA,NA,NA,NA,NA,NA,NA,NA,NA,NA,NA,NA,NA,NA,NA,NA,NA,NA,NA,NA,NA,NA,NA,NA,NA,NA,NA,NA,NA,NA,NA,NA,NA,NA,NA,NA,NA,NA,NA,NA,NA,NA
"s__Streptococcus_sp._Marseille_Q4154",NA,NA,NA,NA,0.0164633006754112,NA,NA,NA,0.741808750364725,NA,0.662404161510961,NA,NA,NA,NA,NA,0.128352681782506,0.353435843957048,NA,0.972548772836292,NA,NA,NA,0.976129757787087,0.0689294006304686,0.199734754243976,NA,0.21054343723391,0.618661133146783,NA,NA,NA,NA,0.46550365189878,NA,0.260136499362921,NA,0.214388364938614,NA,NA,NA,0.000512168934891279,NA,NA,0.262912170409516,NA,0.669142731047337,0.827645375992521,0.0768143445860947,0.677385067869048,NA,NA,0.195032170917008,NA,NA,0.46409907397705,NA,NA,NA,0.268805017058931,0.39787774804423,0.989185368902139,0.270061648880733,NA,0.646900998378473,NA,NA,0.292475335708857,0.000898990259240456,NA,0.674553351857435,NA,NA,NA,NA,NA,NA,NA,NA,NA,0.129868866120181,NA,NA,NA,0.258057916770534,NA,0.877683680684178,0.229209486728733,0.0416980310428099,0.49580504958808,NA,NA,0.542874057707437,0.437185637680922,0.482553577900517,0.739388722573918,NA,0.420427430536044,NA,NA,0.362273553533968,0.467028206300656,NA,NA,NA,0.329876500899294,NA,0.953538966308361,0.276100188898407,NA,0.599997127728705,NA,NA,NA,NA,NA,NA,0.354044132820604,NA,NA,0.0614155229574041,0.912561880280686,NA,NA,NA,NA,NA,NA,0.909587748462245,NA,NA,NA,NA,NA,0.661079971125912,0.425742921948914,NA,NA,NA,NA,NA,NA,NA,NA,NA,NA,NA,NA,NA,NA,NA,NA,NA,NA,NA,NA,NA,NA,NA,NA,NA,NA,NA,NA,NA,NA,NA,NA,NA,NA,NA,NA,NA,NA,NA,NA,NA,NA,NA,NA,NA,NA,NA,NA,NA,NA,NA,NA,NA,NA,NA,NA,NA,NA,NA,NA,NA,NA,NA,NA,NA,NA,NA,NA,NA,NA,NA,NA,NA,NA,NA,NA,NA,NA,NA,NA,NA,NA,NA,NA,NA,NA,NA,NA,NA,NA,NA,NA,NA,NA,NA,NA,NA,NA,NA,NA,NA,NA,NA,NA,NA,NA,NA,NA,NA,NA,NA,NA,NA,NA,NA,NA,NA,NA,NA,NA,NA,NA,NA,NA,0.00012591413396551,NA,NA,NA,NA,NA,NA,NA,NA,NA,NA,NA,NA,NA,NA,NA,NA,NA,NA,NA,NA,NA,NA,NA,NA,NA,NA,NA,NA,NA,NA,NA,NA,NA
"s__Gemella_morbillorum",NA,NA,NA,NA,NA,NA,NA,NA,NA,NA,NA,NA,0.765337373525859,NA,NA,NA,NA,0.944680868541137,NA,NA,NA,NA,NA,NA,0.48003071043263,0.221817292273059,NA,NA,NA,NA,NA,NA,NA,NA,NA,NA,NA,NA,NA,NA,NA,NA,NA,NA,NA,NA,NA,NA,NA,NA,NA,NA,NA,NA,NA,NA,NA,NA,NA,0.261897228751683,NA,NA,NA,NA,NA,NA,NA,NA,NA,NA,NA,NA,NA,NA,NA,NA,NA,NA,NA,NA,NA,NA,NA,NA,NA,0.0100346283110066,NA,NA,NA,NA,NA,NA,NA,NA,NA,NA,NA,NA,NA,NA,NA,NA,NA,NA,NA,NA,NA,NA,NA,NA,NA,NA,NA,NA,NA,NA,NA,0.515125306704946,NA,NA,NA,NA,NA,0.0890307534050779,NA,NA,NA,NA,NA,NA,NA,NA,NA,NA,NA,NA,NA,NA,NA,NA,NA,NA,NA,NA,NA,NA,NA,NA,NA,NA,NA,NA,NA,NA,NA,NA,NA,NA,NA,NA,NA,NA,NA,NA,NA,NA,NA,NA,NA,NA,NA,NA,NA,NA,0.0711576705298794,NA,NA,NA,NA,NA,NA,NA,NA,NA,NA,NA,NA,NA,NA,NA,NA,NA,NA,NA,NA,NA,NA,NA,NA,NA,NA,NA,NA,NA,NA,NA,NA,NA,NA,NA,NA,NA,NA,NA,NA,NA,NA,NA,NA,NA,NA,NA,NA,NA,NA,NA,NA,NA,NA,NA,NA,NA,NA,NA,NA,NA,NA,NA,NA,NA,NA,NA,NA,NA,NA,NA,NA,NA,NA,NA,NA,NA,NA,NA,NA,NA,NA,NA,NA,NA,NA,NA,NA,NA,NA,NA,NA,NA,NA,NA,NA,NA,NA,NA,NA,NA,NA,NA,NA,NA,NA,NA,NA,NA,NA,NA,NA,NA,NA,NA,NA,NA,NA,NA
"s__Fusobacterium_nucleatum",NA,NA,NA,NA,NA,NA,NA,NA,NA,NA,NA,NA,NA,NA,NA,NA,NA,NA,NA,NA,NA,NA,NA,NA,NA,NA,NA,NA,NA,NA,NA,NA,NA,NA,NA,NA,NA,NA,NA,NA,NA,NA,NA,NA,NA,NA,NA,NA,0.338308285285448,NA,0.647603891162119,NA,NA,NA,NA,NA,NA,NA,NA,NA,NA,NA,0.904865197365336,NA,NA,NA,NA,NA,NA,NA,NA,NA,NA,NA,NA,NA,NA,0.0678325384619336,NA,0.793213976602464,NA,NA,NA,0.249034034222774,NA,NA,NA,NA,NA,NA,NA,NA,NA,NA,NA,NA,NA,NA,NA,NA,NA,NA,NA,0.916884381093063,NA,NA,NA,NA,NA,NA,NA,0.346228662277286,NA,NA,NA,NA,NA,NA,NA,NA,NA,NA,NA,NA,NA,NA,NA,NA,NA,NA,NA,NA,NA,NA,NA,NA,NA,NA,NA,NA,NA,NA,NA,NA,NA,NA,NA,NA,NA,NA,NA,NA,NA,NA,NA,0.00547820938799885,NA,NA,NA,NA,NA,NA,NA,NA,NA,NA,NA,NA,NA,NA,NA,NA,NA,NA,NA,NA,NA,NA,NA,NA,NA,NA,NA,NA,NA,NA,NA,NA,NA,NA,NA,NA,NA,NA,NA,NA,NA,NA,NA,NA,NA,NA,NA,NA,NA,NA,NA,NA,NA,NA,NA,NA,NA,NA,NA,NA,NA,NA,NA,NA,NA,NA,NA,NA,NA,NA,NA,NA,NA,NA,NA,NA,NA,NA,NA,NA,NA,NA,NA,NA,NA,NA,NA,NA,NA,NA,NA,NA,NA,NA,NA,NA,NA,NA,NA,NA,NA,NA,NA,NA,NA,NA,NA,NA,NA,NA,NA,NA,NA,NA,NA,NA,NA,NA,NA,NA,NA,NA,NA,NA,NA,NA,NA,NA,0.489304521047177,NA,NA,NA,NA,NA,NA,NA,0.832314569227243,NA
"s__Streptococcus_intermedius",0.515537369996304,NA,NA,0.94693381096699,NA,0.540865362358748,NA,NA,NA,NA,0.363698795616459,NA,NA,NA,NA,NA,NA,NA,NA,NA,0.718515356814615,0.0396142736050709,NA,NA,NA,NA,NA,NA,NA,NA,NA,NA,NA,NA,0.983653644025145,NA,NA,NA,NA,NA,NA,NA,NA,NA,NA,NA,NA,NA,NA,NA,NA,NA,NA,0.749017673445932,NA,NA,NA,NA,NA,NA,NA,NA,NA,NA,NA,0.83665048782687,NA,NA,NA,NA,NA,NA,NA,NA,NA,NA,NA,NA,NA,0.332614310584111,NA,NA,NA,NA,NA,NA,NA,NA,NA,NA,NA,NA,NA,NA,NA,NA,NA,NA,NA,NA,NA,NA,NA,0.0258498985391238,NA,NA,NA,NA,NA,NA,NA,NA,NA,NA,NA,NA,0.00517679423707381,NA,NA,NA,NA,NA,NA,NA,NA,NA,NA,NA,NA,NA,NA,NA,NA,NA,NA,NA,NA,NA,NA,NA,NA,NA,NA,NA,NA,NA,NA,NA,NA,NA,NA,NA,NA,NA,NA,NA,NA,NA,NA,NA,NA,NA,NA,NA,NA,NA,0.103074135643306,NA,NA,NA,NA,NA,NA,NA,NA,NA,NA,NA,NA,NA,NA,NA,NA,NA,NA,NA,NA,NA,NA,NA,NA,NA,NA,NA,NA,NA,0.0445004855456036,NA,NA,NA,NA,NA,NA,NA,0.165039609740111,NA,NA,NA,NA,NA,NA,NA,NA,NA,NA,NA,NA,NA,NA,NA,NA,NA,NA,NA,NA,NA,NA,NA,NA,NA,NA,NA,NA,NA,NA,0.611076745969077,NA,NA,NA,NA,NA,NA,NA,NA,NA,NA,NA,NA,NA,NA,NA,NA,NA,NA,NA,NA,NA,NA,NA,NA,NA,NA,NA,NA,NA,NA,NA,NA,NA,NA,NA,NA,NA,NA,NA,NA,NA,NA,NA,NA,NA,NA,0.265135771833242,NA,NA,NA,NA,NA,NA,NA,NA,NA,NA,NA
"s__Granulicatella_sp._HMSC30F09",NA,NA,NA,0.935297089243827,NA,NA,NA,NA,0.631963229993775,NA,NA,NA,NA,NA,NA,NA,0.92223611987776,NA,0.0166506011581349,NA,NA,NA,NA,NA,NA,NA,NA,0.759983836067223,NA,NA,NA,0.727802948166701,NA,NA,0.857449386524865,0.0130380167383179,NA,NA,NA,NA,NA,NA,NA,NA,NA,NA,NA,NA,NA,0.0556130632846609,NA,NA,NA,NA,NA,NA,NA,NA,NA,NA,0.434876532546953,0.833002168525905,0.288000884294587,NA,NA,NA,NA,NA,NA,NA,0.441679592974383,NA,NA,NA,NA,NA,NA,NA,NA,NA,NA,NA,NA,NA,NA,NA,NA,NA,NA,NA,NA,NA,NA,NA,0.821475094108691,0.182533056459446,NA,NA,NA,NA,NA,NA,NA,NA,NA,0.547190373579758,NA,NA,0.69223027205757,NA,NA,NA,NA,NA,NA,0.00517679423707381,NA,NA,NA,NA,0.260946283920771,NA,NA,NA,NA,NA,NA,NA,NA,NA,NA,NA,0.0106534233720797,NA,NA,NA,NA,NA,NA,NA,NA,NA,NA,NA,NA,NA,NA,NA,NA,NA,NA,NA,NA,NA,NA,NA,NA,NA,NA,NA,NA,NA,NA,NA,NA,NA,NA,NA,NA,NA,NA,NA,NA,NA,NA,NA,NA,NA,NA,NA,NA,NA,NA,NA,NA,NA,NA,NA,NA,NA,NA,NA,NA,NA,NA,NA,NA,NA,NA,NA,NA,NA,0.000227801480684534,NA,NA,NA,NA,NA,NA,NA,NA,NA,NA,NA,NA,NA,NA,NA,NA,NA,NA,NA,NA,NA,NA,NA,NA,NA,NA,NA,NA,NA,NA,NA,NA,NA,NA,NA,NA,NA,NA,NA,NA,NA,NA,NA,NA,NA,NA,NA,NA,NA,NA,NA,NA,NA,NA,NA,NA,NA,NA,NA,NA,NA,NA,NA,NA,NA,NA,NA,NA,NA,NA,NA,NA,NA,NA,NA,NA,NA,NA,NA,NA,NA,NA,NA,NA,NA,NA,NA,NA,NA,NA,NA
"s__Veillonella_sp._CLA_AA_H247",0.650599649992018,0.081510815440611,0.026060514952583,NA,NA,NA,NA,NA,0.463917170610299,0.580792653052547,0.277889572147544,0.75896618928866,0.831029370825165,NA,0.357834954729425,0.224647196976275,NA,0.909220455785126,NA,0.272060533393168,NA,NA,0.320917482676581,0.425570389424416,0.503574410224377,NA,0.892334335634508,0.237636283350022,0.761293860291071,NA,NA,NA,0.783680204778647,0.441899116794526,NA,NA,NA,0.942897500077176,NA,NA,0.662332842910704,NA,0.203777660785822,NA,0.161985066334629,NA,0.376693294403522,0.283325882719189,NA,0.776012151968913,NA,NA,0.223563840499827,0.402090650396053,NA,0.0606481478125649,NA,NA,NA,0.929772345381978,NA,NA,NA,0.056777629869789,NA,NA,0.347962958886014,0.521890915488402,0.638377600692228,NA,NA,NA,NA,0.853559492225186,NA,NA,NA,NA,NA,NA,0.27186968194071,NA,NA,NA,NA,NA,NA,0.510442908099596,NA,NA,0.520573249109047,NA,NA,0.0495739437355475,NA,NA,NA,0.448416977935187,NA,0.31487589057178,NA,0.926497696036654,NA,NA,NA,NA,NA,0.777242971322224,0.956874605654781,NA,0.73721384928393,NA,0.354044132820604,0.515125306704946,NA,NA,NA,NA,NA,NA,NA,NA,NA,NA,NA,NA,NA,0.818036182342411,0.0684799212254107,NA,0.972207675776789,0.46806264571777,NA,NA,NA,NA,NA,NA,NA,NA,NA,NA,NA,NA,NA,NA,0.55720648085583,NA,0.645496444672152,NA,NA,NA,NA,NA,NA,NA,NA,NA,NA,NA,NA,NA,NA,NA,NA,NA,NA,NA,NA,NA,NA,NA,NA,NA,NA,NA,NA,NA,NA,NA,NA,NA,NA,NA,NA,NA,NA,NA,NA,NA,NA,NA,NA,NA,NA,NA,NA,NA,NA,NA,NA,NA,NA,NA,NA,NA,NA,NA,NA,NA,NA,NA,NA,NA,NA,NA,NA,NA,NA,NA,NA,NA,NA,NA,NA,NA,NA,NA,NA,NA,NA,NA,NA,NA,NA,NA,NA,NA,NA,NA,NA,NA,NA,NA,NA,NA,NA,NA,NA,NA,NA,NA,NA,NA,NA,NA,NA,NA,NA,NA,NA,NA,NA,NA,NA,NA,NA,NA,NA,NA,NA,NA,NA,NA,NA,NA,NA,NA,NA,NA,NA,NA,NA,NA,NA,NA,NA,NA,NA,NA,NA,NA,NA,NA
"s__Haemophilus_sp._Marseille_Q0026",0.484567233390534,NA,NA,NA,NA,NA,NA,NA,NA,NA,NA,NA,NA,NA,0.61134164415235,NA,NA,NA,0.697707560267776,NA,NA,NA,NA,NA,NA,NA,0.140179808502957,NA,NA,NA,NA,NA,NA,NA,NA,NA,NA,NA,NA,NA,NA,NA,NA,NA,NA,NA,NA,NA,NA,NA,NA,NA,NA,NA,NA,NA,NA,NA,NA,NA,NA,NA,NA,NA,NA,NA,NA,NA,NA,NA,NA,NA,NA,NA,NA,NA,NA,NA,NA,NA,0.0253194176252209,NA,NA,NA,NA,NA,NA,NA,0.187142418349231,NA,NA,0.560585075786103,NA,NA,NA,NA,0.014777546956886,NA,NA,NA,NA,NA,NA,NA,NA,NA,NA,NA,NA,NA,NA,NA,NA,NA,NA,NA,NA,NA,NA,NA,NA,NA,NA,NA,NA,NA,0.179768287373452,NA,NA,NA,NA,NA,NA,NA,NA,NA,NA,NA,NA,NA,NA,NA,NA,NA,NA,NA,NA,NA,NA,NA,NA,NA,NA,NA,NA,NA,NA,NA,NA,NA,NA,NA,NA,NA,NA,NA,NA,NA,NA,NA,NA,NA,NA,NA,NA,NA,NA,NA,NA,NA,NA,NA,NA,NA,NA,NA,NA,NA,NA,NA,NA,NA,NA,0.156264258043203,NA,NA,NA,NA,NA,NA,NA,NA,NA,NA,NA,NA,NA,NA,NA,NA,NA,NA,NA,NA,NA,NA,NA,NA,NA,NA,NA,NA,NA,NA,NA,NA,NA,NA,NA,NA,NA,NA,NA,NA,NA,NA,NA,NA,NA,NA,NA,NA,NA,NA,NA,NA,NA,NA,NA,NA,NA,NA,NA,NA,NA,NA,NA,NA,NA,NA,NA,NA,NA,NA,NA,NA,NA,NA,NA,NA,NA,NA,NA,NA,NA,NA,NA,NA,NA,NA,NA,NA,NA,NA,NA,NA,NA,NA,NA,NA,NA,NA,NA,NA
"s__Leptotrichia_sp._oral_taxon_215",NA,NA,NA,NA,NA,NA,NA,NA,NA,NA,NA,NA,NA,NA,NA,NA,NA,NA,NA,NA,NA,NA,NA,NA,NA,0.337150289915895,NA,NA,NA,NA,NA,NA,NA,NA,NA,NA,NA,NA,0.747572185383913,NA,NA,NA,NA,0.125468653892742,NA,NA,NA,NA,NA,NA,NA,NA,NA,NA,NA,NA,NA,NA,0.0112579554617319,NA,NA,NA,NA,NA,NA,NA,NA,NA,NA,NA,0.220882220183067,NA,NA,0.851211228676129,NA,NA,NA,0.515322779788694,NA,NA,NA,NA,NA,0.60466171172608,NA,NA,NA,NA,NA,NA,NA,NA,NA,NA,NA,NA,NA,0.710367412708601,NA,NA,NA,NA,NA,NA,NA,NA,NA,NA,NA,NA,NA,0.68525281185438,NA,NA,NA,NA,NA,NA,NA,NA,NA,NA,NA,NA,NA,NA,NA,NA,NA,NA,NA,NA,NA,0.568890936104693,NA,NA,NA,NA,NA,NA,NA,NA,NA,NA,NA,NA,NA,NA,NA,NA,NA,NA,NA,NA,NA,NA,NA,NA,NA,NA,NA,NA,NA,NA,NA,NA,NA,NA,NA,NA,NA,NA,NA,NA,NA,NA,NA,NA,NA,NA,NA,NA,NA,NA,NA,NA,NA,NA,NA,NA,NA,NA,NA,NA,NA,NA,NA,NA,NA,NA,NA,NA,NA,NA,NA,NA,NA,NA,NA,NA,NA,NA,NA,NA,NA,NA,NA,NA,NA,NA,NA,NA,NA,NA,NA,NA,NA,NA,NA,NA,NA,NA,NA,NA,NA,NA,NA,NA,NA,NA,NA,NA,NA,NA,NA,NA,NA,NA,NA,NA,NA,NA,NA,NA,NA,NA,NA,NA,NA,NA,NA,NA,NA,NA,NA,NA,NA,NA,NA,NA,NA,NA,NA,NA,NA,NA,NA,NA,NA,NA,NA,NA,NA,NA,NA,NA,NA,NA,NA,NA,NA,NA,NA,NA
"s__Leptotrichia_sp._oral_taxon_221",0.768255355850201,NA,NA,0.204326338697396,0.0157457300729051,NA,NA,NA,0.00195543042718273,NA,0.34878311847847,NA,NA,NA,NA,NA,0.0149134541935746,0.200759432762189,NA,NA,NA,0.366243302819424,NA,NA,NA,NA,NA,0.0249723729877949,NA,NA,NA,0.768666626294996,NA,0.782442268959141,NA,0.324132650345898,0.562047843314623,NA,NA,NA,NA,0.00840783301770403,NA,NA,NA,NA,0.0139278818901504,0.0135900945505086,0.00608465572849934,0.464662681497023,NA,NA,NA,NA,NA,0.690096934590476,NA,NA,NA,NA,NA,0.0124555750286665,NA,NA,NA,NA,NA,NA,NA,NA,0.938296110559341,NA,NA,NA,NA,NA,NA,NA,NA,NA,0.670997857415863,NA,NA,0.0416949583917743,0.0214744602407415,NA,0.127146818193654,0.643747789173536,NA,NA,NA,NA,0.0954372188479427,0.660594821450117,0.466109117805046,0.413548732429427,NA,NA,NA,NA,0.0164563646598368,NA,NA,NA,0.9436463735717,0.178270220847084,NA,0.00169318441775851,0.0219581414105355,NA,NA,NA,0.0614155229574041,NA,NA,NA,0.260946283920771,NA,NA,NA,NA,0.027228774915746,NA,NA,NA,NA,0.778773428458053,NA,NA,NA,NA,NA,NA,NA,NA,NA,NA,NA,NA,NA,NA,NA,NA,NA,NA,NA,NA,NA,NA,NA,NA,NA,NA,NA,NA,NA,NA,NA,NA,NA,NA,NA,NA,NA,NA,NA,NA,NA,NA,NA,NA,NA,NA,NA,NA,NA,NA,NA,NA,NA,NA,NA,NA,NA,NA,NA,NA,NA,NA,NA,NA,NA,NA,NA,NA,NA,NA,NA,NA,NA,NA,NA,NA,NA,NA,NA,NA,NA,NA,NA,NA,NA,NA,NA,NA,NA,NA,NA,NA,NA,NA,NA,NA,NA,NA,NA,NA,NA,NA,NA,NA,NA,NA,NA,NA,NA,NA,NA,NA,NA,NA,NA,NA,NA,NA,NA,NA,NA,NA,NA,NA,NA,NA,NA,NA,NA,NA,NA,NA,NA,NA,NA,NA,NA,NA,NA,NA,NA,NA,NA,NA,NA,NA,NA,NA,NA,NA,NA,NA,NA,NA,NA,NA,NA,NA,NA,NA,NA,NA,NA,0.538330141832436,NA,NA,NA
"s__Streptococcus_sp._oral_taxon_061",NA,NA,NA,NA,NA,NA,NA,NA,0.0835632481984016,NA,NA,NA,NA,NA,NA,0.780333643419007,0.887596250986053,NA,NA,NA,NA,NA,NA,0.052378280217803,NA,0.33228360408537,NA,0.710433247669159,NA,NA,NA,NA,NA,NA,NA,NA,NA,0.464032514438559,NA,NA,NA,0.0225725670119663,NA,NA,0.792332847012247,NA,0.850746915947076,0.76282699038075,0.0142909139506674,0.129461839699873,NA,NA,NA,NA,NA,NA,NA,NA,NA,NA,NA,0.215979503699099,0.131616600868544,NA,0.615006731420646,NA,NA,0.538047921202011,NA,NA,NA,NA,NA,NA,NA,NA,NA,NA,NA,NA,NA,NA,NA,NA,0.919744764344737,NA,0.313012788879276,NA,NA,0.275385388676971,NA,NA,0.396857149141684,NA,NA,NA,NA,NA,NA,NA,0.408673359013642,0.28290602970717,NA,NA,NA,NA,NA,0.674415699974337,0.262211605470752,NA,0.867936601443524,NA,0.912561880280686,NA,NA,NA,NA,NA,NA,NA,0.027228774915746,NA,NA,NA,NA,NA,NA,NA,NA,NA,NA,NA,NA,NA,NA,NA,NA,NA,NA,NA,NA,NA,NA,NA,NA,NA,NA,NA,NA,NA,NA,NA,NA,NA,NA,NA,NA,NA,NA,NA,NA,NA,NA,NA,NA,NA,NA,NA,NA,NA,NA,NA,NA,NA,NA,NA,NA,NA,NA,NA,NA,NA,NA,NA,NA,NA,NA,NA,NA,NA,NA,NA,NA,NA,NA,NA,NA,NA,NA,NA,NA,NA,NA,NA,NA,NA,NA,NA,NA,NA,NA,NA,NA,NA,NA,NA,NA,NA,NA,NA,NA,NA,NA,NA,NA,NA,NA,NA,NA,NA,NA,NA,NA,NA,NA,NA,NA,NA,NA,NA,NA,NA,NA,NA,NA,NA,NA,NA,NA,NA,NA,NA,NA,NA,0.0472844806123316,NA,NA,NA,NA,NA,NA,NA,NA,NA,NA,NA,NA,NA,NA,NA,NA,NA,NA,NA,NA,NA,NA,NA,NA,NA,NA,NA,NA,NA,NA,0.0535640765665177,NA,0.0355700892442425,NA,NA,NA,NA,NA,NA
"s__Aggregatibacter_sp._2125159857",NA,NA,NA,0.0449604161925573,NA,NA,NA,NA,0.0299613241871919,NA,NA,NA,NA,NA,NA,NA,NA,NA,NA,NA,0.0133182481734445,NA,NA,NA,NA,NA,NA,NA,NA,NA,NA,NA,NA,NA,NA,NA,NA,NA,NA,NA,NA,NA,NA,NA,NA,NA,NA,NA,NA,NA,NA,NA,NA,NA,NA,NA,NA,NA,NA,NA,NA,NA,NA,NA,0.0570450539151122,NA,NA,NA,NA,NA,NA,NA,NA,NA,NA,NA,NA,NA,NA,NA,NA,NA,NA,NA,0.0116492079304437,NA,NA,NA,NA,NA,NA,NA,NA,NA,NA,NA,NA,NA,NA,NA,NA,NA,NA,NA,NA,NA,NA,NA,NA,0.31435256152958,NA,0.00547683652023553,NA,NA,NA,NA,NA,NA,NA,NA,NA,NA,NA,NA,0.299936713833296,NA,NA,NA,NA,NA,NA,NA,NA,NA,NA,NA,NA,NA,NA,NA,NA,NA,NA,NA,NA,NA,NA,NA,NA,NA,NA,NA,NA,NA,NA,NA,NA,NA,NA,NA,NA,NA,NA,NA,NA,NA,NA,NA,NA,NA,NA,NA,NA,NA,NA,NA,NA,NA,NA,NA,NA,NA,NA,NA,NA,NA,NA,NA,NA,NA,NA,NA,NA,NA,NA,NA,NA,NA,NA,NA,NA,NA,NA,NA,NA,NA,NA,NA,NA,NA,NA,NA,NA,NA,NA,NA,NA,NA,NA,NA,NA,NA,NA,NA,NA,NA,NA,NA,NA,NA,NA,NA,NA,NA,NA,NA,NA,NA,NA,NA,NA,NA,NA,NA,NA,NA,NA,NA,NA,NA,NA,NA,NA,NA,NA,NA,NA,NA,NA,NA,NA,NA,NA,NA,NA,NA,NA,NA,NA,NA,NA,NA,NA,NA,NA,NA,NA,NA,NA,NA,NA,NA,NA,NA,NA,NA,NA,NA,NA,NA,NA,NA,NA,NA
"s__Abiotrophia_defectiva",NA,NA,NA,NA,NA,NA,NA,NA,NA,NA,NA,NA,NA,NA,NA,NA,NA,NA,NA,NA,NA,NA,NA,NA,NA,NA,NA,NA,NA,NA,NA,NA,NA,NA,NA,NA,NA,NA,NA,NA,NA,NA,NA,NA,NA,NA,NA,NA,NA,NA,NA,NA,NA,NA,NA,NA,NA,NA,NA,NA,NA,NA,NA,NA,NA,NA,NA,NA,NA,NA,NA,NA,NA,NA,NA,NA,NA,NA,NA,NA,NA,NA,NA,NA,NA,0.0758845809664629,NA,NA,NA,NA,NA,NA,NA,NA,NA,NA,NA,NA,NA,NA,NA,NA,NA,NA,NA,NA,NA,NA,NA,NA,NA,NA,NA,0.0890307534050779,NA,NA,NA,NA,NA,NA,NA,NA,NA,NA,NA,NA,NA,NA,NA,NA,NA,NA,NA,NA,NA,NA,NA,NA,NA,NA,NA,NA,NA,NA,NA,NA,NA,NA,NA,NA,NA,NA,NA,NA,NA,NA,NA,NA,NA,NA,NA,NA,NA,NA,NA,NA,NA,NA,NA,NA,NA,NA,NA,NA,NA,NA,NA,NA,NA,NA,NA,NA,NA,NA,NA,NA,NA,NA,NA,NA,NA,NA,NA,NA,NA,NA,NA,NA,NA,NA,NA,NA,NA,NA,NA,NA,NA,NA,NA,NA,NA,NA,NA,NA,NA,NA,NA,NA,NA,NA,NA,NA,NA,NA,NA,NA,NA,NA,NA,NA,NA,NA,NA,NA,NA,NA,NA,NA,NA,NA,NA,NA,NA,NA,NA,NA,NA,NA,NA,NA,NA,NA,NA,NA,NA,NA,NA,NA,NA,NA,NA,NA,NA,NA,NA,NA,NA,NA,NA,NA,NA,NA,NA,NA,NA,NA,NA,NA,NA,NA,NA,NA,NA,NA,NA,NA,NA,NA,NA,NA,NA,NA,NA,NA
"s__Aggregatibacter_sp._oral_taxon_458",NA,NA,NA,NA,NA,NA,NA,NA,0.0977686764157462,NA,NA,NA,NA,NA,NA,NA,NA,NA,NA,NA,NA,NA,NA,NA,NA,NA,NA,0.115994125854195,NA,NA,NA,NA,NA,NA,NA,NA,NA,NA,NA,NA,NA,NA,NA,NA,NA,NA,NA,NA,NA,NA,NA,NA,NA,NA,NA,NA,NA,NA,NA,NA,NA,NA,NA,NA,0.0344413340972272,NA,NA,NA,NA,NA,NA,NA,NA,NA,NA,NA,NA,NA,NA,NA,NA,NA,NA,NA,0.0257624039459138,NA,0.0149493726839014,NA,NA,NA,NA,NA,NA,NA,NA,NA,NA,NA,NA,NA,NA,NA,NA,NA,NA,NA,NA,NA,NA,0.015417696678247,NA,NA,NA,NA,NA,NA,NA,NA,NA,NA,NA,NA,0.299936713833296,NA,NA,NA,NA,NA,NA,NA,NA,NA,NA,NA,NA,NA,NA,NA,NA,NA,NA,NA,NA,NA,NA,NA,NA,NA,NA,NA,NA,NA,NA,NA,NA,NA,NA,NA,NA,NA,NA,NA,NA,NA,NA,NA,NA,NA,NA,NA,NA,NA,NA,NA,NA,NA,NA,NA,NA,NA,NA,NA,NA,NA,NA,NA,NA,NA,NA,NA,NA,NA,NA,NA,NA,NA,NA,NA,NA,NA,NA,NA,NA,NA,NA,NA,NA,NA,NA,NA,NA,NA,NA,NA,NA,NA,NA,NA,NA,NA,NA,NA,NA,NA,NA,NA,NA,NA,NA,NA,NA,NA,NA,NA,NA,NA,NA,NA,NA,NA,NA,NA,NA,NA,NA,NA,NA,NA,NA,NA,NA,NA,NA,NA,NA,NA,NA,NA,NA,NA,NA,NA,NA,NA,NA,NA,NA,NA,NA,NA,NA,NA,NA,NA,NA,NA,NA,NA,NA,NA,NA,NA,NA,NA,NA,NA,NA,NA,NA,NA,NA,NA,NA,NA
"s__Candidatus_Nanosynbacter_sp._TM7_057",NA,NA,NA,0.66686616754782,NA,NA,NA,0.114642850596892,NA,NA,NA,0.350375719821383,NA,NA,0.267345467286754,NA,NA,NA,NA,NA,NA,NA,NA,NA,NA,NA,NA,NA,NA,NA,NA,NA,0.0768688006963181,NA,NA,NA,0.0657406537485027,NA,NA,NA,NA,NA,NA,NA,NA,NA,NA,NA,NA,NA,NA,NA,NA,NA,NA,NA,NA,NA,NA,NA,NA,NA,NA,NA,NA,NA,NA,NA,NA,0.253947317444137,NA,NA,0.574309455285146,NA,NA,NA,NA,NA,0.614488126921254,NA,NA,NA,NA,NA,NA,NA,NA,NA,NA,NA,NA,NA,NA,NA,NA,NA,NA,NA,NA,NA,NA,NA,NA,NA,NA,NA,NA,NA,NA,NA,NA,NA,NA,NA,NA,NA,NA,NA,NA,NA,NA,NA,NA,NA,NA,NA,NA,0.356848277433836,0.220993898773581,0.0696246174378198,NA,NA,0.809741286731188,NA,0.613571790595917,0.0940223231825623,NA,NA,NA,NA,NA,NA,NA,NA,NA,NA,NA,NA,NA,NA,NA,NA,NA,NA,NA,NA,NA,NA,NA,NA,NA,NA,NA,NA,NA,NA,NA,NA,NA,NA,NA,NA,NA,NA,NA,NA,NA,NA,NA,NA,NA,NA,NA,NA,NA,NA,NA,NA,NA,NA,NA,NA,NA,NA,NA,NA,NA,NA,NA,NA,NA,NA,NA,NA,NA,NA,NA,NA,NA,NA,NA,NA,NA,NA,NA,NA,NA,NA,NA,NA,NA,NA,NA,NA,NA,NA,NA,NA,NA,NA,NA,NA,NA,NA,NA,NA,NA,NA,NA,NA,NA,NA,NA,NA,NA,NA,NA,NA,NA,NA,NA,NA,NA,NA,NA,NA,NA,NA,NA,NA,NA,NA,NA,NA,NA,NA,NA,NA,NA,NA,NA,NA,NA,NA,NA,NA,NA,NA,NA,NA,NA,NA,NA,NA,NA,NA,NA,NA,NA,NA,NA,NA,NA,NA
"s__Lachnoanaerobaculum_orale",NA,NA,NA,NA,NA,NA,NA,NA,NA,NA,NA,NA,NA,NA,NA,NA,NA,NA,NA,0.348311594226735,NA,NA,NA,0.321097567594811,NA,NA,0.395350044578095,NA,NA,NA,NA,0.220212220196061,0.634507077649638,0.0674104416166325,NA,NA,NA,NA,NA,NA,NA,NA,NA,NA,NA,NA,NA,NA,NA,NA,NA,NA,0.403187404348169,NA,NA,0.0956328794719249,NA,0.62842297330319,NA,NA,NA,NA,NA,NA,NA,NA,NA,0.010630634697274,NA,NA,NA,0.927446980056823,NA,NA,0.0293641713173874,NA,NA,NA,NA,NA,0.281023469566073,NA,NA,NA,NA,NA,NA,0.0708438141939804,NA,NA,NA,0.426591179586548,NA,0.509870316317849,NA,NA,NA,NA,NA,NA,NA,0.128465451698527,NA,NA,NA,NA,NA,NA,NA,NA,NA,NA,NA,NA,NA,NA,NA,NA,0.179768287373452,NA,0.778773428458053,NA,NA,NA,NA,NA,NA,0.365234717366825,NA,NA,NA,NA,NA,0.762927000830088,NA,NA,NA,NA,NA,NA,NA,NA,NA,NA,NA,NA,NA,NA,NA,NA,NA,NA,NA,NA,NA,NA,NA,NA,NA,NA,NA,NA,NA,NA,NA,NA,NA,NA,NA,NA,NA,NA,NA,NA,NA,NA,NA,NA,NA,NA,NA,NA,NA,NA,NA,NA,NA,NA,NA,NA,NA,NA,NA,NA,NA,NA,NA,NA,NA,NA,NA,NA,NA,NA,NA,NA,NA,NA,NA,NA,NA,NA,NA,NA,NA,NA,NA,NA,NA,NA,NA,NA,NA,NA,NA,NA,NA,NA,NA,NA,NA,NA,NA,NA,NA,0.000935446608962251,NA,NA,NA,NA,NA,NA,NA,NA,NA,NA,NA,NA,NA,NA,NA,NA,NA,0.000323495884423081,NA,NA,NA,NA,NA,NA,NA,NA,NA,NA,NA,NA,NA,NA,NA,NA,NA,NA,NA,NA,NA,NA,NA,NA,NA,NA,NA,NA,NA,NA,NA,NA,NA,NA,NA,NA,NA,NA,NA,NA
"s__Actinomyces_sp._S6_Spd3",0.529053278095211,NA,NA,NA,NA,0.149002545219694,0.0709684813997813,NA,NA,0.84625443114498,NA,0.501393728482861,NA,NA,0.296912458878726,NA,NA,NA,0.270548237556012,0.354252528293695,NA,0.768521930125794,0.0888544449214439,NA,0.474038301036237,NA,0.645613870648116,NA,NA,NA,NA,0.0577573035039463,0.457496082822426,0.231686924946214,NA,NA,0.908649549956064,NA,NA,NA,0.29343686998332,NA,0.00362117933108977,NA,NA,NA,NA,NA,NA,NA,NA,0.0801718850633176,0.410872269588091,0.557528022342354,NA,0.124910979119141,NA,0.833838399375764,NA,0.692556973552329,NA,NA,NA,NA,NA,NA,NA,NA,NA,0.215172967222345,NA,0.929927626279011,0.0570567733888209,NA,NA,NA,0.183600335921444,NA,0.98747076827896,NA,0.227285261444903,NA,NA,NA,NA,NA,NA,0.0607082508178341,NA,NA,NA,0.531808047413443,NA,NA,NA,NA,0.128198986764436,NA,NA,0.397504447427883,NA,NA,NA,NA,NA,NA,NA,NA,NA,NA,NA,NA,NA,NA,NA,NA,NA,0.818036182342411,NA,NA,NA,NA,NA,NA,NA,0.356848277433836,0.365234717366825,NA,0.260176448216603,NA,0.726909436224397,0.977661618188406,NA,NA,0.887015974252652,0.971090295957085,NA,NA,NA,NA,NA,NA,NA,NA,NA,NA,NA,NA,NA,NA,NA,NA,NA,NA,NA,NA,NA,NA,NA,NA,NA,NA,NA,NA,NA,NA,NA,NA,NA,NA,NA,NA,NA,NA,NA,NA,NA,NA,NA,NA,NA,NA,NA,NA,NA,NA,NA,NA,NA,NA,NA,NA,NA,NA,NA,NA,NA,NA,NA,NA,NA,NA,NA,NA,NA,NA,NA,NA,NA,NA,NA,NA,NA,NA,NA,NA,NA,NA,NA,NA,NA,NA,NA,NA,NA,NA,NA,NA,NA,NA,NA,NA,NA,NA,NA,NA,NA,NA,NA,NA,NA,NA,NA,NA,NA,NA,NA,NA,NA,NA,NA,NA,NA,NA,NA,NA,NA,NA,NA,NA,NA,NA,NA,0.0422700200973959,NA,NA,NA,NA,NA,NA,NA,NA,NA,NA,NA,NA,NA,NA,NA,NA,NA,NA,NA,NA,NA,NA,NA,NA,NA,NA,NA,NA,NA,NA
"s__Candidatus_Nanosynbacter_sp._TM7_008",NA,NA,NA,NA,NA,NA,NA,NA,0.338175169815409,0.130715091162097,NA,0.30207509824763,NA,NA,0.267430824760412,NA,NA,0.262295665410554,NA,0.437457701190451,NA,NA,NA,0.208406057899007,0.083139961565525,NA,NA,0.924836621692813,0.551312529326848,NA,NA,NA,0.0727902171087176,0.545109009306968,NA,NA,0.76405091226891,NA,NA,NA,NA,NA,NA,NA,0.777909069136191,NA,0.435107150788131,0.279514490467609,NA,NA,NA,NA,NA,NA,NA,0.297309993745603,NA,0.310928026838947,NA,0.0280849488934765,0.259264704206111,NA,NA,NA,NA,NA,NA,0.0114712635018317,NA,0.682914378727055,NA,NA,0.761370012237883,NA,NA,NA,NA,NA,0.0593680525783823,NA,0.278477553784897,NA,NA,NA,NA,NA,NA,0.189066092961899,NA,NA,NA,NA,NA,NA,NA,NA,NA,0.00070563575895915,NA,NA,NA,0.0105307253512875,NA,NA,NA,NA,NA,0.600392960284964,0.394828060279544,NA,0.00592342578955925,NA,0.909587748462245,NA,NA,NA,NA,0.0684799212254107,NA,NA,NA,NA,NA,NA,NA,0.220993898773581,NA,0.260176448216603,NA,0.689386012947226,NA,NA,0.0255382087715359,NA,0.0405864908506889,0.123083920561233,NA,NA,NA,NA,NA,NA,NA,NA,NA,NA,NA,NA,NA,NA,NA,NA,NA,NA,NA,NA,NA,NA,NA,NA,NA,NA,NA,NA,NA,NA,NA,NA,NA,NA,NA,NA,NA,NA,NA,NA,NA,NA,NA,NA,NA,NA,NA,NA,NA,NA,NA,NA,NA,NA,NA,NA,NA,NA,NA,NA,NA,NA,NA,NA,NA,NA,NA,NA,NA,NA,NA,NA,NA,NA,NA,NA,NA,NA,NA,NA,NA,NA,NA,NA,NA,NA,NA,NA,NA,NA,NA,NA,NA,NA,NA,NA,NA,NA,NA,NA,NA,NA,NA,NA,NA,NA,NA,NA,NA,NA,NA,NA,NA,NA,NA,NA,NA,NA,NA,NA,NA,NA,NA,NA,NA,NA,NA,NA,NA,NA,NA,NA,NA,NA,NA,NA,NA,NA,NA,NA,NA,NA,NA,NA,NA,NA,NA,NA,NA,NA,NA,NA,NA,NA,NA,NA,NA,NA
"s__Candidatus_Nanosynbacter_sp._TM7_076",NA,NA,NA,NA,NA,NA,0.287885005791908,NA,0.243974406206641,0.0384696034628013,NA,0.362867498656777,0.0128345514316984,NA,0.0782037707562496,NA,NA,0.162780908358221,NA,0.586250126919958,NA,NA,NA,NA,0.0234580775869434,NA,NA,0.329193532966204,NA,NA,NA,NA,0.27157441575183,NA,NA,NA,0.51565823215184,NA,NA,NA,NA,NA,NA,NA,0.130434164905674,NA,0.99579657638362,NA,NA,NA,NA,NA,NA,NA,NA,0.795088544077117,NA,0.432325133421586,NA,0.0170993098600071,NA,NA,NA,NA,NA,NA,NA,0.187558135669677,NA,0.199616967019897,NA,NA,0.3645533203259,NA,NA,NA,NA,NA,0.507721408696401,NA,NA,NA,NA,NA,NA,NA,NA,NA,NA,NA,NA,NA,NA,NA,NA,NA,NA,0.0725566406516019,NA,NA,NA,0.377260654196872,NA,NA,NA,NA,NA,0.204119038231349,0.199736014273593,NA,NA,NA,NA,NA,NA,NA,NA,NA,NA,NA,NA,NA,NA,NA,NA,0.0696246174378198,NA,NA,0.689386012947226,NA,NA,NA,0.940807981326378,NA,0.0496421193829908,0.690299849971838,NA,NA,NA,NA,NA,NA,NA,NA,NA,NA,NA,NA,NA,NA,NA,NA,NA,NA,NA,NA,NA,NA,NA,NA,NA,NA,NA,NA,NA,NA,NA,NA,NA,NA,NA,NA,NA,NA,NA,NA,NA,NA,NA,NA,NA,NA,NA,NA,NA,NA,NA,NA,NA,NA,NA,NA,NA,NA,NA,NA,NA,NA,NA,NA,NA,NA,NA,NA,NA,NA,NA,NA,NA,NA,NA,NA,NA,NA,NA,NA,NA,NA,NA,NA,NA,NA,NA,NA,NA,NA,NA,NA,NA,NA,NA,NA,NA,NA,NA,NA,NA,NA,NA,NA,NA,NA,NA,NA,NA,NA,NA,NA,NA,NA,NA,NA,NA,NA,NA,NA,NA,NA,NA,NA,NA,NA,NA,NA,NA,NA,NA,NA,NA,NA,NA,NA,NA,NA,NA,NA,NA,NA,NA,NA,NA,NA,NA,NA,NA,NA,NA,NA,NA,NA,NA,NA,NA,NA
"s__Actinomyces_sp._oral_taxon_181",NA,0.395839423764146,0.668232825142337,NA,NA,NA,0.670265743100105,0.664138183096675,NA,0.845525646542827,NA,NA,NA,NA,0.596173927678936,NA,0.887825713823183,0.726020587942159,0.336858453683298,0.0912580605308934,NA,NA,0.550692670589967,NA,0.21031595526644,NA,0.570789399496201,NA,NA,NA,NA,NA,0.603212080298845,NA,NA,NA,NA,NA,NA,NA,0.891295807509628,NA,NA,NA,NA,0.109552376678531,NA,NA,NA,NA,NA,0.128379669903543,0.450168670086155,0.82941594805007,NA,NA,NA,NA,NA,0.234441291241589,NA,NA,NA,NA,NA,NA,NA,NA,0.620794126103145,NA,NA,NA,0.0313698891610328,NA,NA,NA,0.764853727481658,0.898299693843833,NA,NA,NA,NA,NA,NA,NA,NA,NA,NA,NA,NA,NA,0.896173576415031,NA,NA,NA,NA,NA,NA,NA,0.497561207193051,NA,NA,NA,NA,NA,NA,NA,NA,NA,NA,NA,NA,NA,NA,NA,NA,NA,0.972207675776789,NA,NA,NA,NA,NA,NA,NA,NA,NA,0.726909436224397,NA,NA,NA,0.0958544486703412,NA,NA,NA,NA,NA,NA,NA,NA,NA,NA,NA,NA,NA,NA,NA,NA,0.295169581182457,NA,NA,NA,NA,NA,NA,NA,NA,NA,NA,NA,NA,NA,NA,NA,0.139588504206137,NA,NA,NA,NA,NA,NA,NA,NA,NA,NA,NA,NA,NA,NA,NA,NA,NA,NA,NA,NA,NA,NA,NA,NA,NA,0.134038440363428,NA,NA,NA,NA,NA,NA,NA,NA,NA,NA,NA,NA,NA,NA,NA,NA,NA,NA,NA,NA,NA,NA,NA,NA,NA,NA,NA,NA,NA,NA,NA,NA,NA,NA,NA,NA,NA,NA,NA,NA,NA,NA,NA,NA,NA,NA,NA,NA,NA,NA,NA,NA,NA,NA,NA,NA,NA,NA,NA,NA,NA,NA,NA,NA,NA,NA,NA,NA,NA,NA,NA,NA,NA,NA,NA,NA,NA,NA,NA,NA,NA,NA,NA,NA,NA,NA,NA,NA,NA,NA,NA,NA,NA,NA,NA,NA,NA,NA,NA,NA,NA,NA,NA
"s__Actinomyces_sp._ph3",NA,NA,0.695358388255034,NA,NA,0.750768428601427,0.325049150018958,NA,NA,0.72358327185265,NA,NA,NA,NA,0.624518002543853,NA,NA,0.362427130890925,NA,0.29551556584707,NA,NA,0.873163015224211,NA,0.0776595365469743,NA,0.523604365638005,NA,NA,NA,NA,NA,0.441810755910887,NA,NA,NA,NA,0.250281072757115,NA,NA,0.976371571426713,NA,NA,NA,0.127933254706519,0.155753540750534,NA,0.676703076447827,NA,NA,NA,0.515839573732694,NA,0.902087232895519,NA,NA,NA,NA,NA,0.124218403887714,NA,NA,NA,NA,NA,NA,NA,NA,0.33565286526453,NA,NA,NA,NA,NA,NA,NA,0.261486570968989,0.697107175424452,NA,NA,NA,NA,NA,NA,NA,NA,NA,NA,NA,NA,NA,0.427838083713746,NA,NA,NA,NA,NA,0.908577136501833,NA,NA,NA,NA,NA,NA,NA,NA,NA,NA,NA,NA,NA,NA,NA,NA,NA,NA,NA,0.46806264571777,NA,NA,NA,NA,NA,NA,NA,NA,NA,0.977661618188406,NA,NA,0.0958544486703412,NA,NA,NA,NA,NA,NA,NA,NA,NA,NA,NA,NA,NA,NA,NA,NA,NA,0.473247211126031,NA,NA,NA,NA,NA,NA,NA,NA,NA,NA,NA,NA,NA,NA,NA,0.0604912822292092,NA,NA,NA,NA,NA,NA,NA,NA,NA,NA,NA,NA,NA,NA,NA,NA,NA,NA,NA,NA,NA,NA,NA,NA,NA,NA,NA,NA,NA,NA,NA,NA,NA,NA,NA,NA,NA,NA,NA,NA,NA,NA,NA,NA,NA,NA,NA,NA,NA,NA,NA,NA,NA,NA,NA,NA,NA,NA,NA,NA,NA,NA,NA,NA,NA,NA,NA,NA,NA,NA,NA,NA,NA,NA,NA,NA,NA,NA,NA,NA,NA,NA,NA,NA,NA,NA,NA,NA,NA,NA,NA,NA,NA,NA,NA,NA,NA,NA,NA,NA,NA,NA,NA,NA,NA,NA,NA,NA,NA,NA,NA,NA,NA,NA,NA,NA,NA,NA,NA,NA,NA,NA,NA,NA,0.00507322842020327,NA,NA,NA,NA
"s__Candidatus_Nanosynbacter_sp._TM7_087",NA,NA,NA,0.787158219470353,NA,NA,NA,NA,NA,NA,NA,0.506801286683005,NA,NA,0.268502847249361,NA,NA,NA,NA,NA,NA,NA,NA,NA,NA,NA,NA,NA,NA,NA,NA,NA,0.13706049727815,NA,0.383978322491736,0.0563321566128698,0.160546583713955,NA,NA,NA,NA,NA,NA,NA,NA,NA,NA,NA,NA,NA,NA,NA,NA,NA,NA,NA,NA,NA,NA,NA,NA,NA,NA,NA,NA,NA,NA,0.271110331837095,NA,0.0341516619335923,NA,NA,0.361763290977894,NA,NA,NA,NA,NA,0.36719738831084,NA,NA,NA,NA,NA,NA,NA,NA,NA,NA,NA,NA,NA,NA,NA,NA,NA,NA,0.0421000890118243,NA,NA,NA,NA,NA,NA,NA,NA,NA,NA,NA,NA,NA,NA,NA,NA,NA,NA,0.0106534233720797,NA,NA,NA,NA,NA,NA,NA,NA,0.809741286731188,NA,NA,0.0255382087715359,0.940807981326378,NA,NA,NA,0.101380686480743,0.607095715829258,0.0490621619500066,NA,NA,NA,NA,NA,NA,NA,NA,NA,NA,NA,NA,NA,NA,NA,NA,NA,NA,NA,NA,NA,NA,NA,NA,NA,NA,NA,NA,NA,NA,NA,NA,NA,NA,NA,NA,NA,NA,NA,NA,NA,NA,NA,NA,NA,NA,NA,NA,NA,NA,NA,NA,NA,NA,NA,NA,NA,NA,NA,NA,NA,NA,NA,NA,NA,NA,NA,NA,NA,NA,NA,NA,NA,NA,NA,NA,NA,NA,NA,NA,NA,NA,NA,NA,NA,NA,NA,NA,NA,NA,NA,NA,NA,NA,NA,NA,NA,NA,NA,NA,NA,NA,NA,NA,NA,NA,NA,NA,NA,NA,NA,NA,NA,NA,NA,NA,NA,NA,NA,NA,NA,NA,NA,NA,NA,NA,NA,NA,NA,NA,NA,NA,NA,NA,NA,NA,NA,NA,NA,NA,NA,NA,NA,NA,NA,NA,NA,NA,NA,NA,NA,NA,NA,NA,NA,NA,NA,NA
"s__Lachnoanaerobaculum_sp._ICM7",NA,NA,NA,NA,NA,NA,NA,NA,NA,NA,NA,NA,NA,NA,NA,NA,NA,NA,NA,NA,NA,NA,NA,NA,NA,NA,NA,NA,NA,0.105154282259798,NA,NA,NA,NA,NA,NA,NA,NA,NA,NA,NA,NA,NA,NA,NA,NA,NA,NA,NA,NA,NA,NA,NA,NA,NA,NA,NA,0.590660331099677,NA,NA,NA,NA,NA,NA,NA,NA,NA,NA,NA,NA,NA,0.633817294076767,NA,NA,NA,NA,NA,NA,NA,NA,NA,NA,NA,NA,NA,NA,NA,NA,NA,NA,NA,NA,NA,0.441697206801922,NA,NA,NA,NA,NA,NA,NA,NA,NA,NA,0.436134490013959,NA,NA,NA,NA,NA,NA,NA,NA,NA,NA,NA,NA,NA,NA,0.568890936104693,NA,NA,NA,NA,NA,NA,0.762927000830088,NA,NA,NA,NA,NA,0.101380686480743,NA,NA,NA,NA,NA,NA,NA,NA,NA,NA,NA,NA,NA,NA,NA,NA,NA,NA,NA,NA,NA,NA,NA,NA,NA,NA,NA,NA,NA,NA,NA,NA,NA,NA,NA,NA,NA,NA,NA,NA,NA,NA,NA,NA,NA,NA,NA,NA,NA,NA,NA,NA,NA,NA,NA,NA,NA,NA,NA,NA,NA,NA,NA,NA,NA,NA,NA,NA,NA,NA,NA,NA,NA,NA,NA,NA,NA,NA,NA,NA,NA,NA,NA,NA,NA,NA,NA,NA,NA,NA,NA,NA,NA,NA,NA,NA,NA,NA,NA,NA,NA,NA,NA,NA,NA,NA,NA,NA,NA,NA,NA,NA,NA,NA,NA,NA,NA,NA,NA,NA,NA,NA,NA,NA,NA,NA,NA,NA,NA,NA,0.0377391365551985,NA,NA,NA,NA,NA,NA,NA,NA,NA,NA,NA,NA,NA,NA,NA,NA,NA,NA,NA,NA,NA,NA,NA,NA,NA,NA,NA,NA,NA,NA
"s__Candidatus_Nanosynbacter_sp._TM7_075",NA,NA,NA,NA,NA,NA,0.785867058378146,0.404572671222207,NA,0.00101936738994089,NA,0.0274120535556439,NA,NA,0.00266959236506113,NA,NA,0.0936509356349626,NA,0.18881113759801,NA,NA,NA,0.138628848200049,0.000860580452627602,NA,0.902023793774025,NA,NA,NA,NA,0.317515470562774,0.00364882654121263,NA,NA,NA,0.0558837608991233,NA,NA,NA,NA,NA,NA,NA,NA,NA,NA,NA,NA,NA,NA,NA,NA,0.312147447541354,NA,0.272731467094366,NA,NA,NA,0.000519880671380145,NA,NA,NA,NA,NA,NA,NA,0.0392921885362892,NA,0.052693263957773,NA,NA,0.173856767734775,NA,NA,NA,NA,NA,0.124252506909153,NA,NA,NA,NA,NA,NA,NA,NA,NA,NA,NA,NA,NA,NA,NA,NA,NA,NA,0.0021705858390924,NA,0.0543576521971927,NA,0.00928309948549732,NA,NA,NA,NA,NA,0.995993308947569,NA,NA,0.0512827324096558,NA,0.661079971125912,NA,NA,NA,NA,NA,NA,NA,NA,NA,NA,NA,NA,0.613571790595917,NA,0.887015974252652,0.0405864908506889,0.0496421193829908,NA,NA,0.607095715829258,NA,NA,0.693147874292307,NA,NA,NA,NA,NA,NA,NA,NA,NA,NA,NA,NA,NA,NA,NA,NA,NA,NA,NA,NA,NA,NA,NA,NA,NA,NA,NA,NA,NA,NA,NA,NA,NA,NA,NA,NA,NA,NA,NA,NA,NA,NA,NA,NA,NA,NA,NA,NA,NA,NA,NA,NA,NA,NA,NA,NA,NA,NA,NA,NA,NA,NA,NA,NA,NA,NA,NA,NA,NA,NA,NA,NA,NA,NA,NA,NA,NA,NA,NA,NA,NA,NA,NA,NA,NA,NA,NA,NA,NA,NA,NA,NA,NA,NA,NA,NA,NA,NA,NA,NA,NA,NA,NA,NA,NA,NA,NA,NA,NA,NA,NA,NA,NA,NA,NA,NA,NA,NA,NA,NA,NA,NA,NA,NA,NA,NA,NA,NA,NA,NA,NA,NA,NA,NA,NA,NA,NA,NA,NA,NA,NA,NA,NA,NA,NA,NA,NA,NA,NA,NA,NA,NA,NA,NA,NA,NA,NA,NA
"s__Candidatus_Nanosynbacter_sp._TM7_053",NA,NA,NA,NA,NA,NA,NA,0.557755343139779,NA,0.0351782178957805,NA,0.147558982916335,NA,NA,0.0162772105085316,NA,NA,0.0744339982388075,NA,NA,NA,NA,NA,0.342029688994221,0.0286185907869135,NA,NA,NA,NA,NA,NA,NA,0.0144187734958024,NA,NA,NA,0.0764083631550646,NA,NA,NA,NA,NA,NA,NA,NA,NA,NA,NA,NA,NA,NA,NA,NA,NA,NA,0.142032838889113,NA,NA,NA,0.00601297996911,NA,NA,NA,NA,NA,NA,NA,0.0495313290453718,NA,0.222493129279553,NA,NA,0.470996978909704,NA,NA,NA,NA,NA,0.339278190547096,NA,NA,NA,NA,NA,NA,NA,NA,NA,NA,NA,NA,NA,NA,NA,NA,NA,NA,0.00504611666685,NA,0.0919098505825422,NA,0.0445446921809994,NA,NA,NA,NA,NA,NA,NA,NA,0.0327061758479387,NA,0.425742921948914,NA,NA,NA,NA,NA,NA,NA,NA,NA,NA,NA,NA,0.0940223231825623,NA,0.971090295957085,0.123083920561233,0.690299849971838,NA,NA,0.0490621619500066,NA,0.693147874292307,NA,NA,NA,NA,NA,NA,NA,NA,NA,NA,NA,NA,NA,NA,NA,NA,NA,NA,NA,NA,NA,NA,NA,NA,NA,NA,NA,NA,NA,NA,NA,NA,NA,NA,NA,NA,NA,NA,NA,NA,NA,NA,NA,NA,NA,NA,NA,NA,NA,NA,NA,NA,NA,NA,NA,NA,NA,NA,NA,NA,NA,NA,NA,NA,NA,NA,NA,NA,NA,NA,NA,NA,NA,NA,NA,NA,NA,NA,NA,NA,NA,NA,NA,NA,NA,NA,NA,NA,NA,NA,NA,NA,NA,NA,NA,NA,NA,NA,NA,NA,NA,NA,NA,NA,NA,NA,NA,NA,NA,NA,NA,NA,NA,NA,NA,NA,NA,NA,NA,NA,NA,NA,NA,NA,NA,NA,NA,NA,NA,NA,NA,NA,NA,NA,NA,NA,NA,NA,NA,NA,NA,NA,NA,NA,NA,NA,NA,NA,NA,NA,NA,NA,NA,NA,NA,NA,NA,NA,NA
"HMDB0000243",NA,NA,NA,NA,NA,NA,NA,NA,NA,NA,NA,NA,NA,NA,NA,NA,NA,NA,NA,NA,NA,NA,NA,NA,NA,NA,NA,NA,NA,NA,NA,NA,NA,NA,NA,NA,NA,NA,NA,NA,NA,NA,NA,NA,NA,NA,NA,NA,NA,NA,NA,NA,NA,NA,NA,NA,NA,NA,NA,NA,NA,NA,NA,NA,NA,NA,NA,NA,NA,NA,NA,NA,NA,NA,NA,NA,NA,NA,NA,NA,NA,NA,NA,NA,NA,NA,NA,NA,NA,NA,NA,NA,NA,NA,NA,NA,NA,NA,NA,NA,NA,NA,NA,NA,NA,NA,NA,NA,NA,NA,NA,NA,NA,NA,NA,NA,NA,NA,NA,NA,NA,NA,NA,NA,NA,NA,NA,NA,NA,NA,NA,NA,NA,NA,NA,NA,NA,0.712262124625057,NA,0.177386747363118,NA,NA,NA,0.28737806032217,0.434981278066351,NA,NA,NA,NA,0.521761696566342,NA,NA,NA,0.668340643808147,NA,NA,NA,0.953851247970996,0.714895195869713,NA,NA,0.129673849998446,NA,0.430495765265099,NA,NA,NA,NA,NA,NA,NA,0.829110209443938,0.864716055366209,NA,0.315708089126328,NA,NA,NA,NA,0.908475035603453,NA,NA,NA,NA,NA,0.919787973822064,NA,NA,NA,NA,NA,NA,NA,NA,NA,NA,NA,NA,NA,NA,NA,NA,NA,NA,NA,NA,NA,NA,NA,NA,NA,0.931193510571614,NA,NA,NA,0.799200684316431,NA,NA,NA,NA,NA,NA,NA,NA,NA,NA,NA,NA,NA,NA,0.0225222936378171,NA,NA,NA,NA,NA,NA,NA,0.197766604347859,NA,NA,NA,NA,NA,NA,NA,NA,NA,NA,NA,NA,NA,NA,NA,NA,NA,NA,NA,NA,NA,NA,NA,NA,NA,NA,NA,NA,NA,0.272147834636815,NA,NA,NA,NA,NA,NA,NA,0.902965449327073,NA,NA,0.376690624872751,NA,NA,0.990612727351355,NA,NA,NA,NA,NA,NA,NA,NA,NA,NA,0.938676718368588
"HMDB0000617",NA,NA,NA,NA,NA,NA,NA,NA,NA,NA,NA,NA,NA,NA,NA,NA,NA,NA,NA,NA,0.0138911769080418,NA,NA,NA,NA,NA,NA,NA,NA,NA,NA,NA,NA,NA,NA,NA,NA,NA,NA,0.00810828132468562,NA,NA,NA,NA,NA,NA,NA,NA,NA,0.00205762924570624,NA,NA,NA,NA,NA,NA,NA,NA,NA,NA,NA,NA,NA,NA,NA,NA,NA,NA,NA,NA,NA,NA,NA,NA,NA,NA,NA,NA,NA,NA,NA,NA,NA,NA,NA,NA,NA,NA,NA,NA,NA,NA,NA,NA,NA,NA,NA,NA,NA,NA,NA,NA,NA,NA,NA,NA,NA,NA,NA,NA,NA,NA,NA,NA,NA,NA,NA,NA,NA,NA,NA,NA,NA,NA,NA,NA,NA,NA,NA,NA,NA,NA,NA,NA,NA,NA,0.712262124625057,NA,NA,0.0961415065750105,NA,NA,NA,0.0336828264570405,NA,NA,NA,NA,NA,0.316806305201262,NA,NA,NA,0.251274642779857,NA,NA,NA,NA,0.390145612722672,NA,0.170133253654476,NA,NA,0.321613691388353,NA,NA,NA,NA,NA,NA,0.738183376405409,NA,0.680297454329102,NA,0.242782424735229,NA,NA,NA,NA,NA,NA,NA,NA,NA,NA,NA,0.197892792092921,0.72570658063877,NA,NA,NA,NA,NA,NA,NA,NA,NA,NA,NA,NA,NA,NA,NA,NA,NA,NA,NA,NA,NA,NA,NA,0.366012263974494,NA,NA,NA,0.77535762983475,NA,NA,NA,NA,NA,NA,NA,NA,NA,NA,NA,NA,0.504883351308961,NA,0.220575473935091,NA,NA,NA,NA,NA,NA,NA,0.2388286245059,NA,NA,NA,NA,NA,NA,NA,NA,NA,0.400078952809787,NA,NA,NA,0.184711892270712,NA,0.771736817058337,NA,NA,0.384009535244731,NA,NA,NA,NA,0.762050986482508,NA,NA,NA,NA,NA,NA,NA,NA,NA,0.171929216115561,NA,NA,NA,0.0735487715497203,0.32835325390279,NA,0.846677525571718,NA,NA,0.758885722290407,NA,NA,NA,NA,0.174861989590206,NA,NA,NA,NA,0.226147940410261,0.116730927571156
"HMDB0246561",NA,NA,NA,NA,NA,NA,NA,NA,NA,NA,NA,NA,NA,NA,NA,NA,NA,NA,NA,NA,NA,NA,NA,NA,NA,NA,NA,NA,NA,NA,NA,NA,NA,NA,NA,NA,NA,NA,NA,NA,NA,NA,NA,NA,NA,NA,NA,NA,NA,NA,NA,NA,NA,NA,NA,NA,NA,NA,NA,NA,NA,NA,NA,NA,NA,NA,NA,NA,NA,NA,NA,NA,NA,NA,NA,NA,NA,NA,NA,NA,NA,NA,NA,NA,NA,NA,NA,NA,NA,NA,NA,NA,NA,NA,NA,NA,NA,NA,NA,NA,NA,NA,NA,NA,NA,NA,NA,NA,NA,NA,NA,NA,NA,NA,NA,NA,NA,NA,NA,NA,NA,NA,NA,NA,NA,NA,NA,NA,NA,NA,NA,NA,NA,NA,NA,NA,NA,NA,NA,NA,NA,0.966755540152646,NA,NA,0.135225337844401,NA,NA,NA,NA,NA,NA,NA,NA,NA,NA,NA,NA,0.281472068004656,NA,NA,NA,NA,0.253125984303084,NA,NA,0.211072423899133,NA,NA,NA,NA,0.825787584416062,0.179342521692424,0.129730781735158,NA,0.461424778772005,NA,NA,NA,NA,0.225413657925753,NA,NA,NA,NA,0.38766470890924,0.382527353298457,NA,0.715377412671607,NA,NA,NA,NA,NA,NA,NA,0.785085099736132,NA,NA,0.655831599711614,0.760177411061411,NA,NA,NA,NA,NA,NA,NA,NA,NA,NA,NA,NA,NA,NA,NA,NA,NA,0.800972224528068,NA,NA,NA,NA,0.303170421589777,0.218756055869309,NA,NA,NA,NA,NA,NA,NA,0.710892665688622,NA,NA,0.010828046790012,NA,NA,NA,NA,NA,NA,NA,NA,NA,NA,NA,0.496438655767834,NA,NA,0.356070032136613,NA,0.293541227169068,NA,NA,NA,0.297873530526657,NA,NA,0.848017042925041,NA,0.446686263372877,NA,NA,0.613188636201503,NA,NA,NA,NA,NA,NA,NA,NA,NA,NA,NA,NA,NA,0.559635224651189,NA,NA,NA,NA,0.272429490069462,0.204300924390431,0.180865933308052,NA,NA,0.208814548553324,NA,NA,NA,NA,NA,NA
"HMDB0000749",NA,NA,NA,NA,NA,NA,NA,NA,NA,NA,NA,NA,NA,NA,NA,NA,NA,NA,NA,NA,NA,NA,NA,NA,NA,NA,NA,NA,NA,NA,NA,NA,NA,NA,NA,NA,NA,NA,NA,NA,NA,NA,NA,NA,NA,NA,NA,NA,NA,NA,NA,NA,NA,NA,NA,NA,NA,NA,NA,NA,NA,NA,NA,NA,NA,NA,NA,NA,NA,NA,NA,NA,NA,NA,NA,NA,NA,NA,NA,NA,NA,NA,NA,NA,NA,NA,NA,NA,NA,NA,NA,NA,NA,NA,NA,NA,NA,NA,NA,NA,NA,NA,NA,NA,NA,NA,NA,NA,NA,NA,NA,NA,NA,NA,NA,NA,NA,NA,NA,NA,NA,NA,NA,NA,NA,NA,NA,NA,NA,NA,NA,NA,NA,NA,NA,NA,0.177386747363118,0.0961415065750105,NA,NA,0.282185255974385,NA,NA,0.0601263019814003,NA,NA,NA,NA,NA,0.595721463311408,NA,NA,NA,NA,NA,0.50847400854035,NA,0.91325075277762,NA,NA,0.214448334107888,NA,NA,0.0165116296984986,NA,NA,NA,0.202127412710043,NA,0.381936854383811,0.516706859230289,NA,0.989351293537541,NA,0.0672301419803893,NA,NA,NA,NA,NA,NA,NA,NA,NA,NA,0.45513542338147,NA,NA,NA,NA,NA,NA,NA,NA,NA,NA,NA,NA,NA,NA,NA,NA,NA,NA,NA,NA,NA,NA,0.11667647375285,NA,NA,NA,NA,NA,NA,NA,NA,NA,NA,NA,NA,NA,NA,NA,NA,NA,NA,NA,0.312883709803274,0.106358717144908,NA,NA,NA,NA,NA,0.835479688515069,NA,NA,0.631896481189528,NA,NA,NA,NA,NA,NA,0.799919417742499,NA,NA,NA,NA,0.907112214976402,NA,NA,NA,NA,NA,NA,NA,NA,NA,NA,NA,NA,NA,NA,NA,0.216373767796067,NA,NA,0.251443254066626,NA,NA,NA,NA,NA,NA,NA,NA,NA,NA,NA,NA,0.264567168216901,NA,NA,NA,NA,NA,0.649207907271026,NA,NA,NA,NA,NA
"HMDB0000525",NA,NA,NA,NA,NA,NA,NA,NA,NA,NA,NA,NA,NA,NA,NA,NA,0.0417403535026148,NA,NA,NA,NA,NA,NA,NA,NA,NA,NA,NA,NA,NA,NA,NA,NA,NA,NA,NA,NA,NA,NA,NA,NA,NA,NA,NA,NA,NA,NA,NA,NA,NA,NA,NA,NA,NA,NA,NA,NA,NA,NA,NA,NA,NA,NA,NA,NA,NA,NA,NA,NA,NA,NA,NA,NA,NA,NA,NA,NA,NA,NA,NA,NA,NA,NA,NA,NA,NA,NA,NA,NA,NA,NA,NA,NA,NA,NA,NA,NA,NA,NA,NA,NA,NA,NA,NA,NA,NA,NA,NA,NA,NA,NA,NA,NA,NA,NA,NA,NA,NA,NA,NA,NA,NA,NA,NA,NA,NA,NA,NA,NA,NA,NA,NA,NA,NA,NA,NA,NA,NA,NA,0.282185255974385,NA,NA,0.100420883878617,0.0835835956051149,NA,0.00387386970890687,NA,0.669998476339565,NA,NA,NA,NA,NA,NA,NA,0.251423202470319,NA,NA,NA,NA,NA,NA,NA,NA,NA,NA,NA,NA,NA,NA,NA,NA,NA,NA,NA,NA,NA,NA,NA,NA,NA,NA,NA,NA,NA,NA,NA,NA,NA,NA,NA,NA,NA,NA,NA,NA,NA,NA,NA,NA,NA,NA,NA,NA,NA,NA,NA,NA,NA,NA,NA,NA,NA,NA,NA,NA,NA,NA,NA,NA,NA,NA,NA,NA,NA,NA,NA,NA,NA,0.748144948709319,NA,NA,NA,NA,NA,NA,NA,0.533320524774766,NA,NA,NA,NA,NA,NA,NA,0.520513432414849,NA,NA,NA,NA,0.288907938925404,NA,NA,NA,NA,0.757443635093771,NA,NA,0.0494254528410323,NA,NA,NA,NA,NA,NA,NA,NA,NA,NA,NA,0.0779411017732433,NA,NA,0.647722419698801,0.00658400751806988,0.52130162861209,NA,NA,NA,0.315004549683137,NA,NA,NA,NA,0.375375458044767,NA,NA,NA,NA,0.0455282670484896,0.166466310162421,NA,NA,NA
"HMDB0000191",NA,NA,NA,NA,NA,NA,NA,NA,NA,NA,NA,NA,NA,NA,NA,NA,NA,NA,NA,NA,NA,NA,NA,NA,NA,NA,NA,NA,NA,NA,NA,NA,NA,NA,NA,NA,NA,NA,NA,NA,NA,NA,NA,NA,NA,NA,NA,NA,NA,NA,NA,NA,NA,NA,NA,NA,NA,NA,NA,NA,NA,NA,0.331335470254946,NA,NA,NA,NA,NA,NA,NA,NA,NA,NA,NA,NA,NA,NA,NA,NA,NA,NA,NA,NA,NA,NA,NA,NA,NA,NA,NA,NA,NA,NA,NA,NA,NA,NA,NA,NA,NA,NA,NA,NA,NA,NA,NA,NA,NA,NA,NA,NA,0.000759706332639951,NA,NA,NA,NA,NA,NA,NA,NA,NA,NA,NA,NA,NA,NA,NA,NA,NA,NA,NA,NA,NA,NA,NA,NA,NA,NA,0.966755540152646,NA,NA,NA,NA,NA,0.155256454836633,0.291514594953047,NA,NA,NA,NA,0.608273105924644,NA,0.00910842915256043,NA,NA,NA,NA,0.942653036383704,NA,NA,NA,NA,0.975767067030714,0.0975446372221885,NA,NA,NA,NA,0.643047562927431,0.041231512162595,0.877150414864789,0.442601182646818,NA,NA,0.489716374034188,NA,NA,NA,NA,NA,NA,NA,NA,NA,NA,0.229160308687902,0.559495379848397,0.486367874950416,NA,NA,NA,NA,NA,NA,NA,0.641231045802171,0.0247130113453394,NA,0.974819517033903,0.644940224428718,NA,NA,NA,NA,NA,NA,NA,NA,NA,NA,NA,0.377165077347496,NA,NA,NA,NA,NA,NA,NA,NA,NA,NA,0.416136921005385,NA,NA,NA,NA,NA,NA,NA,NA,0.727509533970137,NA,NA,NA,NA,NA,NA,NA,NA,NA,NA,NA,NA,NA,NA,NA,NA,NA,NA,NA,NA,NA,NA,NA,NA,NA,NA,0.523351158738101,NA,NA,NA,NA,NA,NA,NA,NA,NA,NA,NA,NA,NA,NA,NA,NA,NA,NA,0.597552861044715,NA,NA,NA,NA,NA,NA,0.939318669717794,NA,NA,NA,NA,0.688874544415417,NA,NA,NA,NA
"HMDB0000208",NA,NA,NA,NA,NA,NA,NA,NA,NA,NA,NA,NA,NA,NA,NA,NA,NA,NA,NA,NA,NA,NA,NA,NA,NA,NA,NA,NA,NA,NA,NA,NA,NA,NA,NA,NA,NA,NA,NA,NA,NA,NA,NA,NA,NA,NA,NA,NA,NA,NA,NA,NA,NA,NA,NA,NA,NA,NA,NA,NA,NA,NA,NA,NA,NA,NA,NA,NA,NA,NA,NA,NA,NA,NA,NA,NA,NA,NA,NA,NA,NA,NA,NA,NA,NA,NA,NA,NA,NA,NA,NA,NA,NA,NA,NA,NA,NA,NA,NA,NA,NA,NA,NA,NA,NA,NA,NA,NA,NA,NA,NA,NA,NA,NA,NA,NA,NA,NA,NA,NA,NA,NA,NA,NA,NA,NA,NA,NA,NA,NA,NA,NA,NA,NA,NA,NA,NA,NA,NA,NA,0.100420883878617,NA,NA,NA,NA,NA,NA,NA,NA,0.149280549222426,NA,NA,NA,NA,NA,0.267291756963621,NA,0.25694463191078,NA,NA,NA,NA,0.233259795061174,NA,NA,NA,NA,NA,NA,NA,NA,NA,0.279211830860429,NA,NA,NA,NA,NA,NA,0.683659515183839,NA,NA,NA,NA,NA,NA,NA,NA,NA,NA,NA,NA,NA,NA,NA,NA,NA,NA,NA,NA,NA,NA,NA,NA,0.892689078879516,NA,NA,NA,NA,NA,NA,0.901083124114722,NA,NA,NA,NA,NA,0.123117298324815,NA,NA,NA,NA,NA,NA,NA,NA,NA,NA,NA,0.164986481458151,0.40185023101245,NA,NA,NA,NA,0.630917731615657,NA,0.875087173347954,0.177111551903519,NA,NA,NA,NA,NA,NA,NA,NA,NA,NA,NA,NA,NA,NA,NA,NA,0.467423111022335,NA,NA,NA,NA,NA,NA,NA,NA,NA,NA,0.271335026921183,NA,0.239984886462355,NA,NA,NA,NA,NA,NA,NA,NA,NA,NA,NA,NA,NA,0.296307460702092,NA,NA,NA,NA,NA,NA,NA,NA,NA,NA,0.178285461669617
"HMDB0059655",NA,NA,NA,NA,NA,NA,NA,NA,NA,NA,NA,NA,NA,NA,NA,NA,NA,NA,NA,NA,NA,NA,NA,NA,NA,NA,NA,NA,NA,NA,NA,NA,NA,NA,NA,NA,NA,NA,NA,NA,NA,NA,NA,NA,NA,NA,NA,NA,NA,NA,NA,NA,NA,NA,NA,NA,NA,NA,NA,NA,NA,NA,NA,NA,NA,NA,NA,NA,NA,NA,NA,NA,NA,NA,NA,NA,NA,NA,NA,NA,NA,NA,NA,NA,NA,NA,NA,NA,NA,NA,NA,NA,NA,NA,NA,NA,NA,NA,NA,NA,NA,NA,NA,NA,NA,NA,NA,NA,NA,NA,NA,NA,NA,NA,NA,NA,NA,NA,NA,NA,NA,NA,NA,NA,NA,NA,NA,NA,NA,NA,NA,NA,NA,NA,NA,NA,0.28737806032217,0.0336828264570405,NA,0.0601263019814003,0.0835835956051149,NA,NA,NA,NA,0.754752210276661,NA,NA,NA,NA,NA,NA,NA,0.218431772998517,NA,0.425749669703158,NA,NA,NA,NA,0.731011929769146,NA,NA,0.0136830809769842,0.037019523792575,NA,NA,0.855751372589429,NA,0.365491458484685,NA,NA,NA,NA,0.21676855082844,NA,NA,NA,NA,NA,NA,NA,NA,NA,NA,0.614887198771665,NA,NA,NA,NA,0.810473363612957,NA,NA,NA,NA,NA,NA,NA,NA,NA,NA,NA,NA,NA,NA,NA,NA,NA,0.0933198941778611,NA,NA,NA,NA,NA,NA,NA,NA,NA,NA,NA,NA,NA,NA,NA,NA,NA,NA,NA,NA,0.110520016404631,NA,NA,NA,NA,NA,0.919397850428152,NA,0.316560917615941,0.330967347046428,NA,NA,NA,NA,NA,NA,0.720606171838199,NA,NA,NA,0.549277008300774,0.909995494029165,NA,NA,NA,NA,NA,NA,NA,NA,NA,NA,NA,NA,0.257048547674315,NA,NA,0.415773578386577,NA,NA,NA,NA,NA,NA,0.854037602846196,0.0933586057401918,NA,NA,NA,NA,NA,NA,NA,NA,NA,0.262480099867807,NA,NA,NA,NA,0.169346266206873,NA,NA,NA,NA
"HMDB0000292",NA,NA,NA,NA,NA,0.566238904842522,NA,0.161089115405349,NA,NA,NA,NA,NA,NA,NA,NA,NA,NA,0.298445935929934,NA,NA,NA,NA,NA,NA,NA,NA,NA,NA,NA,NA,NA,0.316964750466013,NA,NA,NA,NA,NA,NA,NA,NA,NA,NA,NA,NA,NA,NA,NA,NA,NA,NA,NA,NA,0.336740802737214,NA,NA,NA,0.967315262653995,NA,NA,NA,NA,NA,NA,NA,NA,NA,NA,NA,NA,NA,NA,NA,NA,NA,NA,NA,NA,NA,NA,NA,NA,NA,NA,NA,NA,NA,NA,NA,NA,NA,NA,NA,NA,NA,NA,0.178139280060765,NA,NA,NA,NA,NA,NA,NA,NA,NA,NA,NA,NA,NA,NA,NA,NA,NA,NA,NA,NA,NA,NA,NA,NA,NA,NA,NA,NA,NA,NA,NA,NA,NA,NA,NA,NA,NA,NA,NA,0.434981278066351,NA,0.135225337844401,NA,NA,0.155256454836633,NA,NA,NA,NA,NA,NA,NA,0.248256271396427,0.717167559868378,NA,NA,0.619971285922845,NA,NA,NA,0.68640526749786,NA,0.634420033343339,NA,NA,0.783628430258492,0.612608688136265,NA,NA,0.448670804095657,NA,NA,NA,0.139752989628917,0.159156496973482,0.663833903819794,NA,0.4857737779874,NA,NA,NA,NA,0.187439133681878,NA,NA,NA,NA,NA,0.285600131514262,0.217554558113699,NA,NA,NA,NA,NA,NA,0.36290278687997,NA,NA,0.403991990335827,NA,NA,NA,NA,0.680353162018151,NA,NA,NA,NA,0.0169077591798785,0.917052425855258,NA,NA,NA,0.437625205082953,0.195100507393836,0.509446465441559,0.37158049733175,0.981534245877386,0.00823443441588513,NA,0.402631998843338,NA,NA,0.154678317160759,0.186965381781605,NA,NA,NA,NA,0.232520393738711,NA,NA,NA,NA,NA,NA,NA,NA,NA,NA,0.987750423342123,NA,NA,NA,0.173795529137795,NA,0.0457890034491538,NA,NA,NA,NA,NA,NA,0.710832536493479,NA,NA,NA,NA,0.219243595583312,0.367255220770002,0.0220500623104298,NA,NA,NA,NA,0.912303207959074,NA,NA,NA,NA,0.0802955039787594,NA,NA,NA,NA,NA,0.16985497069072,NA,NA,0.702251418185583,NA,0.416282612769568,0.919347174678259,NA,NA,NA,NA,NA,NA,NA,NA,NA,NA,NA,NA,0.210065393038973
"HMDB0000177",NA,NA,NA,NA,NA,NA,NA,NA,NA,NA,NA,NA,NA,NA,NA,NA,NA,NA,NA,NA,NA,NA,NA,NA,NA,NA,NA,NA,NA,NA,NA,NA,NA,NA,NA,NA,NA,NA,NA,NA,NA,NA,NA,NA,NA,NA,NA,NA,NA,NA,NA,NA,NA,NA,NA,NA,NA,NA,NA,NA,NA,NA,0.845057408864033,NA,NA,NA,NA,NA,NA,NA,NA,NA,NA,NA,NA,NA,NA,NA,NA,NA,NA,NA,NA,NA,NA,NA,NA,NA,0.0307052579046405,NA,NA,NA,NA,NA,NA,NA,NA,NA,NA,NA,NA,NA,NA,NA,NA,NA,NA,NA,NA,NA,NA,NA,NA,NA,NA,NA,NA,NA,NA,NA,NA,NA,NA,NA,NA,NA,NA,NA,NA,NA,NA,NA,NA,NA,NA,NA,NA,NA,NA,NA,0.00387386970890687,0.291514594953047,NA,0.754752210276661,NA,NA,NA,NA,NA,NA,0.791574271596635,NA,0.0575301572731981,NA,NA,0.357640763219626,NA,NA,NA,0.725210443918417,NA,NA,0.483620866342115,NA,NA,NA,NA,NA,NA,NA,NA,0.494159201923809,NA,NA,NA,NA,NA,NA,NA,NA,0.220066450793391,NA,NA,NA,NA,NA,0.811333823659662,NA,NA,NA,NA,NA,0.716779176052321,NA,NA,0.100500994247836,0.17205402985363,NA,NA,NA,NA,0.830903542037524,NA,NA,0.00572950101887774,0.87408322034414,NA,NA,NA,NA,NA,NA,NA,NA,0.826230115871359,0.390056074803459,0.553836994272843,NA,0.304335056176759,NA,NA,0.607910217904476,0.512563119646935,NA,NA,NA,0.853390212390663,0.739096506882196,NA,NA,0.00015408816780373,NA,NA,NA,0.0138737803696228,NA,NA,NA,NA,NA,NA,NA,0.818821295406344,0.376692485579698,NA,0.319283466839687,NA,NA,NA,NA,0.37229244015081,NA,NA,NA,NA,NA,0.731081634687498,NA,NA,NA,NA,NA,NA,NA,NA,NA,NA,NA,NA,NA,0.750730523701986,NA,0.804907740359231,0.185487544085291,NA,0.0784653658729601,NA,NA,NA,NA,NA,0.286057395804829,NA,NA,NA,NA,0.761541994685541,NA,NA,0.334218617971747,NA,0.356563153059267,NA,NA
"HMDB0001886",NA,NA,NA,NA,NA,NA,NA,NA,NA,NA,NA,NA,NA,NA,NA,NA,NA,NA,NA,NA,NA,NA,NA,NA,NA,NA,NA,NA,NA,NA,NA,NA,NA,NA,NA,NA,NA,NA,NA,NA,NA,NA,NA,NA,NA,NA,NA,NA,NA,NA,NA,NA,NA,NA,NA,NA,NA,NA,NA,NA,NA,NA,NA,NA,NA,NA,NA,NA,NA,NA,NA,NA,NA,NA,NA,NA,NA,NA,NA,NA,NA,NA,NA,NA,NA,NA,NA,NA,NA,NA,NA,NA,NA,NA,NA,NA,NA,NA,NA,NA,NA,NA,NA,NA,NA,NA,NA,NA,NA,NA,NA,NA,NA,NA,NA,NA,NA,0.55720648085583,NA,NA,NA,NA,NA,NA,NA,NA,NA,NA,NA,NA,NA,NA,NA,NA,NA,NA,NA,NA,NA,NA,NA,NA,NA,NA,NA,NA,NA,NA,NA,NA,NA,0.229664854472477,NA,NA,0.176321663493552,NA,NA,0.178925530021899,NA,NA,NA,NA,NA,NA,NA,NA,NA,NA,NA,NA,NA,NA,NA,NA,NA,NA,NA,NA,NA,NA,NA,NA,0.579178182650146,NA,NA,NA,NA,NA,NA,NA,NA,NA,NA,NA,NA,NA,NA,NA,NA,NA,NA,NA,NA,NA,NA,NA,NA,NA,NA,NA,NA,NA,NA,NA,NA,NA,NA,NA,NA,NA,NA,NA,NA,NA,NA,NA,NA,NA,NA,NA,NA,NA,NA,NA,NA,NA,0.00277915827030341,NA,NA,NA,NA,NA,NA,NA,NA,NA,NA,NA,0.105603264538119,NA,NA,NA,NA,NA,NA,NA,NA,NA,NA,NA,NA,0.140426975250184,NA,NA,NA,NA,NA,NA,NA,0.00579800317577136,NA,NA,NA,0.107434113629323,NA,NA,NA,NA,0.0133635227850597,NA,NA,NA,NA,NA,NA,NA,NA,NA,NA,NA,NA,NA,NA,NA
"HMDB0000947",NA,NA,NA,NA,NA,NA,NA,NA,NA,NA,NA,NA,NA,NA,NA,NA,NA,NA,NA,NA,NA,NA,NA,NA,NA,NA,NA,NA,NA,NA,NA,NA,NA,NA,NA,NA,NA,NA,NA,NA,NA,NA,NA,NA,NA,NA,NA,NA,NA,NA,NA,NA,NA,NA,NA,NA,NA,NA,NA,NA,NA,NA,NA,NA,NA,NA,NA,NA,NA,NA,NA,NA,NA,NA,NA,NA,NA,NA,NA,NA,NA,NA,NA,NA,NA,NA,NA,NA,NA,NA,NA,NA,NA,NA,NA,NA,NA,NA,NA,NA,NA,NA,NA,NA,NA,NA,NA,NA,NA,NA,NA,NA,NA,NA,NA,NA,NA,NA,NA,NA,NA,NA,NA,NA,NA,NA,NA,NA,NA,NA,NA,NA,NA,NA,NA,NA,NA,NA,NA,NA,0.669998476339565,NA,NA,NA,NA,NA,NA,NA,NA,0.0939141687992624,NA,NA,NA,NA,NA,0.966992482604455,NA,0.110099263708349,NA,NA,NA,NA,NA,0.18775720785456,0.745278421911621,NA,NA,NA,NA,0.138341969741468,0.164515041697628,NA,0.143956977294289,0.0377077577585492,0.161237493891944,NA,NA,NA,NA,NA,NA,NA,NA,NA,NA,0.137101693314069,NA,NA,NA,NA,NA,NA,NA,NA,NA,NA,NA,NA,NA,NA,NA,NA,NA,NA,NA,NA,NA,NA,NA,NA,NA,NA,NA,NA,NA,NA,NA,NA,NA,0.163332345222645,NA,NA,NA,NA,NA,NA,NA,NA,NA,0.212071615489958,NA,NA,NA,NA,NA,0.195224359691934,NA,0.000486529440754876,0.0198784991687105,0.456349008587811,NA,NA,NA,NA,0.479433224680399,NA,NA,NA,NA,0.017090436393521,0.0207562408939886,NA,NA,NA,NA,0.0537157796280381,NA,NA,NA,NA,NA,NA,NA,NA,NA,NA,0.00570760569453403,NA,NA,NA,NA,NA,NA,NA,0.691306540127375,NA,NA,NA,NA,NA,NA,NA,NA,NA,NA,NA,NA,NA,NA,NA,0.291483939190329,NA,NA,NA
"HMDB0304953",NA,0.263321039087108,0.883964509018861,NA,NA,0.312460256793206,0.0155350626601499,NA,NA,NA,NA,NA,NA,NA,NA,NA,NA,NA,NA,0.107725099534665,NA,NA,0.81427581299555,0.0085487872235491,0.745020420748499,NA,NA,NA,NA,NA,NA,NA,0.043989215777232,NA,NA,NA,NA,NA,NA,NA,0.284746627368589,NA,0.531223576653143,NA,NA,0.826280485279405,NA,NA,NA,NA,NA,0.483502598411733,0.0992167408874095,NA,NA,NA,NA,NA,NA,0.330931131942584,NA,NA,NA,NA,NA,NA,NA,NA,NA,NA,NA,NA,NA,NA,NA,NA,0.906636331579902,NA,NA,NA,NA,NA,NA,NA,NA,NA,NA,NA,NA,NA,NA,0.247899484921664,NA,NA,NA,NA,NA,NA,NA,NA,NA,NA,NA,NA,NA,NA,NA,NA,NA,NA,NA,NA,NA,NA,NA,NA,NA,0.645496444672152,NA,NA,NA,NA,NA,NA,NA,NA,NA,NA,NA,NA,0.295169581182457,0.473247211126031,NA,NA,NA,NA,NA,NA,NA,NA,NA,NA,NA,NA,NA,NA,NA,NA,NA,NA,NA,NA,NA,NA,NA,NA,0.11338585229361,NA,NA,NA,NA,NA,NA,NA,NA,NA,NA,NA,NA,NA,NA,NA,NA,NA,NA,NA,NA,NA,NA,NA,NA,NA,NA,NA,NA,NA,NA,NA,NA,NA,NA,0.137584039472139,0.00930165068256074,NA,NA,NA,NA,NA,NA,NA,0.00262053949788067,NA,0.684587687005192,NA,NA,NA,0.753443919817138,NA,NA,NA,NA,NA,0.193896810318187,NA,NA,NA,NA,NA,NA,NA,NA,NA,NA,NA,NA,NA,NA,0.0116293508960091,NA,NA,NA,NA,NA,NA,NA,NA,NA,NA,NA,NA,NA,NA,NA,NA,0.147462857188142,NA,NA,NA,0.116957933287608,NA,NA,NA,NA,NA,0.942505587306736,NA,NA,NA,NA,0.000759162668303727,NA,0.136432168481441,NA,NA,NA,NA,NA,NA,NA,NA,0.0425067681377811,0.509014806991192,NA,0.150232263004284,NA,NA,NA,0.787068019632637,NA,NA,NA,0.184860007434773,NA,NA,NA,NA,0.10646516821466,NA,NA,NA,NA,NA,NA,NA
"HMDB0003357",NA,NA,NA,NA,NA,NA,NA,NA,NA,NA,NA,NA,NA,NA,NA,NA,NA,NA,NA,NA,NA,NA,NA,NA,NA,NA,NA,NA,NA,NA,NA,NA,NA,NA,NA,NA,NA,NA,NA,NA,NA,NA,NA,NA,NA,NA,NA,NA,NA,NA,NA,NA,NA,NA,NA,NA,NA,NA,NA,NA,NA,NA,NA,NA,NA,NA,NA,NA,NA,NA,NA,NA,NA,NA,NA,NA,NA,NA,NA,NA,NA,NA,NA,NA,NA,NA,NA,NA,NA,NA,NA,NA,NA,NA,NA,NA,NA,NA,NA,NA,NA,NA,NA,NA,NA,NA,NA,NA,NA,NA,NA,NA,NA,NA,NA,NA,NA,NA,NA,NA,NA,NA,NA,NA,NA,NA,NA,NA,NA,NA,NA,NA,NA,NA,NA,NA,0.521761696566342,0.316806305201262,NA,0.595721463311408,NA,NA,0.149280549222426,NA,0.248256271396427,NA,NA,0.0939141687992624,NA,NA,0.552403939452809,0.44408201849335,NA,0.675148303450592,NA,NA,NA,0.152969766025595,0.924549414098423,0.849121914022405,NA,0.0271829104770713,0.758625703405758,0.301647929738128,NA,NA,NA,0.244543947782487,NA,NA,0.0622597497085694,0.0446485807437478,0.231200086247389,NA,0.322075704585968,0.00700927392076755,0.645203126728053,0.491930620237577,0.0122506379677675,0.832090067491125,NA,0.498452604540101,0.126349934935328,0.0766427529961303,NA,0.0293635717840605,0.00987948680458628,NA,NA,NA,NA,NA,NA,0.364158879620828,NA,0.270891130950732,0.299179300482807,NA,0.0862324741674597,0.928485948062081,NA,0.0352022153432432,NA,0.605543360746146,0.0582077977912845,NA,NA,0.105493005552087,NA,NA,0.534677074180784,0.312334417727679,0.0123733439081122,0.501052697207091,0.657827688252195,0.769873566443593,0.424561077650366,0.922467183677321,0.480822246133506,0.740410559328485,0.904540586120444,0.342580789174172,0.280884076718117,NA,NA,NA,NA,0.987460352464543,0.372785718380325,NA,0.219578779269797,NA,NA,NA,0.317530038729168,0.313543771469267,NA,0.400276722810325,0.970243158223489,NA,NA,NA,0.264921105954009,NA,NA,NA,NA,NA,0.0644816735373976,0.636903098452015,NA,0.00959164090675254,0.666676760490306,NA,NA,0.870707065927778,0.250187075247178,0.0466258076108534,NA,NA,NA,0.0233422354116956,0.036810250912178,NA,NA,NA,0.294296877421463,0.61281368649295,0.367496857979182,0.429229498346854,NA,NA,NA,NA,NA,NA,0.240405840567006,0.0312001230306723,NA,NA,0.978685950603056,NA,0.514638816255762,0.33097005723108,NA,NA,NA,NA,NA,NA,NA,NA,0.0369656327894725,0.165580957380517
"HMDB0000517",NA,NA,NA,NA,NA,NA,NA,NA,NA,NA,NA,NA,NA,NA,NA,NA,NA,NA,NA,NA,NA,NA,NA,NA,NA,NA,NA,NA,NA,NA,NA,NA,NA,NA,NA,NA,NA,NA,NA,NA,NA,NA,NA,NA,NA,NA,NA,NA,NA,NA,NA,NA,NA,NA,NA,NA,NA,NA,NA,NA,0.00173916535420955,NA,NA,NA,NA,NA,NA,NA,NA,NA,NA,NA,NA,NA,NA,NA,NA,NA,NA,NA,NA,NA,NA,NA,NA,NA,NA,NA,NA,NA,NA,NA,NA,NA,NA,NA,NA,NA,NA,NA,NA,NA,NA,NA,NA,NA,NA,NA,NA,NA,NA,NA,NA,NA,NA,NA,NA,NA,NA,NA,NA,NA,NA,NA,NA,NA,NA,NA,NA,NA,NA,NA,NA,NA,NA,NA,NA,NA,NA,NA,NA,0.608273105924644,NA,NA,0.717167559868378,0.791574271596635,NA,NA,NA,0.552403939452809,NA,NA,NA,0.249023343772802,NA,NA,NA,0.453641910588927,NA,0.793969889099442,NA,0.379177844206583,0.788459857045537,NA,NA,NA,0.564527360756282,0.0367633184048885,NA,NA,0.482153075719216,0.831196297184464,0.580501493990552,NA,NA,NA,NA,NA,0.0480046056773233,NA,0.0388831975470476,0.406589773154674,NA,NA,NA,NA,0.303673790460507,0.111313606800396,NA,NA,NA,NA,0.110062708599866,0.0501657425767642,NA,NA,0.0494305024987742,NA,NA,NA,NA,0.120118801915026,NA,NA,NA,0.313893611847854,NA,NA,NA,NA,NA,NA,0.0165372488817711,0.208924683030711,0.695406184516687,0.98293631507138,NA,NA,0.0958102699221609,NA,NA,0.463862201993705,0.256974532800727,NA,NA,NA,NA,0.377573837130874,NA,NA,0.0118036856778533,NA,NA,NA,0.105006509443657,NA,NA,NA,NA,NA,NA,NA,0.648456112182163,0.23348749095835,NA,0.730902331203805,0.0175916313876063,NA,0.0357847723848439,NA,NA,0.299340380993654,NA,NA,0.0448584812779881,NA,0.112117251975716,0.321084758121157,NA,NA,NA,0.00969739257749083,NA,0.862643984716035,NA,NA,NA,0.316765452990152,0.0970846694711394,NA,NA,NA,0.38678659642426,NA,0.0254302518903389,0.188173468492653,NA,0.358824760021702,NA,NA,0.992408222061276,0.0698324979606856,NA,NA,NA,0.0316237974634667,NA,NA,NA,0.273752525003281,0.32908422135527,NA,0.288066831966944,NA
"HMDB0246328",NA,NA,NA,NA,NA,NA,NA,NA,NA,NA,NA,NA,NA,NA,NA,NA,NA,NA,NA,NA,NA,NA,NA,NA,NA,NA,NA,NA,NA,NA,NA,NA,NA,NA,NA,NA,NA,NA,NA,NA,NA,NA,NA,NA,NA,NA,NA,NA,NA,NA,NA,NA,NA,NA,NA,NA,NA,NA,NA,NA,NA,NA,NA,NA,NA,NA,NA,NA,NA,NA,NA,NA,NA,NA,NA,NA,NA,NA,NA,NA,NA,NA,NA,NA,NA,NA,NA,NA,NA,NA,NA,NA,NA,NA,NA,NA,NA,NA,NA,NA,NA,NA,NA,NA,NA,NA,NA,NA,NA,NA,NA,NA,NA,NA,NA,NA,NA,NA,NA,NA,NA,NA,NA,NA,NA,NA,NA,NA,NA,NA,NA,NA,NA,NA,NA,NA,NA,NA,NA,NA,NA,NA,NA,NA,NA,NA,0.229664854472477,NA,NA,0.44408201849335,NA,NA,NA,NA,0.373641850285973,NA,NA,0.190534558933952,NA,NA,NA,NA,NA,NA,NA,NA,NA,NA,NA,NA,NA,NA,0.103438352667253,NA,NA,NA,NA,NA,NA,NA,NA,NA,NA,NA,NA,NA,NA,NA,NA,NA,NA,NA,NA,NA,NA,NA,NA,NA,NA,NA,NA,NA,NA,NA,NA,NA,NA,NA,NA,0.0887377575101898,NA,NA,NA,NA,NA,NA,NA,0.250233018192959,NA,NA,0.113326635779125,NA,NA,0.391405295480441,0.166997481406697,NA,NA,NA,NA,NA,NA,NA,NA,NA,NA,NA,NA,0.065943221323774,NA,NA,NA,NA,NA,NA,NA,NA,NA,NA,0.275241642217204,NA,NA,NA,NA,NA,NA,NA,NA,0.234715057314254,NA,NA,NA,NA,NA,NA,NA,NA,NA,NA,NA,NA,NA,NA,NA,NA,NA,NA,NA,NA,NA,NA,NA,NA,NA,NA,NA,NA,NA,NA,NA,NA,NA,NA,NA,NA
"HMDB0001964",NA,NA,NA,NA,NA,NA,NA,NA,NA,NA,NA,NA,NA,NA,NA,NA,NA,NA,NA,NA,NA,NA,NA,NA,NA,NA,NA,NA,NA,NA,NA,NA,NA,NA,NA,NA,NA,NA,NA,NA,NA,NA,NA,NA,NA,NA,NA,NA,NA,NA,NA,NA,NA,NA,NA,NA,NA,NA,NA,NA,NA,NA,NA,NA,NA,NA,NA,NA,NA,NA,NA,NA,NA,NA,NA,NA,NA,NA,NA,NA,NA,NA,NA,NA,NA,NA,NA,NA,NA,NA,NA,NA,NA,NA,NA,NA,NA,NA,NA,NA,NA,NA,NA,NA,NA,NA,NA,NA,NA,NA,NA,NA,NA,NA,NA,NA,NA,NA,NA,NA,NA,NA,NA,NA,NA,NA,NA,NA,NA,NA,NA,NA,NA,NA,NA,NA,NA,NA,NA,NA,NA,0.00910842915256043,NA,NA,NA,0.0575301572731981,NA,NA,NA,NA,NA,NA,NA,NA,NA,NA,NA,0.0650722265449233,NA,0.208303792486024,NA,NA,NA,NA,NA,NA,NA,NA,NA,NA,NA,0.01959415281287,NA,0.00890420434789155,NA,NA,NA,NA,NA,NA,NA,NA,0.335488828198356,NA,NA,NA,0.0167609765264467,0.756449432837892,NA,NA,NA,NA,NA,NA,NA,NA,NA,0.0401507168487122,NA,NA,NA,0.607513727471804,NA,NA,NA,NA,NA,NA,NA,NA,NA,NA,NA,0.748733122974875,0.671722545738719,NA,0.677014650723414,NA,0.899256234852437,NA,NA,0.429492888059557,NA,NA,NA,NA,0.757596330521128,0.0155915757163536,NA,NA,NA,NA,NA,NA,NA,NA,NA,NA,NA,NA,NA,NA,0.649253125605017,NA,NA,NA,NA,NA,NA,NA,NA,NA,NA,NA,0.715312540210731,NA,0.233181663015967,0.328715009562908,NA,NA,NA,NA,NA,NA,NA,NA,NA,NA,NA,NA,NA,NA,NA,NA,0.393746108103348,NA,0.288774738279737,0.709548267782576,NA,0.814799339202128,0.145279830295088,NA,NA,NA,NA,NA,NA,0.150123502774769,NA,NA,NA,NA,NA,NA
"HMDB0001311",NA,NA,NA,NA,NA,NA,NA,NA,NA,NA,NA,NA,NA,NA,NA,NA,NA,NA,NA,NA,NA,NA,NA,NA,NA,NA,NA,NA,NA,NA,NA,NA,NA,NA,NA,NA,NA,NA,NA,NA,NA,NA,NA,NA,NA,NA,NA,NA,NA,NA,NA,NA,NA,NA,NA,NA,NA,NA,NA,NA,NA,NA,NA,NA,NA,NA,NA,NA,NA,NA,NA,NA,NA,NA,NA,NA,NA,NA,NA,NA,NA,NA,NA,NA,NA,NA,NA,NA,NA,NA,NA,NA,NA,NA,NA,NA,NA,NA,NA,NA,NA,NA,NA,NA,NA,NA,NA,NA,NA,NA,NA,NA,NA,NA,NA,NA,NA,NA,NA,NA,NA,NA,NA,NA,NA,NA,NA,NA,NA,NA,NA,NA,NA,NA,NA,NA,0.668340643808147,0.251274642779857,NA,NA,NA,NA,NA,0.218431772998517,0.619971285922845,NA,NA,NA,NA,0.675148303450592,0.249023343772802,NA,NA,NA,NA,NA,NA,NA,NA,0.503357976771083,0.369548906861455,NA,NA,NA,NA,NA,NA,0.0156823021548281,NA,NA,NA,0.33068841295824,0.129816923556534,0.0192782010851832,NA,NA,0.344568170055739,NA,NA,NA,NA,NA,NA,0.487430083208237,NA,NA,0.722721192365794,NA,NA,NA,NA,NA,NA,NA,NA,NA,0.45237103803181,NA,NA,NA,NA,0.966603693322912,NA,NA,NA,NA,NA,NA,NA,NA,NA,NA,NA,NA,0.537519851844054,0.490085443022963,0.301551917415056,NA,NA,NA,NA,NA,NA,NA,NA,NA,NA,NA,NA,NA,0.0626047147280672,NA,NA,NA,NA,NA,NA,NA,0.606469169722442,NA,NA,NA,0.423864802862835,NA,NA,NA,NA,NA,NA,NA,NA,NA,NA,NA,NA,NA,0.852017050711097,0.500109868238822,NA,NA,NA,NA,NA,NA,NA,NA,NA,NA,NA,NA,NA,NA,NA,NA,NA,NA,NA,NA,NA,NA,NA,NA,NA,0.0613136553988886,NA,NA,NA,NA,NA,NA,NA,NA,NA,0.917401292361893
"HMDB0003099",NA,NA,NA,NA,NA,NA,NA,NA,NA,NA,NA,NA,NA,NA,NA,NA,NA,NA,NA,NA,NA,NA,NA,NA,NA,NA,NA,NA,NA,NA,NA,NA,NA,NA,NA,NA,NA,NA,NA,NA,NA,NA,NA,NA,NA,NA,NA,NA,NA,NA,NA,NA,NA,NA,NA,NA,NA,NA,NA,NA,NA,NA,NA,NA,NA,NA,NA,NA,NA,NA,NA,NA,NA,NA,NA,NA,NA,NA,NA,NA,NA,NA,NA,NA,NA,NA,NA,NA,NA,NA,NA,NA,NA,NA,NA,NA,NA,NA,NA,NA,NA,NA,NA,NA,NA,NA,NA,NA,NA,NA,NA,NA,NA,NA,NA,NA,NA,NA,NA,NA,NA,NA,NA,NA,NA,NA,NA,NA,NA,NA,NA,NA,NA,NA,NA,NA,NA,NA,NA,NA,NA,NA,NA,NA,NA,NA,0.176321663493552,NA,NA,NA,NA,0.373641850285973,NA,NA,NA,NA,NA,NA,NA,NA,NA,NA,NA,NA,NA,NA,NA,NA,NA,NA,NA,NA,NA,NA,NA,NA,NA,NA,NA,NA,NA,NA,NA,NA,NA,NA,NA,NA,NA,NA,NA,NA,NA,NA,NA,NA,NA,NA,NA,NA,NA,NA,NA,NA,NA,NA,NA,NA,NA,NA,NA,NA,NA,NA,NA,NA,NA,NA,NA,NA,NA,NA,NA,NA,NA,NA,0.799891296629582,NA,NA,NA,NA,NA,NA,NA,NA,NA,NA,NA,NA,NA,NA,NA,NA,NA,NA,NA,NA,NA,NA,NA,NA,NA,NA,NA,NA,NA,NA,NA,NA,NA,NA,NA,NA,NA,NA,NA,NA,NA,NA,NA,NA,NA,NA,NA,NA,NA,NA,NA,0.15111142377766,NA,NA,NA,NA,NA,NA,NA,NA,NA,NA,NA,NA,NA,NA,NA
"HMDB0000333",NA,NA,NA,NA,NA,NA,NA,NA,NA,NA,NA,NA,0.971895802656157,NA,NA,NA,NA,NA,NA,NA,NA,NA,NA,NA,NA,NA,NA,NA,NA,NA,NA,NA,NA,NA,NA,NA,NA,NA,NA,NA,NA,NA,NA,NA,NA,NA,NA,NA,NA,NA,NA,NA,NA,NA,NA,NA,NA,NA,NA,NA,NA,NA,NA,NA,NA,NA,NA,NA,NA,NA,NA,NA,NA,NA,NA,NA,NA,NA,NA,NA,NA,NA,NA,NA,NA,NA,NA,NA,NA,NA,NA,NA,NA,NA,NA,NA,NA,NA,NA,NA,NA,NA,NA,NA,NA,NA,NA,NA,NA,NA,NA,NA,NA,NA,0.00547820938799885,NA,NA,NA,NA,NA,NA,NA,NA,NA,NA,NA,NA,NA,NA,NA,NA,NA,NA,NA,NA,NA,NA,NA,NA,0.50847400854035,0.251423202470319,NA,0.267291756963621,0.425749669703158,NA,0.357640763219626,NA,0.966992482604455,NA,NA,NA,NA,NA,NA,NA,NA,0.100566749710825,NA,NA,NA,NA,NA,NA,0.076049874923108,0.312637722368885,NA,NA,NA,NA,0.912671139295006,NA,NA,NA,0.164045333089023,NA,NA,NA,NA,0.0781596964420781,NA,0.30172544072738,NA,NA,0.022283716813593,NA,NA,NA,NA,NA,NA,NA,NA,NA,NA,NA,0.0899235943238687,NA,NA,0.0769426944206365,NA,NA,NA,NA,NA,NA,NA,NA,NA,NA,NA,NA,NA,NA,NA,NA,NA,NA,NA,NA,NA,NA,NA,NA,NA,NA,NA,NA,NA,NA,0.019881010340065,NA,NA,NA,NA,NA,NA,NA,NA,0.904420104599285,NA,NA,NA,NA,NA,NA,0.578983141992042,NA,NA,NA,NA,0.535595273736267,NA,NA,0.258450507703473,NA,NA,NA,NA,NA,NA,NA,NA,NA,NA,NA,NA,NA,NA,NA,NA,0.96334575736906,NA,0.89075634340043,0.831163911205065,0.00310884087029396,NA,NA,0.199819522382623,NA,0.0290224195526354,NA,NA,NA,NA,NA,NA,NA,NA,NA,NA,NA,NA,NA,NA
"HMDB0006029",NA,NA,NA,NA,NA,NA,NA,NA,NA,NA,NA,NA,NA,NA,NA,NA,NA,NA,NA,NA,NA,NA,NA,NA,NA,NA,NA,NA,NA,NA,NA,NA,NA,NA,NA,NA,NA,NA,NA,NA,NA,NA,NA,0.0423275315577923,NA,NA,NA,NA,NA,NA,NA,NA,NA,NA,NA,NA,NA,NA,NA,NA,NA,NA,NA,NA,NA,NA,NA,NA,NA,NA,NA,NA,NA,NA,NA,NA,NA,NA,NA,NA,NA,NA,NA,NA,NA,NA,NA,NA,NA,NA,NA,NA,NA,NA,NA,NA,NA,NA,NA,NA,NA,NA,NA,NA,NA,NA,NA,NA,NA,NA,NA,NA,NA,NA,NA,NA,NA,NA,NA,NA,NA,NA,NA,NA,NA,NA,NA,NA,NA,NA,NA,NA,NA,NA,NA,NA,NA,NA,NA,NA,NA,NA,NA,NA,NA,NA,NA,NA,0.11338585229361,NA,NA,NA,NA,NA,NA,0.100566749710825,NA,NA,NA,NA,0.185476641859697,NA,NA,0.219873761937246,NA,0.587390212963946,NA,NA,0.999348158353344,NA,NA,NA,NA,NA,NA,NA,NA,NA,0.0999664232071301,NA,NA,NA,NA,NA,NA,NA,NA,0.771892448778075,NA,0.0156968649122279,NA,0.00306310024552374,0.0820975890167863,NA,NA,NA,NA,NA,NA,NA,0.205927705506736,NA,NA,0.133433135581749,0.120666923281189,NA,NA,NA,NA,NA,0.236979252605199,NA,0.048376411961485,NA,NA,NA,NA,NA,NA,NA,0.0797003784750671,NA,NA,NA,0.429900415174086,NA,NA,NA,NA,NA,NA,0.277879604215467,0.483501566199911,NA,NA,NA,0.211103420358859,NA,NA,NA,NA,0.154677508424553,NA,NA,NA,NA,NA,NA,0.0538851692929217,NA,NA,NA,NA,0.000195408043528102,0.233296721405834,NA,NA,NA,NA,0.0369089595992633,0.824508401234823,0.00828638302703612,NA,NA,NA,0.663487469428112,NA,0.170468498694195,0.219466093847499,0.422508868468346,NA,0.181143177206909,NA,0.673473356461097,NA,NA,NA,0.0335949435085858,NA,0.123246725831632,NA,0.0276236247003443,0.551356851375555,NA,0.578495006694927,NA,0.0117864352811883,NA,NA,NA,NA,0.105511345443264,NA,NA
"HMDB0000759",NA,NA,NA,NA,NA,NA,NA,NA,NA,NA,NA,NA,NA,NA,NA,NA,NA,NA,NA,NA,NA,NA,NA,NA,NA,NA,NA,NA,NA,NA,NA,NA,NA,NA,NA,NA,NA,NA,NA,NA,NA,NA,NA,NA,NA,NA,NA,NA,NA,NA,NA,NA,NA,NA,NA,NA,NA,NA,NA,NA,NA,NA,NA,NA,NA,NA,NA,NA,NA,NA,NA,NA,NA,NA,NA,NA,NA,NA,NA,NA,NA,NA,NA,NA,NA,NA,NA,NA,NA,NA,NA,NA,NA,NA,NA,NA,NA,NA,NA,NA,NA,NA,NA,NA,NA,NA,NA,NA,NA,NA,NA,NA,NA,NA,NA,NA,NA,NA,NA,NA,NA,NA,NA,NA,NA,NA,NA,NA,NA,NA,NA,NA,NA,NA,NA,NA,0.953851247970996,NA,0.281472068004656,0.91325075277762,NA,0.942653036383704,0.25694463191078,NA,0.68640526749786,NA,0.178925530021899,0.110099263708349,NA,0.152969766025595,0.453641910588927,0.190534558933952,0.0650722265449233,NA,NA,NA,NA,NA,0.114385182636521,0.822154903638659,NA,0.20785223002015,0.610639867718438,0.7771295626903,NA,0.391998438666487,NA,NA,NA,NA,0.672033179083623,0.0391271241842059,0.444310411290737,NA,0.989497448228595,NA,0.391679291336978,0.228600897476129,0.0124422125849406,NA,NA,0.803030395598528,0.654769598055775,NA,NA,0.948283884772963,0.00090888568582448,0.695961830975558,NA,NA,0.992701463125426,NA,NA,0.865252709550409,0.751648173291968,0.360623786966843,0.949608342388544,NA,0.214392961107705,0.797344286568133,NA,0.193797247349618,NA,NA,NA,NA,NA,0.844803641431208,NA,NA,NA,0.699543845474242,0.0447017454223662,0.408955522090014,0.789176656692531,0.964950230190521,0.0892938853049242,NA,0.460254477419432,NA,NA,0.216037635055397,0.150164839762569,NA,0.587571183572552,0.220449573400934,0.706889335441926,NA,0.249916643322695,NA,0.142421202607284,NA,NA,NA,0.714335111344843,0.296821813950265,NA,NA,0.181179131117753,NA,NA,NA,0.305288045610565,NA,0.662014611791437,NA,NA,NA,0.140447809318025,NA,NA,0.0947035591093672,NA,NA,0.607457288318262,NA,0.192254028704675,0.171974531190702,NA,NA,0.626126415008605,0.251204552291336,NA,NA,NA,NA,NA,0.266477601836332,0.11966518114856,0.818167500163125,NA,NA,NA,NA,NA,NA,0.167533303795778,0.520322574694403,NA,NA,0.64177118354396,NA,NA,0.799449458973264,NA,NA,NA,0.884714976952948,NA,NA,NA,NA,0.530693205936001,0.31662752377528
"HMDB0000094",NA,NA,NA,NA,NA,NA,NA,NA,NA,NA,NA,NA,NA,NA,NA,NA,NA,NA,NA,NA,NA,NA,NA,NA,NA,NA,NA,NA,NA,NA,NA,NA,NA,NA,NA,NA,NA,NA,NA,NA,NA,NA,NA,NA,NA,NA,NA,NA,NA,NA,NA,NA,NA,NA,NA,NA,NA,NA,NA,NA,NA,NA,NA,NA,NA,NA,NA,NA,NA,NA,NA,NA,NA,NA,NA,NA,NA,NA,NA,NA,NA,NA,NA,NA,NA,NA,NA,NA,NA,NA,NA,NA,NA,NA,NA,NA,NA,NA,NA,NA,NA,NA,NA,NA,NA,NA,NA,NA,NA,NA,NA,NA,NA,NA,NA,NA,NA,NA,NA,NA,NA,NA,NA,NA,NA,NA,NA,NA,NA,NA,NA,NA,NA,NA,NA,NA,0.714895195869713,0.390145612722672,NA,NA,NA,NA,NA,NA,NA,NA,NA,NA,NA,0.924549414098423,NA,NA,NA,NA,NA,NA,NA,0.114385182636521,NA,NA,NA,NA,NA,NA,NA,NA,NA,NA,NA,NA,NA,0.490765498896028,0.434042161285713,NA,0.0848957000255678,NA,NA,NA,NA,NA,NA,NA,NA,NA,NA,NA,NA,NA,NA,NA,NA,NA,NA,0.870451686600765,NA,NA,NA,NA,NA,NA,NA,NA,NA,NA,NA,NA,NA,NA,NA,NA,NA,0.100642572497407,NA,NA,NA,0.453687859919416,NA,NA,NA,NA,NA,NA,NA,NA,NA,NA,NA,NA,0.989354258307122,NA,0.00840657129025311,NA,NA,NA,NA,NA,NA,NA,0.121534632905968,NA,NA,NA,NA,NA,NA,NA,NA,NA,0.979617823576317,NA,NA,NA,NA,NA,0.234126747248167,NA,NA,0.47790852307514,NA,NA,NA,0.698984526064923,0.493084668122189,NA,NA,NA,NA,NA,NA,NA,NA,NA,0.147543374631191,NA,NA,NA,0.22983503919913,0.685964182283729,NA,0.638787209434743,NA,NA,NA,0.714789574799636,NA,NA,NA,0.898802043659982,NA,NA,NA,NA,0.593514378274018,0.888450885954035
"HMDB0029952",NA,NA,NA,NA,NA,NA,NA,NA,NA,NA,NA,NA,NA,NA,NA,NA,NA,NA,NA,NA,NA,NA,NA,NA,NA,NA,NA,NA,NA,NA,NA,NA,NA,NA,NA,NA,NA,NA,NA,NA,NA,NA,NA,NA,NA,NA,NA,NA,NA,NA,NA,NA,NA,NA,NA,NA,NA,NA,NA,NA,NA,NA,NA,NA,NA,NA,NA,NA,NA,NA,NA,NA,NA,NA,NA,NA,NA,NA,NA,NA,NA,NA,NA,NA,NA,NA,NA,NA,NA,NA,NA,NA,NA,NA,NA,NA,NA,NA,NA,NA,NA,NA,NA,NA,NA,NA,NA,NA,NA,NA,NA,NA,NA,NA,NA,NA,NA,NA,NA,NA,NA,NA,NA,NA,NA,NA,NA,NA,NA,NA,NA,NA,NA,NA,NA,NA,NA,NA,NA,NA,NA,NA,NA,NA,0.634420033343339,0.725210443918417,NA,NA,NA,0.849121914022405,0.793969889099442,NA,0.208303792486024,0.503357976771083,NA,NA,NA,0.822154903638659,NA,NA,NA,NA,0.683517355800411,NA,NA,NA,NA,NA,NA,NA,0.0832581015885383,0.599561791000035,0.483964623761616,NA,0.331797828215461,NA,NA,0.0527057398241398,0.011972249536041,NA,NA,NA,NA,NA,NA,NA,0.557613076874939,0.477851462659123,NA,NA,NA,NA,NA,0.439214556264909,NA,NA,0.290244478254151,NA,NA,NA,NA,0.0334166724020322,NA,NA,NA,NA,NA,NA,NA,NA,NA,0.477015067789856,0.693091547256638,0.621272033871937,0.281828293401933,0.0112292098557216,0.615654566285531,NA,0.298873930830551,NA,NA,0.474735028457451,0.309099750304075,NA,NA,NA,0.0622005421343797,0.526928968431388,NA,NA,0.000720156312498737,NA,NA,NA,NA,NA,NA,NA,NA,NA,NA,NA,0.208734493204243,NA,NA,NA,NA,NA,0.659639490174218,NA,NA,NA,NA,NA,0.724938640916933,NA,0.391599701668648,0.923257861556739,NA,NA,NA,0.468754291912342,NA,NA,NA,NA,NA,NA,NA,NA,NA,NA,NA,NA,NA,NA,0.943572435670033,0.344295466234671,NA,0.201323773827702,0.840211085790757,NA,NA,0.698630603622895,NA,NA,NA,NA,NA,NA,NA,NA,NA,NA
"HMDB0000625",NA,NA,NA,NA,NA,NA,NA,NA,NA,NA,NA,NA,NA,NA,NA,NA,NA,NA,NA,NA,NA,NA,NA,NA,NA,NA,NA,NA,NA,NA,NA,NA,NA,NA,NA,NA,NA,NA,NA,NA,NA,NA,NA,NA,NA,NA,NA,NA,NA,NA,NA,NA,NA,NA,NA,NA,NA,NA,NA,NA,NA,NA,NA,NA,NA,NA,NA,NA,NA,NA,NA,NA,NA,NA,NA,NA,NA,NA,NA,NA,NA,NA,NA,NA,NA,NA,NA,NA,NA,NA,NA,NA,NA,NA,NA,NA,NA,NA,NA,NA,NA,NA,NA,NA,NA,NA,NA,NA,NA,NA,NA,NA,NA,NA,NA,NA,NA,NA,NA,NA,NA,NA,NA,NA,NA,NA,NA,NA,NA,NA,NA,NA,NA,NA,NA,NA,NA,0.170133253654476,NA,0.214448334107888,NA,NA,NA,0.731011929769146,NA,NA,NA,NA,NA,NA,NA,NA,NA,0.369548906861455,NA,NA,0.185476641859697,NA,NA,NA,NA,NA,NA,NA,NA,NA,NA,0.628515061199136,0.218891225480624,NA,NA,NA,0.227673828584527,NA,NA,NA,NA,NA,NA,NA,NA,NA,NA,NA,NA,NA,NA,NA,NA,NA,NA,NA,NA,NA,NA,NA,NA,NA,NA,NA,NA,NA,NA,0.150074716473535,0.447095544455037,NA,NA,NA,NA,NA,NA,NA,NA,NA,NA,NA,NA,NA,NA,NA,NA,NA,NA,NA,NA,NA,NA,NA,0.33572437404522,NA,NA,NA,NA,NA,NA,0.448608046261682,NA,NA,0.458883519219693,NA,NA,NA,NA,NA,NA,NA,NA,NA,NA,0.0938212084375534,NA,NA,NA,NA,NA,NA,NA,NA,NA,NA,NA,NA,NA,NA,NA,NA,0.182487275337483,NA,0.0159311741908252,NA,NA,NA,NA,NA,0.0653240579367646,NA,NA,NA,NA,NA,NA,NA,0.146451865482378,NA,NA,NA,NA,NA,NA,NA,NA,NA,NA,0.389332013882095
"HMDB0032935",NA,NA,NA,NA,NA,NA,NA,NA,NA,NA,NA,NA,NA,NA,NA,NA,NA,NA,NA,NA,NA,NA,NA,NA,NA,NA,NA,NA,NA,NA,NA,NA,NA,NA,NA,NA,NA,NA,NA,NA,NA,NA,NA,NA,NA,NA,NA,NA,NA,NA,NA,NA,NA,NA,NA,NA,NA,NA,NA,NA,NA,NA,NA,NA,NA,NA,NA,NA,NA,NA,NA,NA,NA,NA,NA,NA,NA,NA,NA,NA,NA,NA,NA,NA,NA,NA,NA,NA,NA,NA,NA,NA,NA,NA,NA,NA,NA,NA,NA,NA,NA,NA,NA,NA,NA,NA,NA,NA,NA,NA,NA,NA,NA,NA,NA,NA,NA,NA,NA,NA,NA,NA,NA,NA,NA,NA,NA,NA,NA,NA,NA,NA,NA,NA,NA,NA,0.129673849998446,NA,NA,NA,NA,NA,NA,NA,NA,NA,NA,NA,NA,0.0271829104770713,0.379177844206583,NA,NA,NA,NA,NA,NA,0.20785223002015,NA,NA,NA,NA,0.800800522974301,NA,NA,NA,NA,NA,NA,NA,0.380165497790686,0.0622496985127773,0.0282332268117606,NA,0.083338412379015,NA,0.0979492237405852,0.300738918648923,0.00794440709521874,NA,0.00277314080910335,0.929115353208463,0.342535576112312,0.0516333776679071,NA,0.156183910476242,0.0235142233844416,0.567634151272136,NA,NA,0.35293899981462,NA,NA,NA,0.740129262122362,NA,0.335602190818699,NA,0.362052486037339,NA,NA,0.550769740868669,NA,NA,NA,NA,NA,0.52251042691201,NA,NA,NA,0.152457935175765,0.446735327807132,0.941416186848668,0.833426660635443,0.0669220310733615,NA,NA,0.826381660912016,NA,NA,NA,0.568349663609974,NA,0.611373038732866,0.640755764819228,NA,NA,NA,NA,NA,NA,NA,NA,0.860738971937011,NA,NA,NA,NA,NA,NA,NA,0.448601730396736,NA,NA,NA,NA,NA,0.205667224181556,NA,NA,0.0725383464102852,NA,NA,0.476559338124624,NA,0.660057098532666,0.401523655020016,NA,NA,0.612577159270802,0.429718970294521,NA,0.0494919188255123,NA,0.135562111805839,NA,0.0621795089496245,0.0368670902106167,0.206873414583828,NA,NA,NA,NA,NA,NA,NA,0.0728475964880815,NA,NA,NA,NA,NA,0.149712362365916,0.0712545911825163,NA,NA,NA,NA,NA,NA,NA,NA,0.569136015306014
"HMDB0000929",NA,NA,NA,NA,NA,NA,NA,NA,NA,NA,NA,NA,NA,NA,NA,NA,NA,NA,NA,NA,NA,NA,NA,NA,NA,NA,NA,NA,NA,NA,NA,NA,NA,NA,NA,NA,NA,NA,NA,NA,NA,NA,NA,NA,NA,NA,NA,NA,NA,NA,NA,NA,NA,0.0300761274400329,NA,NA,NA,NA,NA,NA,NA,NA,NA,NA,NA,NA,NA,NA,NA,NA,NA,NA,NA,NA,NA,NA,0.0790199312620086,NA,NA,NA,NA,NA,NA,NA,NA,NA,NA,NA,NA,NA,NA,NA,NA,NA,NA,NA,NA,NA,NA,NA,NA,NA,NA,NA,NA,NA,NA,NA,NA,NA,NA,NA,NA,NA,NA,NA,NA,NA,NA,NA,NA,NA,NA,NA,NA,NA,NA,NA,NA,NA,NA,NA,NA,NA,NA,NA,NA,NA,0.253125984303084,NA,NA,0.975767067030714,0.233259795061174,NA,0.783628430258492,0.483620866342115,NA,NA,NA,0.758625703405758,0.788459857045537,NA,NA,NA,NA,NA,NA,0.610639867718438,NA,0.683517355800411,NA,0.800800522974301,NA,NA,NA,NA,0.746957372782026,NA,NA,NA,0.289198999767235,0.247024708291114,0.383073685803181,NA,0.423968229848163,NA,0.739015131106181,NA,0.0237999665518207,NA,NA,0.234104390415092,0.206529285428924,NA,0.00420993738114087,0.150965965357934,0.74387851153662,0.962130178693894,NA,NA,0.514405009487615,NA,NA,0.71680700589754,0.439818254230773,0.880766519390376,0.0105705577091288,NA,0.997653533552673,0.156966482775883,NA,0.488150576621983,NA,NA,0.0356040235257399,NA,NA,0.361855518036771,NA,NA,NA,0.292697060654898,NA,0.759408696823087,0.937809090815447,0.68823450208744,NA,NA,0.965816985565636,NA,NA,NA,0.75794077533314,NA,0.00693525492616133,NA,NA,0.643809300850009,NA,NA,NA,NA,NA,NA,0.787588878357654,0.596753625840184,NA,NA,0.146023493712211,NA,NA,NA,0.718621164212663,NA,NA,NA,NA,NA,NA,NA,NA,0.159003176906952,NA,NA,NA,NA,0.877003200251927,0.570330871295341,0.107937955063557,NA,NA,NA,NA,0.99462531229369,NA,NA,NA,0.418176157143666,0.49510073077804,NA,NA,NA,NA,NA,NA,NA,NA,0.851928477532577,NA,NA,0.755186936216733,NA,NA,0.746562721612647,NA,NA,NA,0.614118744923174,NA,NA,NA,NA,NA,0.399955589774258
"HMDB0240343",NA,NA,NA,NA,NA,NA,NA,NA,NA,NA,NA,NA,NA,NA,NA,NA,NA,NA,NA,NA,NA,NA,NA,NA,NA,NA,NA,NA,NA,NA,NA,NA,NA,NA,NA,NA,NA,NA,NA,NA,NA,NA,NA,NA,NA,NA,NA,NA,NA,NA,NA,NA,NA,NA,NA,NA,NA,NA,NA,NA,NA,NA,NA,NA,NA,NA,NA,NA,NA,NA,NA,NA,NA,NA,NA,NA,NA,NA,NA,NA,NA,NA,NA,NA,NA,NA,NA,NA,NA,NA,NA,NA,NA,NA,NA,NA,NA,NA,NA,NA,NA,NA,NA,NA,NA,NA,NA,NA,NA,NA,NA,NA,NA,NA,NA,NA,NA,NA,NA,NA,NA,NA,NA,NA,NA,NA,NA,NA,NA,NA,NA,NA,NA,NA,NA,NA,0.430495765265099,0.321613691388353,NA,0.0165116296984986,NA,0.0975446372221885,NA,0.0136830809769842,0.612608688136265,NA,NA,0.18775720785456,NA,0.301647929738128,NA,NA,NA,NA,NA,0.076049874923108,0.219873761937246,0.7771295626903,NA,NA,NA,NA,NA,NA,NA,0.0165605307433477,NA,NA,NA,NA,0.522687988090151,0.0237549702088656,0.273228007989637,NA,0.883941726760918,NA,NA,NA,NA,NA,0.905079613742469,NA,NA,NA,NA,0.718993852177715,0.832285164667056,NA,NA,NA,NA,NA,NA,NA,NA,0.0385091227412955,0.794269447616886,NA,NA,NA,NA,NA,NA,NA,NA,0.0837612112038837,NA,NA,NA,NA,NA,0.523688149676275,NA,NA,NA,NA,NA,NA,NA,0.0419856309157427,NA,NA,0.428091353496181,NA,NA,NA,NA,NA,NA,0.00499858510503076,NA,NA,NA,NA,NA,0.00643049893002445,NA,0.340190292873406,0.260309717900965,NA,NA,NA,NA,NA,NA,NA,NA,NA,NA,NA,NA,NA,NA,0.00205412369488377,NA,0.799461350253612,NA,NA,NA,NA,NA,NA,NA,NA,NA,NA,0.874107748328861,NA,NA,NA,0.343106164015565,NA,NA,0.373029412810493,NA,NA,NA,0.144322334043422,NA,NA,NA,NA,0.0671037174986009,NA,0.00356673634055819,NA,NA,NA,NA,NA,NA,NA,NA,0.089262714279924
"HMDB0255056",NA,NA,NA,NA,NA,NA,NA,NA,NA,NA,NA,NA,NA,NA,NA,NA,NA,0.201839864248787,NA,NA,NA,NA,NA,NA,NA,NA,NA,NA,NA,NA,NA,NA,NA,NA,NA,NA,NA,NA,NA,NA,NA,NA,NA,NA,NA,NA,NA,NA,NA,NA,NA,NA,NA,NA,NA,NA,NA,NA,NA,NA,NA,NA,NA,NA,NA,NA,NA,NA,0.33481580168636,NA,NA,NA,NA,NA,NA,NA,NA,0.830897130405687,NA,NA,NA,NA,NA,NA,NA,NA,NA,NA,NA,NA,NA,NA,NA,NA,NA,NA,NA,NA,NA,NA,NA,NA,NA,NA,NA,NA,NA,NA,NA,NA,NA,NA,NA,NA,NA,NA,NA,NA,NA,NA,NA,NA,NA,NA,NA,NA,NA,NA,NA,NA,0.139588504206137,0.0604912822292092,NA,NA,NA,NA,NA,NA,NA,NA,NA,NA,NA,0.037019523792575,NA,NA,NA,0.745278421911621,NA,NA,NA,NA,NA,NA,NA,0.312637722368885,NA,NA,NA,NA,NA,NA,NA,NA,NA,NA,NA,NA,NA,0.680330637162441,NA,NA,NA,NA,NA,NA,NA,NA,NA,NA,NA,NA,NA,NA,NA,NA,NA,NA,NA,NA,0.688851706156604,NA,NA,NA,NA,NA,NA,NA,NA,NA,NA,NA,NA,NA,NA,NA,NA,NA,NA,NA,NA,NA,NA,NA,NA,NA,NA,NA,NA,NA,NA,NA,NA,NA,NA,0.308333435393263,NA,NA,NA,0.983301769394367,NA,NA,NA,NA,NA,NA,NA,0.184180555235135,NA,0.269722257563792,NA,NA,NA,NA,NA,0.161766812783324,NA,NA,NA,0.153069791344771,NA,NA,NA,NA,0.230245804669769,0.17501996373325,NA,NA,NA,NA,0.16637253056398,NA,NA,0.285653348838351,NA,NA,0.253602123960002,NA,NA,NA,NA,NA,NA,NA,NA,NA,NA,NA,NA,NA,NA,NA,NA,NA,0.116539653307656,NA,NA,0.826409022169705,NA,NA,NA,NA,NA,NA
"HMDB0028873",NA,NA,NA,NA,NA,NA,NA,NA,NA,NA,NA,NA,NA,NA,NA,NA,NA,NA,NA,NA,NA,NA,NA,NA,NA,NA,0.00575537991511268,NA,NA,NA,NA,NA,NA,NA,NA,NA,NA,NA,NA,NA,NA,NA,NA,NA,NA,NA,NA,NA,NA,NA,NA,NA,NA,NA,NA,NA,NA,NA,NA,NA,NA,NA,NA,0.000267992729752465,NA,NA,NA,NA,NA,NA,NA,NA,NA,NA,NA,NA,NA,NA,NA,NA,NA,NA,NA,NA,NA,NA,NA,NA,NA,NA,NA,NA,NA,NA,NA,NA,NA,NA,NA,NA,NA,NA,NA,NA,NA,NA,NA,NA,NA,NA,NA,NA,NA,NA,NA,NA,NA,NA,NA,NA,NA,NA,NA,NA,NA,NA,NA,NA,NA,NA,NA,NA,NA,NA,NA,NA,NA,NA,0.211072423899133,NA,NA,NA,NA,NA,NA,NA,NA,NA,NA,NA,NA,NA,NA,NA,NA,NA,0.587390212963946,0.391998438666487,NA,NA,NA,NA,NA,0.0165605307433477,NA,NA,NA,NA,NA,NA,0.00833865533361797,NA,0.230737025272789,0.035198786130287,0.0636805157488377,NA,NA,0.235151811816026,NA,0.184931899429705,NA,NA,NA,NA,NA,0.0105704753805579,NA,0.314684244835674,NA,0.0875145336210778,NA,NA,NA,NA,NA,NA,NA,NA,NA,0.679825648519737,NA,NA,NA,0.475793049112172,0.0322484279205305,NA,NA,NA,NA,NA,NA,NA,0.72614860410159,NA,NA,NA,NA,NA,NA,NA,NA,NA,0.334605460469766,NA,NA,NA,NA,NA,NA,NA,NA,NA,NA,NA,NA,NA,0.182786462809631,NA,NA,NA,NA,NA,NA,NA,NA,NA,NA,NA,NA,NA,0.18628911121479,NA,NA,0.969962298831276,0.612783893720289,NA,NA,NA,NA,NA,0.294211748830195,0.533901021945148,NA,NA,NA,NA,NA,NA,NA,NA,NA,0.503232833027819,NA,0.730079345976061,NA,NA,NA,0.0581744923545033,NA,NA,NA,NA,NA,NA,0.656446437108939,NA,0.0612765754568248,NA,NA,NA,NA,0.705714188479088,NA,NA
"HMDB0028917",NA,NA,NA,NA,NA,NA,NA,NA,NA,NA,NA,NA,NA,NA,NA,NA,NA,NA,NA,NA,NA,NA,NA,NA,NA,NA,NA,NA,NA,NA,NA,NA,NA,NA,NA,NA,NA,NA,NA,NA,NA,NA,NA,NA,NA,NA,NA,NA,NA,NA,NA,NA,NA,NA,NA,NA,NA,NA,NA,NA,NA,NA,NA,NA,NA,NA,NA,NA,NA,NA,NA,NA,NA,NA,NA,NA,NA,NA,NA,NA,NA,NA,NA,NA,NA,NA,NA,NA,NA,NA,NA,NA,NA,NA,NA,NA,NA,NA,NA,NA,NA,NA,NA,NA,NA,NA,NA,NA,NA,NA,NA,NA,NA,NA,NA,0.103074135643306,NA,NA,NA,NA,NA,NA,NA,NA,NA,NA,NA,NA,NA,NA,NA,NA,NA,NA,NA,NA,NA,NA,NA,NA,NA,NA,NA,NA,0.448670804095657,NA,NA,NA,NA,NA,0.564527360756282,NA,NA,NA,NA,NA,NA,NA,NA,NA,NA,NA,0.746957372782026,NA,NA,NA,NA,NA,NA,NA,NA,0.208301271255924,0.763102846530438,NA,NA,NA,NA,NA,0.736417979547878,NA,NA,NA,NA,NA,NA,NA,NA,NA,NA,NA,NA,NA,NA,NA,NA,0.245663461011313,NA,NA,0.033261825124973,0.60677475978502,NA,NA,NA,0.118194555969631,NA,NA,NA,NA,NA,NA,NA,NA,NA,NA,NA,NA,NA,NA,NA,NA,NA,NA,NA,0.475699513608514,NA,NA,NA,NA,NA,NA,NA,NA,NA,0.0870906360754786,NA,0.115190037354841,0.0327450478819146,NA,NA,NA,NA,NA,NA,NA,NA,NA,NA,NA,NA,0.0189128393329,NA,NA,NA,NA,NA,NA,NA,NA,NA,NA,NA,NA,NA,NA,0.222577161132835,NA,NA,0.8827345886448,0.271989593689595,0.16208675900554,NA,NA,NA,NA,NA,NA,NA,NA,NA,NA,NA,NA,0.165893914355339,NA,NA,NA,NA,NA,NA,NA,NA,NA,NA,NA
"HMDB0255868",NA,NA,NA,NA,NA,NA,NA,NA,NA,NA,NA,NA,NA,NA,NA,NA,NA,NA,NA,NA,NA,NA,NA,NA,NA,NA,NA,NA,NA,NA,NA,NA,NA,NA,NA,NA,NA,NA,NA,NA,NA,NA,NA,NA,NA,NA,NA,NA,NA,NA,NA,NA,NA,NA,NA,NA,NA,NA,NA,NA,NA,NA,NA,NA,NA,NA,NA,NA,NA,NA,NA,NA,NA,NA,NA,NA,NA,NA,NA,NA,NA,NA,NA,NA,NA,NA,NA,NA,NA,NA,NA,NA,NA,NA,NA,NA,NA,NA,NA,NA,NA,NA,NA,NA,NA,NA,NA,NA,NA,NA,NA,NA,NA,NA,NA,NA,NA,NA,NA,NA,NA,NA,NA,NA,NA,NA,NA,NA,NA,NA,NA,NA,NA,NA,NA,NA,NA,NA,NA,0.202127412710043,NA,NA,NA,0.855751372589429,NA,NA,NA,NA,NA,0.244543947782487,0.0367633184048885,NA,NA,0.0156823021548281,NA,NA,NA,NA,NA,NA,0.628515061199136,NA,NA,NA,NA,NA,NA,NA,0.923744402494502,0.519750583204512,0.383541914935597,0.148844830521562,0.00803345781819611,NA,NA,NA,NA,NA,NA,NA,NA,NA,NA,NA,NA,NA,NA,0.0229778283810011,NA,NA,NA,NA,0.167645398279639,0.551130455159928,NA,NA,NA,NA,NA,NA,NA,NA,0.867029037845972,0.419684828430889,NA,NA,0.149897777890376,NA,NA,NA,0.165835097037017,0.0395411985508598,0.033116130573787,NA,NA,0.0283482512882262,NA,NA,NA,0.54864291807549,0.0609977256561962,NA,NA,NA,NA,NA,NA,0.180716005414568,NA,NA,0.206595931286426,NA,0.219471514227947,0.323179261046105,NA,0.718487325550114,NA,0.186845751551024,NA,NA,NA,NA,NA,NA,NA,NA,NA,NA,NA,0.521097485519429,NA,NA,0.833807713414545,NA,NA,0.466334545272612,NA,NA,NA,NA,NA,NA,NA,NA,NA,NA,0.206719796261005,0.0539157688854976,NA,0.940556536977242,NA,0.00946604299259438,NA,NA,NA,NA,NA,NA,NA,NA,NA,NA,0.598344414894843,0.393960492586483,NA,NA,NA,NA,NA,NA,NA,NA,NA,NA
"HMDB0000210",NA,NA,NA,NA,NA,NA,NA,NA,NA,NA,NA,NA,NA,NA,NA,NA,NA,NA,NA,NA,NA,NA,NA,NA,NA,NA,NA,NA,NA,NA,NA,NA,NA,NA,NA,NA,NA,NA,NA,NA,NA,NA,NA,NA,NA,NA,NA,NA,NA,NA,NA,NA,NA,NA,NA,NA,NA,NA,NA,NA,NA,NA,NA,0.0430132358276867,NA,NA,NA,NA,NA,NA,NA,NA,NA,NA,NA,NA,NA,NA,NA,NA,NA,NA,NA,NA,NA,NA,NA,NA,NA,NA,NA,NA,NA,NA,NA,NA,NA,NA,NA,NA,NA,NA,NA,NA,NA,NA,NA,NA,NA,NA,NA,NA,NA,NA,NA,NA,NA,NA,NA,NA,NA,NA,NA,NA,NA,NA,NA,NA,NA,NA,NA,NA,NA,NA,NA,NA,NA,NA,NA,NA,NA,0.643047562927431,NA,NA,NA,NA,NA,NA,NA,NA,NA,NA,NA,NA,NA,NA,0.999348158353344,NA,NA,NA,0.218891225480624,NA,NA,NA,NA,NA,NA,0.923744402494502,NA,NA,NA,NA,NA,NA,NA,0.255242876760477,NA,NA,NA,NA,NA,NA,NA,NA,NA,NA,NA,0.537596486931808,NA,0.0290327731177855,NA,0.00175647215754546,NA,NA,NA,NA,NA,NA,NA,NA,NA,NA,NA,0.637519904129655,NA,NA,NA,NA,NA,NA,NA,NA,NA,NA,NA,NA,NA,0.144727768741095,NA,NA,NA,NA,NA,NA,NA,NA,NA,NA,NA,NA,NA,NA,NA,NA,NA,NA,NA,NA,NA,NA,NA,0.0147457583422487,NA,NA,NA,NA,NA,NA,NA,0.697589555341685,NA,NA,NA,0.69568006630926,NA,NA,NA,NA,NA,NA,NA,NA,0.227985288859066,NA,NA,0.033593576766432,NA,0.425824115707878,NA,NA,NA,NA,NA,NA,NA,NA,NA,NA,NA,NA,NA,NA,0.409416706569785,NA,0.405323662774242,NA,NA,NA,NA,NA,NA,NA,NA,NA
"HMDB0244966",NA,NA,NA,NA,NA,NA,NA,NA,NA,NA,NA,NA,NA,NA,NA,NA,NA,NA,NA,NA,NA,NA,NA,NA,NA,NA,NA,NA,NA,NA,NA,NA,NA,NA,NA,NA,NA,NA,NA,NA,NA,NA,NA,NA,NA,NA,NA,0.0306536344241935,NA,NA,NA,NA,NA,NA,NA,NA,NA,NA,NA,NA,NA,NA,NA,NA,NA,NA,NA,NA,NA,NA,NA,NA,NA,NA,NA,NA,NA,NA,NA,NA,NA,NA,NA,NA,NA,NA,NA,NA,NA,NA,NA,NA,NA,NA,NA,NA,NA,NA,NA,NA,NA,NA,NA,NA,NA,NA,NA,NA,NA,NA,NA,NA,NA,NA,NA,NA,NA,NA,NA,NA,NA,NA,NA,NA,NA,NA,NA,NA,NA,NA,NA,NA,NA,NA,NA,NA,NA,NA,NA,0.381936854383811,NA,0.041231512162595,NA,0.365491458484685,NA,NA,NA,0.138341969741468,NA,NA,NA,NA,NA,NA,NA,0.912671139295006,NA,NA,NA,NA,NA,NA,NA,NA,0.680330637162441,NA,NA,0.519750583204512,NA,NA,NA,NA,NA,NA,NA,0.0645632309155378,NA,NA,NA,NA,NA,NA,NA,NA,NA,0.802385620754134,NA,NA,NA,NA,0.627637264442909,NA,NA,NA,NA,NA,NA,NA,NA,NA,NA,NA,NA,NA,NA,NA,NA,NA,0.362060834306511,NA,NA,NA,NA,NA,NA,NA,NA,NA,NA,NA,NA,NA,NA,NA,NA,NA,NA,NA,NA,0.921741785247261,NA,NA,NA,NA,NA,NA,NA,0.504469787705704,NA,NA,NA,NA,NA,NA,NA,0.125252609270181,NA,NA,NA,NA,NA,NA,0.989695939449741,NA,NA,NA,NA,NA,NA,NA,NA,NA,NA,NA,NA,NA,0.452141796363352,NA,NA,NA,NA,NA,NA,NA,0.436741610086022,NA,NA,NA,NA,NA,NA,NA,NA,NA,NA,NA,NA,NA,NA,0.0127070107139908,0.270050483280272,NA,NA,NA
"HMDB0028756",NA,NA,NA,NA,NA,NA,NA,NA,NA,NA,NA,NA,NA,NA,NA,NA,NA,NA,NA,NA,NA,NA,NA,NA,NA,NA,NA,NA,NA,NA,NA,NA,NA,NA,NA,NA,NA,NA,NA,NA,NA,NA,NA,NA,NA,NA,NA,NA,NA,NA,NA,NA,NA,NA,NA,NA,NA,NA,NA,NA,NA,NA,NA,NA,NA,NA,NA,NA,NA,NA,NA,NA,NA,NA,NA,NA,NA,NA,NA,NA,NA,NA,NA,NA,NA,NA,NA,NA,NA,NA,NA,NA,NA,NA,NA,NA,NA,NA,NA,NA,NA,NA,NA,NA,NA,NA,NA,NA,NA,NA,NA,NA,NA,NA,NA,NA,NA,NA,NA,NA,NA,NA,NA,NA,NA,NA,NA,NA,NA,NA,NA,NA,NA,NA,NA,NA,NA,0.738183376405409,0.825787584416062,0.516706859230289,NA,0.877150414864789,NA,NA,0.139752989628917,NA,NA,0.164515041697628,NA,0.0622597497085694,0.482153075719216,NA,NA,NA,NA,NA,NA,0.672033179083623,NA,0.0832581015885383,NA,0.380165497790686,0.289198999767235,0.522687988090151,NA,0.00833865533361797,NA,0.383541914935597,NA,NA,NA,0.301693665701637,0.135938939159235,NA,0.48076624082756,NA,NA,NA,NA,NA,0.752389780769274,NA,0.809749628772059,NA,NA,0.466688092901162,0.23970393244477,0.0656939470130139,NA,NA,NA,NA,NA,NA,NA,0.000477821219643558,0.998989557241837,NA,0.00345847923833433,0.142648704312211,NA,0.428000654054766,NA,NA,NA,NA,NA,0.380473170714875,NA,NA,NA,0.864033775004177,NA,0.660303987098551,0.195693676177837,0.182657858814795,NA,NA,0.259903006768209,NA,0.00465605299516879,NA,0.923970447673928,NA,NA,NA,NA,NA,NA,NA,0.192635766446766,0.98036280892005,NA,NA,NA,0.0646131244323032,NA,NA,0.716999881704959,NA,NA,NA,0.690803437562513,NA,0.479000353482083,NA,NA,NA,NA,NA,NA,0.442814626823414,0.614871099732636,NA,NA,NA,0.831149197906959,NA,0.0310746156235048,NA,NA,NA,NA,NA,0.788169932920549,NA,NA,NA,NA,0.317832360927404,NA,NA,NA,NA,NA,NA,NA,0.905418942273932,NA,NA,NA,NA,NA,0.999530178325236,NA,NA,NA,NA,NA,NA,NA,NA,NA,0.0907801395566494
"HMDB0304810",NA,NA,NA,NA,NA,NA,0.155040779603252,NA,NA,NA,NA,NA,NA,NA,NA,NA,NA,NA,0.317917802186111,NA,NA,NA,NA,NA,NA,NA,NA,NA,NA,NA,NA,NA,NA,NA,NA,NA,NA,NA,NA,NA,NA,NA,NA,NA,NA,NA,NA,NA,NA,NA,NA,NA,NA,0.235075754138946,NA,NA,NA,NA,NA,NA,NA,NA,NA,NA,NA,NA,NA,NA,NA,NA,NA,NA,NA,NA,NA,NA,0.371981099368082,NA,NA,NA,NA,NA,NA,NA,NA,NA,NA,NA,NA,NA,NA,NA,NA,NA,NA,NA,NA,NA,NA,NA,NA,NA,NA,NA,NA,NA,NA,NA,NA,NA,NA,NA,NA,NA,NA,NA,NA,NA,NA,NA,NA,NA,NA,NA,NA,NA,NA,NA,NA,NA,NA,NA,NA,NA,NA,NA,0.829110209443938,NA,0.179342521692424,NA,NA,0.442601182646818,NA,NA,0.159156496973482,0.494159201923809,NA,NA,NA,0.0446485807437478,0.831196297184464,NA,0.01959415281287,0.33068841295824,NA,NA,NA,0.0391271241842059,0.490765498896028,0.599561791000035,NA,0.0622496985127773,0.247024708291114,0.0237549702088656,NA,NA,0.208301271255924,0.148844830521562,NA,NA,0.301693665701637,NA,0.154104153500316,NA,0.0572346753620243,NA,NA,NA,0.0625241087533072,NA,NA,0.439600389698437,0.259942627704105,0.723745079667133,NA,0.269776622120557,0.0568879388575429,0.984553441217109,NA,NA,0.561125864696788,NA,NA,0.820384487966648,NA,0.944526601321499,0.475329943390213,NA,0.949216512794635,0.708389234197702,NA,0.257650054702454,NA,NA,NA,NA,NA,0.728627907620682,NA,NA,NA,0.46084037871646,NA,0.283219789967328,0.682698266272008,0.977775567274313,0.242094247618851,NA,0.35309376496697,NA,NA,0.166572237436331,0.0761922347639525,NA,NA,0.260734272481436,NA,0.963864836054382,0.0573486662296061,NA,0.419307797802584,NA,NA,0.163052992777092,0.367140572221852,0.0958246746772568,NA,NA,0.247726966249236,NA,NA,NA,0.353451909904903,NA,NA,NA,NA,NA,0.810777238900549,NA,NA,0.0187935506185823,0.664665404583758,NA,0.898714997485447,NA,0.178389380154237,0.998049175788198,0.793223965651772,NA,NA,NA,NA,0.66354997193019,NA,NA,NA,0.863358353914903,0.346721459260693,0.976941240403284,NA,NA,NA,NA,NA,0.741490447377117,0.0151289928347779,0.847771966785528,0.218585908795073,NA,0.806604830315645,NA,NA,0.861125094701575,NA,NA,NA,0.735506765225347,NA,NA,NA,NA,NA,0.193208486459977
"HMDB0028766",NA,NA,NA,NA,NA,NA,NA,NA,NA,NA,NA,NA,NA,NA,NA,NA,NA,NA,NA,NA,NA,NA,NA,NA,NA,NA,NA,NA,NA,NA,NA,NA,NA,NA,NA,NA,NA,NA,NA,NA,NA,NA,NA,NA,NA,NA,NA,NA,NA,NA,NA,NA,NA,NA,NA,NA,NA,NA,NA,NA,NA,NA,NA,NA,NA,NA,NA,NA,NA,NA,NA,NA,NA,NA,NA,NA,NA,NA,NA,NA,NA,NA,NA,NA,NA,NA,NA,NA,NA,NA,NA,NA,NA,NA,NA,NA,NA,NA,NA,NA,NA,NA,NA,NA,NA,NA,NA,NA,NA,NA,NA,NA,NA,NA,NA,NA,NA,NA,NA,NA,NA,NA,NA,NA,NA,NA,NA,NA,NA,NA,NA,NA,NA,NA,NA,NA,0.864716055366209,0.680297454329102,0.129730781735158,0.989351293537541,NA,NA,0.279211830860429,NA,0.663833903819794,NA,NA,0.143956977294289,NA,0.231200086247389,0.580501493990552,0.103438352667253,NA,0.129816923556534,NA,NA,NA,0.444310411290737,0.434042161285713,0.483964623761616,0.227673828584527,0.0282332268117606,0.383073685803181,0.273228007989637,NA,0.230737025272789,0.763102846530438,0.00803345781819611,NA,NA,0.135938939159235,0.154104153500316,NA,NA,0.73114304418352,NA,NA,NA,0.0749769799743825,NA,0.083297079399701,0.590545637840175,0.173715428523502,NA,NA,0.227509034174268,0.0168052585058709,NA,NA,NA,NA,NA,NA,NA,NA,0.177940084805399,0.21102987977709,NA,0.0523340758813838,0.927523753196522,NA,0.964192901038984,NA,NA,0.26911383811326,0.00352299644268265,NA,NA,NA,NA,0.326763025024172,0.436208828083722,NA,0.878601497361771,0.376314930231835,0.371824303748132,0.596055178847408,NA,0.632141714608748,0.590092611962167,0.530576829891034,0.933881565924742,0.778316342112883,NA,NA,0.246838421374268,0.849715532339731,NA,0.353107687579575,NA,0.0793932763106394,NA,NA,0.158972991236176,0.262135066028855,0.994526896237783,NA,0.644091028977439,0.319646728211197,NA,NA,NA,0.976612609843333,NA,NA,NA,NA,NA,NA,0.76289161887039,NA,0.0366934857458848,0.630572295683065,NA,NA,0.586647862296168,0.82040450406179,0.120562133182702,NA,NA,NA,NA,NA,NA,0.203696977246705,NA,0.812951773918663,0.43738281377437,0.781008557701574,0.48719523085073,NA,NA,NA,NA,NA,NA,NA,0.0568540319898784,NA,NA,NA,NA,0.779030335948171,0.270774455599988,NA,NA,NA,0.144127777297061,NA,NA,NA,NA,NA,0.780852080219915
"HMDB0011161",NA,NA,NA,NA,NA,NA,NA,NA,NA,NA,NA,NA,NA,NA,NA,NA,NA,NA,NA,NA,NA,NA,NA,NA,NA,NA,NA,NA,NA,NA,NA,NA,NA,NA,NA,NA,NA,NA,NA,NA,NA,NA,NA,NA,NA,NA,NA,NA,NA,NA,NA,NA,NA,NA,NA,NA,NA,NA,NA,NA,NA,NA,NA,NA,NA,NA,NA,NA,NA,NA,NA,NA,NA,NA,NA,NA,NA,NA,NA,NA,NA,NA,NA,NA,NA,NA,NA,NA,NA,NA,NA,NA,NA,NA,NA,NA,NA,NA,NA,NA,NA,NA,NA,NA,NA,NA,NA,NA,NA,NA,NA,NA,NA,NA,NA,NA,NA,NA,NA,NA,NA,NA,NA,NA,NA,NA,NA,NA,NA,NA,NA,NA,NA,NA,NA,NA,NA,NA,NA,NA,NA,NA,NA,NA,NA,NA,NA,0.0377077577585492,NA,NA,NA,NA,0.00890420434789155,0.0192782010851832,NA,0.164045333089023,NA,NA,NA,NA,NA,NA,NA,NA,NA,0.035198786130287,NA,NA,NA,NA,NA,NA,NA,NA,0.015710897667994,NA,NA,0.149493944232193,0.0681571679556569,NA,NA,NA,NA,0.531521792397575,NA,0.0210176939934935,NA,0.022232959464905,NA,NA,NA,NA,NA,NA,NA,0.637064027936305,NA,0.088069367491504,0.360697257124666,NA,NA,NA,NA,0.200058220537041,NA,NA,NA,NA,NA,0.444895270957552,0.20118683235139,NA,NA,NA,NA,NA,NA,NA,NA,NA,0.937482274384908,NA,NA,NA,NA,NA,NA,NA,NA,0.594710571415769,NA,NA,0.259893647835297,NA,0.00203882390810411,NA,NA,NA,NA,0.243918326035428,NA,NA,NA,NA,NA,0.433852914702991,NA,NA,NA,NA,0.285346475258798,NA,NA,0.135859239758889,NA,NA,NA,NA,NA,NA,NA,NA,0.0185366580445107,NA,NA,NA,NA,0.570903261312134,NA,NA,NA,NA,NA,0.0243849668589296,0.941902600673628,NA,0.00561933573948146,0.00839395438617906,NA,0.0138592366352323,NA,NA,NA,NA,NA,NA,NA,NA,NA,0.358686099011902,NA,NA,NA,NA
"HMDB0011170",NA,NA,NA,NA,NA,NA,NA,NA,NA,NA,NA,NA,NA,NA,NA,NA,NA,NA,NA,NA,NA,NA,NA,NA,NA,NA,NA,NA,NA,NA,NA,NA,NA,NA,NA,NA,NA,NA,NA,NA,NA,NA,NA,NA,NA,NA,NA,NA,NA,NA,NA,NA,NA,NA,NA,NA,NA,NA,NA,NA,NA,NA,NA,NA,NA,NA,NA,NA,NA,NA,NA,NA,NA,NA,NA,NA,NA,NA,NA,NA,NA,NA,NA,NA,NA,NA,NA,NA,NA,NA,NA,NA,NA,NA,NA,NA,NA,NA,NA,NA,NA,NA,NA,NA,NA,NA,NA,NA,NA,NA,NA,NA,NA,0.0711576705298794,NA,NA,NA,NA,NA,NA,NA,NA,NA,NA,NA,NA,NA,NA,NA,NA,NA,NA,NA,NA,NA,NA,0.315708089126328,0.242782424735229,0.461424778772005,0.0672301419803893,NA,0.489716374034188,NA,0.21676855082844,0.4857737779874,NA,NA,0.161237493891944,NA,0.322075704585968,NA,NA,NA,NA,NA,NA,NA,0.989497448228595,0.0848957000255678,0.331797828215461,NA,0.083338412379015,0.423968229848163,0.883941726760918,NA,0.0636805157488377,NA,NA,NA,NA,0.48076624082756,0.0572346753620243,0.73114304418352,0.015710897667994,NA,NA,NA,0.40291366132339,NA,NA,NA,NA,NA,NA,NA,0.39732590032796,0.00547444224251623,0.116709637346609,NA,NA,NA,NA,NA,NA,0.13542389456457,0.0136265221620524,0.259311269788508,NA,0.0547672205441618,0.409509776688394,NA,0.303939652532381,NA,NA,NA,NA,0.00199458646465165,NA,NA,NA,NA,0.285366181146112,NA,0.754596998676011,0.359886182897037,0.641740631232863,NA,NA,0.439915707710308,NA,NA,0.973189533211487,0.00175326446043461,NA,NA,NA,NA,NA,NA,NA,0.194936565821674,NA,NA,NA,NA,0.265911210415332,NA,NA,0.40300981413508,NA,NA,NA,0.992087760626194,NA,NA,NA,NA,NA,NA,NA,0.0842201910233051,0.874324203196524,NA,NA,NA,NA,0.985488829845534,0.555782002759169,NA,NA,0.0944635264692963,NA,NA,NA,NA,NA,NA,NA,NA,0.917996234874995,NA,NA,NA,NA,0.216749038927677,NA,0.317996087660407,0.358402909667309,NA,0.142067854340302,0.474569921017838,NA,NA,0.657596786736021,NA,NA,NA,NA,NA,NA,NA,0.92992225532916,NA,0.396637555094923
"HMDB0028823",NA,NA,NA,NA,NA,NA,NA,NA,NA,NA,NA,NA,NA,NA,NA,NA,NA,NA,NA,NA,NA,NA,NA,NA,NA,NA,NA,NA,NA,NA,NA,NA,NA,NA,NA,NA,NA,NA,NA,NA,NA,NA,NA,NA,NA,NA,NA,NA,NA,NA,NA,NA,NA,NA,NA,NA,NA,NA,NA,NA,NA,NA,NA,NA,NA,NA,NA,NA,NA,NA,NA,NA,NA,NA,NA,NA,NA,NA,NA,NA,NA,NA,NA,NA,NA,NA,NA,NA,NA,NA,NA,NA,NA,NA,NA,NA,NA,NA,NA,NA,NA,NA,NA,NA,NA,NA,NA,NA,NA,NA,NA,NA,NA,NA,NA,NA,NA,NA,NA,NA,NA,NA,NA,NA,NA,NA,NA,NA,NA,NA,NA,NA,NA,NA,NA,NA,NA,NA,NA,NA,NA,NA,NA,NA,NA,NA,NA,NA,NA,0.00700927392076755,NA,NA,NA,NA,NA,NA,NA,NA,NA,NA,NA,NA,NA,NA,NA,NA,NA,NA,0.255242876760477,0.0645632309155378,NA,NA,NA,NA,NA,NA,NA,NA,NA,NA,NA,NA,NA,NA,NA,NA,NA,NA,NA,NA,NA,0.0591562827307632,NA,NA,NA,NA,NA,NA,NA,NA,NA,NA,NA,NA,0.374128244783042,NA,NA,NA,NA,NA,NA,NA,NA,NA,NA,NA,NA,NA,NA,NA,NA,NA,NA,NA,NA,NA,NA,NA,NA,0.026451440344335,NA,NA,NA,NA,NA,NA,NA,0.0140807915029463,NA,NA,NA,NA,NA,NA,NA,NA,NA,NA,NA,0.181335718679683,NA,NA,0.34304957796128,NA,NA,NA,NA,NA,NA,NA,NA,NA,NA,NA,NA,NA,0.0277265465186331,NA,0.00138556714242844,NA,NA,0.0440131168904612,NA,NA,NA,NA,NA,NA,NA,NA,NA,NA,0.0463411542941437,NA,NA,NA,NA,NA,NA,NA,NA,NA,NA,NA
"HMDB0240712",NA,NA,NA,NA,NA,NA,NA,NA,NA,NA,NA,NA,NA,NA,NA,NA,NA,NA,NA,NA,NA,NA,NA,NA,NA,NA,NA,NA,NA,NA,NA,NA,NA,NA,NA,NA,NA,NA,NA,NA,NA,NA,NA,NA,NA,NA,NA,NA,NA,NA,NA,NA,NA,NA,NA,NA,NA,NA,NA,NA,NA,NA,NA,NA,NA,NA,NA,NA,NA,NA,NA,NA,NA,NA,NA,NA,NA,NA,NA,NA,NA,NA,NA,NA,NA,NA,NA,NA,NA,NA,NA,NA,NA,NA,NA,NA,NA,NA,NA,NA,NA,NA,NA,NA,NA,NA,NA,NA,NA,NA,NA,NA,NA,NA,NA,NA,NA,NA,NA,NA,NA,NA,NA,NA,NA,NA,NA,NA,NA,NA,NA,NA,NA,NA,NA,NA,NA,NA,NA,NA,NA,NA,NA,NA,NA,NA,NA,NA,NA,0.645203126728053,NA,NA,NA,0.344568170055739,NA,NA,NA,0.391679291336978,NA,NA,NA,0.0979492237405852,0.739015131106181,NA,NA,NA,NA,NA,NA,NA,NA,NA,NA,NA,NA,NA,NA,0.216150081622702,NA,NA,NA,0.765618080057,NA,NA,NA,NA,0.0276213229436639,NA,NA,NA,NA,NA,NA,NA,NA,NA,NA,NA,NA,NA,NA,0.021080725084047,NA,NA,NA,NA,NA,NA,NA,NA,NA,NA,NA,0.787927634940233,NA,0.341052513353328,0.11704382290276,NA,0.606683523888204,NA,NA,NA,NA,NA,0.995096355710867,NA,NA,NA,NA,NA,NA,NA,0.329743373542841,NA,NA,NA,NA,NA,NA,NA,NA,NA,NA,NA,NA,NA,NA,NA,0.625111672551445,NA,NA,0.269653799686088,NA,NA,0.615536681507904,NA,0.106494655427307,0.134123873052168,NA,NA,0.974293451432842,0.119706782904903,NA,NA,NA,NA,NA,NA,0.077243593524295,NA,NA,NA,NA,NA,NA,NA,NA,0.939730377464603,NA,NA,NA,NA,NA,NA,NA,NA,NA,NA,NA,NA,NA,NA,NA,0.745318088905897
"HMDB0003312",NA,NA,NA,NA,NA,NA,NA,NA,NA,NA,NA,NA,NA,NA,NA,NA,NA,NA,NA,NA,NA,NA,NA,NA,NA,NA,NA,NA,NA,NA,NA,NA,NA,NA,NA,NA,NA,NA,NA,NA,NA,NA,NA,NA,NA,NA,NA,NA,NA,NA,NA,NA,NA,NA,NA,NA,NA,NA,NA,NA,NA,NA,NA,NA,NA,NA,NA,NA,NA,NA,NA,NA,NA,NA,NA,NA,NA,NA,NA,NA,NA,NA,NA,NA,NA,NA,NA,NA,0.000605439356590182,NA,NA,NA,NA,NA,NA,NA,NA,NA,NA,NA,NA,NA,NA,NA,NA,NA,NA,NA,NA,NA,NA,NA,NA,NA,NA,NA,NA,NA,NA,NA,NA,NA,NA,NA,NA,NA,NA,NA,NA,NA,NA,NA,NA,NA,NA,NA,NA,NA,NA,NA,NA,NA,NA,NA,NA,NA,NA,NA,NA,0.491930620237577,NA,NA,NA,NA,NA,NA,NA,0.228600897476129,NA,0.0527057398241398,NA,0.300738918648923,NA,NA,NA,0.235151811816026,NA,NA,NA,NA,NA,NA,NA,0.149493944232193,0.40291366132339,NA,0.216150081622702,NA,0.181639611677658,NA,NA,0.0912353236994646,NA,NA,NA,0.154488369452378,0.222744265087568,0.539101324114766,NA,NA,NA,NA,0.0690881982841369,NA,0.28435089214939,NA,0.0835253039850387,NA,NA,NA,NA,0.0751373162201559,NA,NA,NA,NA,NA,NA,NA,NA,NA,NA,0.755290715846098,0.022267220559112,0.0232599764285094,0.624865680227967,NA,NA,0.0308896372315393,NA,NA,NA,NA,0.288127271080598,0.477310294796926,0.250294209633332,0.00251822043093243,NA,NA,NA,NA,NA,0.296506268633655,NA,NA,NA,0.0394332790444511,NA,NA,NA,NA,NA,0.167447778111122,NA,NA,NA,NA,NA,0.76636971478193,NA,NA,0.875313740752884,NA,0.0408581475687764,0.432949620593899,NA,0.213966373142442,0.948575783435522,NA,NA,NA,0.731458940210774,NA,NA,NA,0.131474630125879,NA,NA,NA,NA,NA,NA,NA,NA,NA,NA,0.0518384011649742,0.911375500921873,NA,0.403910624274745,NA,NA,NA,NA,NA,NA,NA,NA,NA,NA,NA,NA,NA,0.297826553680549
"HMDB0006344",NA,NA,NA,NA,NA,NA,NA,NA,NA,NA,NA,NA,NA,NA,NA,NA,NA,NA,NA,NA,NA,NA,NA,NA,NA,NA,NA,NA,NA,NA,NA,NA,NA,NA,NA,NA,NA,NA,NA,NA,NA,NA,NA,NA,NA,NA,NA,NA,NA,NA,NA,NA,NA,NA,NA,NA,NA,NA,NA,NA,NA,NA,NA,NA,NA,NA,NA,NA,NA,NA,NA,NA,NA,NA,NA,NA,NA,NA,NA,NA,NA,NA,NA,NA,NA,NA,NA,NA,NA,NA,NA,NA,NA,NA,NA,NA,NA,NA,NA,NA,NA,NA,NA,NA,NA,NA,NA,NA,NA,NA,NA,NA,NA,NA,NA,NA,NA,NA,NA,NA,NA,NA,NA,NA,NA,NA,NA,NA,NA,NA,NA,NA,NA,NA,NA,NA,NA,NA,NA,NA,NA,NA,NA,NA,NA,NA,NA,NA,NA,0.0122506379677675,0.0480046056773233,NA,NA,NA,NA,0.0781596964420781,0.0999664232071301,0.0124422125849406,NA,0.011972249536041,NA,0.00794440709521874,0.0237999665518207,NA,NA,NA,0.736417979547878,NA,NA,NA,NA,0.0625241087533072,0.0749769799743825,0.0681571679556569,NA,NA,NA,0.181639611677658,NA,NA,NA,0.431003001611329,0.0388611098195565,0.784397865129086,NA,NA,NA,NA,NA,0.000558799578101029,NA,NA,NA,NA,NA,0.820765373869946,NA,0.185807554159791,0.229045082674315,0.0600643670735889,NA,7.20933292512344e-05,NA,0.464784728342716,NA,NA,NA,NA,NA,0.744495258042226,0.727706946520617,NA,NA,0.0195363705333946,0.00750178233346189,NA,NA,NA,0.00156361830785325,NA,0.675783666996772,NA,0.00512696756532637,0.657574259524067,NA,NA,NA,NA,0.171062968152,0.638078980512154,NA,NA,0.74100270422173,0.167324398111093,0.0111508208383361,NA,0.0769394456313313,NA,NA,NA,NA,NA,0.0177932556154487,NA,NA,0.315810776343142,NA,NA,NA,NA,0.174269795019253,0.000268184320348862,NA,0.0678236649161861,NA,NA,0.00382499369864229,0.0155922320126979,NA,NA,NA,NA,NA,NA,0.363797638659738,NA,NA,0.791210974251073,0.138624248126884,0.899375773614145,NA,NA,NA,0.00410267737762347,NA,0.266663354296051,0.0037263184601692,0.0132557201344283,NA,0.0177054179443482,NA,NA,NA,0.38485670193976,NA,NA,NA,NA,NA,NA,NA,NA,NA,NA
"HMDB0000050",NA,NA,NA,NA,NA,NA,NA,NA,0.003109709821674,NA,0.473367221267162,NA,NA,NA,NA,NA,NA,NA,NA,NA,NA,NA,NA,NA,NA,NA,NA,NA,NA,NA,NA,NA,NA,NA,NA,NA,NA,NA,NA,NA,NA,NA,NA,NA,NA,NA,NA,NA,NA,NA,NA,NA,NA,NA,NA,NA,NA,NA,NA,NA,NA,NA,0.90039203278556,NA,NA,NA,NA,NA,NA,NA,NA,NA,NA,NA,NA,NA,NA,NA,NA,NA,NA,NA,NA,NA,NA,NA,NA,NA,NA,NA,NA,NA,NA,NA,NA,NA,NA,NA,NA,NA,NA,NA,NA,0.0327661336129845,NA,NA,NA,NA,NA,NA,NA,NA,NA,NA,NA,NA,NA,NA,NA,NA,NA,NA,NA,NA,NA,NA,NA,NA,NA,NA,NA,NA,NA,NA,NA,NA,0.908475035603453,NA,0.225413657925753,NA,NA,NA,0.683659515183839,NA,0.187439133681878,NA,NA,NA,NA,0.832090067491125,NA,NA,NA,NA,NA,NA,NA,NA,NA,NA,NA,NA,NA,NA,NA,0.184931899429705,NA,NA,NA,NA,NA,NA,NA,NA,NA,NA,NA,NA,NA,NA,NA,NA,NA,NA,NA,NA,NA,NA,NA,NA,NA,0.262647822612154,NA,NA,NA,NA,NA,0.324509977642356,NA,NA,NA,NA,NA,NA,NA,NA,NA,NA,NA,NA,NA,NA,NA,NA,NA,NA,NA,0.686563017040257,NA,0.807893788802488,NA,NA,NA,0.713927679639786,NA,NA,NA,NA,NA,NA,NA,NA,NA,NA,NA,0.11437627137882,NA,0.826654470575935,0.272840553536336,NA,NA,0.531170308641833,NA,NA,NA,NA,NA,NA,NA,0.943715016374983,NA,NA,NA,NA,NA,0.44122787192473,NA,NA,NA,NA,NA,NA,NA,NA,NA,NA,NA,NA,NA,NA,NA,NA,NA,NA,NA,NA,NA,NA,NA,NA,NA,NA,0.920294441106014,NA,0.221842137805324,NA,0.405344309586332,NA,NA,NA,NA,NA,NA,0.998340428716619
"HMDB0029051",NA,NA,NA,NA,NA,NA,NA,NA,0.0560799635414372,NA,NA,NA,NA,NA,NA,NA,NA,NA,NA,NA,NA,NA,NA,NA,NA,NA,NA,NA,NA,NA,NA,NA,NA,NA,NA,NA,NA,NA,NA,NA,NA,NA,NA,NA,NA,NA,NA,NA,NA,NA,NA,NA,NA,NA,NA,NA,NA,NA,NA,NA,NA,NA,0.106119973671673,NA,NA,NA,NA,NA,NA,NA,NA,NA,NA,NA,NA,NA,NA,NA,NA,NA,NA,NA,NA,NA,NA,NA,NA,NA,NA,NA,NA,NA,NA,NA,NA,NA,NA,NA,NA,NA,NA,NA,NA,NA,NA,NA,NA,NA,NA,NA,NA,NA,NA,NA,NA,NA,NA,NA,NA,NA,NA,NA,NA,NA,NA,NA,NA,NA,NA,NA,NA,NA,NA,NA,NA,NA,NA,NA,NA,NA,NA,NA,NA,NA,NA,0.220066450793391,NA,NA,NA,NA,0.0388831975470476,NA,NA,NA,NA,0.30172544072738,NA,NA,NA,NA,NA,0.00277314080910335,NA,0.905079613742469,NA,NA,NA,NA,NA,NA,0.752389780769274,NA,0.083297079399701,NA,NA,NA,NA,NA,NA,NA,NA,NA,NA,NA,NA,0.376208651633231,NA,NA,NA,NA,NA,NA,NA,NA,NA,NA,NA,NA,NA,NA,NA,NA,NA,NA,NA,0.197201132521352,NA,0.386041111780657,NA,NA,NA,0.142082699071039,NA,NA,NA,NA,0.00863722269814174,NA,NA,0.805179254512273,NA,NA,NA,NA,NA,0.00946911311903672,NA,NA,0.179906891635958,NA,NA,NA,NA,NA,NA,0.208763691458451,NA,NA,0.950231721729348,NA,NA,NA,NA,NA,NA,0.174645736325524,NA,NA,NA,NA,NA,NA,NA,NA,NA,NA,NA,NA,NA,NA,NA,NA,NA,NA,NA,NA,NA,NA,NA,NA,0.111015845883168,NA,0.865733543892899,0.40930028407593,NA,NA,0.147393038618125,NA,NA,NA,NA,NA,NA,NA,NA,0.0399773770257056,NA,NA,NA,0.0139004000986037,NA,0.224472426327124,NA,NA
"HMDB0006294",NA,NA,NA,NA,NA,NA,NA,NA,NA,NA,NA,NA,NA,NA,NA,NA,NA,NA,NA,NA,NA,NA,NA,NA,NA,NA,NA,NA,NA,NA,NA,NA,NA,NA,NA,NA,NA,NA,NA,NA,NA,NA,NA,NA,NA,NA,NA,NA,NA,NA,NA,NA,NA,NA,NA,NA,NA,0.00525848217538949,NA,NA,NA,NA,NA,NA,NA,NA,NA,NA,NA,NA,NA,NA,NA,NA,NA,NA,NA,NA,NA,NA,NA,NA,NA,NA,NA,0.0383820379974993,NA,NA,NA,NA,NA,NA,NA,NA,NA,NA,NA,NA,NA,NA,NA,NA,NA,NA,NA,NA,NA,NA,NA,NA,NA,NA,NA,NA,NA,NA,NA,NA,NA,NA,NA,NA,NA,NA,NA,NA,NA,NA,NA,NA,NA,NA,NA,NA,NA,NA,NA,NA,NA,NA,NA,NA,NA,NA,NA,NA,NA,NA,NA,0.498452604540101,0.406589773154674,NA,NA,NA,NA,NA,NA,0.803030395598528,NA,NA,NA,0.929115353208463,0.234104390415092,NA,NA,NA,NA,NA,NA,NA,NA,0.439600389698437,0.590545637840175,NA,NA,NA,0.765618080057,0.0912353236994646,0.431003001611329,NA,NA,NA,0.373688944492719,0.385477867487993,NA,NA,NA,NA,0.692527942161943,NA,0.157991070377138,NA,NA,NA,NA,0.360674397737311,NA,NA,0.534432379885483,0.132536642482097,NA,0.0507990851156962,NA,NA,NA,NA,NA,0.011614381644126,NA,NA,NA,NA,NA,NA,0.0323919021766779,NA,NA,NA,0.232736824210639,NA,NA,0.0766133254301264,0.205804883831435,NA,0.200355631894858,0.236230999346193,NA,NA,0.14353858952142,NA,NA,NA,NA,NA,0.390009519034656,0.0875225611203471,NA,NA,NA,NA,NA,NA,0.0591153018344285,NA,NA,NA,NA,NA,0.72735479535987,NA,NA,0.717297316039586,NA,NA,0.578076943647508,NA,0.120128370441723,0.743490311778403,NA,NA,NA,NA,NA,NA,NA,NA,NA,0.0626663744571033,0.0801168967814179,0.00829667600883843,NA,NA,NA,NA,NA,NA,0.312914566846419,NA,NA,NA,NA,NA,NA,NA,NA,NA,NA,NA,NA,NA,NA,NA,NA,0.453660507893689
"HMDB0003869",NA,NA,NA,NA,NA,NA,NA,NA,NA,NA,0.0218839243066271,NA,NA,NA,NA,NA,NA,NA,NA,NA,NA,NA,NA,NA,NA,NA,NA,NA,NA,NA,NA,NA,NA,NA,NA,NA,NA,NA,NA,NA,NA,NA,NA,NA,NA,NA,NA,NA,NA,NA,NA,NA,NA,NA,NA,NA,NA,NA,0.0335041750292067,NA,NA,NA,NA,NA,NA,NA,NA,NA,NA,NA,NA,NA,NA,NA,NA,NA,NA,NA,NA,NA,NA,NA,NA,NA,NA,NA,NA,NA,NA,NA,NA,NA,NA,NA,NA,NA,NA,NA,NA,NA,NA,NA,NA,NA,NA,NA,NA,NA,NA,NA,NA,NA,NA,NA,NA,NA,NA,NA,NA,NA,NA,NA,NA,NA,NA,NA,NA,NA,NA,NA,NA,NA,NA,NA,NA,NA,NA,NA,NA,NA,NA,NA,NA,NA,NA,NA,0.579178182650146,NA,NA,0.126349934935328,NA,NA,0.335488828198356,NA,NA,NA,NA,0.654769598055775,NA,NA,NA,0.342535576112312,0.206529285428924,NA,NA,NA,NA,NA,NA,NA,0.809749628772059,0.259942627704105,0.173715428523502,NA,NA,NA,NA,NA,0.0388611098195565,NA,NA,0.373688944492719,NA,NA,NA,0.402339658214946,NA,NA,NA,0.383981249436557,NA,NA,NA,0.0142710027496224,NA,NA,NA,NA,NA,0.621699398497278,NA,0.216760171072136,NA,NA,NA,NA,NA,0.0825455153890265,NA,NA,NA,0.860956086970358,NA,0.844455513494541,0.503527548256794,NA,NA,NA,0.735005526542307,NA,NA,NA,0.0113055781209563,NA,NA,0.653043598475378,NA,NA,0.0561814042131002,NA,NA,NA,NA,NA,0.529757383818072,0.24707117963079,NA,0.0160408906707302,0.800053986725916,NA,NA,NA,0.396450505461357,NA,NA,NA,NA,NA,0.823812133995665,NA,NA,0.185073643029371,NA,NA,0.501635385233155,NA,0.384765958090032,0.777694907749424,NA,NA,0.174833338683088,0.473468985892507,0.240628730867836,NA,NA,NA,NA,0.0140527505803267,0.415769848159129,0.135552556187497,NA,NA,NA,NA,NA,NA,NA,0.964334766861924,NA,NA,0.861541475403204,NA,0.0193819807394701,0.929207243836762,NA,NA,NA,0.687164910167785,NA,NA,NA,NA,0.860184208786366,0.77730007745947
"HMDB0028765",NA,NA,NA,NA,NA,NA,NA,NA,NA,NA,NA,NA,NA,NA,NA,NA,NA,NA,NA,NA,NA,NA,NA,NA,NA,NA,NA,NA,NA,NA,NA,NA,NA,NA,NA,NA,NA,NA,NA,NA,NA,NA,NA,NA,NA,NA,NA,NA,NA,NA,NA,NA,NA,NA,NA,NA,NA,NA,NA,NA,NA,NA,NA,NA,NA,NA,NA,NA,NA,NA,NA,NA,NA,NA,NA,NA,NA,NA,NA,NA,NA,NA,NA,NA,NA,NA,NA,NA,NA,NA,NA,NA,NA,NA,NA,NA,NA,NA,NA,NA,NA,NA,NA,NA,NA,NA,NA,NA,NA,NA,NA,NA,NA,NA,NA,NA,NA,NA,NA,NA,NA,NA,NA,NA,NA,NA,NA,NA,NA,NA,NA,NA,NA,NA,NA,NA,NA,NA,NA,NA,NA,NA,NA,NA,NA,NA,NA,NA,NA,0.0766427529961303,NA,NA,NA,0.487430083208237,NA,0.022283716813593,NA,NA,NA,NA,NA,0.0516333776679071,NA,NA,NA,NA,NA,NA,NA,NA,NA,0.723745079667133,NA,0.531521792397575,NA,NA,NA,NA,0.784397865129086,NA,NA,0.385477867487993,NA,NA,NA,NA,NA,NA,NA,NA,NA,NA,NA,NA,NA,0.511371468439602,NA,0.0067543952369672,0.758260577971688,NA,NA,0.000583309200625798,NA,NA,NA,NA,NA,NA,NA,0.908080687150376,0.424818281383656,NA,NA,NA,NA,NA,NA,NA,NA,NA,0.264692521782823,NA,NA,NA,NA,NA,NA,NA,NA,0.991291222369819,NA,NA,NA,0.165899392407524,0.131658777980995,NA,NA,NA,NA,0.0588013242543901,NA,NA,NA,NA,NA,0.170368640987829,NA,NA,NA,NA,0.0902751063667057,NA,NA,NA,NA,NA,0.0315624830428035,NA,NA,NA,NA,NA,0.000174903446884799,NA,0.271040507476973,NA,NA,0.937752500237952,NA,0.909290535215624,NA,NA,0.142527149272829,0.00290106845356216,NA,NA,0.011764946295752,NA,NA,0.0161334741812443,NA,NA,NA,NA,NA,NA,NA,NA,NA,0.844674267794513,NA,NA,NA,NA
"HMDB0028738",NA,NA,NA,NA,NA,NA,NA,NA,NA,NA,NA,NA,NA,NA,NA,NA,NA,NA,NA,NA,NA,NA,NA,NA,NA,NA,NA,NA,NA,NA,NA,NA,NA,NA,NA,NA,NA,NA,NA,NA,NA,NA,NA,NA,NA,NA,NA,NA,NA,NA,NA,NA,NA,NA,NA,NA,NA,NA,NA,NA,NA,NA,NA,NA,NA,NA,NA,NA,NA,NA,NA,NA,NA,NA,NA,NA,NA,NA,NA,NA,NA,NA,NA,NA,NA,NA,NA,NA,NA,NA,NA,NA,NA,NA,NA,NA,NA,NA,NA,NA,NA,NA,NA,NA,NA,NA,NA,NA,NA,NA,NA,NA,NA,NA,NA,NA,NA,NA,NA,NA,NA,NA,NA,NA,NA,NA,NA,NA,NA,NA,NA,NA,NA,NA,NA,NA,NA,NA,0.38766470890924,NA,NA,NA,NA,NA,NA,NA,NA,NA,NA,NA,NA,NA,NA,NA,NA,NA,NA,NA,NA,NA,NA,NA,0.00420993738114087,NA,NA,NA,NA,NA,NA,NA,NA,NA,NA,NA,NA,NA,NA,NA,NA,NA,NA,NA,NA,NA,NA,NA,NA,NA,NA,NA,NA,NA,NA,NA,NA,NA,NA,NA,NA,NA,NA,NA,NA,NA,NA,NA,NA,NA,0.112665383384269,NA,NA,NA,NA,NA,NA,NA,NA,NA,NA,0.290378974291847,NA,NA,0.0424933298377802,NA,NA,NA,NA,NA,NA,NA,NA,NA,NA,NA,NA,NA,NA,0.053704963939192,NA,NA,NA,NA,NA,NA,NA,NA,NA,NA,NA,NA,NA,NA,NA,NA,NA,0.208841020112684,NA,NA,0.232753354142327,NA,NA,NA,NA,NA,NA,NA,NA,NA,NA,NA,NA,NA,NA,0.596108597764224,NA,NA,NA,NA,NA,NA,NA,NA,NA,NA,NA,NA,NA,NA,NA,NA,NA,NA,NA,NA
"HMDB0011167",NA,NA,NA,NA,NA,NA,NA,NA,NA,NA,NA,NA,NA,NA,NA,NA,NA,NA,NA,NA,NA,NA,NA,NA,NA,NA,NA,NA,NA,NA,NA,NA,NA,NA,NA,NA,NA,NA,NA,NA,NA,NA,NA,NA,NA,NA,NA,NA,NA,NA,NA,NA,NA,NA,NA,NA,NA,NA,NA,NA,NA,NA,NA,NA,NA,NA,NA,NA,NA,NA,NA,NA,NA,NA,NA,NA,NA,NA,NA,NA,NA,NA,NA,NA,NA,NA,NA,NA,NA,NA,NA,NA,NA,NA,NA,NA,NA,NA,NA,NA,NA,NA,NA,NA,NA,NA,NA,NA,NA,NA,NA,NA,NA,NA,NA,NA,NA,NA,NA,NA,NA,NA,NA,NA,NA,NA,NA,NA,NA,NA,NA,NA,NA,NA,NA,NA,0.919787973822064,NA,0.382527353298457,0.45513542338147,NA,0.229160308687902,NA,0.614887198771665,0.285600131514262,NA,NA,0.137101693314069,NA,0.0293635717840605,NA,NA,NA,NA,NA,NA,NA,0.948283884772963,NA,NA,NA,0.156183910476242,0.150965965357934,0.718993852177715,NA,0.0105704753805579,NA,NA,NA,0.802385620754134,0.466688092901162,0.269776622120557,0.227509034174268,0.0210176939934935,0.39732590032796,NA,NA,0.154488369452378,NA,NA,0.376208651633231,NA,0.402339658214946,NA,NA,NA,0.349952332591678,0.0332976866897284,NA,0.257627832598994,NA,NA,NA,NA,0.752023139575115,0.131871841409926,0.790734727148369,NA,0.0726426042145466,NA,NA,0.952535372659089,NA,NA,NA,0.0244041226968245,NA,0.586230479184513,NA,NA,NA,0.077536343752621,0.100723027790327,0.436060735620534,0.748456795286294,NA,NA,NA,0.576760413914802,NA,NA,NA,0.95941478431989,NA,NA,0.286399940365594,NA,NA,0.00886515615023048,0.206221644344447,NA,NA,NA,NA,NA,0.27505160219132,NA,NA,0.750085277170475,NA,NA,NA,NA,NA,0.170283598023485,NA,NA,NA,NA,NA,NA,0.594187913878433,0.824873280759772,NA,NA,0.060630958687199,NA,NA,0.0555716812092244,NA,NA,0.333817306653183,0.0463578707959735,NA,NA,NA,0.324920919996413,NA,NA,0.104848180833974,0.335999034987606,0.0206022070432142,NA,0.708057667355872,NA,NA,0.562179629157203,0.739078460604532,NA,0.165934370358254,NA,NA,0.0217145651300098,0.711157746638598,NA,NA,NA,NA,NA,NA,0.576008257837566,NA,NA,0.160066473734329
"HMDB0252832",NA,NA,NA,NA,NA,0.0233035595299654,NA,0.0453727039204061,NA,NA,NA,NA,NA,NA,NA,NA,NA,NA,NA,NA,0.0599442109287034,NA,NA,NA,NA,NA,NA,NA,NA,NA,NA,NA,NA,NA,NA,NA,NA,NA,NA,NA,NA,NA,NA,NA,NA,NA,NA,NA,NA,NA,NA,0.0438275034715107,NA,NA,NA,NA,NA,NA,NA,NA,NA,NA,NA,NA,NA,NA,NA,NA,NA,NA,NA,0.00235625412379953,NA,NA,NA,NA,0.135604936108323,NA,NA,0.123163080429598,NA,NA,NA,NA,NA,NA,NA,NA,0.0132760348921645,NA,NA,NA,NA,NA,NA,NA,NA,NA,NA,NA,NA,NA,NA,NA,NA,NA,NA,NA,NA,NA,NA,NA,NA,NA,NA,NA,NA,NA,NA,NA,NA,NA,NA,NA,NA,NA,NA,NA,NA,NA,NA,NA,NA,NA,NA,NA,NA,0.197892792092921,NA,NA,NA,0.559495379848397,NA,NA,0.217554558113699,0.811333823659662,NA,NA,NA,0.00987948680458628,0.303673790460507,NA,0.0167609765264467,0.722721192365794,NA,NA,NA,0.00090888568582448,NA,0.557613076874939,NA,0.0235142233844416,0.74387851153662,0.832285164667056,NA,NA,NA,NA,NA,NA,0.23970393244477,0.0568879388575429,0.0168052585058709,NA,0.00547444224251623,NA,0.0276213229436639,0.222744265087568,NA,NA,NA,NA,NA,NA,NA,0.349952332591678,NA,NA,NA,0.928100879456281,NA,NA,NA,NA,0.0807305528666646,NA,0.807212717250214,NA,NA,NA,NA,0.0242386705160367,NA,NA,NA,NA,NA,NA,NA,NA,NA,0.732342340621189,0.136439016750723,0.0687789955270636,0.102028867442607,0.589411743038815,0.01698380438112,0.0786767850706958,0.0321943940286942,NA,NA,0.0171150900215619,0.784394156826936,0.75918644360444,NA,NA,NA,0.626189825463674,NA,NA,0.00938371749930975,0.454028405473073,0.964469998492477,NA,0.959948356704545,0.00372760554058899,NA,NA,NA,NA,NA,NA,0.102654074488763,NA,NA,NA,0.0923503886767961,NA,0.244708891811842,NA,NA,0.162569528947878,NA,NA,0.211609395514456,NA,0.0346719719974843,0.0124600919170112,0.0751284374588341,NA,0.299084860564748,0.0817001795300677,NA,0.71107329063274,NA,0.49375544192438,NA,NA,0.00230113145876176,NA,NA,NA,NA,NA,NA,NA,0.0371147455886804,0.0821449017356454,NA,0.174537422327508,0.104828240025337,NA,NA,NA,NA,NA,NA,NA,NA,NA,0.191733697456403,NA,0.471569155002791,0.0211694519960753
"HMDB0002171",NA,NA,NA,NA,NA,NA,NA,NA,NA,NA,NA,NA,NA,NA,NA,NA,NA,NA,NA,NA,NA,NA,NA,NA,NA,NA,NA,NA,NA,NA,NA,NA,NA,NA,NA,NA,NA,NA,NA,NA,NA,NA,NA,0.10673034416895,NA,NA,NA,0.0210186058487216,NA,NA,NA,NA,NA,NA,NA,NA,NA,NA,NA,NA,0.056064263902062,NA,NA,0.000337123040671053,NA,NA,NA,NA,NA,NA,NA,NA,NA,NA,NA,NA,NA,NA,NA,NA,NA,NA,NA,NA,NA,NA,NA,NA,0.0143524469090276,NA,NA,NA,NA,NA,NA,NA,NA,NA,NA,NA,0.0677830659493249,NA,NA,NA,NA,NA,NA,0.0233563666094769,NA,NA,NA,NA,NA,NA,NA,NA,NA,NA,NA,NA,NA,NA,NA,NA,NA,NA,NA,NA,NA,NA,NA,NA,NA,NA,NA,NA,NA,0.72570658063877,0.715377412671607,NA,NA,0.486367874950416,NA,NA,NA,NA,NA,NA,NA,NA,0.111313606800396,NA,0.756449432837892,NA,NA,NA,0.771892448778075,0.695961830975558,NA,0.477851462659123,NA,0.567634151272136,0.962130178693894,NA,NA,0.314684244835674,NA,0.0229778283810011,0.537596486931808,NA,0.0656939470130139,0.984553441217109,NA,0.022232959464905,0.116709637346609,NA,NA,0.539101324114766,NA,NA,NA,NA,NA,NA,NA,0.0332976866897284,NA,NA,NA,0.059831533484822,0.709859739689662,0.152122251109135,NA,NA,0.245060231726479,NA,0.00893914698765119,NA,NA,NA,NA,0.631162021439721,NA,0.832679730973802,NA,NA,0.0491917730927953,NA,NA,NA,NA,NA,0.565918677683297,0.465112191473111,NA,NA,NA,NA,0.998968621798176,0.960007593792083,NA,NA,0.197057270777257,NA,0.495730835207195,NA,NA,NA,NA,NA,NA,NA,NA,NA,NA,NA,0.261791472264293,NA,NA,NA,NA,0.0348884452950763,NA,NA,NA,NA,NA,0.335565345145608,0.405358640278787,NA,NA,0.726594989968905,NA,0.141275819987481,0.370524022365206,NA,NA,0.662858844423911,0.0127053838319207,0.000959467067912888,0.483694771044987,0.745261301817335,NA,0.131302967036276,NA,0.0341279074893363,NA,0.0203432594569417,NA,NA,NA,0.461957421908076,NA,NA,NA,NA,NA,0.166028014763298,NA,0.31386373868732,NA,0.292566359503388,0.268548730785977,0.4415258056024,0.628520212601731,0.476541782878241,0.582796475717425,NA,NA,NA,NA,0.359115434428968,NA,NA
"HMDB0029091",NA,NA,NA,NA,NA,NA,NA,NA,NA,NA,NA,NA,NA,NA,NA,NA,NA,NA,NA,NA,NA,NA,NA,NA,NA,NA,NA,NA,NA,NA,NA,NA,NA,0.0403987981098981,NA,NA,NA,NA,NA,NA,NA,NA,NA,NA,NA,NA,NA,NA,NA,NA,NA,NA,NA,NA,NA,NA,NA,NA,NA,NA,NA,NA,NA,NA,NA,NA,NA,NA,NA,NA,NA,NA,NA,NA,NA,NA,NA,NA,NA,NA,NA,NA,NA,NA,NA,NA,NA,NA,NA,NA,NA,NA,NA,NA,NA,NA,NA,NA,NA,NA,NA,NA,NA,NA,NA,NA,NA,NA,NA,NA,NA,NA,NA,NA,NA,NA,NA,NA,NA,NA,NA,NA,NA,NA,NA,NA,NA,NA,NA,NA,NA,NA,NA,NA,NA,NA,NA,NA,NA,NA,NA,NA,NA,NA,NA,NA,NA,NA,NA,NA,NA,NA,NA,NA,NA,NA,NA,NA,NA,NA,NA,NA,NA,NA,NA,NA,NA,NA,NA,NA,NA,NA,NA,NA,NA,NA,NA,NA,NA,NA,NA,0.692527942161943,NA,NA,NA,NA,NA,NA,NA,NA,NA,NA,NA,NA,NA,NA,NA,NA,NA,NA,NA,NA,NA,NA,NA,NA,NA,NA,NA,NA,NA,NA,NA,NA,NA,NA,NA,NA,NA,NA,NA,NA,NA,NA,NA,NA,NA,NA,NA,NA,NA,NA,NA,NA,NA,NA,NA,NA,NA,NA,NA,NA,NA,NA,NA,NA,NA,NA,NA,NA,NA,NA,NA,NA,NA,NA,NA,NA,NA,NA,NA,NA,NA,NA,NA,NA,NA,NA,0.0142495791959893,NA,NA,NA,NA,NA,NA,NA,NA,NA,NA,NA,NA,NA,NA,NA,NA,NA,NA,NA,NA,NA,NA,NA,NA,0.0398785815966721
"HMDB0001999",NA,NA,NA,NA,NA,NA,NA,NA,NA,NA,NA,NA,NA,NA,NA,NA,NA,NA,NA,NA,NA,NA,NA,NA,NA,NA,NA,NA,NA,NA,NA,NA,NA,NA,NA,NA,NA,NA,NA,NA,NA,NA,NA,NA,NA,NA,NA,NA,NA,NA,NA,NA,NA,NA,NA,NA,NA,NA,NA,NA,NA,NA,NA,NA,NA,NA,NA,NA,NA,NA,NA,NA,NA,NA,NA,NA,NA,NA,NA,NA,NA,NA,NA,NA,NA,NA,NA,NA,NA,NA,NA,NA,NA,NA,NA,NA,NA,NA,NA,NA,NA,NA,NA,NA,NA,NA,NA,NA,NA,NA,NA,NA,NA,NA,NA,NA,NA,NA,NA,NA,NA,NA,NA,NA,NA,NA,NA,NA,NA,NA,NA,NA,NA,NA,NA,NA,NA,NA,NA,NA,NA,NA,NA,NA,NA,NA,NA,NA,NA,NA,NA,NA,NA,NA,NA,NA,0.0156968649122279,NA,NA,NA,NA,NA,NA,NA,NA,0.0875145336210778,NA,NA,0.0290327731177855,NA,NA,NA,NA,NA,NA,NA,NA,NA,0.000558799578101029,NA,NA,NA,0.383981249436557,NA,NA,0.257627832598994,0.928100879456281,0.059831533484822,NA,NA,NA,0.177889125064325,NA,NA,NA,NA,0.0548606281126943,NA,NA,NA,NA,0.804888023476355,NA,NA,NA,NA,NA,NA,NA,NA,NA,NA,0.0924748804636439,NA,NA,NA,NA,NA,NA,NA,NA,NA,NA,NA,NA,0.321895853840188,NA,NA,NA,NA,NA,NA,NA,NA,NA,NA,NA,NA,NA,NA,NA,0.00061320473338701,NA,NA,NA,NA,NA,NA,0.974303669872522,NA,NA,0.00575601182878758,NA,NA,0.918159884173219,NA,NA,0.0607117320477627,NA,NA,0.211047373898466,0.683958468971878,NA,0.503505453838281,NA,NA,NA,NA,NA,NA,NA,0.334041459908609,NA,NA,NA,NA,NA,0.126376400407567,NA,NA,NA,NA,0.0222835191551399,NA,0.661369115197469,NA,0.258675961054028,NA,NA,NA,NA,NA,NA,NA
"HMDB0003876",NA,NA,NA,NA,NA,NA,0.0415716692965782,NA,NA,NA,NA,NA,NA,NA,NA,NA,NA,NA,NA,NA,NA,NA,NA,NA,NA,NA,0.026490134151131,NA,NA,NA,NA,NA,NA,NA,NA,NA,NA,NA,NA,NA,NA,NA,NA,NA,NA,NA,NA,NA,NA,NA,NA,NA,NA,NA,NA,NA,NA,NA,NA,NA,NA,0.0180699265167295,NA,0.00618795172311612,NA,NA,NA,NA,NA,NA,NA,NA,NA,NA,NA,NA,NA,NA,NA,NA,NA,NA,NA,NA,NA,NA,NA,NA,0.103291254389868,0.00425024883307663,NA,NA,NA,NA,NA,NA,NA,NA,NA,NA,NA,NA,NA,NA,NA,NA,NA,NA,NA,NA,NA,NA,NA,NA,NA,NA,NA,NA,NA,NA,NA,NA,NA,NA,NA,NA,NA,NA,NA,NA,0.134038440363428,NA,NA,NA,NA,NA,NA,NA,NA,NA,NA,NA,NA,0.810473363612957,NA,NA,NA,NA,NA,NA,NA,NA,NA,NA,NA,NA,NA,0.992701463125426,NA,NA,NA,0.35293899981462,0.514405009487615,NA,0.688851706156604,NA,NA,NA,NA,0.627637264442909,NA,0.561125864696788,NA,NA,NA,NA,NA,NA,NA,NA,NA,0.157991070377138,NA,NA,NA,NA,NA,0.709859739689662,NA,NA,NA,NA,NA,NA,0.981349014072709,NA,NA,NA,0.0821098178308371,NA,NA,NA,0.0768895902702113,NA,NA,NA,NA,NA,0.00510411671177015,NA,NA,NA,0.979190027592692,NA,NA,0.00911661670556138,NA,NA,NA,NA,NA,NA,NA,NA,0.583517207073203,0.432943476590888,NA,NA,NA,NA,NA,NA,NA,NA,0.24932850987801,NA,NA,NA,NA,NA,NA,NA,NA,NA,NA,NA,NA,NA,0.373201415926552,NA,NA,0.0956142043804938,NA,NA,0.276734086113161,NA,NA,0.781346676014763,NA,NA,0.253093404736993,0.889349990156464,NA,0.803307921727504,NA,0.0403548818110362,NA,NA,NA,NA,NA,0.646444463349258,NA,NA,NA,NA,NA,0.149719187187678,NA,NA,NA,NA,NA,NA,0.986704582793408,NA,NA,NA,NA,NA,NA,NA,NA,NA
"HMDB0001043",NA,NA,NA,NA,NA,NA,NA,NA,NA,NA,NA,NA,NA,NA,NA,NA,NA,NA,NA,NA,NA,NA,NA,NA,NA,NA,NA,NA,NA,NA,NA,NA,NA,NA,NA,NA,NA,NA,NA,NA,NA,NA,NA,NA,NA,NA,NA,NA,NA,NA,NA,NA,NA,NA,NA,NA,NA,NA,NA,NA,NA,NA,NA,NA,NA,NA,NA,NA,NA,NA,NA,NA,NA,NA,NA,0.286657709650898,NA,NA,NA,NA,NA,NA,NA,NA,NA,NA,NA,NA,NA,NA,NA,NA,NA,NA,NA,NA,NA,NA,NA,NA,NA,NA,NA,NA,NA,NA,NA,NA,NA,NA,NA,NA,NA,NA,NA,NA,NA,NA,NA,NA,NA,NA,NA,NA,NA,NA,NA,NA,NA,NA,NA,NA,NA,NA,NA,NA,NA,NA,NA,NA,NA,NA,NA,NA,NA,NA,NA,NA,0.137584039472139,NA,NA,NA,NA,NA,NA,NA,0.00306310024552374,NA,NA,NA,NA,NA,NA,NA,NA,NA,NA,NA,0.00175647215754546,NA,NA,NA,NA,NA,NA,0.0591562827307632,NA,NA,NA,0.262647822612154,NA,NA,NA,NA,NA,NA,NA,0.152122251109135,NA,0.177889125064325,NA,NA,0.342014909492319,NA,NA,NA,NA,NA,NA,NA,NA,NA,NA,0.0481762299079814,NA,NA,NA,NA,NA,NA,NA,NA,0.0337033537734322,NA,NA,NA,NA,NA,NA,NA,NA,NA,NA,NA,NA,NA,NA,NA,0.0114639000858871,NA,NA,NA,NA,NA,NA,NA,NA,NA,NA,NA,NA,0.00105842705563734,NA,NA,0.50208780740893,NA,NA,0.0959389489979363,NA,NA,NA,0.0385407490326182,NA,0.0505794016499872,NA,NA,NA,NA,NA,0.101331599414651,0.329126658154417,0.172768281282182,NA,0.949818378971471,NA,0.0349786021122339,NA,0.00744705470700972,NA,NA,NA,0.00364819036671893,NA,NA,NA,NA,NA,0.123904688780462,NA,NA,NA,NA,0.0359700993402933,NA,NA,NA,0.284216244450562,NA,NA,NA,NA,NA,NA,NA
"HMDB0000230",NA,NA,NA,NA,NA,NA,NA,NA,NA,NA,NA,NA,NA,NA,NA,NA,NA,NA,NA,NA,NA,NA,NA,NA,NA,NA,NA,NA,NA,NA,NA,NA,NA,NA,NA,NA,NA,NA,NA,NA,NA,NA,NA,NA,NA,NA,NA,NA,NA,NA,NA,NA,NA,NA,NA,NA,NA,NA,NA,NA,NA,NA,NA,NA,NA,NA,NA,NA,NA,NA,NA,NA,NA,NA,NA,NA,NA,NA,NA,NA,NA,NA,NA,NA,NA,NA,NA,NA,NA,NA,NA,NA,NA,NA,NA,NA,NA,NA,NA,NA,NA,NA,NA,NA,NA,NA,NA,NA,NA,NA,NA,NA,NA,NA,NA,NA,NA,NA,NA,NA,NA,NA,NA,NA,NA,NA,NA,NA,NA,NA,NA,NA,NA,NA,NA,NA,NA,NA,NA,NA,NA,NA,NA,NA,NA,0.716779176052321,NA,NA,0.00930165068256074,NA,0.110062708599866,NA,NA,NA,NA,NA,0.0820975890167863,NA,NA,NA,NA,NA,NA,NA,NA,NA,NA,0.167645398279639,NA,NA,NA,NA,NA,NA,NA,NA,NA,0.0690881982841369,NA,NA,NA,NA,NA,NA,NA,NA,NA,NA,NA,NA,NA,0.342014909492319,NA,NA,NA,NA,NA,NA,NA,NA,0.196062147149973,NA,NA,NA,NA,NA,0.0104490872779588,NA,NA,NA,NA,NA,0.0260350435980928,NA,NA,NA,NA,NA,NA,NA,NA,NA,NA,NA,0.280159303436716,NA,NA,0.20419075427115,NA,NA,NA,NA,NA,NA,NA,NA,0.213790449136893,NA,NA,NA,NA,0.0013689465032326,NA,NA,NA,NA,NA,NA,NA,NA,NA,NA,NA,0.259486815290669,NA,NA,NA,NA,NA,NA,NA,NA,NA,NA,NA,NA,NA,0.0306098902004509,NA,NA,0.598853254626865,0.035186974528247,NA,0.0330068586166497,NA,NA,0.441113806297509,NA,NA,NA,NA,0.00433430659596506,NA,NA,NA,NA,0.260231226879349,NA,NA,NA,NA,0.0024235266914609,NA,NA
"HMDB0304067",NA,NA,NA,NA,NA,NA,NA,NA,NA,0.702242761874987,0.704452155979765,0.0771616800405901,NA,NA,0.109433726255429,NA,NA,NA,0.00430237251025826,NA,NA,NA,NA,NA,NA,NA,NA,NA,NA,NA,NA,NA,NA,NA,NA,NA,0.166686679834713,NA,NA,NA,NA,NA,NA,NA,NA,NA,NA,NA,NA,NA,NA,NA,NA,NA,NA,NA,NA,NA,NA,NA,NA,NA,NA,NA,NA,NA,NA,NA,NA,0.00382941837728163,NA,NA,0.0380022916371797,NA,NA,NA,NA,NA,NA,NA,NA,NA,NA,NA,NA,NA,NA,NA,NA,NA,NA,NA,NA,NA,NA,NA,NA,NA,NA,0.0138734058151289,NA,NA,NA,NA,NA,NA,NA,NA,NA,NA,NA,NA,NA,NA,NA,NA,NA,NA,0.156264258043203,NA,NA,NA,NA,NA,NA,NA,NA,NA,NA,NA,NA,NA,NA,NA,NA,NA,NA,NA,NA,NA,NA,NA,NA,NA,0.36290278687997,NA,NA,NA,NA,0.364158879620828,0.0501657425767642,NA,NA,NA,NA,NA,NA,0.865252709550409,0.870451686600765,0.439214556264909,NA,NA,0.71680700589754,NA,NA,NA,NA,0.551130455159928,NA,NA,NA,0.820384487966648,NA,NA,NA,NA,NA,NA,NA,NA,NA,NA,0.0142710027496224,NA,NA,NA,NA,NA,NA,NA,NA,NA,NA,NA,NA,NA,NA,NA,NA,NA,NA,NA,NA,NA,NA,0.000541770772456955,NA,NA,NA,NA,NA,NA,NA,NA,NA,NA,NA,NA,NA,NA,NA,NA,NA,NA,NA,NA,NA,0.502066254127041,0.0627310680380012,NA,NA,NA,NA,NA,NA,NA,NA,NA,NA,NA,NA,NA,NA,0.128869243624048,NA,NA,0.366124605731765,NA,NA,NA,NA,NA,NA,NA,0.409486724878867,NA,NA,0.236999678135553,NA,NA,NA,0.953005725809864,0.89847780810401,0.454727891850709,NA,NA,NA,NA,NA,NA,NA,NA,NA,NA,0.423258129242964,0.519078086523667,NA,NA,NA,0.28350538802964,0.116236815225935,NA,NA,0.885000200091481,NA,NA,NA,0.46085556767787,NA,NA,NA,NA,0.0504229594412602,NA
"HMDB0242124",NA,NA,NA,NA,NA,NA,NA,NA,NA,NA,NA,NA,NA,NA,NA,NA,NA,NA,NA,NA,NA,NA,NA,NA,NA,NA,NA,NA,NA,NA,NA,NA,NA,NA,NA,NA,NA,NA,NA,NA,NA,NA,NA,NA,NA,NA,NA,NA,NA,NA,NA,NA,NA,NA,NA,NA,NA,NA,NA,NA,NA,NA,NA,NA,NA,NA,NA,NA,NA,NA,NA,NA,NA,NA,NA,NA,NA,NA,NA,NA,NA,NA,NA,NA,NA,NA,NA,NA,0.138368184026953,NA,NA,NA,NA,NA,NA,NA,NA,NA,NA,NA,NA,NA,NA,NA,NA,NA,NA,NA,NA,NA,NA,NA,NA,NA,NA,NA,NA,NA,NA,NA,NA,NA,NA,NA,NA,NA,NA,NA,NA,NA,NA,NA,NA,NA,NA,NA,NA,NA,NA,NA,NA,NA,NA,NA,NA,NA,NA,NA,NA,NA,NA,NA,NA,NA,NA,NA,NA,0.751648173291968,NA,NA,NA,0.740129262122362,0.439818254230773,NA,NA,NA,NA,NA,NA,NA,NA,NA,NA,NA,0.13542389456457,NA,NA,0.28435089214939,NA,NA,NA,NA,NA,NA,NA,0.752023139575115,0.0807305528666646,0.245060231726479,NA,NA,0.981349014072709,NA,NA,NA,NA,NA,0.407033986586491,NA,NA,NA,NA,0.707020479601467,NA,NA,NA,NA,NA,NA,NA,NA,NA,NA,0.58871217104935,0.12779466537978,NA,NA,NA,NA,0.345607297209858,NA,NA,NA,NA,NA,0.140615408696617,0.0527742617635993,NA,NA,NA,NA,NA,NA,0.820261648558618,NA,0.584460718200407,NA,NA,NA,NA,NA,NA,NA,NA,NA,NA,NA,NA,NA,0.914736510025849,NA,NA,0.115205245057587,NA,NA,0.535237282366715,NA,NA,0.899905768388062,NA,NA,0.183154733676486,0.378266323636349,NA,0.172837817577179,NA,NA,NA,NA,0.0997940491745576,NA,NA,NA,NA,NA,NA,NA,0.66549738721414,0.245683721670626,NA,NA,0.206673762830539,NA,NA,NA,0.117871374212993,NA,NA,NA,NA,NA,NA,NA,NA,0.965793540782031
"HMDB0242602",NA,NA,NA,NA,NA,0.913495069462087,NA,NA,NA,NA,NA,NA,NA,NA,NA,NA,NA,NA,NA,NA,NA,NA,0.140337780184799,NA,NA,NA,NA,NA,NA,NA,NA,NA,NA,NA,NA,NA,NA,NA,NA,NA,NA,NA,NA,NA,NA,NA,NA,NA,NA,NA,NA,NA,NA,0.26812141778051,NA,NA,NA,NA,NA,NA,NA,NA,NA,NA,NA,NA,NA,NA,NA,NA,NA,NA,NA,NA,NA,NA,NA,NA,NA,NA,NA,NA,NA,NA,NA,NA,NA,NA,NA,NA,NA,NA,NA,NA,NA,NA,NA,NA,NA,NA,NA,NA,NA,NA,NA,NA,NA,NA,NA,NA,NA,NA,NA,NA,NA,NA,NA,NA,NA,NA,NA,NA,NA,NA,NA,NA,NA,NA,NA,NA,NA,NA,NA,NA,NA,NA,NA,NA,0.785085099736132,NA,NA,0.641231045802171,NA,NA,NA,0.100500994247836,NA,NA,NA,0.270891130950732,NA,NA,NA,NA,NA,0.0899235943238687,NA,0.360623786966843,NA,NA,NA,NA,0.880766519390376,0.0385091227412955,NA,NA,0.245663461011313,NA,NA,NA,0.000477821219643558,0.944526601321499,0.177940084805399,0.637064027936305,0.0136265221620524,NA,NA,NA,0.820765373869946,NA,NA,0.360674397737311,NA,0.511371468439602,NA,0.131871841409926,NA,NA,NA,NA,NA,NA,NA,NA,NA,NA,NA,0.813698702408994,0.0997113880768859,0.87232920232274,NA,NA,NA,0.176955635320621,NA,NA,NA,NA,NA,0.903114654742044,0.56123754044311,0.141890193609875,NA,NA,NA,NA,NA,NA,NA,NA,0.138365140238795,NA,0.0160018342576581,NA,NA,0.548852699884635,NA,NA,0.768241521748128,NA,NA,NA,NA,0.479173161156686,NA,0.33149155709447,NA,0.844627075563127,0.355189189640646,NA,NA,NA,NA,NA,NA,NA,NA,NA,NA,NA,NA,NA,NA,NA,NA,NA,NA,NA,NA,NA,NA,NA,NA,NA,0.810105166393598,NA,NA,0.939727228959888,NA,0.88807025321941,NA,NA,NA,NA,NA,NA,NA,NA,NA,0.871809338073544,NA,NA,NA,0.882978666934511,NA,NA,NA,0.488643791300448,NA,NA,NA,NA,NA,NA
"HMDB0028886",NA,NA,NA,NA,NA,NA,NA,NA,NA,NA,NA,NA,NA,NA,NA,NA,NA,NA,NA,NA,0.393039972114226,NA,NA,NA,NA,NA,NA,NA,NA,NA,NA,NA,NA,NA,0.0931873904731348,NA,NA,NA,NA,NA,NA,NA,NA,NA,NA,NA,NA,NA,NA,NA,NA,NA,NA,NA,NA,NA,NA,NA,NA,NA,NA,NA,NA,NA,NA,NA,NA,NA,NA,NA,NA,0.0367025385328228,NA,NA,NA,NA,NA,NA,NA,NA,NA,NA,NA,NA,NA,NA,NA,NA,NA,NA,NA,NA,NA,NA,NA,NA,NA,NA,NA,NA,NA,NA,NA,NA,NA,NA,NA,NA,NA,NA,NA,NA,NA,NA,NA,0.0445004855456036,NA,NA,NA,NA,NA,NA,NA,NA,NA,NA,NA,NA,NA,NA,NA,NA,NA,NA,NA,NA,NA,NA,NA,NA,NA,0.0247130113453394,NA,NA,0.403991990335827,0.17205402985363,NA,NA,NA,0.299179300482807,0.0494305024987742,NA,NA,0.45237103803181,NA,NA,NA,0.949608342388544,NA,0.290244478254151,NA,0.335602190818699,0.0105705577091288,0.794269447616886,NA,NA,NA,NA,NA,NA,0.998989557241837,0.475329943390213,0.21102987977709,NA,0.259311269788508,NA,NA,0.0835253039850387,NA,NA,NA,NA,NA,NA,NA,0.790734727148369,0.807212717250214,0.00893914698765119,NA,0.0548606281126943,NA,NA,NA,NA,0.407033986586491,NA,NA,NA,NA,NA,NA,0.963256858899641,NA,NA,0.922135712586352,0.00237888967251755,NA,NA,NA,NA,NA,0.514822720504742,0.877859760137762,0.717275368895526,0.622849683079219,0.195114612808295,NA,NA,0.661987759949132,0.0135253839484655,NA,NA,0.240380992077026,NA,NA,NA,NA,0.463694924880767,NA,NA,0.0789192879679003,0.424218560569985,0.762728857788325,NA,NA,0.00350098523590124,NA,NA,0.0780470908165081,NA,NA,NA,0.826695074990402,NA,0.996811423283519,0.973206734756162,NA,NA,NA,NA,NA,0.577102604518735,0.12708082351958,NA,0.62304678951535,0.0346196095496508,0.8886699074628,0.897105199921635,0.0200841620876357,NA,0.338318685591041,0.846398101314385,NA,0.0205703004470824,NA,0.363200238306226,NA,NA,0.175733759065539,NA,NA,NA,NA,NA,0.204136100404201,NA,0.0375996251776943,0.284652376511239,NA,0.492120746384637,NA,NA,NA,NA,NA,NA,NA,NA,NA,NA,NA,NA,NA,0.148420568544817
"HMDB0031046",NA,0.000309498500917021,NA,NA,NA,NA,NA,NA,NA,NA,NA,NA,NA,0.000182138971021441,NA,NA,NA,NA,NA,NA,NA,NA,NA,NA,NA,NA,NA,NA,NA,NA,NA,NA,NA,NA,NA,NA,NA,NA,NA,NA,NA,NA,NA,NA,NA,NA,NA,NA,NA,NA,NA,NA,NA,NA,NA,NA,NA,NA,NA,NA,NA,NA,NA,NA,NA,NA,NA,NA,NA,NA,NA,NA,NA,NA,NA,NA,NA,NA,NA,NA,NA,NA,NA,NA,NA,NA,NA,NA,NA,NA,NA,NA,NA,NA,NA,NA,NA,NA,NA,NA,NA,NA,NA,NA,NA,NA,NA,NA,NA,NA,NA,NA,NA,NA,NA,NA,NA,NA,NA,NA,NA,NA,NA,NA,NA,NA,NA,NA,NA,NA,NA,NA,NA,NA,NA,NA,NA,NA,NA,NA,NA,NA,NA,NA,NA,NA,NA,NA,NA,NA,NA,NA,0.0401507168487122,NA,NA,NA,NA,NA,NA,NA,NA,NA,NA,NA,NA,NA,NA,NA,NA,NA,NA,NA,NA,0.088069367491504,NA,NA,NA,NA,0.185807554159791,0.324509977642356,NA,NA,NA,0.0067543952369672,NA,NA,NA,NA,NA,NA,NA,NA,NA,NA,NA,0.813698702408994,NA,NA,NA,NA,NA,NA,NA,0.00575479756069408,NA,NA,0.00503507034504614,NA,NA,0.464487881600151,0.0616721225351091,NA,NA,NA,NA,NA,NA,0.490184550380618,NA,NA,0.204780569123289,NA,NA,NA,NA,NA,NA,NA,NA,NA,NA,NA,NA,NA,NA,NA,NA,NA,NA,NA,0.261092068530106,NA,NA,NA,NA,NA,NA,NA,NA,NA,NA,NA,NA,NA,NA,NA,NA,0.122485900635328,NA,NA,NA,NA,NA,NA,NA,NA,NA,0.778367488563532,NA,NA,NA,NA,NA,NA,NA,NA,NA,NA,NA,NA,NA,NA,NA,NA,NA,NA,NA,NA,NA,NA,NA,NA,0.011174517303005,NA
"HMDB0004704",NA,NA,NA,0.00274269664938487,NA,NA,NA,NA,NA,NA,NA,NA,NA,NA,NA,NA,NA,NA,NA,NA,0.0112954820765991,NA,NA,NA,NA,NA,NA,NA,NA,NA,NA,NA,NA,NA,NA,NA,NA,NA,NA,NA,NA,NA,NA,NA,NA,NA,NA,NA,NA,NA,NA,NA,NA,NA,NA,NA,NA,NA,NA,NA,NA,NA,NA,NA,NA,NA,NA,NA,NA,NA,NA,NA,NA,NA,NA,NA,NA,NA,NA,NA,NA,NA,NA,NA,NA,NA,NA,NA,NA,NA,NA,NA,NA,NA,NA,NA,NA,NA,NA,NA,NA,NA,NA,NA,NA,NA,NA,NA,NA,NA,NA,NA,NA,NA,NA,NA,NA,NA,NA,NA,NA,NA,NA,NA,NA,NA,NA,NA,NA,NA,NA,NA,NA,NA,NA,NA,NA,NA,0.655831599711614,NA,NA,0.974819517033903,NA,NA,NA,NA,NA,NA,NA,0.0862324741674597,NA,NA,NA,NA,NA,0.0769426944206365,NA,0.214392961107705,NA,NA,NA,0.362052486037339,0.997653533552673,NA,NA,NA,0.033261825124973,NA,NA,NA,0.00345847923833433,0.949216512794635,0.0523340758813838,0.360697257124666,0.0547672205441618,NA,NA,NA,0.229045082674315,NA,NA,0.534432379885483,NA,0.758260577971688,NA,0.0726426042145466,NA,NA,NA,NA,0.0821098178308371,NA,NA,NA,NA,0.0997113880768859,NA,NA,NA,0.84653567858814,NA,NA,NA,NA,NA,NA,NA,NA,NA,0.749192211399017,0.512098239832803,NA,NA,NA,NA,NA,NA,NA,NA,NA,0.389079533698814,NA,0.036974680893969,0.104344341855939,NA,NA,NA,NA,NA,NA,NA,NA,0.248813782720098,NA,NA,NA,NA,NA,NA,NA,NA,NA,NA,NA,NA,NA,NA,NA,NA,NA,NA,NA,NA,NA,NA,NA,NA,NA,NA,NA,NA,NA,NA,NA,0.74941808802671,NA,NA,NA,NA,0.856044144528086,NA,NA,NA,NA,NA,NA,NA,NA,NA,0.984203420687673,NA,NA,NA,0.690409663982945,NA,NA,NA,NA,NA,NA,NA,NA,NA,NA
"HMDB0302107",NA,NA,NA,NA,NA,NA,NA,NA,NA,NA,NA,NA,NA,NA,NA,NA,NA,NA,NA,NA,NA,NA,NA,NA,NA,NA,NA,NA,NA,NA,NA,NA,NA,NA,NA,NA,NA,NA,NA,NA,NA,NA,NA,NA,NA,NA,NA,NA,NA,NA,NA,NA,NA,0.0537495503167952,NA,NA,NA,NA,NA,NA,NA,NA,NA,NA,NA,NA,NA,NA,NA,NA,NA,NA,NA,NA,NA,NA,NA,NA,NA,NA,NA,NA,NA,NA,NA,NA,NA,NA,NA,NA,NA,NA,NA,NA,NA,NA,NA,NA,NA,NA,NA,NA,NA,NA,NA,NA,NA,NA,NA,NA,NA,NA,NA,NA,NA,NA,NA,NA,NA,NA,NA,NA,NA,NA,NA,NA,NA,NA,NA,NA,NA,NA,NA,NA,NA,NA,NA,NA,0.760177411061411,NA,NA,0.644940224428718,NA,NA,NA,NA,NA,NA,NA,0.928485948062081,NA,NA,NA,NA,NA,NA,NA,0.797344286568133,NA,NA,NA,NA,0.156966482775883,NA,NA,0.679825648519737,0.60677475978502,NA,NA,NA,0.142648704312211,0.708389234197702,0.927523753196522,NA,0.409509776688394,NA,NA,NA,0.0600643670735889,NA,NA,0.132536642482097,0.621699398497278,NA,NA,NA,NA,NA,NA,NA,NA,NA,NA,NA,NA,0.87232920232274,NA,NA,0.84653567858814,NA,NA,NA,NA,NA,NA,NA,NA,NA,NA,0.568419328733627,0.548925370398087,NA,NA,NA,NA,NA,NA,NA,NA,NA,0.179223343370596,NA,0.0245984451988608,NA,NA,0.181760921701342,NA,NA,NA,NA,NA,NA,0.150959086608804,NA,NA,0.905047931711767,NA,NA,NA,NA,NA,NA,NA,NA,NA,NA,NA,NA,NA,NA,NA,NA,NA,NA,NA,NA,NA,NA,NA,NA,NA,NA,NA,NA,0.77485051165248,NA,NA,NA,NA,0.814616871795764,NA,NA,NA,NA,NA,NA,NA,NA,NA,NA,NA,NA,NA,0.706917933244416,NA,NA,NA,NA,NA,NA,NA,NA,NA,NA
"HMDB0304028",NA,NA,NA,NA,NA,NA,NA,NA,NA,NA,NA,NA,NA,NA,NA,NA,NA,NA,0.000215300585470074,NA,NA,NA,NA,NA,NA,NA,NA,NA,NA,NA,NA,NA,NA,NA,NA,NA,NA,NA,NA,NA,NA,NA,NA,NA,NA,NA,NA,NA,NA,NA,NA,NA,NA,NA,NA,NA,NA,NA,NA,NA,NA,NA,NA,NA,NA,NA,NA,NA,NA,NA,NA,NA,NA,NA,NA,NA,NA,NA,NA,NA,NA,NA,NA,NA,NA,NA,NA,NA,NA,NA,NA,NA,NA,NA,NA,NA,NA,NA,NA,NA,NA,NA,NA,NA,NA,NA,NA,NA,NA,NA,NA,NA,NA,NA,NA,NA,NA,NA,NA,NA,NA,NA,NA,NA,NA,NA,NA,NA,NA,NA,NA,NA,NA,NA,NA,NA,NA,NA,NA,NA,NA,NA,NA,NA,NA,NA,NA,NA,0.00262053949788067,NA,NA,NA,NA,NA,NA,NA,0.205927705506736,NA,NA,NA,NA,NA,NA,NA,NA,NA,NA,NA,NA,NA,NA,NA,NA,NA,NA,NA,NA,NA,NA,NA,NA,NA,NA,NA,NA,NA,NA,NA,NA,NA,NA,NA,0.196062147149973,NA,NA,NA,NA,NA,NA,NA,NA,NA,NA,0.00716037749740351,NA,NA,NA,0.00119743178634943,NA,NA,NA,NA,0.516285709470755,NA,NA,NA,NA,NA,NA,NA,NA,NA,0.0740923453326073,NA,NA,NA,0.175829660360101,0.738029535031489,NA,NA,NA,NA,NA,NA,NA,NA,0.188482910495295,NA,NA,NA,NA,NA,NA,0.104471348293149,NA,0.341978366902956,NA,NA,NA,NA,NA,NA,NA,NA,NA,NA,NA,NA,NA,0.963517221907431,NA,0.203403032086508,NA,NA,NA,NA,NA,NA,NA,NA,0.0932773732868353,0.819674262910506,0.399006235087154,0.71831188629264,NA,NA,NA,NA,NA,NA,NA,0.252637616056732,NA,NA,NA,NA,0.183146519893065,NA,0.626582241607209,NA,NA,0.7363164311856,NA,NA
"HMDB0029292",NA,NA,NA,NA,NA,NA,NA,NA,NA,NA,NA,NA,NA,NA,NA,NA,NA,NA,NA,NA,NA,NA,NA,NA,NA,NA,NA,NA,NA,NA,NA,NA,NA,NA,NA,NA,NA,NA,NA,NA,NA,NA,NA,NA,NA,NA,NA,NA,NA,NA,NA,NA,NA,NA,NA,NA,NA,0.091008093130585,NA,NA,NA,NA,NA,NA,NA,NA,NA,NA,NA,NA,NA,NA,NA,NA,NA,NA,NA,NA,NA,NA,NA,NA,NA,NA,NA,NA,NA,NA,NA,NA,NA,NA,NA,NA,NA,NA,NA,NA,NA,NA,NA,NA,NA,NA,NA,NA,NA,NA,NA,NA,NA,NA,NA,NA,NA,NA,NA,NA,NA,NA,NA,NA,NA,NA,NA,NA,NA,NA,NA,NA,NA,NA,NA,NA,NA,NA,NA,NA,NA,NA,NA,NA,NA,NA,0.680353162018151,0.830903542037524,NA,NA,NA,0.0352022153432432,0.120118801915026,NA,0.607513727471804,0.966603693322912,NA,NA,NA,0.193797247349618,NA,0.0334166724020322,NA,0.550769740868669,0.488150576621983,NA,NA,NA,NA,NA,NA,NA,0.428000654054766,0.257650054702454,0.964192901038984,NA,0.303939652532381,NA,0.021080725084047,0.0751373162201559,7.20933292512344e-05,NA,NA,0.0507990851156962,0.216760171072136,0.000583309200625798,NA,0.952535372659089,0.0242386705160367,0.631162021439721,NA,0.804888023476355,NA,NA,NA,NA,0.707020479601467,NA,0.963256858899641,NA,NA,NA,NA,NA,NA,NA,NA,NA,NA,NA,NA,NA,NA,0.983002468820284,0.551643793754734,0.0305869690640663,0.0568556610354661,0.841835045131,0.355549355316792,NA,0.154369955799402,NA,NA,0.0808174597941262,0.873181673507232,NA,NA,NA,6.49512894207217e-05,0.773606303717603,0.0785085119104055,NA,0.00139847211685829,NA,NA,NA,0.0461521212821543,NA,NA,0.0223267269278272,NA,NA,NA,NA,0.0117841313323233,NA,NA,0.324873531919047,0.0760324222177861,NA,0.19813519184143,NA,NA,0.255359575597964,NA,NA,0.498474482245786,NA,0.162904716980863,0.016880876474905,NA,NA,0.975041045778394,0.0134116817762195,NA,NA,NA,NA,NA,0.0039042200956841,0.000347711361912396,NA,NA,NA,NA,NA,NA,NA,0.418052085794415,0.619641225318053,NA,NA,0.567724409134211,NA,NA,0.799338895415608,NA,NA,NA,NA,NA,NA,NA,NA,0.166375883263279,0.0332271695315206
"HMDB0062747",NA,NA,NA,NA,NA,NA,NA,NA,NA,NA,NA,NA,NA,NA,NA,NA,NA,NA,NA,NA,NA,NA,NA,NA,NA,NA,NA,NA,NA,NA,NA,NA,NA,NA,NA,NA,NA,NA,NA,NA,NA,NA,NA,NA,NA,NA,NA,NA,NA,NA,NA,NA,NA,NA,NA,NA,NA,NA,NA,NA,NA,NA,NA,NA,NA,NA,NA,NA,NA,NA,NA,NA,NA,NA,NA,NA,NA,NA,NA,NA,NA,NA,NA,NA,NA,NA,NA,NA,NA,NA,NA,NA,NA,NA,NA,NA,NA,NA,NA,NA,NA,NA,NA,NA,NA,NA,NA,NA,NA,NA,NA,NA,NA,NA,NA,NA,0.000227801480684534,NA,NA,NA,NA,NA,NA,NA,NA,NA,NA,NA,NA,NA,NA,NA,NA,NA,NA,NA,NA,NA,NA,NA,NA,NA,NA,NA,NA,NA,NA,NA,0.684587687005192,NA,NA,NA,NA,NA,NA,NA,NA,NA,NA,NA,NA,NA,NA,NA,NA,NA,NA,0.867029037845972,NA,NA,NA,NA,NA,NA,NA,NA,NA,NA,NA,NA,NA,NA,NA,NA,NA,NA,NA,NA,NA,NA,0.0768895902702113,NA,NA,NA,NA,NA,NA,NA,NA,NA,NA,NA,NA,NA,NA,NA,0.37893630647245,NA,NA,NA,NA,NA,NA,NA,NA,NA,NA,NA,NA,NA,NA,NA,NA,NA,0.350218612283539,NA,NA,NA,NA,NA,NA,NA,NA,NA,NA,NA,NA,NA,NA,NA,NA,0.325602042636097,NA,NA,NA,NA,NA,0.506046942412186,NA,NA,NA,NA,NA,NA,NA,NA,NA,0.194474213586654,NA,NA,0.185149030738101,NA,NA,NA,NA,0.246058922868206,NA,NA,NA,NA,NA,NA,NA,NA,NA,NA,NA,NA,NA,NA,NA,NA,NA,NA,NA,NA,0.0512931620697018,NA,NA,NA,NA,NA,NA,NA
"HMDB0028990",NA,NA,NA,NA,NA,NA,NA,NA,NA,NA,NA,NA,NA,NA,NA,NA,NA,NA,NA,NA,NA,NA,0.0483789171029646,NA,NA,NA,NA,NA,NA,NA,NA,NA,NA,NA,NA,NA,NA,NA,NA,NA,NA,NA,NA,0.00723113638109105,NA,NA,NA,NA,NA,NA,NA,NA,NA,NA,NA,NA,NA,NA,NA,NA,NA,NA,NA,NA,NA,0.152130118947378,NA,NA,NA,NA,NA,NA,NA,NA,NA,NA,NA,NA,NA,NA,NA,NA,NA,NA,NA,NA,NA,NA,NA,NA,NA,NA,NA,NA,NA,NA,NA,NA,0.607868632155551,NA,NA,NA,NA,NA,NA,NA,NA,NA,NA,NA,NA,NA,NA,NA,NA,NA,NA,NA,NA,NA,NA,NA,NA,NA,NA,NA,NA,NA,NA,NA,NA,NA,NA,NA,NA,NA,NA,NA,NA,NA,NA,NA,NA,NA,NA,NA,NA,NA,NA,0.605543360746146,NA,NA,NA,NA,NA,NA,0.133433135581749,NA,NA,NA,0.150074716473535,NA,NA,NA,NA,0.475793049112172,0.118194555969631,0.419684828430889,0.637519904129655,NA,NA,NA,NA,0.200058220537041,NA,NA,NA,NA,0.464784728342716,NA,NA,NA,NA,NA,NA,NA,NA,0.832679730973802,NA,NA,NA,0.0481762299079814,NA,NA,NA,0.176955635320621,NA,0.00575479756069408,NA,NA,0.00716037749740351,NA,NA,NA,0.223070313555387,NA,0.270422513320244,0.00456900856551074,NA,0.044574620761184,0.135326527958603,NA,0.966872943014441,NA,NA,NA,NA,0.0223144777809007,NA,0.314439250523524,0.0482730510191168,NA,NA,NA,NA,NA,NA,NA,0.109013989848785,NA,NA,0.308895010499062,NA,0.841360670941625,NA,0.608486890699426,0.874837070145256,0.323994369370656,0.00142822779178751,NA,NA,0.0309456193881417,NA,NA,0.0229308942845022,NA,NA,NA,NA,0.256952552636663,NA,NA,0.194420679813698,0.00841953996706363,0.213354449174449,0.604305153203537,NA,NA,NA,NA,NA,0.500924936801925,NA,NA,NA,0.0159441351918394,NA,0.001900211423733,0.0889370537818576,0.859990937718753,NA,0.0921607078069078,NA,NA,NA,NA,NA,0.136352924326794,NA,NA,NA,NA,0.612517760258893,NA,NA,0.0323545665322325,0.378795786806959,NA,NA,NA,NA,NA,NA,0.47890303487955
"HMDB0304338",NA,NA,NA,NA,NA,NA,NA,NA,NA,NA,NA,NA,NA,NA,NA,NA,NA,NA,NA,NA,0.265476068275599,NA,NA,NA,NA,NA,NA,NA,NA,NA,NA,NA,NA,NA,NA,NA,NA,NA,NA,NA,NA,NA,NA,NA,NA,NA,NA,NA,NA,NA,NA,NA,NA,NA,NA,NA,NA,NA,NA,NA,NA,NA,NA,NA,NA,NA,NA,NA,NA,NA,NA,NA,NA,NA,NA,NA,NA,NA,NA,NA,NA,NA,NA,NA,NA,NA,NA,NA,NA,NA,NA,NA,NA,NA,NA,NA,NA,NA,NA,NA,NA,NA,NA,NA,NA,NA,NA,NA,NA,NA,NA,NA,NA,NA,NA,0.165039609740111,NA,NA,NA,NA,NA,NA,NA,NA,NA,NA,NA,NA,NA,NA,NA,NA,NA,NA,NA,NA,NA,NA,NA,NA,NA,NA,0.892689078879516,NA,NA,0.00572950101887774,NA,NA,NA,0.0582077977912845,NA,NA,NA,NA,NA,NA,0.120666923281189,NA,NA,NA,0.447095544455037,NA,0.0356040235257399,NA,NA,0.0322484279205305,NA,NA,NA,NA,NA,NA,0.26911383811326,NA,NA,0.374128244783042,NA,NA,NA,NA,NA,NA,NA,NA,NA,NA,NA,NA,NA,NA,NA,NA,NA,NA,NA,NA,0.922135712586352,NA,NA,NA,NA,NA,NA,0.223070313555387,NA,NA,NA,NA,NA,NA,NA,NA,NA,NA,NA,NA,NA,0.290292664128113,NA,NA,NA,NA,0.303911727941814,NA,NA,NA,NA,NA,NA,NA,NA,NA,NA,NA,NA,0.365370314006888,NA,0.13360647377655,NA,NA,NA,NA,NA,NA,NA,0.373132520848834,NA,NA,NA,NA,NA,NA,NA,0.365416898222847,NA,NA,NA,NA,NA,NA,NA,NA,NA,NA,NA,NA,NA,NA,0.0476950073306537,NA,NA,NA,NA,NA,NA,NA,NA,NA,NA,NA,NA,NA,0.532914211390103,NA,NA,NA,NA,NA,NA,NA,NA,NA,NA,0.112005449643739
"HMDB0029112",NA,NA,NA,NA,NA,NA,NA,NA,NA,NA,0.00426598673772428,NA,NA,NA,NA,NA,NA,NA,NA,NA,NA,NA,NA,NA,NA,NA,NA,NA,NA,NA,NA,NA,NA,NA,NA,NA,NA,NA,NA,NA,NA,NA,NA,NA,NA,NA,NA,NA,NA,NA,NA,NA,NA,NA,NA,NA,NA,NA,NA,NA,NA,NA,0.667614461443741,NA,NA,NA,NA,NA,NA,NA,NA,NA,NA,NA,NA,NA,NA,NA,NA,NA,NA,NA,NA,NA,NA,NA,NA,NA,NA,NA,NA,NA,NA,NA,NA,NA,NA,NA,NA,NA,NA,NA,NA,NA,NA,NA,NA,NA,NA,NA,NA,NA,NA,NA,NA,NA,NA,NA,NA,NA,NA,NA,NA,NA,NA,NA,NA,NA,NA,NA,NA,NA,NA,NA,NA,NA,NA,NA,NA,NA,NA,NA,NA,NA,NA,0.87408322034414,NA,NA,NA,NA,0.313893611847854,NA,NA,NA,NA,NA,NA,NA,NA,NA,NA,NA,NA,0.0837612112038837,NA,NA,NA,NA,NA,NA,NA,NA,0.00352299644268265,NA,NA,NA,NA,NA,NA,NA,0.197201132521352,NA,NA,NA,NA,0.0244041226968245,NA,NA,NA,NA,NA,NA,NA,0.000541770772456955,NA,NA,0.00237888967251755,NA,NA,NA,NA,NA,NA,NA,NA,NA,NA,0.214319243657054,NA,NA,NA,0.000517575005740146,NA,NA,NA,NA,NA,NA,NA,0.401582252203729,NA,NA,NA,NA,NA,NA,NA,0.0372035524534596,NA,NA,NA,NA,NA,NA,NA,0.0294560011473846,NA,NA,0.0114822877495519,0.560289229559792,NA,NA,NA,NA,NA,NA,NA,NA,0.0852071877552142,0.110405093660868,NA,NA,NA,NA,0.0543487302918055,0.00174210363707862,NA,0.000798877946934502,NA,NA,NA,NA,NA,0.275184428813739,NA,NA,NA,NA,NA,NA,NA,NA,NA,NA,NA,0.0380581466650154,NA,NA,NA,NA,0.0466691363383414,NA,NA,0.0186459928829647,0.974223972609276,0.102533404587119,NA,0.109672932834986,NA,0.168278398216796,NA,NA,0.0485205822713566,NA
"HMDB0002183",NA,NA,NA,NA,NA,NA,NA,NA,NA,NA,NA,NA,NA,NA,NA,NA,NA,NA,NA,NA,NA,NA,NA,NA,NA,NA,NA,NA,NA,NA,NA,NA,NA,NA,NA,NA,NA,NA,NA,NA,NA,NA,NA,NA,NA,NA,NA,NA,NA,NA,NA,NA,NA,NA,NA,NA,NA,NA,NA,NA,NA,NA,NA,NA,NA,NA,NA,NA,NA,NA,NA,NA,NA,NA,NA,NA,NA,NA,NA,NA,NA,NA,NA,NA,NA,NA,NA,NA,NA,NA,NA,NA,NA,0.00165192833375003,NA,NA,NA,NA,NA,NA,NA,NA,NA,NA,NA,NA,NA,NA,NA,NA,NA,NA,NA,NA,NA,NA,NA,NA,NA,NA,NA,NA,NA,NA,NA,NA,NA,NA,NA,NA,NA,NA,NA,NA,NA,NA,NA,NA,NA,NA,NA,NA,NA,NA,0.0169077591798785,NA,NA,NA,0.753443919817138,NA,NA,NA,NA,NA,NA,NA,NA,NA,NA,NA,NA,NA,NA,NA,NA,NA,NA,0.149897777890376,NA,NA,NA,NA,NA,NA,0.00199458646465165,NA,NA,NA,NA,NA,NA,NA,NA,NA,NA,NA,NA,0.0491917730927953,NA,NA,NA,NA,0.0104490872779588,NA,NA,NA,NA,0.00503507034504614,NA,NA,NA,NA,0.37893630647245,0.270422513320244,NA,NA,NA,NA,NA,NA,NA,NA,NA,NA,NA,NA,NA,NA,NA,NA,NA,NA,NA,NA,NA,NA,NA,NA,NA,NA,NA,NA,NA,NA,NA,NA,NA,NA,NA,NA,NA,0.087632615279443,NA,NA,NA,NA,NA,0.82681686468787,NA,NA,NA,NA,NA,0.18000155062145,NA,NA,NA,NA,NA,NA,NA,NA,NA,NA,NA,0.0682070935088293,NA,NA,NA,NA,0.0067603696128211,0.201295368145611,NA,NA,NA,NA,NA,NA,NA,NA,NA,0.00472918279270241,NA,NA,NA,NA,NA,NA,NA,NA,NA,0.00193789730408598,NA,NA
"HMDB0304801",NA,NA,NA,NA,NA,NA,NA,NA,NA,NA,0.000855922705143303,0.803984590165392,NA,NA,NA,NA,NA,NA,NA,0.0416146440794187,NA,NA,NA,NA,NA,NA,NA,NA,NA,NA,NA,NA,NA,NA,NA,NA,NA,NA,NA,NA,NA,NA,NA,NA,NA,NA,NA,NA,NA,NA,NA,NA,NA,NA,NA,NA,NA,NA,NA,NA,NA,NA,NA,NA,NA,NA,NA,NA,NA,0.0307273056525737,NA,NA,NA,NA,NA,NA,NA,NA,NA,NA,NA,NA,NA,NA,NA,NA,NA,NA,NA,NA,NA,0.181287662244744,NA,NA,NA,NA,NA,NA,NA,NA,NA,NA,NA,NA,NA,NA,NA,NA,NA,NA,NA,NA,NA,NA,NA,NA,NA,NA,NA,NA,NA,NA,NA,NA,NA,NA,NA,NA,NA,NA,NA,NA,NA,NA,NA,NA,NA,NA,NA,NA,NA,NA,NA,NA,0.917052425855258,NA,NA,NA,NA,0.105493005552087,NA,NA,NA,NA,NA,NA,NA,0.844803641431208,NA,NA,NA,0.52251042691201,0.361855518036771,NA,NA,NA,NA,NA,NA,NA,0.380473170714875,0.728627907620682,NA,NA,NA,NA,NA,NA,NA,NA,0.386041111780657,0.011614381644126,0.0825455153890265,NA,NA,0.586230479184513,NA,NA,NA,NA,NA,NA,NA,NA,NA,NA,NA,NA,NA,NA,0.00119743178634943,NA,NA,0.00456900856551074,NA,0.214319243657054,NA,NA,NA,NA,NA,0.813989272856059,NA,NA,0.232131859503813,NA,NA,NA,NA,0.388762992779584,NA,NA,0.0380310484948039,NA,NA,0.0117532639199272,NA,NA,0.0314462405509134,NA,NA,NA,NA,NA,NA,0.0941620323698539,NA,NA,0.0199282544435592,NA,NA,NA,NA,NA,NA,NA,NA,NA,NA,NA,NA,NA,NA,NA,NA,NA,NA,NA,NA,NA,NA,NA,NA,NA,NA,NA,NA,NA,0.0299197582353921,0.0284267966164997,0.948141695505147,NA,NA,NA,NA,NA,NA,NA,NA,NA,NA,NA,NA,NA,NA,NA,NA,NA,NA,NA,NA,NA,NA,0.631270791560494
"HMDB0005764",NA,NA,NA,NA,NA,NA,NA,NA,NA,NA,NA,NA,NA,NA,NA,NA,NA,NA,NA,NA,NA,NA,NA,NA,NA,NA,NA,NA,NA,NA,NA,NA,NA,NA,NA,NA,NA,NA,NA,NA,NA,NA,NA,NA,NA,NA,NA,NA,NA,NA,NA,NA,NA,NA,NA,NA,NA,NA,NA,NA,NA,NA,NA,NA,NA,NA,NA,NA,NA,NA,NA,NA,NA,NA,NA,NA,NA,NA,NA,NA,NA,NA,NA,NA,NA,NA,NA,NA,NA,NA,NA,NA,NA,0.942877131437788,NA,NA,NA,NA,NA,NA,NA,NA,NA,NA,NA,NA,NA,NA,NA,NA,NA,0.000108967016006166,NA,NA,NA,NA,NA,NA,NA,NA,NA,NA,NA,NA,NA,NA,NA,NA,NA,NA,NA,NA,NA,NA,NA,NA,NA,NA,NA,0.11667647375285,NA,NA,NA,0.0933198941778611,NA,NA,NA,NA,NA,NA,NA,NA,NA,NA,NA,NA,NA,NA,NA,NA,NA,NA,NA,NA,NA,NA,NA,NA,NA,0.362060834306511,NA,NA,NA,NA,NA,NA,NA,NA,NA,NA,NA,NA,NA,NA,0.112665383384269,NA,NA,NA,NA,NA,0.00510411671177015,NA,NA,NA,NA,NA,NA,NA,NA,NA,NA,NA,NA,NA,NA,NA,NA,NA,NA,NA,NA,NA,NA,NA,NA,NA,NA,NA,NA,NA,NA,NA,NA,NA,NA,NA,NA,NA,NA,0.648405102492941,NA,NA,NA,NA,NA,0.104607035218251,NA,0.712104455785892,NA,NA,NA,NA,NA,NA,NA,NA,NA,NA,NA,0.216940846958394,NA,NA,0.0453849417049709,NA,NA,0.482036775899261,NA,NA,NA,NA,NA,NA,0.40086318137902,0.118803821678938,NA,NA,0.86258641401176,NA,NA,NA,NA,NA,NA,NA,0.0394955167501032,NA,0.118081354739047,NA,0.0977531424978181,NA,NA,NA,0.182592473534154,NA,NA,NA,0.335511879736207,NA,NA,0.0034635586992955,NA,NA,NA,NA
"HMDB0302836",NA,NA,NA,NA,NA,NA,NA,NA,NA,NA,NA,NA,NA,NA,NA,NA,NA,NA,NA,NA,NA,NA,NA,NA,NA,NA,NA,NA,NA,NA,NA,NA,NA,NA,NA,NA,NA,NA,NA,NA,NA,NA,NA,NA,NA,NA,NA,NA,NA,NA,NA,NA,NA,NA,NA,NA,NA,NA,NA,NA,NA,NA,NA,NA,NA,NA,NA,NA,NA,NA,NA,NA,NA,NA,NA,NA,NA,NA,NA,NA,NA,NA,NA,NA,NA,NA,NA,NA,NA,NA,NA,NA,NA,NA,NA,NA,NA,NA,NA,NA,NA,NA,NA,NA,NA,NA,NA,NA,NA,NA,NA,NA,NA,NA,NA,NA,NA,NA,NA,NA,NA,NA,NA,NA,NA,NA,NA,NA,NA,NA,NA,NA,NA,NA,NA,NA,NA,NA,NA,NA,NA,NA,NA,NA,NA,NA,NA,NA,NA,NA,NA,0.0887377575101898,NA,NA,NA,NA,NA,NA,NA,NA,NA,NA,NA,NA,NA,NA,NA,NA,NA,NA,NA,NA,NA,0.444895270957552,NA,NA,NA,NA,0.744495258042226,NA,NA,NA,NA,0.908080687150376,NA,NA,NA,NA,NA,NA,NA,NA,NA,NA,NA,0.903114654742044,NA,0.464487881600151,0.749192211399017,0.568419328733627,NA,NA,NA,0.044574620761184,NA,NA,NA,NA,NA,NA,0.00870329321897619,NA,NA,NA,NA,NA,NA,0.0213931472026631,NA,NA,0.545789876915207,NA,NA,NA,NA,NA,NA,NA,NA,NA,NA,NA,NA,NA,NA,NA,NA,NA,NA,NA,NA,NA,NA,NA,NA,NA,NA,NA,NA,NA,0.244587287894798,NA,NA,0.752608946692441,NA,NA,NA,NA,NA,NA,NA,NA,NA,NA,NA,NA,NA,0.571407833475399,NA,NA,NA,NA,NA,NA,NA,NA,0.704487809359519,NA,NA,0.697123401794374,NA,NA,NA,NA,NA,NA,NA,NA,NA,NA,NA,NA,NA,NA
"HMDB0030936",NA,NA,NA,NA,NA,NA,NA,NA,NA,NA,NA,NA,NA,NA,NA,NA,NA,NA,NA,NA,NA,NA,NA,NA,NA,NA,NA,NA,NA,NA,NA,NA,NA,NA,NA,NA,NA,NA,NA,NA,NA,NA,NA,NA,NA,NA,NA,NA,NA,NA,NA,NA,NA,NA,NA,NA,NA,NA,NA,NA,NA,NA,NA,NA,NA,NA,NA,NA,NA,NA,NA,NA,NA,NA,NA,NA,NA,NA,NA,NA,NA,NA,NA,NA,NA,NA,NA,NA,NA,NA,NA,NA,NA,NA,NA,NA,NA,NA,NA,NA,NA,NA,NA,NA,NA,NA,NA,NA,NA,NA,NA,NA,NA,NA,NA,NA,NA,NA,NA,NA,NA,NA,NA,NA,NA,NA,NA,NA,NA,NA,NA,NA,NA,NA,NA,NA,NA,NA,NA,NA,NA,NA,NA,NA,NA,NA,NA,NA,NA,0.534677074180784,NA,NA,NA,NA,NA,NA,0.236979252605199,NA,NA,NA,NA,NA,NA,NA,NA,NA,NA,0.165835097037017,NA,NA,NA,NA,0.326763025024172,0.20118683235139,NA,NA,NA,NA,0.727706946520617,NA,NA,NA,NA,0.424818281383656,NA,NA,NA,NA,NA,NA,NA,NA,NA,NA,NA,0.56123754044311,NA,0.0616721225351091,0.512098239832803,0.548925370398087,NA,NA,NA,0.135326527958603,NA,NA,NA,NA,NA,0.00870329321897619,NA,NA,NA,NA,NA,NA,NA,0.228830714860342,NA,NA,0.104626870455168,NA,NA,NA,NA,NA,NA,NA,NA,NA,NA,NA,NA,NA,0.0568920494220492,NA,NA,NA,NA,NA,0.899353064992789,NA,NA,NA,NA,NA,NA,NA,NA,NA,NA,NA,NA,0.691440211704022,NA,0.740011056091431,NA,NA,NA,NA,NA,NA,NA,NA,NA,NA,NA,0.947837951929974,NA,NA,NA,NA,NA,NA,NA,NA,NA,NA,NA,NA,NA,NA,0.240906274127366,NA,NA,NA,NA,NA,NA,NA,NA,NA,NA,NA
"HMDB0029160",NA,NA,NA,NA,NA,NA,NA,NA,NA,NA,NA,NA,NA,NA,NA,NA,NA,NA,NA,NA,NA,NA,NA,NA,NA,NA,NA,NA,NA,NA,NA,NA,NA,NA,NA,NA,NA,NA,NA,NA,NA,NA,NA,NA,NA,NA,NA,NA,NA,NA,NA,NA,NA,NA,NA,NA,NA,NA,NA,NA,NA,NA,NA,NA,NA,NA,NA,NA,NA,NA,NA,NA,NA,NA,NA,NA,NA,NA,NA,NA,NA,NA,NA,NA,NA,NA,NA,NA,NA,NA,NA,NA,NA,NA,NA,NA,NA,NA,NA,NA,NA,NA,NA,NA,NA,NA,NA,NA,NA,NA,NA,NA,NA,NA,NA,NA,NA,NA,NA,NA,NA,NA,NA,NA,NA,NA,NA,NA,NA,NA,NA,NA,NA,NA,NA,NA,0.931193510571614,0.366012263974494,NA,NA,NA,0.377165077347496,0.901083124114722,NA,0.437625205082953,NA,NA,NA,NA,0.312334417727679,NA,NA,NA,NA,NA,NA,NA,0.699543845474242,0.100642572497407,0.477015067789856,NA,0.152457935175765,0.292697060654898,0.523688149676275,NA,NA,NA,0.0395411985508598,NA,NA,0.864033775004177,0.46084037871646,0.436208828083722,NA,0.285366181146112,NA,NA,NA,NA,NA,0.142082699071039,NA,0.860956086970358,NA,NA,0.077536343752621,0.732342340621189,NA,NA,NA,NA,NA,NA,NA,NA,0.141890193609875,0.514822720504742,NA,NA,NA,NA,0.983002468820284,NA,NA,NA,0.000517575005740146,NA,0.813989272856059,NA,NA,NA,NA,NA,0.898749502553343,0.60472080464727,0.172605809154716,NA,NA,0.70176351500814,0.364728618730547,NA,NA,0.236007773509902,NA,NA,NA,NA,NA,0.0875828471415285,NA,0.277305947307199,NA,NA,NA,NA,0.00813220266753629,NA,0.0942239140812797,0.0631559868617008,NA,NA,NA,NA,NA,NA,NA,NA,NA,NA,NA,NA,0.410341178048394,0.172353764033584,NA,NA,0.0774561051165626,0.828714140037631,NA,NA,NA,NA,NA,NA,NA,NA,NA,0.0381829734550831,NA,NA,NA,NA,NA,NA,NA,NA,NA,0.082697713116967,0.864140882820125,NA,NA,NA,NA,NA,NA,NA,NA,NA,NA,NA,NA,NA,NA,NA,0.0675172023885888
"HMDB0060474",NA,NA,NA,NA,NA,NA,NA,NA,NA,NA,NA,NA,NA,NA,NA,NA,NA,NA,NA,NA,NA,NA,NA,NA,NA,NA,NA,NA,NA,NA,NA,NA,NA,NA,NA,NA,NA,NA,NA,NA,NA,NA,NA,0.00553119504283838,NA,NA,NA,NA,NA,NA,NA,NA,NA,NA,NA,NA,NA,NA,NA,NA,NA,NA,NA,NA,NA,NA,NA,NA,NA,NA,NA,NA,NA,NA,NA,NA,NA,NA,NA,NA,NA,NA,NA,NA,NA,NA,NA,NA,NA,NA,NA,NA,NA,NA,NA,NA,NA,NA,NA,NA,NA,NA,NA,NA,NA,NA,NA,NA,NA,NA,NA,NA,NA,NA,NA,NA,NA,NA,NA,NA,NA,NA,NA,NA,NA,NA,NA,NA,NA,NA,NA,NA,NA,NA,NA,NA,NA,NA,NA,NA,NA,NA,NA,NA,0.195100507393836,NA,NA,NA,0.193896810318187,0.0123733439081122,0.0165372488817711,NA,NA,NA,NA,NA,0.048376411961485,0.0447017454223662,NA,0.693091547256638,NA,0.446735327807132,NA,NA,NA,0.72614860410159,NA,0.033116130573787,NA,NA,NA,NA,NA,NA,NA,NA,NA,0.755290715846098,NA,NA,NA,NA,NA,NA,NA,0.100723027790327,0.136439016750723,0.565918677683297,NA,0.0924748804636439,0.979190027592692,0.0337033537734322,0.0260350435980928,NA,0.58871217104935,NA,0.877859760137762,NA,NA,NA,0.516285709470755,0.551643793754734,NA,0.966872943014441,NA,NA,NA,NA,NA,NA,NA,NA,NA,0.137914594862637,NA,0.0721184488314955,NA,NA,0.252199698131255,NA,NA,NA,NA,NA,0.251406480724312,NA,NA,NA,NA,NA,NA,NA,0.339473955492291,NA,NA,NA,0.0333414176109547,NA,NA,NA,NA,0.0250568609078644,NA,NA,NA,NA,NA,0.61406122671551,0.613344250139963,NA,NA,0.936422389119647,NA,0.0426612595168119,0.337293005629922,NA,0.0360883622015166,0.664268760872525,NA,0.000289591811690221,0.74920219164621,0.241882646717492,NA,0.0169080475936764,0.880793902088441,0.0453804370386708,NA,0.00394581122159931,NA,NA,NA,0.63460134736581,NA,NA,NA,0.208555460528948,0.577320951301864,0.523906728104112,NA,0.548616952988173,NA,0.650660603044383,0.0195783296533703,0.122268743213317,0.12736059878571,0.171958594441813,0.102723377500573,NA,NA,NA,NA,0.277032617297492,0.489063843585323,NA
"HMDB0001442",NA,NA,NA,NA,NA,NA,NA,NA,NA,NA,NA,NA,NA,NA,NA,NA,NA,NA,NA,NA,NA,NA,NA,NA,NA,NA,NA,NA,NA,NA,NA,NA,NA,NA,NA,NA,NA,NA,NA,NA,NA,NA,NA,NA,NA,NA,NA,NA,NA,NA,NA,NA,NA,NA,NA,NA,NA,0.0275886139601336,NA,NA,NA,NA,NA,NA,NA,NA,NA,NA,NA,NA,NA,0.0304113013867136,NA,NA,NA,NA,NA,NA,NA,NA,NA,NA,NA,NA,NA,NA,NA,NA,NA,NA,NA,NA,NA,NA,NA,NA,NA,NA,NA,NA,NA,NA,NA,NA,NA,NA,NA,NA,NA,NA,NA,NA,NA,NA,NA,NA,NA,NA,NA,NA,NA,NA,NA,NA,NA,NA,NA,NA,NA,NA,NA,NA,NA,NA,NA,NA,NA,NA,NA,NA,NA,NA,NA,NA,0.509446465441559,NA,NA,NA,NA,0.501052697207091,0.208924683030711,NA,0.748733122974875,NA,NA,NA,NA,0.408955522090014,NA,0.621272033871937,NA,0.941416186848668,0.759408696823087,NA,NA,NA,NA,NA,NA,NA,0.660303987098551,0.283219789967328,0.878601497361771,NA,0.754596998676011,NA,0.787927634940233,0.022267220559112,0.0195363705333946,NA,NA,NA,0.844455513494541,NA,NA,0.436060735620534,0.0687789955270636,0.465112191473111,NA,NA,NA,NA,NA,NA,0.12779466537978,NA,0.717275368895526,NA,NA,NA,NA,0.0305869690640663,NA,NA,NA,NA,NA,NA,NA,NA,NA,0.898749502553343,0.137914594862637,NA,0.679233226986943,0.168348402564867,0.926130953583655,NA,0.604110934573559,NA,NA,0.294360719043853,0.845043329517236,NA,NA,NA,0.256071480181821,0.852409617489392,NA,NA,0.00276829773992206,NA,NA,NA,0.0186052413715138,NA,NA,NA,NA,NA,NA,NA,0.906186955280174,NA,NA,NA,NA,NA,0.670041384674986,NA,NA,0.596557951324141,NA,NA,0.765471363505706,NA,0.754990191660382,0.438059146138216,NA,NA,NA,0.184700043346282,NA,NA,NA,NA,NA,NA,0.997047371833125,NA,NA,NA,NA,NA,NA,NA,0.542618055846593,0.58481167124421,NA,NA,0.0722100772383248,NA,NA,NA,NA,NA,NA,NA,NA,NA,NA,NA,NA,0.209979344567025
"HMDB0029681",NA,NA,NA,NA,NA,NA,NA,NA,NA,NA,NA,NA,NA,NA,NA,NA,NA,NA,NA,NA,NA,NA,NA,NA,NA,NA,NA,NA,NA,NA,NA,NA,NA,NA,NA,NA,NA,NA,NA,NA,NA,NA,NA,NA,NA,NA,NA,NA,NA,NA,NA,NA,NA,NA,NA,NA,NA,NA,NA,NA,NA,NA,NA,NA,NA,NA,NA,NA,NA,NA,NA,NA,NA,NA,NA,NA,NA,NA,NA,NA,NA,NA,NA,NA,NA,NA,NA,NA,NA,NA,NA,NA,NA,NA,NA,NA,NA,NA,NA,NA,NA,NA,NA,NA,NA,NA,NA,NA,NA,NA,NA,NA,NA,NA,NA,NA,NA,NA,NA,NA,NA,NA,NA,NA,NA,NA,NA,NA,NA,NA,NA,NA,NA,NA,NA,NA,NA,NA,NA,NA,NA,NA,NA,NA,0.37158049733175,0.826230115871359,NA,NA,NA,0.657827688252195,0.695406184516687,NA,0.671722545738719,0.537519851844054,NA,NA,NA,0.789176656692531,NA,0.281828293401933,NA,0.833426660635443,0.937809090815447,NA,NA,NA,NA,NA,NA,NA,0.195693676177837,0.682698266272008,0.376314930231835,NA,0.359886182897037,NA,NA,0.0232599764285094,0.00750178233346189,NA,NA,0.0323919021766779,0.503527548256794,NA,NA,0.748456795286294,0.102028867442607,NA,NA,NA,NA,NA,NA,NA,NA,NA,0.622849683079219,NA,NA,NA,NA,0.0568556610354661,NA,NA,NA,NA,NA,0.232131859503813,NA,NA,NA,0.60472080464727,NA,0.679233226986943,NA,0.0297717351007046,0.480299851932424,NA,0.856314503332771,NA,NA,0.918171724371591,0.798810988545508,NA,NA,NA,0.0686030008760395,0.466420560072645,0.320398000892693,NA,0.00198469949054313,NA,NA,NA,NA,NA,NA,NA,0.894057770294258,NA,NA,NA,0.045588237464457,NA,NA,0.193647501537211,NA,NA,0.494600932771359,NA,NA,0.431180527628273,NA,NA,0.868843940842009,NA,0.527563753549914,0.240881552104853,NA,NA,NA,0.0439191123668343,NA,NA,NA,NA,NA,NA,0.134982520893354,NA,NA,NA,NA,NA,NA,NA,0.847276146087294,NA,NA,0.706098748836981,0.660853368648589,NA,NA,NA,NA,NA,NA,NA,NA,NA,NA,NA,NA,0.23821870851274
"HMDB0000258",NA,NA,NA,NA,NA,NA,NA,NA,NA,NA,NA,NA,NA,NA,NA,NA,NA,NA,NA,NA,NA,NA,NA,NA,NA,NA,NA,NA,NA,NA,NA,NA,NA,NA,NA,NA,NA,NA,NA,NA,NA,NA,NA,NA,NA,NA,NA,NA,NA,NA,NA,NA,NA,NA,NA,NA,NA,NA,NA,NA,NA,NA,NA,NA,NA,NA,NA,NA,NA,NA,NA,NA,NA,NA,NA,NA,NA,NA,NA,NA,NA,NA,NA,NA,NA,NA,NA,NA,NA,NA,NA,NA,NA,NA,NA,NA,NA,NA,NA,NA,NA,NA,NA,NA,NA,NA,NA,NA,NA,NA,NA,NA,NA,NA,NA,NA,NA,NA,NA,NA,NA,NA,NA,NA,NA,NA,NA,NA,NA,NA,NA,NA,NA,NA,NA,NA,0.799200684316431,0.77535762983475,NA,NA,NA,NA,NA,NA,0.981534245877386,0.390056074803459,NA,NA,NA,0.769873566443593,0.98293631507138,NA,NA,0.490085443022963,NA,NA,NA,0.964950230190521,0.453687859919416,0.0112292098557216,NA,0.0669220310733615,0.68823450208744,NA,NA,NA,NA,0.0283482512882262,NA,NA,0.182657858814795,0.977775567274313,0.371824303748132,NA,0.641740631232863,NA,0.341052513353328,0.624865680227967,NA,NA,NA,NA,NA,NA,NA,NA,0.589411743038815,NA,NA,NA,0.00911661670556138,NA,NA,NA,NA,NA,0.195114612808295,NA,NA,NA,NA,0.841835045131,NA,NA,NA,NA,NA,NA,NA,NA,NA,0.172605809154716,0.0721184488314955,0.168348402564867,0.0297717351007046,NA,0.507539827500255,NA,0.441275504837405,NA,NA,0.279544258447694,0.595268734378641,NA,0.725277137821808,NA,0.0375587995172117,0.309938977829421,NA,NA,1.16115960862857e-05,NA,NA,NA,0.0291851171116301,NA,NA,NA,0.184112097018855,NA,NA,NA,0.107311358127361,NA,NA,NA,NA,NA,0.617832231667634,NA,NA,0.260619726121883,NA,NA,NA,NA,0.517943824915734,0.417115188479811,NA,NA,NA,0.136397107155588,NA,NA,NA,NA,NA,NA,0.139043008319265,NA,NA,NA,NA,NA,NA,NA,0.94113371938097,NA,NA,NA,NA,NA,NA,NA,NA,NA,NA,NA,NA,NA,NA,NA,NA,0.716026634226701
"HMDB0302684",NA,NA,NA,NA,NA,NA,0.023676468968368,NA,NA,NA,NA,NA,NA,NA,NA,NA,NA,NA,NA,NA,NA,NA,NA,NA,NA,NA,NA,NA,NA,NA,NA,NA,NA,NA,NA,NA,NA,NA,NA,0.0093716549944599,NA,NA,NA,NA,NA,NA,NA,NA,NA,NA,NA,NA,NA,NA,NA,NA,NA,0.0117773604504733,NA,NA,NA,NA,NA,NA,NA,NA,NA,NA,NA,NA,NA,NA,NA,NA,NA,NA,NA,NA,NA,NA,NA,NA,NA,NA,NA,NA,NA,NA,NA,NA,NA,NA,NA,NA,NA,NA,NA,NA,NA,NA,NA,NA,NA,NA,NA,NA,NA,NA,NA,NA,NA,NA,NA,NA,NA,NA,NA,NA,NA,NA,NA,NA,NA,NA,NA,NA,NA,NA,NA,NA,NA,NA,NA,NA,NA,NA,NA,NA,NA,NA,NA,NA,NA,NA,0.00823443441588513,0.553836994272843,NA,NA,NA,0.424561077650366,NA,NA,0.677014650723414,0.301551917415056,NA,NA,NA,0.0892938853049242,NA,0.615654566285531,NA,NA,NA,NA,NA,NA,NA,NA,NA,NA,NA,0.242094247618851,0.596055178847408,NA,NA,NA,0.11704382290276,NA,NA,NA,0.00863722269814174,NA,NA,NA,NA,NA,0.01698380438112,NA,NA,NA,NA,NA,NA,NA,NA,NA,NA,NA,NA,NA,NA,0.355549355316792,NA,NA,NA,NA,NA,NA,NA,NA,NA,NA,NA,0.926130953583655,0.480299851932424,0.507539827500255,NA,NA,0.608159082910349,NA,NA,0.892336492723177,NA,NA,NA,NA,0.439773335037456,NA,NA,NA,0.0198535249581164,NA,NA,NA,NA,NA,NA,NA,NA,NA,NA,NA,0.65843176277266,NA,NA,NA,NA,NA,0.59299877746165,NA,NA,NA,NA,NA,0.654753386354646,NA,0.845526096179594,0.0551963601835111,NA,NA,NA,0.00674834891719847,NA,NA,NA,NA,NA,NA,0.072411733453882,NA,NA,NA,NA,NA,NA,NA,NA,NA,NA,NA,0.0753309770973221,NA,NA,0.820178530247056,NA,NA,NA,NA,NA,NA,NA,NA,0.176431059784389,NA
"HMDB0004241",NA,NA,NA,NA,NA,NA,NA,NA,NA,NA,NA,NA,NA,NA,NA,NA,NA,NA,NA,NA,NA,NA,NA,NA,NA,NA,NA,NA,NA,NA,NA,NA,NA,NA,NA,NA,NA,NA,NA,NA,NA,NA,NA,NA,NA,NA,NA,NA,NA,NA,NA,NA,NA,NA,NA,NA,NA,NA,NA,NA,NA,NA,NA,NA,NA,NA,NA,NA,NA,NA,NA,NA,NA,NA,NA,NA,NA,NA,NA,NA,NA,NA,NA,NA,NA,NA,NA,NA,NA,NA,NA,NA,NA,NA,NA,NA,NA,NA,NA,NA,NA,NA,NA,NA,NA,NA,NA,NA,NA,NA,NA,NA,NA,NA,NA,NA,NA,NA,NA,NA,NA,NA,NA,NA,NA,NA,NA,NA,NA,NA,NA,NA,NA,NA,NA,NA,NA,NA,0.800972224528068,NA,NA,NA,0.123117298324815,NA,NA,NA,NA,NA,NA,0.922467183677321,NA,0.250233018192959,NA,NA,NA,NA,NA,NA,NA,NA,NA,NA,NA,NA,NA,NA,NA,NA,0.144727768741095,NA,NA,NA,NA,NA,NA,NA,NA,NA,NA,0.686563017040257,NA,NA,NA,NA,NA,NA,0.0786767850706958,NA,NA,NA,NA,NA,NA,NA,NA,NA,NA,0.490184550380618,NA,NA,NA,NA,NA,0.0223144777809007,0.290292664128113,NA,NA,NA,NA,0.0213931472026631,0.228830714860342,NA,NA,NA,NA,NA,NA,NA,NA,NA,0.206558017474521,NA,NA,0.846095803328813,NA,NA,NA,NA,NA,NA,NA,NA,0.700936354077409,NA,NA,NA,NA,NA,NA,NA,NA,NA,NA,NA,NA,NA,0.888968494600144,NA,0.909092609646062,NA,NA,NA,NA,0.0933838426945804,NA,NA,NA,0.501969853145912,0.167709976132861,NA,NA,NA,NA,NA,0.268928518848906,NA,NA,0.533695100705051,NA,NA,NA,NA,NA,NA,NA,NA,NA,NA,0.0198641541780972,NA,NA,NA,NA,NA,NA,NA,NA,NA,NA,NA,NA,NA,NA,0.987646016105765
"HMDB0010410",NA,NA,NA,NA,NA,NA,NA,NA,NA,NA,NA,NA,NA,NA,NA,NA,NA,NA,NA,NA,NA,NA,NA,NA,NA,NA,NA,NA,NA,NA,NA,NA,NA,NA,NA,NA,NA,NA,NA,NA,NA,NA,NA,NA,NA,NA,NA,NA,NA,NA,NA,NA,NA,NA,NA,NA,NA,0.0369829235480338,NA,NA,NA,NA,NA,NA,NA,NA,NA,NA,NA,NA,NA,NA,NA,NA,NA,NA,NA,NA,NA,NA,NA,NA,NA,NA,NA,NA,NA,NA,NA,NA,NA,NA,NA,NA,NA,NA,NA,NA,NA,NA,NA,NA,NA,NA,NA,NA,NA,NA,NA,NA,NA,NA,NA,NA,NA,NA,NA,NA,NA,NA,NA,NA,NA,NA,NA,NA,NA,NA,NA,NA,NA,NA,NA,NA,NA,NA,NA,NA,NA,NA,NA,NA,NA,NA,0.402631998843338,0.304335056176759,NA,NA,NA,0.480822246133506,0.0958102699221609,NA,0.899256234852437,NA,NA,NA,NA,0.460254477419432,NA,0.298873930830551,NA,0.826381660912016,0.965816985565636,NA,NA,NA,NA,NA,NA,NA,0.259903006768209,0.35309376496697,0.632141714608748,NA,0.439915707710308,NA,0.606683523888204,0.0308896372315393,0.00156361830785325,NA,NA,0.232736824210639,0.735005526542307,NA,NA,0.576760413914802,0.0321943940286942,0.998968621798176,NA,NA,NA,NA,NA,NA,0.345607297209858,NA,0.661987759949132,NA,NA,NA,NA,0.154369955799402,NA,NA,NA,NA,NA,NA,NA,NA,NA,0.70176351500814,0.252199698131255,0.604110934573559,0.856314503332771,0.441275504837405,0.608159082910349,NA,NA,NA,NA,0.170647321961191,0.996201796330296,NA,NA,NA,0.00687329938123601,0.24846587674745,NA,0.0371692286846018,0.00732617051196882,NA,NA,NA,0.0183375761596572,NA,NA,NA,NA,NA,NA,NA,0.753216685659328,NA,NA,NA,0.0380780810825723,NA,0.722928376801607,NA,NA,0.446473111047145,NA,NA,0.4249990049078,NA,0.174638688094634,0.214942403520606,NA,NA,NA,0.0633833840713863,NA,NA,NA,NA,NA,NA,0.28571768378253,NA,NA,NA,NA,NA,NA,NA,0.879875514661953,0.773943112548563,NA,NA,0.132770607660414,NA,NA,NA,NA,NA,NA,NA,NA,NA,NA,NA,NA,0.199180099603658
"HMDB0029090",NA,NA,NA,NA,NA,NA,NA,NA,NA,NA,NA,NA,NA,NA,NA,NA,NA,NA,NA,NA,NA,NA,NA,NA,NA,NA,NA,NA,NA,NA,NA,NA,NA,NA,NA,NA,NA,NA,NA,NA,NA,NA,NA,NA,NA,NA,NA,NA,NA,NA,NA,NA,NA,NA,NA,NA,NA,NA,NA,NA,NA,NA,NA,NA,NA,NA,NA,NA,NA,NA,NA,NA,NA,NA,NA,NA,NA,NA,NA,NA,NA,NA,NA,NA,NA,NA,NA,NA,NA,NA,NA,NA,NA,NA,NA,NA,NA,NA,NA,NA,NA,NA,NA,NA,NA,NA,NA,NA,NA,NA,NA,NA,NA,NA,NA,NA,NA,NA,NA,NA,NA,NA,NA,NA,NA,NA,NA,NA,NA,NA,NA,NA,NA,NA,NA,NA,NA,NA,NA,NA,NA,NA,NA,NA,NA,NA,NA,0.163332345222645,NA,0.740410559328485,NA,NA,NA,NA,NA,NA,NA,NA,NA,NA,NA,NA,NA,0.0419856309157427,NA,NA,NA,0.54864291807549,NA,NA,NA,NA,0.590092611962167,NA,NA,NA,NA,NA,NA,0.807893788802488,0.805179254512273,NA,NA,NA,0.290378974291847,NA,NA,0.960007593792083,NA,NA,NA,NA,NA,NA,NA,NA,0.0135253839484655,NA,NA,NA,NA,NA,NA,0.314439250523524,NA,0.401582252203729,NA,0.388762992779584,NA,NA,NA,0.364728618730547,NA,NA,NA,NA,NA,NA,NA,NA,NA,NA,NA,NA,NA,NA,NA,NA,0.214496141634212,NA,NA,NA,NA,NA,NA,0.21649186716931,NA,0.852942770105298,0.152960061403364,0.468862661927484,NA,NA,NA,NA,NA,NA,NA,NA,NA,0.0952183701892657,NA,NA,0.00129931000560204,NA,0.671261891019544,0.129786417887589,NA,NA,NA,NA,NA,0.248244645474629,NA,0.724462176927135,NA,NA,0.0957977794095222,NA,NA,0.0660823542357735,NA,NA,NA,NA,NA,NA,NA,NA,NA,NA,0.137777602309099,NA,0.522175000555473,NA,0.947772593714068,NA,NA,NA,NA,NA,NA,NA,NA,NA
"HMDB0001220",NA,NA,NA,NA,NA,NA,NA,NA,NA,NA,NA,NA,NA,NA,NA,NA,NA,NA,NA,NA,NA,NA,NA,NA,NA,NA,NA,NA,NA,NA,NA,NA,NA,NA,NA,NA,NA,NA,NA,NA,NA,NA,NA,NA,NA,NA,NA,NA,NA,0.0552003838775416,NA,NA,NA,NA,NA,NA,NA,NA,NA,NA,NA,NA,NA,NA,NA,NA,NA,NA,NA,NA,NA,NA,NA,NA,NA,NA,NA,NA,NA,NA,NA,NA,NA,NA,NA,NA,NA,NA,NA,NA,NA,NA,NA,NA,NA,NA,NA,NA,NA,NA,NA,NA,NA,NA,NA,NA,NA,NA,NA,NA,NA,NA,NA,NA,NA,NA,NA,NA,NA,NA,NA,NA,NA,NA,NA,NA,NA,NA,NA,NA,NA,NA,NA,NA,NA,NA,NA,NA,NA,NA,NA,NA,NA,NA,NA,NA,NA,NA,NA,0.904540586120444,NA,0.113326635779125,NA,NA,NA,NA,0.0797003784750671,NA,NA,NA,NA,NA,NA,NA,NA,NA,NA,0.0609977256561962,NA,NA,0.00465605299516879,NA,0.530576829891034,0.937482274384908,NA,NA,NA,NA,0.675783666996772,NA,NA,NA,NA,0.264692521782823,NA,NA,NA,NA,NA,NA,NA,NA,NA,NA,NA,0.138365140238795,NA,0.204780569123289,0.389079533698814,0.179223343370596,NA,NA,NA,0.0482730510191168,NA,NA,NA,NA,NA,0.545789876915207,0.104626870455168,NA,NA,NA,NA,NA,NA,0.206558017474521,NA,NA,NA,NA,0.017781409176177,NA,NA,NA,NA,NA,NA,NA,NA,NA,NA,NA,0.050688063392589,NA,NA,NA,NA,NA,0.726405781846576,NA,NA,NA,NA,NA,NA,NA,NA,NA,NA,NA,NA,0.965178404647001,NA,0.188181201934193,NA,NA,NA,NA,NA,NA,NA,NA,NA,NA,NA,0.827881536280289,NA,0.258988684173872,NA,NA,NA,NA,NA,NA,NA,NA,NA,NA,NA,NA,0.755484672441343,NA,NA,NA,NA,NA,NA,NA,NA,NA,NA,NA
"HMDB0040690",NA,NA,NA,NA,NA,NA,NA,NA,NA,NA,NA,NA,NA,NA,NA,NA,NA,NA,NA,NA,NA,NA,NA,NA,NA,NA,NA,NA,NA,NA,NA,NA,NA,NA,NA,NA,NA,NA,NA,NA,NA,NA,NA,NA,NA,NA,NA,NA,NA,NA,NA,NA,NA,NA,NA,NA,NA,NA,NA,NA,NA,NA,NA,NA,NA,NA,NA,NA,NA,NA,NA,NA,NA,NA,NA,NA,NA,NA,NA,NA,NA,NA,NA,NA,NA,NA,NA,NA,NA,NA,NA,NA,NA,NA,NA,NA,NA,NA,NA,NA,NA,NA,NA,NA,NA,NA,NA,NA,NA,NA,NA,NA,NA,NA,NA,NA,NA,NA,NA,NA,NA,NA,NA,NA,NA,NA,NA,NA,NA,NA,NA,NA,NA,NA,NA,NA,NA,NA,NA,NA,NA,NA,NA,NA,0.154678317160759,0.607910217904476,NA,NA,NA,0.342580789174172,0.463862201993705,NA,0.429492888059557,NA,NA,NA,NA,0.216037635055397,NA,0.474735028457451,NA,NA,NA,NA,NA,NA,NA,NA,NA,NA,NA,0.166572237436331,0.933881565924742,NA,0.973189533211487,NA,NA,NA,NA,NA,NA,0.0766133254301264,NA,NA,NA,NA,0.0171150900215619,NA,NA,NA,NA,NA,NA,NA,NA,NA,NA,NA,NA,NA,NA,0.0808174597941262,NA,NA,NA,NA,NA,NA,NA,NA,NA,NA,NA,0.294360719043853,0.918171724371591,0.279544258447694,0.892336492723177,NA,0.170647321961191,NA,NA,NA,NA,NA,NA,NA,0.767596957043501,0.132874596113868,NA,NA,0.0295994801314587,NA,NA,NA,NA,NA,NA,NA,NA,NA,NA,NA,0.344171677370249,NA,NA,NA,NA,NA,NA,NA,NA,NA,NA,NA,0.338391381387981,NA,0.295774946140959,0.356687071931496,NA,NA,NA,0.0859028760340496,NA,NA,NA,NA,NA,NA,NA,NA,NA,NA,NA,NA,NA,NA,0.95944611899535,NA,NA,NA,0.288166986726803,NA,NA,0.287839532414495,NA,NA,NA,0.0205332602999569,NA,NA,NA,NA,NA,NA
"HMDB0029379",NA,NA,NA,NA,NA,NA,NA,NA,NA,NA,NA,NA,NA,NA,NA,NA,NA,NA,NA,NA,NA,NA,NA,NA,NA,NA,NA,NA,NA,NA,NA,NA,NA,NA,NA,NA,NA,NA,NA,NA,NA,NA,NA,NA,NA,NA,NA,NA,NA,NA,NA,NA,NA,NA,NA,NA,NA,NA,NA,NA,NA,NA,NA,NA,NA,NA,NA,NA,NA,NA,NA,NA,NA,NA,NA,NA,NA,NA,NA,NA,NA,NA,NA,NA,NA,NA,NA,NA,NA,NA,NA,NA,NA,NA,NA,NA,NA,NA,NA,NA,NA,NA,NA,NA,NA,NA,NA,NA,NA,NA,NA,NA,NA,NA,NA,NA,NA,NA,NA,NA,NA,NA,NA,NA,NA,NA,NA,NA,NA,NA,NA,NA,NA,NA,NA,NA,NA,NA,0.303170421589777,NA,NA,0.416136921005385,NA,NA,0.186965381781605,0.512563119646935,NA,NA,NA,0.280884076718117,0.256974532800727,NA,NA,NA,NA,NA,NA,0.150164839762569,NA,0.309099750304075,NA,0.568349663609974,0.75794077533314,0.428091353496181,NA,0.334605460469766,NA,NA,NA,NA,0.923970447673928,0.0761922347639525,0.778316342112883,NA,0.00175326446043461,NA,NA,NA,0.00512696756532637,NA,NA,0.205804883831435,0.0113055781209563,NA,0.0424933298377802,0.95941478431989,0.784394156826936,0.197057270777257,NA,NA,NA,NA,NA,NA,NA,0.0160018342576581,0.240380992077026,NA,0.036974680893969,0.0245984451988608,0.0740923453326073,0.873181673507232,NA,NA,0.303911727941814,NA,NA,0.0380310484948039,NA,NA,NA,0.236007773509902,NA,0.845043329517236,0.798810988545508,0.595268734378641,NA,NA,0.996201796330296,NA,0.017781409176177,NA,NA,NA,NA,NA,NA,0.622246229694553,NA,NA,NA,0.389906920273204,NA,NA,0.708090772796143,0.0904489878942826,NA,NA,0.0412701245730928,NA,NA,NA,0.92056195517108,NA,NA,NA,0.23498887661115,NA,NA,NA,NA,0.958049057609552,NA,NA,NA,NA,0.68181208494499,NA,0.212318589533826,NA,0.195655215533526,NA,NA,0.189848328524518,0.80851745570997,NA,NA,NA,0.386354971706291,0.0882295795663907,NA,NA,0.382876001405387,NA,NA,NA,NA,0.579604364964808,NA,NA,NA,NA,NA,NA,NA,NA,NA,NA,NA,NA,NA,NA,NA,0.546308784785696
"HMDB0241173",NA,NA,NA,NA,NA,NA,NA,NA,NA,NA,NA,NA,NA,0.00327515048723187,NA,NA,NA,NA,NA,NA,NA,NA,NA,NA,NA,NA,NA,NA,NA,NA,NA,NA,NA,NA,NA,NA,NA,NA,NA,NA,NA,NA,NA,NA,NA,NA,NA,NA,NA,NA,NA,NA,NA,NA,NA,NA,NA,NA,NA,NA,NA,NA,NA,NA,NA,NA,NA,NA,NA,NA,NA,NA,NA,NA,NA,NA,NA,NA,NA,NA,NA,NA,NA,NA,NA,NA,NA,NA,NA,NA,NA,NA,NA,NA,NA,NA,NA,NA,NA,NA,NA,NA,NA,NA,NA,NA,NA,NA,NA,NA,NA,NA,NA,NA,NA,NA,NA,NA,NA,NA,NA,NA,NA,NA,NA,NA,NA,NA,NA,NA,NA,NA,NA,NA,NA,NA,NA,NA,0.218756055869309,NA,NA,NA,NA,NA,NA,NA,NA,NA,NA,NA,NA,0.391405295480441,NA,NA,NA,NA,NA,NA,NA,NA,NA,NA,NA,NA,NA,NA,0.475699513608514,NA,NA,NA,NA,NA,NA,NA,NA,NA,NA,0.288127271080598,0.657574259524067,0.713927679639786,NA,NA,NA,NA,NA,NA,0.75918644360444,NA,NA,NA,NA,NA,NA,NA,NA,NA,NA,NA,0.104344341855939,NA,NA,NA,NA,NA,NA,NA,NA,NA,NA,NA,NA,NA,NA,NA,NA,NA,NA,0.846095803328813,NA,NA,NA,NA,NA,NA,0.0176617357460353,NA,NA,NA,NA,NA,NA,NA,0.157055567044228,0.267171855432461,NA,NA,NA,NA,NA,NA,NA,NA,NA,NA,NA,NA,0.715288771800056,NA,0.237154681650541,NA,NA,NA,NA,NA,NA,NA,NA,NA,0.378366890698623,NA,NA,NA,NA,NA,0.358093861152373,NA,NA,NA,NA,0.90230036900939,NA,NA,NA,NA,NA,NA,0.14300957373744,NA,0.0268943125666268,0.343202140178087,NA,NA,NA,0.369255756740602,NA,NA,NA,0.973068668973689,NA,NA,NA,NA,NA,0.269627735732322
"HMDB0037203",NA,NA,NA,NA,NA,NA,NA,0.262169600293586,NA,NA,NA,NA,NA,0.884076043989156,NA,NA,NA,NA,NA,NA,NA,NA,NA,NA,NA,NA,NA,NA,NA,NA,NA,NA,0.402183488915468,NA,NA,NA,NA,NA,NA,NA,NA,NA,NA,NA,NA,NA,NA,NA,NA,NA,NA,NA,NA,NA,NA,NA,NA,NA,NA,NA,NA,NA,NA,NA,NA,NA,NA,NA,NA,NA,NA,NA,NA,NA,NA,NA,NA,NA,NA,NA,NA,NA,NA,NA,NA,NA,NA,NA,NA,NA,NA,NA,NA,NA,NA,NA,NA,NA,NA,NA,NA,NA,NA,NA,NA,NA,NA,NA,NA,NA,NA,NA,NA,NA,NA,NA,NA,NA,NA,NA,NA,NA,NA,NA,NA,NA,NA,NA,NA,NA,NA,NA,NA,NA,NA,NA,NA,NA,NA,NA,NA,NA,NA,NA,NA,NA,NA,NA,NA,NA,NA,0.166997481406697,NA,NA,NA,NA,0.429900415174086,0.587571183572552,NA,NA,NA,0.611373038732866,0.00693525492616133,NA,NA,NA,NA,NA,NA,NA,NA,NA,NA,NA,NA,NA,0.995096355710867,0.477310294796926,NA,NA,NA,0.200355631894858,NA,NA,NA,NA,NA,0.495730835207195,NA,NA,0.583517207073203,NA,0.280159303436716,NA,0.140615408696617,NA,NA,NA,NA,NA,NA,NA,0.350218612283539,NA,NA,NA,NA,NA,NA,NA,NA,NA,0.251406480724312,NA,NA,0.725277137821808,NA,NA,NA,NA,NA,NA,NA,0.0176617357460353,NA,0.656906981513001,NA,NA,NA,NA,NA,NA,0.0127237272919511,NA,0.273169014734267,NA,NA,NA,NA,NA,NA,NA,NA,NA,0.0491704733387157,NA,NA,NA,0.235826998290431,NA,NA,0.72954950270764,NA,NA,0.48810822037709,NA,0.578651242484197,0.236906092263084,NA,NA,0.260041906098609,0.162421503612371,NA,NA,NA,0.21496706315456,NA,NA,NA,NA,NA,NA,NA,NA,NA,NA,0.542068786558022,0.612474707594246,NA,NA,NA,NA,NA,NA,NA,NA,NA,NA,NA,NA,NA,NA,NA,0.088107547971945
"HMDB0035311",NA,NA,NA,NA,NA,NA,NA,NA,NA,NA,NA,NA,NA,NA,NA,NA,NA,NA,NA,NA,NA,NA,NA,NA,NA,NA,NA,NA,NA,NA,NA,NA,NA,NA,NA,NA,NA,NA,NA,NA,NA,NA,NA,NA,NA,NA,NA,NA,NA,NA,NA,NA,NA,NA,NA,NA,NA,NA,NA,NA,NA,NA,NA,NA,NA,NA,NA,NA,NA,NA,NA,NA,NA,NA,NA,NA,NA,NA,NA,NA,NA,NA,NA,NA,NA,NA,NA,NA,NA,NA,NA,NA,NA,NA,NA,NA,NA,NA,NA,NA,NA,NA,NA,NA,NA,NA,NA,NA,NA,NA,NA,NA,NA,NA,NA,NA,NA,NA,NA,NA,NA,NA,NA,NA,NA,NA,NA,NA,NA,NA,NA,NA,NA,NA,NA,NA,NA,NA,NA,NA,NA,NA,NA,NA,NA,NA,NA,NA,NA,NA,NA,NA,NA,NA,NA,NA,NA,0.220449573400934,NA,NA,NA,0.640755764819228,NA,NA,0.308333435393263,NA,NA,NA,NA,NA,NA,0.260734272481436,0.246838421374268,NA,NA,NA,NA,0.250294209633332,NA,NA,0.00946911311903672,0.236230999346193,0.653043598475378,NA,NA,0.286399940365594,NA,NA,NA,0.321895853840188,0.432943476590888,NA,NA,NA,0.0527742617635993,0.548852699884635,NA,NA,NA,0.181760921701342,NA,NA,NA,NA,NA,NA,NA,0.0117532639199272,NA,NA,NA,NA,NA,NA,NA,NA,NA,NA,NA,NA,NA,NA,NA,NA,0.656906981513001,NA,NA,NA,0.021914200669048,NA,NA,NA,0.0289344092801536,NA,0.226815424385361,NA,NA,NA,NA,NA,0.715828524702433,NA,NA,NA,NA,NA,NA,NA,0.314127812437383,NA,NA,0.623698097275195,NA,NA,0.693356787553044,NA,NA,0.552593061336711,NA,NA,0.786135730979939,0.429273796960933,NA,NA,NA,NA,NA,NA,NA,0.014503263456239,NA,NA,NA,NA,NA,NA,0.174651912775262,0.901626527910312,NA,NA,NA,NA,NA,NA,NA,NA,NA,NA,NA,NA,NA,NA,NA,0.586472393904729
"HMDB0240453",NA,NA,NA,NA,NA,NA,NA,NA,NA,NA,NA,NA,NA,NA,NA,NA,NA,NA,NA,NA,NA,NA,NA,NA,NA,NA,NA,NA,NA,NA,NA,NA,NA,NA,NA,NA,NA,NA,NA,NA,NA,NA,NA,NA,NA,NA,NA,NA,NA,NA,NA,NA,NA,NA,NA,NA,NA,NA,NA,NA,NA,NA,NA,NA,NA,NA,NA,NA,NA,NA,NA,NA,NA,NA,NA,NA,NA,NA,NA,NA,NA,NA,NA,NA,NA,NA,NA,NA,NA,NA,NA,NA,NA,NA,NA,NA,NA,NA,NA,NA,NA,NA,NA,NA,NA,NA,NA,NA,NA,NA,NA,NA,NA,NA,NA,NA,NA,NA,NA,NA,NA,NA,NA,NA,NA,NA,NA,NA,NA,NA,NA,NA,NA,NA,NA,NA,NA,NA,NA,NA,NA,NA,NA,NA,NA,0.853390212390663,NA,NA,NA,NA,NA,NA,0.757596330521128,NA,0.799891296629582,NA,NA,0.706889335441926,NA,0.0622005421343797,NA,NA,NA,NA,NA,NA,NA,NA,NA,NA,NA,NA,0.849715532339731,NA,NA,NA,NA,0.00251822043093243,NA,NA,NA,NA,NA,NA,NA,NA,NA,NA,NA,NA,NA,NA,NA,NA,NA,NA,NA,NA,NA,NA,0.175829660360101,6.49512894207217e-05,NA,NA,NA,NA,NA,NA,NA,NA,NA,NA,NA,0.256071480181821,0.0686030008760395,0.0375587995172117,0.439773335037456,NA,0.00687329938123601,NA,NA,0.767596957043501,NA,NA,NA,NA,NA,0.677415336444191,NA,NA,0.000741654166299168,NA,NA,NA,NA,NA,NA,NA,NA,NA,NA,NA,0.0249174622482426,NA,NA,NA,NA,NA,NA,NA,NA,NA,NA,NA,NA,NA,0.0739699313014889,0.949921217908644,NA,NA,NA,NA,NA,NA,NA,NA,NA,NA,NA,NA,NA,NA,NA,NA,NA,NA,0.469351476652864,NA,NA,NA,0.0758472152698535,NA,NA,NA,NA,NA,NA,NA,NA,NA,NA,NA,NA,NA
"HMDB0249363",NA,0.429050283914948,NA,NA,NA,NA,NA,NA,0.156269263419617,NA,NA,NA,NA,NA,NA,NA,NA,NA,NA,NA,NA,NA,NA,0.931727194197412,NA,0.918634842444454,NA,0.0547145998031785,0.744412513215212,NA,NA,NA,NA,NA,NA,NA,NA,NA,NA,NA,NA,NA,0.33763337091588,NA,NA,NA,NA,NA,NA,NA,NA,NA,NA,NA,NA,NA,NA,NA,NA,NA,NA,0.0104915618169564,NA,NA,NA,NA,NA,NA,NA,NA,NA,0.141308990997777,NA,NA,NA,NA,NA,NA,NA,NA,NA,NA,NA,NA,NA,NA,NA,NA,NA,NA,NA,NA,NA,NA,NA,NA,NA,0.930405806069145,NA,NA,NA,0.348163686273047,NA,NA,NA,NA,NA,NA,NA,NA,0.907516396758218,NA,NA,NA,NA,NA,NA,NA,NA,NA,NA,NA,NA,NA,NA,NA,NA,NA,NA,NA,NA,NA,NA,NA,NA,NA,NA,NA,NA,NA,NA,NA,NA,NA,0.232520393738711,0.739096506882196,NA,NA,0.0116293508960091,0.987460352464543,0.377573837130874,NA,0.0155915757163536,NA,NA,NA,NA,NA,NA,0.526928968431388,NA,NA,0.643809300850009,NA,NA,NA,NA,0.180716005414568,NA,NA,NA,0.963864836054382,NA,NA,NA,NA,NA,NA,NA,NA,NA,NA,NA,NA,NA,NA,0.626189825463674,NA,NA,NA,NA,NA,0.20419075427115,0.502066254127041,NA,NA,0.463694924880767,NA,NA,NA,0.738029535031489,0.773606303717603,NA,NA,NA,0.0372035524534596,NA,NA,NA,NA,NA,NA,NA,0.852409617489392,0.466420560072645,0.309938977829421,NA,NA,0.24846587674745,NA,NA,0.132874596113868,0.622246229694553,NA,NA,NA,0.677415336444191,NA,NA,NA,0.0515252657051988,NA,NA,NA,NA,NA,NA,NA,NA,0.0249222943401424,NA,NA,0.386438619266857,0.712766017850476,NA,0.310929974293683,0.165881149223831,NA,NA,NA,NA,0.135293552727594,NA,NA,NA,NA,0.720142630900642,0.954868798865679,NA,NA,0.298314854978745,NA,NA,0.964463338874322,NA,NA,NA,0.591691414353965,0.651614106995121,NA,0.102706849175465,NA,0.771874758724933,0.71139403778724,NA,NA,NA,NA,NA,NA,0.791100596826737,0.0324401030854694,NA,NA,NA,NA,0.824604504023532,0.276460734561262,0.38718967368972,0.316602514523749,NA,0.26666604601816,NA,0.874972676525412
"HMDB0304808",NA,NA,NA,NA,NA,NA,NA,NA,NA,NA,0.0903921466874884,0.179674653588117,NA,NA,NA,NA,NA,NA,NA,NA,NA,NA,NA,NA,NA,NA,NA,NA,NA,NA,NA,NA,NA,NA,NA,NA,NA,NA,NA,NA,NA,NA,NA,NA,NA,NA,NA,NA,NA,NA,NA,NA,NA,NA,NA,NA,NA,NA,0.303601374178375,NA,NA,NA,0.431000621166559,NA,NA,NA,NA,NA,NA,NA,NA,NA,NA,NA,NA,NA,NA,NA,NA,NA,NA,NA,NA,NA,NA,NA,NA,NA,NA,NA,NA,NA,NA,NA,NA,NA,NA,NA,NA,NA,NA,NA,NA,NA,NA,NA,NA,NA,NA,NA,NA,NA,NA,NA,NA,NA,NA,NA,NA,NA,NA,NA,NA,NA,NA,NA,NA,NA,NA,NA,NA,NA,NA,NA,NA,NA,NA,0.504883351308961,NA,0.312883709803274,NA,NA,NA,NA,NA,NA,NA,NA,NA,0.372785718380325,NA,NA,NA,NA,NA,NA,NA,0.249916643322695,0.989354258307122,NA,0.33572437404522,NA,NA,NA,NA,NA,NA,NA,NA,NA,NA,0.0573486662296061,0.353107687579575,NA,NA,NA,NA,NA,0.171062968152,NA,0.179906891635958,0.14353858952142,0.0561814042131002,NA,NA,0.00886515615023048,NA,NA,NA,NA,NA,0.0114639000858871,NA,0.0627310680380012,NA,0.768241521748128,NA,NA,NA,NA,NA,0.0785085119104055,NA,0.109013989848785,NA,NA,NA,0.0314462405509134,NA,NA,NA,0.0875828471415285,NA,NA,0.320398000892693,NA,NA,NA,NA,0.214496141634212,NA,NA,NA,NA,NA,0.021914200669048,NA,NA,NA,NA,NA,0.315759221453036,NA,NA,NA,0.243951672303714,0.902293160326436,0.06222562938936,0.0755036650810334,NA,NA,NA,0.23180890485516,NA,NA,NA,NA,NA,NA,0.173318643809348,NA,NA,0.0161948899048979,NA,NA,0.0757817783825925,NA,NA,NA,NA,NA,NA,0.989555010524094,NA,NA,NA,NA,0.0407527533156682,0.168130268642306,0.0600110088185886,NA,NA,NA,NA,NA,NA,0.0383890310571051,NA,NA,NA,NA,NA,0.970556361281252,0.772042442126273,NA,NA,0.35995056714051,NA,NA,NA,NA,NA,NA,0.431400953928682
"HMDB0000244",NA,NA,NA,NA,NA,NA,NA,NA,NA,NA,NA,NA,NA,NA,NA,NA,NA,NA,NA,NA,NA,NA,NA,NA,NA,NA,NA,NA,NA,NA,NA,NA,NA,NA,NA,NA,NA,NA,NA,NA,NA,NA,NA,NA,NA,NA,NA,NA,NA,NA,NA,NA,NA,NA,NA,NA,NA,NA,NA,NA,NA,NA,NA,NA,NA,NA,NA,NA,NA,NA,NA,NA,NA,NA,NA,NA,NA,NA,NA,NA,NA,NA,NA,NA,NA,NA,NA,NA,NA,NA,NA,NA,NA,NA,NA,NA,NA,NA,NA,NA,NA,NA,NA,NA,NA,NA,NA,NA,NA,NA,NA,NA,NA,NA,NA,NA,NA,NA,NA,NA,NA,NA,NA,NA,NA,NA,NA,NA,NA,NA,NA,NA,NA,NA,NA,NA,NA,NA,NA,0.106358717144908,0.748144948709319,NA,0.164986481458151,0.110520016404631,NA,NA,NA,0.212071615489958,NA,NA,NA,NA,NA,NA,NA,0.019881010340065,NA,NA,NA,NA,NA,NA,NA,0.00499858510503076,0.983301769394367,NA,NA,NA,NA,0.921741785247261,NA,NA,NA,0.594710571415769,NA,0.026451440344335,NA,NA,0.638078980512154,NA,NA,NA,NA,0.991291222369819,NA,0.206221644344447,NA,NA,NA,NA,NA,NA,NA,NA,NA,NA,NA,NA,NA,NA,NA,NA,NA,NA,NA,NA,NA,NA,0.648405102492941,NA,NA,NA,NA,NA,NA,NA,NA,NA,0.0371692286846018,NA,NA,NA,NA,NA,NA,NA,NA,NA,NA,NA,NA,NA,NA,NA,0.00254230315748497,0.129912132471578,NA,NA,0.0552242562469769,0.75568805972775,NA,NA,NA,NA,0.227317725862417,NA,NA,NA,NA,NA,NA,NA,0.389105165922568,NA,NA,0.767095190818392,NA,0.0230263315177131,NA,NA,NA,0.0286718697222464,NA,0.0153695968947844,NA,NA,NA,NA,0.0407526459493979,NA,0.0473508325435686,NA,NA,0.145812001179625,0.417734558267649,NA,0.0579540025559947,NA,NA,NA,NA,NA,NA,NA,NA,NA,NA,NA,NA,0.0821536459868623,NA,NA,NA,NA
"HMDB0000048",NA,NA,NA,NA,NA,NA,NA,NA,NA,NA,NA,NA,NA,NA,NA,NA,NA,NA,NA,NA,NA,NA,NA,NA,NA,NA,NA,NA,NA,NA,NA,NA,NA,NA,NA,NA,NA,NA,NA,NA,NA,NA,NA,NA,NA,NA,NA,NA,NA,NA,NA,NA,NA,NA,NA,NA,NA,NA,NA,NA,NA,NA,NA,NA,NA,NA,NA,NA,NA,NA,NA,NA,NA,NA,0.147949953853695,NA,NA,NA,NA,NA,NA,NA,NA,NA,NA,NA,NA,NA,NA,NA,NA,NA,NA,NA,NA,NA,NA,NA,NA,NA,NA,NA,NA,NA,NA,NA,NA,NA,NA,NA,NA,NA,NA,NA,NA,NA,NA,NA,NA,NA,NA,NA,NA,NA,NA,NA,NA,NA,NA,NA,NA,NA,NA,NA,NA,NA,0.0225222936378171,0.220575473935091,NA,NA,NA,NA,0.40185023101245,NA,NA,0.00015408816780373,NA,NA,NA,0.219578779269797,0.0118036856778533,NA,NA,0.0626047147280672,NA,NA,NA,0.142421202607284,0.00840657129025311,0.000720156312498737,NA,NA,NA,NA,NA,NA,NA,0.206595931286426,NA,NA,0.192635766446766,0.419307797802584,0.0793932763106394,NA,0.194936565821674,NA,NA,NA,NA,NA,NA,NA,NA,NA,NA,NA,0.00938371749930975,NA,NA,NA,NA,NA,NA,NA,NA,NA,0.0789192879679003,NA,NA,NA,NA,0.00139847211685829,NA,NA,NA,NA,NA,NA,NA,NA,NA,0.277305947307199,NA,0.00276829773992206,0.00198469949054313,1.16115960862857e-05,0.0198535249581164,NA,0.00732617051196882,NA,NA,0.0295994801314587,NA,NA,NA,NA,0.000741654166299168,0.0515252657051988,NA,NA,NA,NA,NA,NA,NA,NA,NA,NA,0.14685971901946,NA,NA,NA,0.00443620122118801,NA,NA,NA,NA,NA,NA,NA,NA,NA,NA,NA,NA,0.985992806560687,0.0124235698488373,NA,NA,NA,NA,NA,NA,NA,NA,NA,0.93744654448931,NA,NA,NA,NA,NA,NA,NA,NA,NA,NA,NA,NA,0.775110343743271,NA,NA,0.315879946628131,NA,NA,NA,NA,NA,NA,NA,NA,NA,NA,NA
"HMDB0028808",NA,NA,NA,NA,NA,NA,NA,NA,NA,NA,NA,NA,NA,NA,NA,NA,NA,NA,NA,NA,NA,NA,NA,NA,NA,NA,NA,NA,NA,NA,NA,NA,NA,NA,NA,NA,NA,NA,NA,NA,NA,NA,NA,NA,NA,NA,NA,NA,NA,NA,NA,NA,NA,NA,NA,NA,NA,NA,NA,NA,NA,NA,NA,NA,NA,NA,NA,NA,NA,NA,NA,NA,NA,NA,NA,NA,NA,NA,NA,NA,NA,NA,NA,NA,NA,NA,NA,NA,NA,NA,NA,NA,NA,NA,NA,NA,NA,NA,NA,NA,NA,NA,NA,NA,NA,NA,NA,NA,NA,NA,NA,NA,NA,NA,NA,NA,NA,NA,NA,NA,NA,NA,NA,NA,NA,NA,NA,NA,NA,NA,NA,NA,NA,NA,NA,NA,NA,NA,0.710892665688622,NA,NA,0.727509533970137,NA,NA,NA,NA,NA,NA,NA,NA,NA,NA,NA,NA,NA,NA,0.277879604215467,NA,NA,NA,NA,NA,NA,NA,NA,NA,NA,NA,NA,NA,0.98036280892005,NA,NA,NA,NA,NA,NA,NA,NA,NA,NA,NA,NA,NA,NA,NA,0.454028405473073,NA,NA,NA,NA,NA,NA,NA,NA,NA,0.424218560569985,NA,NA,NA,NA,NA,NA,0.308895010499062,NA,NA,NA,NA,NA,NA,NA,NA,NA,NA,NA,NA,NA,NA,NA,NA,NA,NA,0.389906920273204,NA,NA,NA,NA,NA,0.315759221453036,NA,NA,NA,NA,NA,NA,NA,NA,NA,NA,NA,NA,NA,NA,NA,NA,NA,NA,NA,NA,NA,NA,NA,NA,0.191672363839829,NA,NA,NA,NA,0.464047062908225,NA,NA,NA,0.127959191352431,NA,NA,0.00624011263238498,NA,NA,NA,NA,NA,NA,NA,NA,NA,NA,NA,NA,NA,NA,NA,NA,NA,NA,NA,NA,NA,NA,NA,NA,NA,NA,NA,NA
"HMDB0241271",NA,NA,NA,NA,NA,NA,NA,NA,NA,NA,NA,NA,NA,0.00536869808756996,NA,NA,NA,NA,NA,NA,NA,NA,NA,NA,NA,NA,NA,NA,NA,NA,NA,NA,NA,NA,NA,NA,NA,NA,NA,NA,NA,NA,NA,NA,NA,NA,NA,NA,NA,NA,NA,NA,NA,NA,NA,NA,NA,NA,NA,NA,NA,NA,NA,NA,NA,NA,NA,NA,NA,NA,NA,NA,NA,NA,NA,NA,NA,NA,NA,NA,NA,NA,NA,NA,NA,NA,NA,NA,NA,NA,NA,NA,NA,NA,NA,NA,NA,NA,NA,NA,NA,NA,NA,NA,NA,NA,NA,NA,NA,NA,NA,NA,NA,NA,NA,NA,NA,NA,NA,NA,NA,NA,NA,NA,NA,NA,NA,NA,NA,NA,NA,NA,NA,NA,NA,NA,NA,NA,NA,NA,NA,NA,NA,NA,NA,NA,NA,NA,NA,NA,NA,NA,NA,NA,NA,NA,0.483501566199911,NA,NA,NA,NA,NA,NA,NA,NA,NA,NA,0.219471514227947,NA,NA,NA,NA,NA,0.259893647835297,NA,NA,0.329743373542841,0.296506268633655,0.74100270422173,NA,NA,NA,NA,NA,NA,NA,0.964469998492477,NA,NA,NA,NA,NA,NA,NA,0.820261648558618,NA,0.762728857788325,NA,0.248813782720098,0.150959086608804,NA,NA,NA,NA,NA,NA,NA,NA,NA,NA,NA,NA,0.339473955492291,NA,NA,NA,NA,0.700936354077409,NA,NA,NA,NA,NA,0.157055567044228,0.0127237272919511,0.0289344092801536,NA,NA,NA,NA,NA,NA,NA,0.277029369626303,NA,NA,0.336981440339452,NA,NA,NA,0.948119549156071,NA,NA,NA,NA,NA,0.157680686507469,NA,0.445996948430997,NA,NA,0.989170155498159,NA,NA,0.962726692425935,NA,0.364499573533316,0.825343808130786,0.275533653734642,NA,0.628518460327775,0.764410446558662,NA,NA,0.390615948179023,NA,NA,NA,NA,0.758636848730533,NA,NA,NA,NA,NA,NA,0.166449475995441,0.834303154624149,0.0168608791486793,0.315164773295102,NA,NA,NA,0.908184067923007,NA,NA,NA,0.267899960773797,NA,NA,NA,NA,NA,0.467631217113031
"HMDB0030407",NA,NA,NA,NA,NA,NA,NA,NA,NA,NA,NA,NA,NA,NA,NA,NA,NA,NA,NA,NA,NA,NA,NA,NA,NA,NA,NA,NA,NA,NA,NA,NA,NA,NA,NA,NA,NA,NA,NA,NA,NA,NA,NA,NA,NA,NA,NA,NA,NA,NA,NA,NA,NA,NA,NA,NA,NA,NA,NA,NA,NA,NA,NA,NA,NA,NA,NA,NA,NA,NA,NA,NA,NA,NA,NA,NA,NA,NA,NA,NA,NA,NA,NA,NA,NA,NA,NA,NA,NA,NA,NA,NA,NA,NA,NA,NA,NA,NA,NA,NA,NA,NA,NA,NA,NA,NA,NA,NA,NA,NA,NA,NA,NA,NA,NA,NA,NA,NA,NA,NA,NA,NA,NA,NA,NA,NA,NA,NA,NA,NA,NA,NA,NA,NA,NA,NA,NA,NA,NA,NA,NA,NA,NA,NA,NA,NA,NA,NA,NA,NA,NA,NA,NA,NA,NA,NA,NA,NA,NA,NA,NA,NA,NA,NA,NA,NA,0.0870906360754786,0.323179261046105,NA,NA,NA,0.163052992777092,0.158972991236176,NA,NA,NA,NA,NA,0.167324398111093,NA,NA,NA,NA,0.165899392407524,NA,NA,NA,NA,NA,NA,NA,NA,NA,NA,NA,0.479173161156686,NA,NA,NA,NA,NA,NA,NA,0.841360670941625,NA,NA,NA,NA,NA,NA,NA,NA,NA,NA,NA,NA,NA,NA,NA,NA,NA,NA,NA,0.267171855432461,NA,NA,NA,NA,NA,NA,NA,NA,0.277029369626303,NA,NA,0.504578184632219,NA,NA,NA,NA,NA,NA,NA,NA,NA,NA,NA,NA,NA,NA,NA,NA,0.816367067942353,NA,NA,NA,NA,NA,NA,0.037599861091181,NA,0.177230778103074,NA,NA,0.157919322175398,NA,NA,0.0686903921053976,NA,0.173742228403667,NA,NA,NA,NA,NA,0.548983134407363,NA,NA,0.174489926406535,NA,NA,NA,0.20047306034925,0.577867468866072,NA,NA,NA,NA,NA,NA,NA,NA,NA,NA
"HMDB0000626",NA,NA,NA,NA,NA,NA,NA,NA,NA,NA,NA,NA,NA,NA,NA,NA,NA,NA,NA,NA,NA,NA,NA,NA,NA,NA,NA,NA,NA,NA,NA,NA,NA,NA,NA,NA,NA,NA,NA,NA,NA,NA,NA,NA,NA,NA,NA,NA,NA,NA,NA,NA,NA,NA,NA,NA,NA,NA,NA,NA,NA,NA,NA,NA,NA,NA,NA,NA,NA,NA,NA,NA,NA,NA,NA,NA,NA,NA,NA,NA,NA,NA,NA,NA,NA,NA,NA,NA,NA,NA,NA,NA,NA,NA,NA,NA,NA,NA,NA,NA,NA,NA,NA,NA,NA,NA,NA,NA,NA,NA,NA,NA,NA,NA,NA,NA,NA,NA,NA,NA,NA,NA,NA,NA,NA,NA,NA,NA,NA,NA,NA,NA,NA,NA,NA,NA,NA,NA,0.010828046790012,NA,NA,NA,NA,NA,NA,0.0138737803696228,NA,NA,NA,0.317530038729168,0.105006509443657,NA,NA,NA,NA,NA,NA,0.714335111344843,NA,NA,NA,0.860738971937011,0.787588878357654,NA,NA,NA,NA,NA,NA,NA,NA,0.367140572221852,0.262135066028855,0.00203882390810411,NA,NA,NA,NA,0.0111508208383361,NA,NA,0.390009519034656,0.529757383818072,0.131658777980995,NA,NA,0.959948356704545,NA,NA,NA,0.24932850987801,NA,NA,NA,0.584460718200407,NA,NA,NA,NA,NA,NA,0.0461521212821543,NA,NA,NA,NA,NA,NA,NA,NA,0.0568920494220492,NA,NA,0.0186052413715138,NA,0.0291851171116301,NA,NA,0.0183375761596572,NA,0.050688063392589,NA,0.708090772796143,NA,0.273169014734267,0.226815424385361,NA,NA,NA,0.00254230315748497,NA,NA,NA,NA,NA,NA,NA,NA,NA,NA,NA,NA,NA,NA,NA,NA,NA,NA,NA,NA,0.145526967552858,NA,NA,NA,0.733788958376,NA,0.084679395715147,0.338228689684537,NA,NA,NA,NA,NA,0.5661974927174,NA,NA,NA,0.0551244217384026,0.0694029419462802,NA,NA,NA,NA,NA,NA,NA,NA,NA,NA,NA,NA,NA,NA,NA,NA,NA,NA,NA,NA,NA,NA,NA,NA,NA
"HMDB0304025",NA,NA,NA,NA,NA,NA,NA,NA,NA,NA,NA,NA,NA,NA,NA,NA,NA,NA,NA,NA,NA,NA,NA,NA,NA,NA,NA,NA,NA,NA,NA,NA,NA,NA,NA,NA,NA,NA,NA,NA,NA,NA,NA,NA,NA,NA,NA,NA,NA,NA,NA,NA,NA,NA,NA,NA,NA,NA,0.148849276674822,NA,NA,NA,NA,NA,NA,NA,NA,NA,NA,NA,NA,NA,NA,NA,NA,NA,NA,NA,NA,NA,NA,NA,NA,NA,NA,NA,NA,NA,NA,NA,NA,NA,NA,NA,NA,NA,NA,NA,NA,NA,NA,NA,NA,NA,NA,NA,NA,NA,NA,NA,NA,NA,NA,NA,NA,0.611076745969077,NA,NA,NA,NA,NA,NA,NA,NA,NA,NA,0.000935446608962251,NA,NA,NA,NA,NA,NA,NA,NA,NA,NA,NA,NA,0.835479688515069,NA,NA,0.630917731615657,0.919397850428152,NA,NA,NA,0.195224359691934,NA,0.313543771469267,NA,NA,NA,NA,NA,NA,NA,0.296821813950265,NA,NA,0.448608046261682,NA,0.596753625840184,0.00643049893002445,NA,NA,0.115190037354841,0.718487325550114,NA,NA,0.0646131244323032,0.0958246746772568,0.994526896237783,NA,0.265911210415332,NA,NA,NA,NA,0.11437627137882,0.208763691458451,0.0875225611203471,0.24707117963079,NA,NA,0.27505160219132,0.00372760554058899,NA,NA,NA,NA,NA,NA,NA,NA,0.33149155709447,0.00350098523590124,NA,NA,0.905047931711767,NA,NA,NA,0.608486890699426,0.365370314006888,0.0294560011473846,NA,0.0941620323698539,0.104607035218251,NA,NA,0.00813220266753629,NA,NA,NA,NA,NA,NA,NA,0.21649186716931,NA,NA,0.0904489878942826,NA,NA,NA,NA,NA,0.243951672303714,0.129912132471578,NA,NA,NA,0.504578184632219,NA,NA,0.382065422976272,0.808499799565801,0.0964402971384211,NA,NA,NA,0.106712563336374,NA,NA,NA,NA,NA,NA,0.464581244387889,NA,NA,0.0110287840501198,0.820710598214172,NA,0.806890132532854,NA,NA,NA,NA,NA,NA,NA,0.414198644781233,0.453314412479807,NA,0.510660922660358,NA,0.630907298056867,0.383342810029781,NA,NA,NA,NA,NA,NA,NA,NA,NA,NA,NA,NA,0.829749607724773,NA,0.746687440081214,NA,0.414910965622869,NA,NA,NA,NA,NA,NA,0.774774676565229
"HMDB0000569",NA,NA,NA,NA,NA,NA,NA,NA,NA,NA,NA,NA,NA,NA,NA,NA,NA,NA,NA,NA,NA,NA,NA,NA,NA,NA,NA,NA,NA,NA,NA,NA,NA,NA,NA,NA,NA,NA,NA,NA,NA,NA,NA,NA,NA,NA,NA,NA,NA,NA,NA,NA,NA,NA,NA,NA,NA,NA,NA,NA,NA,NA,NA,NA,NA,NA,NA,NA,NA,NA,NA,NA,NA,NA,NA,NA,NA,NA,NA,NA,0.000642907460475495,NA,NA,NA,NA,NA,NA,NA,NA,NA,NA,NA,NA,NA,NA,NA,NA,NA,NA,NA,NA,NA,NA,NA,NA,NA,NA,NA,NA,NA,NA,NA,NA,NA,NA,NA,NA,NA,NA,NA,NA,NA,NA,NA,NA,NA,NA,NA,NA,NA,NA,NA,NA,NA,NA,NA,NA,NA,NA,NA,NA,NA,NA,NA,NA,NA,0.00277915827030341,NA,NA,NA,NA,NA,NA,NA,NA,NA,0.211103420358859,NA,NA,NA,NA,NA,NA,NA,NA,0.182786462809631,0.0327450478819146,NA,NA,NA,NA,NA,NA,NA,NA,NA,NA,0.0394332790444511,0.0769394456313313,NA,NA,NA,NA,NA,NA,NA,NA,0.261791472264293,NA,NA,NA,NA,0.213790449136893,NA,NA,NA,NA,NA,NA,NA,0.188482910495295,NA,NA,0.874837070145256,NA,NA,NA,NA,NA,NA,NA,NA,0.0333414176109547,NA,NA,NA,NA,NA,NA,NA,NA,NA,NA,NA,NA,NA,NA,NA,0.902293160326436,NA,NA,NA,0.336981440339452,NA,NA,0.382065422976272,NA,NA,NA,NA,NA,0.117738512359679,NA,NA,NA,NA,NA,NA,0.815212210992788,NA,NA,NA,NA,0.0823003746105023,0.389374254626128,NA,NA,NA,NA,0.000653405739460983,NA,0.528453714562855,NA,NA,0.555337321841848,0.196726938651963,NA,0.0412050405453322,0.00106293650620465,0.507720780722441,NA,0.348147968350934,NA,NA,NA,NA,NA,0.644625056231,NA,NA,NA,0.184323063218547,NA,NA,0.743947926351568,0.453234663081549,NA,NA,NA,NA,NA,0.110767106910872,NA,NA
"HMDB0244832",NA,NA,NA,NA,NA,NA,NA,NA,NA,NA,NA,NA,NA,NA,NA,NA,NA,NA,NA,NA,NA,NA,NA,NA,NA,NA,NA,NA,NA,NA,NA,NA,NA,NA,NA,NA,NA,NA,NA,NA,NA,NA,NA,NA,NA,NA,NA,NA,NA,NA,NA,NA,NA,NA,NA,NA,NA,NA,NA,NA,NA,NA,NA,NA,NA,0.00949957934031119,NA,NA,NA,NA,NA,NA,NA,NA,NA,NA,NA,NA,NA,NA,NA,NA,NA,NA,NA,NA,NA,NA,NA,NA,NA,NA,NA,NA,NA,NA,NA,NA,NA,NA,NA,NA,NA,NA,NA,NA,NA,NA,NA,NA,NA,NA,NA,NA,NA,NA,NA,NA,NA,NA,NA,NA,NA,NA,NA,NA,NA,NA,NA,NA,NA,NA,NA,NA,NA,NA,NA,NA,NA,NA,0.533320524774766,NA,0.875087173347954,0.316560917615941,NA,NA,NA,0.000486529440754876,NA,0.400276722810325,NA,0.065943221323774,NA,NA,NA,NA,NA,NA,NA,NA,NA,NA,NA,0.340190292873406,0.184180555235135,NA,NA,0.186845751551024,NA,0.504469787705704,NA,NA,0.644091028977439,NA,NA,0.0140807915029463,NA,NA,NA,0.826654470575935,NA,NA,0.0160408906707302,NA,0.053704963939192,NA,NA,NA,NA,NA,NA,NA,NA,NA,NA,0.844627075563127,NA,NA,NA,NA,NA,0.0223267269278272,NA,0.323994369370656,0.13360647377655,NA,NA,NA,0.712104455785892,NA,NA,0.0942239140812797,NA,NA,NA,NA,NA,NA,NA,0.852942770105298,NA,NA,NA,NA,NA,NA,NA,NA,0.06222562938936,NA,NA,NA,NA,NA,NA,0.808499799565801,NA,NA,0.811504268323759,NA,NA,NA,NA,NA,NA,NA,NA,NA,NA,0.165487565788655,NA,NA,0.379017204419821,NA,NA,0.237875795952576,NA,NA,0.0713416016777725,NA,NA,NA,NA,NA,NA,NA,0.547204105120395,0.0829296758639427,0.238518114665688,NA,NA,NA,NA,NA,0.252107725542077,NA,NA,NA,NA,NA,NA,NA,0.635263040098069,NA,0.86534190093058,NA,NA,NA,NA,NA,0.200704363054424,NA,NA,0.0296971191989229
"HMDB0241231",NA,NA,NA,NA,NA,NA,NA,NA,NA,NA,NA,NA,NA,NA,NA,NA,NA,NA,NA,NA,NA,NA,NA,NA,NA,NA,NA,NA,NA,NA,NA,NA,NA,NA,NA,NA,NA,NA,NA,NA,NA,NA,NA,NA,NA,NA,NA,NA,NA,NA,NA,NA,NA,NA,NA,NA,NA,NA,NA,NA,NA,NA,NA,NA,NA,NA,NA,NA,NA,NA,NA,NA,NA,NA,NA,NA,NA,NA,NA,NA,NA,NA,NA,NA,NA,NA,NA,NA,NA,NA,NA,NA,NA,NA,NA,NA,NA,NA,NA,NA,NA,NA,NA,NA,NA,NA,NA,NA,NA,NA,NA,NA,NA,NA,NA,NA,NA,NA,NA,NA,NA,NA,NA,NA,NA,NA,NA,NA,NA,NA,NA,NA,NA,NA,NA,NA,0.197766604347859,0.2388286245059,NA,0.631896481189528,NA,NA,0.177111551903519,0.330967347046428,0.987750423342123,NA,NA,0.0198784991687105,NA,0.970243158223489,NA,NA,NA,0.606469169722442,NA,0.904420104599285,NA,0.181179131117753,0.121534632905968,NA,0.458883519219693,NA,0.146023493712211,0.260309717900965,NA,NA,NA,NA,NA,NA,0.716999881704959,0.247726966249236,0.319646728211197,NA,0.40300981413508,NA,NA,NA,NA,0.272840553536336,0.950231721729348,NA,0.800053986725916,NA,NA,0.750085277170475,NA,NA,NA,NA,NA,NA,NA,NA,NA,0.355189189640646,0.0780470908165081,NA,NA,NA,NA,NA,NA,0.00142822779178751,NA,0.0114822877495519,NA,0.0199282544435592,NA,NA,NA,0.0631559868617008,NA,NA,0.894057770294258,0.184112097018855,NA,NA,NA,0.152960061403364,NA,NA,0.0412701245730928,NA,NA,NA,NA,NA,0.0755036650810334,0.0552242562469769,0.14685971901946,NA,NA,NA,NA,0.0964402971384211,NA,0.811504268323759,NA,0.0710910727474493,NA,NA,NA,NA,NA,NA,NA,NA,NA,0.162853233921636,NA,NA,0.0121468891115474,NA,NA,0.0707481996691899,NA,NA,NA,NA,NA,NA,NA,NA,NA,NA,0.608296008369782,NA,0.936234934488237,0.201016042061757,NA,NA,NA,NA,0.157046109312973,NA,NA,NA,NA,NA,NA,NA,0.0565294838265485,NA,0.0230294949074405,NA,NA,NA,NA,NA,NA,NA,NA,0.592851836717846
"HMDB0242632",NA,NA,NA,NA,NA,NA,NA,NA,NA,NA,NA,NA,NA,NA,NA,NA,NA,NA,NA,NA,NA,NA,NA,NA,NA,NA,NA,NA,NA,NA,NA,NA,NA,NA,NA,NA,NA,NA,NA,NA,NA,NA,NA,NA,NA,NA,NA,NA,NA,NA,NA,NA,NA,NA,NA,NA,NA,NA,NA,NA,NA,NA,NA,NA,NA,NA,NA,NA,NA,NA,NA,NA,NA,NA,NA,NA,NA,NA,NA,NA,NA,NA,NA,NA,NA,NA,NA,NA,NA,NA,NA,NA,NA,NA,NA,NA,NA,NA,NA,NA,NA,NA,NA,NA,NA,NA,NA,NA,NA,NA,NA,NA,NA,NA,NA,NA,NA,NA,NA,NA,NA,NA,NA,NA,NA,NA,NA,NA,NA,NA,NA,NA,NA,NA,NA,NA,NA,NA,NA,NA,NA,NA,NA,NA,NA,NA,NA,0.456349008587811,NA,NA,NA,NA,NA,NA,NA,NA,NA,NA,NA,NA,NA,NA,NA,NA,0.269722257563792,NA,NA,NA,NA,NA,NA,NA,NA,0.243918326035428,NA,NA,NA,NA,NA,NA,NA,NA,NA,0.0588013242543901,NA,NA,NA,NA,NA,NA,NA,NA,NA,NA,NA,NA,NA,NA,NA,NA,NA,NA,NA,NA,NA,0.560289229559792,NA,NA,NA,NA,NA,NA,NA,NA,NA,NA,NA,NA,NA,0.468862661927484,NA,NA,NA,NA,NA,NA,NA,0.0249222943401424,NA,0.75568805972775,NA,NA,NA,NA,NA,NA,NA,NA,0.0710910727474493,NA,NA,NA,NA,NA,NA,0.348371226516117,NA,NA,NA,0.643839272896969,NA,NA,NA,NA,0.377218237082945,0.171581530353768,NA,0.0550088667106834,0.47290281355127,NA,NA,NA,NA,0.173416674119094,NA,NA,0.186609829866283,NA,NA,NA,0.580169482125557,NA,NA,0.47132279294761,NA,NA,NA,NA,NA,NA,NA,NA,NA,NA,0.316347011948405,NA,NA,NA,NA,0.805804872517132,NA,NA,0.0145975110891366,NA
"HMDB0038468",NA,NA,NA,NA,NA,NA,NA,NA,NA,NA,NA,NA,NA,NA,NA,NA,NA,NA,NA,NA,NA,NA,NA,NA,NA,NA,NA,NA,NA,NA,NA,NA,NA,NA,NA,NA,NA,NA,NA,NA,NA,NA,NA,NA,NA,NA,NA,NA,NA,NA,NA,NA,NA,NA,NA,NA,NA,NA,NA,NA,NA,NA,NA,NA,NA,NA,NA,NA,NA,NA,NA,NA,NA,NA,NA,NA,NA,NA,NA,NA,NA,NA,NA,NA,NA,NA,NA,NA,NA,NA,NA,NA,NA,NA,NA,NA,NA,NA,NA,NA,NA,NA,NA,NA,NA,0.00118945793262569,NA,NA,NA,NA,NA,NA,NA,NA,NA,NA,NA,NA,NA,NA,NA,NA,NA,NA,NA,NA,NA,NA,NA,NA,NA,NA,NA,NA,NA,NA,NA,NA,NA,NA,NA,NA,NA,NA,NA,NA,NA,NA,NA,NA,NA,NA,NA,NA,NA,NA,NA,NA,NA,NA,NA,NA,NA,NA,NA,NA,NA,NA,NA,NA,NA,NA,NA,NA,NA,NA,NA,NA,NA,NA,NA,NA,NA,NA,NA,NA,NA,NA,NA,NA,NA,NA,NA,NA,NA,NA,NA,0.261092068530106,NA,NA,NA,NA,NA,NA,NA,NA,NA,NA,NA,NA,0.899353064992789,NA,NA,NA,NA,NA,NA,NA,NA,NA,0.726405781846576,NA,NA,NA,NA,0.715828524702433,NA,NA,NA,NA,NA,NA,0.948119549156071,NA,NA,NA,NA,NA,NA,NA,NA,NA,NA,NA,NA,NA,NA,NA,NA,NA,NA,NA,NA,NA,NA,NA,NA,NA,NA,NA,NA,NA,NA,NA,NA,NA,NA,NA,NA,NA,NA,NA,NA,NA,NA,NA,NA,NA,NA,NA,NA,NA,NA,NA,NA,NA,NA,NA,NA,NA,NA,NA,NA,NA
"HMDB0011152",NA,NA,NA,NA,NA,NA,NA,NA,NA,NA,0.00469479487440077,NA,NA,NA,NA,NA,NA,NA,NA,NA,NA,NA,NA,NA,NA,NA,NA,NA,NA,NA,NA,NA,NA,NA,NA,NA,NA,NA,NA,NA,NA,NA,NA,7.82268857038507e-05,NA,NA,NA,NA,NA,NA,0.00919092649501246,NA,NA,NA,NA,NA,NA,NA,NA,NA,NA,NA,NA,NA,NA,NA,NA,NA,NA,NA,NA,NA,NA,NA,NA,NA,NA,NA,NA,NA,NA,NA,NA,NA,NA,NA,NA,NA,NA,NA,NA,NA,NA,NA,NA,NA,NA,NA,NA,NA,NA,NA,NA,NA,NA,NA,NA,NA,NA,NA,NA,NA,NA,NA,NA,NA,NA,NA,NA,NA,NA,NA,NA,NA,NA,NA,NA,NA,NA,NA,NA,NA,NA,NA,NA,NA,NA,NA,NA,NA,NA,NA,NA,NA,NA,NA,NA,NA,NA,NA,NA,NA,NA,NA,NA,NA,0.154677508424553,NA,NA,NA,NA,NA,NA,NA,NA,NA,NA,NA,0.0147457583422487,NA,NA,NA,NA,NA,NA,NA,NA,NA,NA,0.531170308641833,NA,NA,NA,NA,NA,NA,NA,0.0348884452950763,NA,0.00061320473338701,NA,0.00105842705563734,0.0013689465032326,NA,NA,NA,NA,NA,NA,NA,NA,NA,0.325602042636097,0.0309456193881417,NA,NA,0.087632615279443,NA,NA,NA,NA,NA,0.0250568609078644,NA,NA,NA,NA,NA,NA,NA,NA,NA,NA,NA,NA,NA,NA,NA,NA,NA,NA,NA,NA,NA,NA,NA,0.117738512359679,NA,NA,NA,NA,NA,NA,NA,0.22517213901316,NA,NA,0.987597852764684,NA,NA,NA,0.000857874479334823,NA,0.216012564456843,NA,NA,NA,NA,NA,0.147049857339417,0.214745345224003,0.0233770654404585,NA,NA,NA,0.347528677535089,NA,0.468557966291474,NA,NA,NA,0.050121673292051,NA,NA,NA,NA,NA,0.0283821746686483,NA,NA,NA,NA,0.230080796544086,NA,NA,NA,NA,NA,NA,NA,NA,NA,NA,NA
"HMDB0036355",NA,NA,NA,NA,NA,NA,NA,NA,NA,NA,NA,NA,NA,NA,NA,NA,NA,NA,NA,NA,NA,NA,NA,NA,NA,NA,NA,NA,NA,NA,NA,NA,NA,NA,NA,NA,NA,NA,NA,NA,NA,NA,NA,NA,NA,NA,NA,NA,NA,NA,NA,NA,NA,NA,NA,NA,NA,NA,NA,NA,NA,NA,NA,NA,NA,NA,NA,NA,NA,NA,NA,NA,NA,NA,NA,NA,NA,NA,NA,NA,NA,NA,NA,NA,NA,NA,NA,NA,NA,NA,NA,NA,NA,NA,NA,NA,NA,NA,NA,NA,NA,NA,NA,NA,NA,NA,NA,NA,NA,NA,NA,NA,NA,NA,NA,NA,NA,NA,NA,NA,NA,NA,NA,NA,NA,NA,NA,NA,NA,NA,NA,NA,NA,NA,NA,NA,NA,NA,NA,NA,NA,NA,NA,NA,0.173795529137795,0.818821295406344,NA,NA,NA,0.264921105954009,0.648456112182163,NA,0.649253125605017,0.423864802862835,NA,NA,NA,0.305288045610565,NA,0.208734493204243,NA,0.448601730396736,0.718621164212663,NA,NA,NA,NA,NA,NA,NA,0.690803437562513,0.353451909904903,0.976612609843333,NA,0.992087760626194,NA,NA,0.167447778111122,0.0177932556154487,NA,NA,0.0591153018344285,0.396450505461357,NA,NA,NA,0.102654074488763,NA,NA,NA,NA,NA,NA,NA,NA,NA,0.826695074990402,NA,NA,NA,NA,0.0117841313323233,NA,NA,NA,NA,NA,NA,NA,NA,NA,NA,NA,0.906186955280174,0.045588237464457,0.107311358127361,0.65843176277266,NA,0.753216685659328,NA,NA,0.344171677370249,0.92056195517108,NA,NA,NA,0.0249174622482426,0.386438619266857,0.23180890485516,NA,0.00443620122118801,NA,NA,NA,NA,0.106712563336374,NA,NA,NA,NA,NA,NA,NA,NA,NA,0.301813891930865,NA,NA,0.738454872724856,NA,NA,0.898723253927372,NA,NA,0.921285069636179,NA,0.0027838949522546,0.487880952878931,NA,NA,NA,0.247399238201427,NA,NA,NA,NA,NA,NA,0.326377559751941,NA,NA,NA,NA,NA,NA,0.543468837224369,0.797377085053889,0.902453283638171,NA,NA,0.385207034603255,NA,NA,NA,NA,NA,NA,0.11850694159481,NA,NA,NA,NA,NA,NA
"HMDB0247121",NA,NA,NA,NA,NA,NA,NA,NA,NA,NA,NA,NA,NA,0.0172470166242861,NA,NA,NA,NA,NA,NA,NA,NA,NA,NA,NA,NA,NA,NA,NA,NA,NA,NA,NA,NA,NA,NA,NA,NA,NA,NA,NA,NA,NA,NA,NA,NA,NA,NA,NA,NA,NA,NA,NA,NA,NA,NA,NA,NA,NA,NA,NA,NA,NA,NA,NA,NA,NA,NA,NA,NA,NA,NA,NA,NA,NA,NA,NA,NA,NA,NA,NA,NA,NA,NA,NA,NA,NA,NA,NA,NA,NA,NA,NA,NA,NA,NA,NA,NA,NA,NA,NA,NA,NA,NA,NA,NA,NA,NA,NA,NA,NA,NA,NA,NA,NA,NA,NA,NA,NA,NA,NA,NA,NA,NA,NA,NA,NA,NA,NA,NA,NA,NA,NA,NA,NA,NA,NA,NA,NA,NA,NA,NA,NA,NA,NA,0.376692485579698,NA,NA,NA,NA,0.23348749095835,NA,NA,NA,NA,NA,NA,NA,NA,NA,NA,NA,NA,NA,NA,NA,NA,NA,NA,NA,NA,NA,NA,NA,NA,NA,NA,NA,NA,NA,NA,NA,NA,NA,NA,NA,NA,NA,NA,NA,NA,NA,NA,0.128869243624048,NA,NA,NA,NA,NA,NA,0.104471348293149,NA,NA,NA,NA,NA,NA,NA,NA,NA,NA,NA,NA,NA,NA,NA,NA,NA,NA,NA,NA,NA,NA,NA,NA,NA,NA,0.712766017850476,NA,NA,NA,NA,NA,NA,NA,NA,NA,NA,NA,NA,NA,NA,NA,NA,NA,NA,NA,NA,NA,NA,NA,NA,NA,NA,NA,NA,NA,NA,NA,NA,NA,NA,NA,NA,NA,NA,NA,NA,NA,NA,NA,0.740007634911863,NA,NA,0.163779084129198,NA,NA,NA,NA,NA,NA,0.365063344831844,NA,NA,NA,NA,0.656109504960698,NA,0.289034769995886,0.0172378625841365,NA,0.613627623634937,NA,NA
"HMDB0011474",NA,NA,NA,NA,NA,NA,0.00116963078490407,0.108014744692659,NA,NA,NA,NA,NA,NA,NA,NA,NA,NA,NA,NA,NA,NA,NA,NA,NA,NA,NA,NA,NA,NA,NA,NA,NA,NA,NA,NA,NA,NA,NA,NA,NA,NA,NA,NA,NA,NA,NA,NA,NA,NA,NA,NA,NA,NA,NA,NA,NA,NA,NA,NA,NA,NA,NA,NA,NA,NA,NA,NA,NA,NA,NA,NA,NA,NA,NA,NA,NA,NA,NA,NA,NA,NA,NA,NA,NA,NA,NA,NA,NA,NA,NA,0.0167025988805882,NA,NA,NA,NA,0.230424554894318,NA,NA,NA,NA,NA,NA,NA,NA,NA,NA,NA,NA,0.176466722141818,NA,NA,NA,NA,NA,NA,NA,NA,NA,NA,NA,NA,NA,NA,NA,NA,NA,NA,NA,NA,NA,NA,NA,NA,NA,NA,NA,NA,NA,NA,NA,NA,NA,NA,0.0457890034491538,NA,NA,0.479433224680399,0.147462857188142,NA,NA,NA,NA,NA,NA,NA,NA,0.662014611791437,NA,NA,NA,NA,NA,NA,NA,NA,NA,NA,NA,NA,0.479000353482083,NA,NA,NA,NA,NA,NA,NA,NA,NA,NA,NA,NA,NA,NA,0.170283598023485,NA,NA,NA,NA,NA,0.50208780740893,NA,NA,NA,NA,0.996811423283519,NA,NA,NA,NA,NA,NA,0.0229308942845022,NA,NA,NA,NA,NA,NA,NA,NA,NA,NA,NA,NA,NA,NA,NA,NA,NA,NA,NA,NA,0.0491704733387157,NA,NA,NA,NA,0.227317725862417,NA,NA,NA,NA,NA,NA,NA,NA,NA,NA,NA,0.22517213901316,NA,NA,NA,NA,NA,0.53109894647447,NA,NA,NA,0.0629417494175796,NA,NA,NA,NA,NA,NA,NA,NA,0.270807801763979,NA,NA,NA,NA,0.297998617722595,NA,NA,NA,NA,0.042770985217119,NA,NA,NA,NA,NA,NA,NA,NA,NA,NA,NA,NA,NA,NA,NA,NA,NA,NA,NA,NA,NA,NA,NA
"HMDB0035489",NA,NA,NA,NA,NA,NA,NA,NA,NA,NA,NA,NA,NA,NA,NA,NA,NA,NA,NA,NA,NA,NA,NA,NA,NA,NA,NA,NA,NA,NA,NA,NA,NA,NA,NA,NA,NA,NA,NA,NA,NA,NA,NA,NA,NA,NA,NA,NA,NA,NA,NA,NA,NA,NA,NA,NA,NA,NA,NA,NA,NA,NA,NA,NA,NA,NA,NA,NA,NA,NA,NA,NA,NA,NA,NA,NA,NA,NA,NA,NA,NA,NA,NA,NA,NA,NA,NA,NA,NA,NA,NA,NA,NA,NA,NA,NA,NA,NA,NA,NA,NA,NA,NA,NA,NA,NA,NA,NA,NA,NA,NA,NA,NA,NA,NA,NA,NA,NA,NA,NA,NA,NA,NA,NA,NA,NA,NA,NA,NA,NA,NA,NA,NA,NA,NA,NA,NA,NA,NA,0.799919417742499,0.520513432414849,NA,NA,0.720606171838199,NA,0.319283466839687,NA,NA,NA,NA,0.730902331203805,NA,NA,NA,NA,0.578983141992042,NA,NA,NA,NA,NA,NA,NA,NA,0.161766812783324,NA,NA,NA,NA,0.125252609270181,NA,NA,NA,0.433852914702991,NA,NA,NA,NA,0.315810776343142,NA,0.174645736325524,NA,NA,0.170368640987829,NA,NA,NA,NA,NA,NA,NA,NA,NA,NA,NA,NA,0.973206734756162,NA,NA,NA,0.341978366902956,0.324873531919047,NA,NA,0.373132520848834,NA,NA,NA,NA,NA,NA,NA,NA,NA,0.193647501537211,NA,NA,NA,NA,NA,NA,NA,NA,NA,NA,NA,NA,0.310929974293683,NA,NA,NA,NA,NA,NA,NA,NA,NA,NA,NA,0.348371226516117,NA,NA,0.301813891930865,NA,NA,NA,0.0182101960221249,NA,NA,NA,0.812210586724794,NA,NA,NA,NA,NA,0.626692061463184,NA,NA,NA,NA,NA,NA,0.398559268584845,NA,NA,NA,0.678102254348372,0.493981702980803,NA,0.998073503432946,NA,0.368968527994711,0.146720486885382,NA,0.292986044345806,NA,NA,NA,NA,NA,0.814354268468605,NA,NA,NA,NA,NA,NA,NA,0.816245948362467,NA,0.640231989114377,NA,NA
"HMDB0302058",NA,NA,NA,NA,NA,NA,NA,NA,NA,NA,NA,NA,NA,NA,NA,NA,NA,NA,NA,NA,NA,NA,NA,NA,NA,NA,NA,NA,NA,NA,NA,NA,NA,NA,NA,NA,NA,NA,NA,NA,NA,NA,NA,NA,NA,NA,NA,NA,NA,NA,NA,NA,NA,NA,NA,NA,NA,NA,NA,NA,NA,NA,NA,NA,NA,NA,NA,NA,NA,NA,NA,NA,NA,NA,NA,NA,NA,NA,NA,NA,NA,NA,NA,NA,NA,NA,NA,NA,NA,NA,NA,NA,NA,NA,NA,NA,NA,NA,NA,NA,NA,NA,NA,NA,NA,NA,NA,NA,NA,NA,NA,NA,NA,NA,NA,NA,NA,NA,NA,NA,NA,NA,NA,NA,NA,NA,NA,NA,NA,NA,NA,NA,NA,NA,NA,NA,NA,NA,0.496438655767834,NA,NA,NA,NA,NA,NA,NA,NA,NA,NA,NA,0.0175916313876063,NA,NA,NA,NA,NA,NA,NA,NA,NA,NA,NA,NA,NA,NA,NA,NA,NA,NA,NA,NA,NA,NA,NA,NA,NA,NA,NA,NA,NA,NA,NA,NA,NA,NA,NA,0.0923503886767961,NA,NA,NA,NA,NA,NA,0.366124605731765,NA,NA,NA,NA,NA,NA,NA,0.0760324222177861,NA,NA,NA,NA,NA,NA,NA,NA,NA,NA,NA,NA,NA,NA,NA,0.888968494600144,0.0380780810825723,NA,NA,NA,0.23498887661115,0.715288771800056,NA,NA,NA,0.165881149223831,NA,NA,NA,NA,0.157680686507469,NA,NA,NA,NA,NA,NA,NA,NA,NA,NA,NA,NA,0.0182101960221249,NA,NA,0.566672215103291,NA,NA,NA,NA,NA,0.249973040076888,NA,NA,0.474940310909082,NA,NA,NA,0.381089949529527,0.689556735013959,NA,0.512462680162764,NA,NA,NA,NA,NA,NA,NA,NA,NA,NA,NA,NA,NA,NA,0.275137283873516,0.620310250265759,NA,NA,NA,NA,NA,NA,NA,NA,NA,NA,NA,0.0732001814923503,NA
"HMDB0011475",NA,NA,NA,NA,NA,NA,NA,NA,NA,NA,NA,NA,NA,NA,NA,NA,NA,NA,NA,NA,NA,NA,NA,NA,NA,NA,NA,NA,NA,NA,NA,NA,NA,NA,NA,NA,NA,NA,NA,NA,NA,NA,NA,NA,NA,NA,NA,NA,NA,NA,NA,NA,NA,NA,NA,NA,NA,NA,NA,NA,NA,NA,NA,NA,NA,NA,NA,NA,NA,NA,NA,NA,NA,NA,NA,NA,NA,NA,NA,NA,NA,NA,0.00615514392863875,NA,NA,NA,NA,NA,NA,NA,NA,NA,NA,NA,NA,NA,NA,NA,NA,NA,NA,NA,NA,NA,NA,NA,NA,NA,NA,NA,NA,NA,NA,NA,NA,NA,NA,NA,NA,NA,NA,NA,NA,NA,NA,NA,NA,NA,NA,NA,NA,NA,NA,NA,NA,NA,NA,NA,NA,NA,NA,NA,NA,NA,NA,NA,NA,NA,NA,NA,NA,NA,NA,NA,NA,NA,NA,NA,NA,NA,NA,NA,NA,NA,NA,NA,NA,NA,NA,NA,NA,NA,NA,NA,NA,NA,NA,NA,NA,NA,NA,NA,NA,NA,NA,NA,NA,0.335565345145608,NA,NA,NA,0.0959389489979363,NA,NA,NA,NA,NA,NA,NA,NA,NA,NA,0.506046942412186,NA,NA,NA,0.82681686468787,NA,NA,NA,NA,NA,0.61406122671551,NA,NA,NA,NA,NA,NA,NA,NA,NA,NA,NA,NA,NA,NA,NA,NA,NA,NA,NA,NA,NA,NA,NA,NA,NA,NA,NA,NA,0.987597852764684,NA,NA,0.53109894647447,NA,NA,NA,NA,NA,NA,NA,NA,0.19294015472987,NA,NA,NA,NA,NA,NA,0.131504359427412,0.174988382885351,NA,NA,NA,0.648588910303857,NA,NA,NA,NA,NA,NA,NA,NA,NA,NA,NA,NA,NA,NA,NA,NA,NA,NA,NA,NA,NA,NA,NA,NA,NA,NA,NA,NA
"HMDB0038238",NA,NA,NA,NA,NA,NA,NA,NA,NA,NA,NA,NA,NA,NA,NA,NA,NA,NA,NA,NA,NA,NA,NA,NA,NA,NA,NA,NA,NA,NA,NA,NA,NA,NA,NA,NA,NA,NA,NA,NA,NA,NA,NA,NA,NA,NA,NA,NA,NA,NA,NA,NA,NA,NA,NA,NA,NA,NA,NA,NA,NA,NA,NA,NA,NA,NA,NA,NA,NA,NA,NA,NA,NA,NA,NA,NA,NA,NA,NA,NA,NA,NA,NA,NA,NA,NA,NA,NA,NA,NA,NA,NA,NA,NA,NA,NA,NA,NA,NA,NA,NA,NA,NA,NA,NA,NA,NA,NA,NA,NA,NA,NA,NA,NA,NA,NA,NA,NA,NA,NA,NA,NA,NA,NA,NA,NA,NA,NA,NA,NA,NA,NA,NA,NA,NA,NA,NA,0.400078952809787,NA,NA,NA,NA,NA,NA,NA,NA,0.105603264538119,NA,0.116957933287608,0.0644816735373976,0.0357847723848439,0.275241642217204,NA,NA,NA,NA,0.0538851692929217,0.140447809318025,0.979617823576317,0.659639490174218,NA,0.205667224181556,NA,NA,NA,NA,NA,NA,NA,NA,NA,0.810777238900549,NA,NA,NA,NA,0.625111672551445,0.76636971478193,NA,NA,NA,0.72735479535987,0.823812133995665,NA,NA,NA,0.244708891811842,0.405358640278787,NA,0.974303669872522,0.373201415926552,NA,NA,NA,0.914736510025849,NA,NA,NA,NA,NA,NA,0.19813519184143,NA,NA,NA,0.0852071877552142,NA,NA,NA,NA,NA,NA,0.613344250139963,0.670041384674986,0.494600932771359,0.617832231667634,0.59299877746165,0.909092609646062,0.722928376801607,NA,NA,NA,NA,0.237154681650541,0.235826998290431,0.314127812437383,NA,NA,NA,NA,NA,NA,0.445996948430997,NA,NA,NA,0.815212210992788,NA,NA,NA,NA,NA,0.738454872724856,NA,NA,NA,0.566672215103291,NA,NA,NA,NA,0.178125064803141,NA,0.797530404659661,0.743603236457067,NA,0.544420404844945,0.149868200340352,NA,NA,0.484029581325172,0.364757622341252,0.0577498396461756,0.0750976088328854,0.990042020814813,0.224175850582347,NA,NA,0.000909246274094806,NA,NA,0.526897098668865,NA,NA,NA,0.973314888894727,0.77452971705197,0.494963414200216,NA,0.412365775445086,0.119966823422779,NA,NA,NA,0.0833470576230978,0.326127896349283,0.230675549739244,NA,NA,NA,NA,NA,0.87557478861324,0.13216336140282
"HMDB0296943",NA,NA,NA,NA,NA,NA,NA,NA,NA,NA,NA,NA,NA,NA,NA,NA,NA,NA,NA,NA,NA,NA,NA,NA,NA,NA,NA,NA,NA,NA,NA,NA,NA,NA,NA,NA,NA,NA,NA,NA,NA,NA,NA,NA,NA,NA,NA,NA,NA,NA,NA,NA,NA,NA,NA,NA,NA,NA,NA,NA,NA,NA,NA,NA,NA,NA,NA,NA,NA,NA,NA,NA,NA,NA,NA,NA,NA,NA,NA,NA,NA,NA,NA,NA,NA,NA,NA,NA,NA,NA,NA,NA,NA,NA,NA,NA,NA,NA,NA,NA,NA,NA,NA,NA,NA,NA,NA,NA,NA,NA,NA,NA,NA,NA,NA,NA,NA,NA,NA,NA,NA,NA,NA,NA,NA,NA,NA,NA,NA,NA,NA,NA,NA,NA,NA,NA,NA,NA,0.356070032136613,NA,NA,NA,NA,0.549277008300774,NA,NA,NA,0.017090436393521,NA,0.636903098452015,NA,NA,NA,NA,NA,NA,NA,NA,NA,NA,0.0938212084375534,NA,NA,NA,0.153069791344771,NA,0.0189128393329,0.521097485519429,0.697589555341685,NA,NA,NA,0.76289161887039,NA,NA,0.181335718679683,NA,NA,NA,0.943715016374983,NA,NA,NA,NA,NA,NA,NA,NA,NA,NA,NA,NA,NA,NA,NA,NA,NA,NA,NA,NA,NA,NA,NA,0.256952552636663,NA,0.110405093660868,NA,NA,0.216940846958394,NA,NA,NA,NA,NA,NA,NA,NA,NA,NA,0.0952183701892657,NA,NA,NA,NA,NA,NA,NA,NA,0.173318643809348,NA,NA,NA,NA,NA,NA,0.464581244387889,NA,0.165487565788655,0.162853233921636,0.643839272896969,NA,NA,NA,NA,NA,NA,NA,NA,NA,NA,NA,NA,0.114877699026305,NA,0.267795835558943,0.462258094148042,NA,NA,0.435485813354203,NA,NA,0.0625999709615416,NA,0.709412708015234,0.155284498418365,NA,0.59478767093743,NA,NA,0.630680609575794,NA,NA,NA,NA,NA,NA,NA,NA,NA,NA,NA,NA,0.774378748909457,NA,0.634651400862017,NA,0.31617251474213,NA,NA,NA,NA,NA,NA,NA
"HMDB0248874",NA,NA,0.155300915246774,NA,NA,NA,NA,NA,NA,NA,NA,0.000558839276945959,NA,NA,NA,NA,NA,0.00391883188484667,NA,NA,NA,NA,NA,NA,0.00632864464695224,NA,0.0118078644427459,NA,NA,NA,NA,NA,NA,NA,NA,NA,NA,NA,NA,NA,NA,NA,NA,NA,NA,NA,NA,NA,NA,NA,NA,NA,0.000524971563268494,NA,NA,NA,NA,NA,NA,NA,NA,NA,NA,NA,NA,NA,NA,NA,NA,NA,NA,NA,NA,NA,NA,NA,NA,NA,NA,NA,NA,NA,NA,NA,NA,NA,NA,NA,NA,NA,NA,NA,NA,NA,NA,NA,NA,NA,NA,NA,NA,NA,NA,NA,NA,NA,NA,NA,NA,NA,NA,NA,NA,NA,NA,NA,NA,NA,NA,NA,NA,NA,NA,NA,NA,NA,NA,NA,NA,NA,NA,NA,NA,NA,NA,NA,NA,NA,NA,0.907112214976402,0.288907938925404,NA,NA,0.909995494029165,NA,0.37229244015081,NA,0.0207562408939886,NA,NA,NA,NA,NA,NA,NA,0.535595273736267,NA,NA,NA,NA,NA,NA,NA,NA,NA,0.18628911121479,NA,NA,NA,NA,NA,NA,NA,0.285346475258798,0.0842201910233051,NA,NA,NA,0.174269795019253,NA,NA,NA,NA,0.0902751063667057,NA,NA,NA,NA,NA,NA,NA,NA,NA,NA,NA,NA,NA,NA,NA,NA,NA,NA,NA,NA,NA,NA,NA,NA,NA,0.244587287894798,NA,NA,NA,NA,NA,NA,NA,NA,NA,NA,NA,NA,NA,NA,NA,NA,NA,NA,NA,NA,NA,NA,NA,NA,0.145526967552858,NA,NA,NA,NA,NA,NA,NA,NA,NA,NA,0.812210586724794,NA,NA,NA,NA,NA,NA,NA,NA,NA,NA,NA,NA,NA,NA,NA,NA,NA,NA,NA,NA,NA,0.268619199530893,NA,NA,NA,NA,0.322770365562694,0.842150198546721,NA,NA,NA,NA,NA,0.0817041524337872,NA,NA,NA,NA,NA,NA,NA,NA,NA,0.317794590942657,NA,NA,NA,NA
"HMDB0011517",NA,NA,NA,NA,NA,NA,NA,NA,NA,NA,NA,NA,NA,NA,NA,NA,NA,NA,NA,NA,NA,NA,NA,NA,NA,NA,NA,NA,NA,NA,NA,NA,NA,NA,NA,NA,NA,NA,NA,NA,NA,NA,NA,NA,NA,NA,NA,NA,NA,NA,NA,NA,NA,NA,NA,NA,NA,NA,NA,NA,NA,NA,NA,0.0559004681445277,NA,NA,NA,NA,NA,NA,NA,NA,NA,NA,NA,NA,NA,NA,NA,NA,NA,NA,NA,NA,NA,NA,NA,NA,0.00890240991999319,NA,NA,NA,NA,NA,NA,NA,NA,NA,NA,NA,NA,NA,NA,NA,NA,NA,NA,NA,NA,NA,NA,NA,NA,NA,NA,NA,NA,NA,NA,NA,NA,NA,NA,NA,NA,NA,NA,NA,NA,NA,NA,NA,NA,NA,NA,NA,NA,NA,0.293541227169068,NA,NA,NA,NA,NA,0.710832536493479,NA,NA,NA,NA,0.00959164090675254,0.299340380993654,NA,NA,NA,NA,NA,NA,0.0947035591093672,NA,NA,NA,0.0725383464102852,0.159003176906952,NA,NA,NA,NA,NA,NA,NA,0.442814626823414,0.0187935506185823,0.0366934857458848,NA,0.874324203196524,NA,0.269653799686088,0.875313740752884,0.000268184320348862,NA,NA,0.717297316039586,0.185073643029371,NA,NA,0.594187913878433,0.162569528947878,0.726594989968905,NA,0.00575601182878758,0.0956142043804938,0.0385407490326182,NA,NA,0.115205245057587,NA,0.577102604518735,NA,NA,NA,NA,0.255359575597964,NA,NA,NA,NA,NA,NA,NA,NA,NA,0.410341178048394,0.936422389119647,0.596557951324141,0.431180527628273,0.260619726121883,NA,NA,0.446473111047145,NA,NA,NA,0.958049057609552,NA,0.72954950270764,0.623698097275195,NA,0.135293552727594,NA,NA,NA,NA,0.989170155498159,NA,NA,NA,NA,NA,NA,NA,NA,0.000857874479334823,0.898723253927372,NA,0.0629417494175796,NA,NA,NA,0.178125064803141,NA,NA,NA,NA,NA,0.813660253166048,NA,0.367046331631535,0.0295795913098594,0.0810268303525673,NA,0.0215976979380436,0.7422969014263,0.166050820153294,0.0526094797373327,NA,0.00469045011294804,NA,0.00114254472463151,0.000156295066998531,NA,NA,0.604158478742108,NA,NA,NA,NA,0.164101081842951,0.582801421338786,NA,0.261559507247051,0.741137093875138,NA,NA,NA,0.150194020118102,NA,NA,NA,NA,NA,NA,NA,0.608754414936792,0.00351612847849097
"HMDB0031936",NA,NA,NA,0.150155955651404,NA,NA,NA,NA,NA,NA,NA,NA,NA,NA,NA,NA,NA,NA,NA,NA,0.951725455320633,NA,NA,NA,NA,NA,NA,NA,NA,NA,NA,NA,NA,NA,0.515490567774393,NA,NA,NA,NA,0.0738394393624903,NA,NA,NA,NA,NA,NA,NA,NA,NA,NA,NA,NA,NA,NA,NA,NA,NA,NA,NA,NA,NA,NA,NA,NA,NA,0.132440491566484,NA,NA,NA,NA,NA,NA,NA,NA,NA,NA,NA,NA,NA,NA,NA,NA,NA,NA,NA,NA,NA,NA,NA,NA,NA,NA,NA,NA,NA,NA,NA,NA,NA,NA,NA,NA,NA,NA,NA,NA,NA,NA,NA,NA,NA,NA,NA,NA,NA,NA,NA,NA,NA,NA,NA,NA,NA,NA,NA,NA,NA,NA,NA,NA,NA,NA,NA,NA,NA,NA,NA,0.184711892270712,NA,NA,NA,NA,NA,NA,NA,NA,NA,NA,NA,0.666676760490306,NA,NA,NA,NA,NA,NA,NA,NA,NA,NA,NA,NA,NA,NA,NA,NA,NA,0.833807713414545,NA,0.989695939449741,0.614871099732636,0.664665404583758,0.630572295683065,NA,NA,0.34304957796128,NA,NA,NA,NA,NA,NA,NA,NA,NA,0.824873280759772,NA,NA,NA,NA,NA,NA,NA,NA,NA,NA,0.12708082351958,NA,NA,NA,NA,NA,NA,0.194420679813698,NA,NA,NA,NA,0.0453849417049709,NA,NA,0.172353764033584,NA,NA,NA,NA,NA,NA,NA,0.00129931000560204,NA,NA,NA,NA,NA,NA,NA,NA,0.0161948899048979,0.389105165922568,NA,NA,NA,0.816367067942353,NA,0.0110287840501198,NA,0.379017204419821,0.0121468891115474,NA,NA,NA,NA,NA,NA,NA,NA,NA,NA,0.114877699026305,NA,NA,NA,NA,NA,0.955574653983283,NA,NA,NA,NA,NA,NA,NA,NA,0.926117735214999,NA,0.526730738882318,NA,NA,0.211661314764622,NA,NA,NA,NA,0.173571263393998,NA,NA,NA,0.0930959165385992,NA,NA,NA,0.360070149488481,NA,0.105516850363533,NA,NA,NA,NA,NA,NA,NA,NA,NA
"HMDB0248539",NA,NA,NA,NA,NA,NA,NA,NA,NA,NA,NA,NA,NA,NA,NA,NA,NA,NA,NA,NA,NA,NA,NA,NA,NA,NA,NA,NA,NA,NA,NA,NA,NA,NA,NA,NA,NA,NA,NA,NA,NA,NA,NA,NA,NA,NA,NA,NA,NA,NA,NA,NA,NA,NA,NA,NA,NA,NA,NA,NA,NA,NA,NA,NA,NA,NA,NA,NA,NA,NA,NA,NA,NA,NA,NA,NA,NA,NA,NA,NA,NA,NA,NA,NA,NA,NA,NA,NA,NA,NA,NA,NA,NA,NA,NA,NA,NA,NA,NA,NA,NA,NA,NA,NA,NA,NA,NA,NA,NA,NA,NA,NA,NA,NA,NA,NA,NA,NA,NA,NA,NA,NA,NA,NA,NA,NA,0.000323495884423081,NA,NA,NA,NA,NA,NA,NA,NA,NA,NA,NA,NA,NA,NA,NA,NA,NA,NA,NA,NA,NA,NA,NA,NA,NA,NA,NA,NA,0.258450507703473,0.000195408043528102,NA,NA,NA,NA,NA,NA,0.00205412369488377,NA,0.969962298831276,NA,NA,0.69568006630926,NA,NA,NA,NA,0.135859239758889,NA,NA,NA,0.0408581475687764,0.0678236649161861,NA,NA,NA,NA,NA,NA,NA,NA,0.141275819987481,NA,NA,NA,0.0505794016499872,0.259486815290669,NA,NA,NA,NA,NA,NA,NA,NA,NA,NA,0.00841953996706363,0.365416898222847,NA,0.18000155062145,NA,NA,0.752608946692441,0.691440211704022,NA,0.0426612595168119,NA,NA,NA,NA,0.0933838426945804,NA,NA,0.965178404647001,NA,NA,NA,NA,NA,NA,NA,NA,NA,NA,0.191672363839829,NA,NA,NA,0.820710598214172,0.0823003746105023,NA,NA,NA,NA,0.216012564456843,NA,NA,NA,NA,NA,0.19294015472987,0.797530404659661,NA,NA,NA,NA,NA,0.744253316354011,NA,NA,NA,NA,0.0153045141589167,NA,0.247081446314137,NA,NA,NA,0.00879874182376634,NA,0.00827016654907106,0.015167916845765,0.46536165539787,NA,0.388363544829408,NA,0.229337612710378,NA,NA,0.253616053793217,0.0185664764459873,NA,0.331675270863943,NA,NA,0.829088093289161,NA,0.654825438681012,NA,0.543512845688528,NA,NA,NA,NA,0.233638395716678,NA,0.405597120647479
"HMDB0029655",NA,NA,NA,NA,NA,NA,NA,NA,NA,NA,NA,NA,NA,NA,NA,NA,0.376775246570123,NA,NA,NA,NA,NA,NA,NA,NA,NA,NA,NA,NA,NA,NA,NA,NA,NA,NA,NA,NA,NA,NA,NA,NA,NA,NA,NA,NA,NA,NA,NA,NA,NA,NA,NA,NA,NA,NA,NA,NA,NA,NA,NA,NA,NA,NA,NA,NA,NA,NA,NA,NA,NA,NA,NA,NA,NA,NA,NA,NA,NA,NA,NA,NA,NA,NA,NA,NA,NA,NA,NA,0.00313216982554965,NA,NA,NA,NA,NA,NA,NA,NA,NA,NA,NA,NA,NA,NA,NA,NA,NA,NA,NA,NA,NA,NA,NA,NA,NA,NA,NA,NA,NA,NA,NA,NA,0.0472844806123316,NA,NA,NA,NA,NA,NA,NA,NA,NA,NA,NA,NA,NA,NA,NA,0.771736817058337,NA,NA,NA,NA,NA,NA,NA,NA,NA,NA,0.942505587306736,NA,0.0448584812779881,NA,0.715312540210731,NA,NA,NA,0.233296721405834,0.607457288318262,0.234126747248167,0.724938640916933,NA,0.476559338124624,NA,NA,0.230245804669769,0.612783893720289,NA,NA,NA,NA,NA,0.898714997485447,NA,NA,NA,NA,0.615536681507904,0.432949620593899,NA,NA,NA,0.578076943647508,0.501635385233155,NA,NA,NA,0.211609395514456,0.370524022365206,NA,0.918159884173219,0.276734086113161,NA,NA,0.409486724878867,0.535237282366715,NA,0.62304678951535,NA,NA,NA,NA,0.498474482245786,NA,0.213354449174449,NA,0.0543487302918055,NA,NA,NA,NA,NA,NA,0.337293005629922,0.765471363505706,0.868843940842009,NA,0.654753386354646,NA,0.4249990049078,0.671261891019544,NA,0.338391381387981,NA,NA,0.48810822037709,0.693356787553044,NA,NA,NA,NA,NA,NA,0.962726692425935,NA,0.733788958376,NA,0.389374254626128,NA,NA,0.377218237082945,NA,NA,0.921285069636179,NA,NA,NA,0.249973040076888,NA,0.743603236457067,0.267795835558943,NA,0.813660253166048,NA,0.744253316354011,NA,NA,0.3636349786813,0.717387885383879,NA,0.00138015075436654,0.812617466174238,0.0775796291992006,0.518527234896165,0.18860524342145,NA,0.255000694733801,NA,NA,0.0149614011184171,NA,NA,NA,NA,NA,NA,0.628636905496864,0.360638821265447,0.408351295760716,NA,0.769741936392692,0.460982179331108,NA,NA,0.969017949259263,0.52015409569104,0.961114891304424,0.192886384932281,0.168616685298792,NA,NA,NA,NA,0.108052147306254,NA
"HMDB0296915",NA,NA,NA,NA,NA,NA,NA,NA,NA,NA,NA,NA,NA,NA,NA,NA,NA,NA,NA,NA,NA,NA,NA,NA,NA,NA,NA,NA,NA,NA,NA,NA,NA,NA,NA,NA,NA,NA,NA,NA,NA,NA,NA,NA,NA,NA,NA,NA,NA,NA,NA,NA,NA,NA,NA,NA,NA,NA,NA,NA,NA,NA,NA,NA,NA,NA,NA,NA,NA,NA,NA,NA,NA,NA,NA,NA,NA,NA,NA,NA,NA,NA,NA,NA,NA,NA,NA,NA,NA,NA,NA,NA,NA,NA,NA,NA,NA,NA,NA,NA,NA,NA,NA,NA,NA,NA,NA,NA,NA,NA,NA,NA,NA,NA,NA,NA,NA,NA,NA,NA,NA,NA,NA,NA,NA,NA,NA,NA,NA,NA,NA,NA,NA,NA,NA,NA,NA,NA,0.297873530526657,NA,0.757443635093771,NA,0.467423111022335,NA,NA,NA,NA,0.0537157796280381,NA,0.870707065927778,NA,NA,NA,NA,NA,NA,NA,NA,NA,NA,NA,NA,NA,0.799461350253612,0.17501996373325,NA,NA,0.466334545272612,NA,NA,NA,NA,0.586647862296168,NA,NA,NA,NA,NA,NA,0.44122787192473,NA,NA,NA,NA,0.208841020112684,0.060630958687199,NA,NA,NA,NA,NA,NA,NA,NA,NA,NA,0.0346196095496508,NA,NA,NA,NA,NA,NA,0.604305153203537,NA,0.00174210363707862,NA,NA,0.482036775899261,NA,0.740011056091431,0.0774561051165626,NA,NA,NA,NA,NA,NA,NA,0.129786417887589,0.188181201934193,NA,NA,NA,NA,NA,NA,NA,0.0757817783825925,0.767095190818392,0.985992806560687,NA,NA,NA,NA,0.806890132532854,NA,0.237875795952576,0.0707481996691899,0.171581530353768,NA,NA,NA,NA,NA,NA,NA,NA,NA,0.462258094148042,NA,NA,0.955574653983283,NA,NA,NA,NA,NA,0.298386003459446,NA,NA,NA,NA,0.260862587348986,NA,NA,0.431944406535592,0.648741339026578,0.260849436952836,0.788614305211918,NA,NA,NA,NA,NA,NA,NA,NA,NA,NA,NA,NA,0.827957730569347,NA,0.802854026750605,NA,0.408681290777046,NA,NA,NA,NA,NA,NA,NA
"HMDB0033008",NA,NA,NA,NA,NA,NA,NA,NA,NA,NA,NA,NA,NA,NA,NA,NA,NA,NA,NA,NA,NA,NA,NA,NA,NA,NA,NA,NA,NA,NA,NA,NA,NA,NA,NA,NA,NA,NA,NA,NA,NA,NA,NA,NA,NA,NA,NA,NA,NA,NA,NA,NA,NA,NA,NA,NA,NA,NA,NA,NA,NA,NA,NA,NA,NA,NA,NA,NA,NA,NA,NA,NA,NA,NA,NA,NA,NA,NA,NA,NA,NA,NA,NA,NA,NA,NA,NA,NA,NA,NA,NA,NA,NA,NA,NA,NA,NA,NA,NA,NA,NA,NA,NA,NA,NA,NA,NA,NA,NA,NA,NA,NA,NA,NA,NA,NA,NA,NA,NA,NA,NA,NA,NA,NA,NA,NA,NA,NA,NA,NA,NA,NA,NA,NA,NA,NA,NA,NA,NA,NA,NA,NA,NA,NA,0.219243595583312,0.731081634687498,NA,NA,NA,0.250187075247178,0.112117251975716,NA,0.233181663015967,0.852017050711097,NA,NA,NA,0.192254028704675,NA,0.391599701668648,NA,0.660057098532666,0.877003200251927,NA,NA,NA,NA,NA,NA,NA,0.831149197906959,0.178389380154237,0.82040450406179,NA,0.985488829845534,NA,0.106494655427307,0.213966373142442,0.00382499369864229,NA,NA,0.120128370441723,0.384765958090032,0.0315624830428035,NA,NA,0.0346719719974843,NA,NA,NA,NA,NA,NA,NA,NA,NA,0.8886699074628,NA,NA,NA,NA,0.162904716980863,NA,NA,NA,NA,NA,NA,NA,NA,NA,0.828714140037631,0.0360883622015166,0.754990191660382,0.527563753549914,0.517943824915734,0.845526096179594,NA,0.174638688094634,NA,NA,0.295774946140959,0.68181208494499,NA,0.578651242484197,NA,0.0739699313014889,0.720142630900642,NA,NA,0.0124235698488373,NA,0.364499573533316,NA,0.084679395715147,NA,NA,NA,NA,NA,NA,NA,0.0027838949522546,NA,NA,0.626692061463184,NA,NA,0.544420404844945,NA,NA,0.367046331631535,NA,NA,0.3636349786813,NA,NA,0.266345580756426,NA,NA,0.991758649876966,0.0490148745704982,NA,NA,NA,NA,NA,NA,0.408169554708626,NA,NA,NA,NA,NA,NA,0.317034876009875,0.8654513605982,0.553381414433479,NA,NA,0.356821091712957,NA,NA,0.291301666953708,NA,NA,NA,0.0619628438167662,NA,NA,NA,NA,NA,0.392652593341609
"HMDB0034679",NA,NA,NA,NA,NA,NA,NA,NA,NA,NA,NA,NA,NA,NA,0.15793298952496,NA,0.0987684904927702,NA,0.29229793190051,NA,NA,NA,NA,NA,NA,NA,0.127943663939882,NA,NA,NA,NA,NA,NA,NA,NA,NA,NA,NA,NA,NA,NA,NA,NA,NA,NA,NA,NA,NA,NA,NA,NA,NA,NA,NA,NA,NA,NA,NA,NA,0.072735101265342,NA,NA,NA,NA,NA,NA,NA,NA,NA,0.0525408649827818,NA,NA,NA,NA,NA,NA,NA,NA,NA,NA,NA,NA,NA,NA,NA,NA,NA,NA,0.0546896742859797,NA,NA,NA,NA,NA,NA,NA,NA,NA,NA,NA,NA,NA,NA,NA,NA,NA,NA,NA,NA,NA,NA,NA,NA,NA,NA,NA,NA,NA,NA,NA,NA,NA,NA,NA,NA,NA,NA,NA,NA,NA,NA,NA,NA,NA,NA,NA,NA,0.384009535244731,NA,NA,NA,NA,NA,NA,0.367255220770002,NA,NA,NA,NA,0.0466258076108534,0.321084758121157,0.234715057314254,0.328715009562908,0.500109868238822,NA,NA,NA,0.171974531190702,0.47790852307514,0.923257861556739,NA,0.401523655020016,0.570330871295341,NA,NA,NA,NA,NA,NA,NA,NA,0.998049175788198,0.120562133182702,NA,0.555782002759169,NA,0.134123873052168,0.948575783435522,0.0155922320126979,NA,NA,0.743490311778403,0.777694907749424,NA,NA,NA,0.0124600919170112,0.662858844423911,NA,0.0607117320477627,0.781346676014763,NA,NA,0.236999678135553,0.899905768388062,NA,0.897105199921635,0.122485900635328,NA,NA,NA,0.016880876474905,0.194474213586654,NA,NA,0.000798877946934502,NA,NA,NA,NA,NA,NA,0.664268760872525,0.438059146138216,0.240881552104853,0.417115188479811,0.0551963601835111,0.501969853145912,0.214942403520606,NA,NA,0.356687071931496,NA,NA,0.236906092263084,0.552593061336711,0.949921217908644,0.954868798865679,NA,0.0230263315177131,NA,NA,0.825343808130786,NA,0.338228689684537,NA,NA,NA,NA,0.0550088667106834,NA,NA,0.487880952878931,NA,NA,NA,0.474940310909082,NA,0.149868200340352,NA,NA,0.0295795913098594,NA,NA,0.717387885383879,NA,0.266345580756426,NA,NA,NA,0.880184786423488,0.00603808535066543,0.724936938224557,0.126892836436794,NA,0.0526599159739514,NA,0.0285808831563029,0.00176676221002848,NA,NA,NA,NA,NA,NA,0.332748552557471,0.818780744483725,0.588961418156287,NA,0.984325194850879,0.526376570461786,NA,NA,0.529767526494101,0.111562694469997,0.457753347545569,NA,0.594353978659774,NA,NA,NA,NA,0.418450039172711,0.282047088202433
"HMDB0038539",NA,NA,NA,NA,NA,0.0868064722611675,NA,NA,NA,NA,NA,NA,NA,NA,NA,NA,NA,NA,NA,NA,NA,NA,NA,NA,NA,NA,NA,NA,NA,NA,NA,NA,NA,NA,NA,NA,NA,NA,NA,NA,NA,NA,NA,NA,NA,NA,NA,NA,NA,NA,NA,NA,NA,NA,NA,NA,NA,NA,NA,NA,NA,NA,NA,NA,NA,NA,NA,NA,NA,NA,NA,NA,NA,NA,NA,NA,NA,NA,NA,NA,NA,NA,NA,NA,NA,NA,NA,NA,NA,NA,NA,NA,NA,NA,NA,NA,NA,NA,NA,NA,NA,NA,NA,NA,NA,NA,NA,NA,NA,NA,NA,NA,NA,NA,NA,NA,NA,NA,NA,NA,NA,NA,NA,NA,NA,NA,NA,NA,NA,NA,NA,NA,NA,NA,NA,NA,NA,NA,0.848017042925041,NA,0.0494254528410323,0.523351158738101,NA,NA,0.0220500623104298,NA,NA,NA,NA,NA,NA,NA,NA,NA,NA,NA,NA,NA,NA,NA,NA,NA,0.107937955063557,NA,NA,NA,NA,NA,NA,NA,0.0310746156235048,0.793223965651772,NA,NA,NA,NA,NA,NA,NA,NA,NA,NA,NA,NA,0.232753354142327,0.0555716812092244,0.0751284374588341,0.0127053838319207,NA,NA,NA,NA,NA,NA,NA,NA,0.0200841620876357,NA,NA,NA,NA,NA,NA,NA,NA,NA,NA,NA,NA,NA,NA,NA,NA,NA,NA,NA,NA,0.167709976132861,NA,NA,NA,NA,0.212318589533826,0.378366890698623,NA,NA,NA,NA,NA,NA,NA,0.464047062908225,0.275533653734642,NA,NA,NA,NA,0.0713416016777725,NA,0.47290281355127,NA,NA,NA,NA,NA,NA,NA,NA,NA,0.435485813354203,NA,0.0810268303525673,NA,NA,NA,0.298386003459446,NA,NA,NA,NA,NA,NA,NA,0.123521518736284,0.0871162662144086,NA,NA,NA,NA,NA,NA,NA,NA,NA,NA,0.411693968217494,NA,0.00904182746447718,0.00475301922834976,NA,NA,NA,0.735074018801003,0.663427585159866,0.375018214752841,NA,NA,0.314878617509837,NA,0.324492067271749,NA,NA,0.0117242841572447,NA
"HMDB0041413",NA,NA,NA,NA,NA,NA,NA,NA,NA,NA,NA,NA,NA,NA,NA,NA,NA,NA,NA,NA,NA,NA,NA,NA,NA,NA,NA,NA,NA,NA,NA,NA,NA,NA,NA,NA,NA,NA,NA,NA,NA,NA,NA,NA,NA,NA,NA,NA,NA,NA,NA,NA,NA,NA,NA,NA,NA,NA,NA,NA,NA,NA,NA,NA,NA,NA,NA,NA,NA,NA,NA,NA,NA,NA,NA,NA,NA,NA,NA,NA,NA,NA,NA,NA,NA,NA,NA,NA,NA,NA,NA,NA,NA,NA,NA,NA,NA,NA,NA,NA,NA,NA,NA,NA,NA,NA,NA,NA,NA,NA,NA,NA,NA,NA,NA,NA,NA,NA,NA,NA,NA,NA,NA,NA,NA,NA,NA,NA,NA,NA,NA,NA,NA,NA,NA,NA,NA,NA,NA,NA,NA,NA,NA,NA,NA,NA,NA,NA,0.000759162668303727,NA,NA,NA,NA,NA,NA,NA,0.0369089595992633,NA,NA,NA,NA,NA,NA,NA,NA,NA,NA,NA,NA,NA,NA,NA,NA,NA,NA,NA,NA,NA,NA,NA,NA,NA,NA,NA,NA,NA,NA,0.000959467067912888,NA,NA,NA,0.101331599414651,NA,NA,NA,NA,NA,NA,NA,NA,0.963517221907431,NA,NA,NA,NA,NA,NA,NA,NA,NA,NA,NA,0.000289591811690221,NA,NA,NA,NA,NA,NA,NA,NA,NA,NA,NA,NA,NA,NA,NA,NA,NA,NA,NA,NA,0.037599861091181,NA,NA,0.000653405739460983,NA,NA,NA,NA,0.147049857339417,NA,NA,NA,NA,NA,NA,NA,NA,NA,NA,NA,0.0153045141589167,0.00138015075436654,NA,NA,NA,NA,NA,NA,NA,NA,NA,NA,NA,NA,0.644109329148081,NA,NA,NA,0.00456299920190068,0.058516701586482,NA,NA,NA,NA,NA,0.990110231421405,NA,NA,NA,NA,0.537866455349555,NA,0.133687040234044,0.495338621264538,NA,NA,NA,NA,NA,NA,0.257593877788536
"HMDB0010382",NA,NA,NA,NA,NA,NA,NA,NA,0.00340070991904196,NA,NA,NA,NA,NA,NA,NA,0.0681112977882741,NA,NA,NA,NA,NA,NA,NA,NA,NA,0.233296334438431,0.00167652094695262,NA,NA,NA,NA,NA,NA,NA,0.115212351187692,NA,NA,NA,NA,NA,0.00431798968875483,NA,NA,NA,NA,NA,0.00440238956663084,NA,NA,NA,NA,NA,NA,NA,NA,NA,0.0468989053999767,NA,NA,0.00218006803536847,0.0301033546571761,NA,NA,0.0119447849922649,NA,NA,NA,NA,NA,NA,NA,NA,NA,NA,NA,NA,NA,NA,NA,NA,NA,NA,NA,0.247055064415366,NA,NA,NA,0.0229747805108463,0.0313976780135169,NA,NA,NA,NA,NA,NA,NA,NA,NA,NA,0.00316822051797278,NA,NA,NA,NA,NA,NA,0.00265480294688006,0.0142627407367792,NA,NA,NA,0.00012591413396551,NA,NA,NA,NA,NA,NA,NA,NA,NA,NA,NA,NA,NA,NA,NA,NA,NA,NA,NA,NA,NA,NA,NA,NA,NA,0.446686263372877,NA,NA,NA,NA,NA,NA,NA,NA,NA,NA,NA,NA,NA,NA,NA,NA,NA,0.824508401234823,0.626126415008605,NA,NA,NA,0.612577159270802,NA,NA,0.16637253056398,0.294211748830195,NA,NA,NA,NA,NA,NA,NA,NA,0.0944635264692963,NA,0.974293451432842,NA,NA,NA,NA,NA,0.174833338683088,NA,NA,NA,0.299084860564748,0.483694771044987,NA,0.211047373898466,0.253093404736993,0.329126658154417,NA,NA,0.183154733676486,NA,0.338318685591041,NA,NA,NA,NA,0.975041045778394,0.185149030738101,NA,NA,NA,NA,NA,NA,NA,NA,NA,0.74920219164621,NA,NA,NA,NA,NA,NA,NA,NA,NA,0.195655215533526,NA,0.260041906098609,0.786135730979939,NA,0.298314854978745,NA,NA,NA,NA,0.628518460327775,NA,NA,NA,NA,NA,NA,NA,NA,0.214745345224003,NA,NA,0.270807801763979,NA,NA,0.131504359427412,0.484029581325172,NA,NA,0.0215976979380436,NA,NA,0.812617466174238,NA,0.991758649876966,0.880184786423488,NA,NA,NA,0.509813420663752,NA,0.934471569700504,NA,0.0941513334646424,NA,NA,0.0195565849826638,NA,NA,NA,NA,NA,NA,NA,NA,0.209369324448076,NA,NA,0.364127381004263,NA,NA,NA,0.695738047001837,NA,NA,0.129277183107157,NA,NA,NA,NA,NA,NA
"HMDB0035167",NA,NA,NA,NA,NA,NA,NA,NA,NA,NA,NA,NA,NA,NA,NA,NA,NA,NA,NA,NA,NA,NA,NA,NA,NA,NA,NA,NA,NA,NA,NA,NA,NA,NA,NA,NA,NA,NA,NA,NA,NA,NA,NA,NA,NA,NA,NA,NA,NA,NA,NA,NA,NA,NA,NA,NA,NA,0.224327628900512,NA,NA,NA,NA,NA,NA,NA,NA,NA,NA,NA,NA,NA,NA,NA,NA,NA,NA,NA,NA,NA,NA,NA,NA,NA,NA,NA,NA,NA,NA,0.0355128792963472,NA,NA,NA,NA,NA,NA,NA,NA,NA,NA,NA,NA,NA,NA,NA,NA,NA,NA,NA,NA,NA,NA,NA,NA,NA,NA,NA,NA,NA,NA,NA,NA,NA,NA,NA,NA,NA,NA,NA,NA,NA,NA,NA,NA,NA,NA,NA,NA,NA,NA,NA,NA,NA,NA,NA,NA,NA,0.140426975250184,NA,0.136432168481441,0.0233422354116956,0.00969739257749083,NA,NA,NA,NA,NA,0.00828638302703612,0.251204552291336,0.698984526064923,0.468754291912342,NA,0.429718970294521,NA,NA,NA,0.533901021945148,NA,NA,NA,NA,NA,NA,NA,NA,NA,NA,0.119706782904903,0.731458940210774,NA,NA,NA,NA,0.473468985892507,NA,NA,0.333817306653183,0.0817001795300677,0.745261301817335,NA,0.683958468971878,0.889349990156464,0.172768281282182,NA,0.953005725809864,0.378266323636349,NA,0.846398101314385,NA,NA,NA,0.203403032086508,0.0134116817762195,NA,0.500924936801925,NA,NA,NA,NA,NA,NA,NA,NA,0.241882646717492,0.184700043346282,0.0439191123668343,0.136397107155588,0.00674834891719847,NA,0.0633833840713863,0.248244645474629,NA,0.0859028760340496,NA,NA,0.162421503612371,0.429273796960933,NA,NA,NA,0.0286718697222464,NA,NA,0.764410446558662,0.177230778103074,NA,NA,0.528453714562855,NA,NA,NA,NA,0.0233770654404585,0.247399238201427,NA,NA,NA,0.381089949529527,0.174988382885351,0.364757622341252,0.0625999709615416,NA,0.7422969014263,NA,0.247081446314137,0.0775796291992006,NA,0.0490148745704982,0.00603808535066543,NA,NA,0.509813420663752,NA,0.387449472218972,0.0493090779580615,0.935010099558269,0.0370178363763327,NA,NA,8.95786940705777e-05,NA,NA,0.84013328327399,NA,NA,NA,NA,0.829238363189148,0.178945368918712,NA,0.801598527175822,0.68543023821709,NA,0.0036976212470493,NA,0.148468682423029,0.92955631680621,0.0155611716812805,NA,NA,NA,NA,NA,0.380892499230721,NA
"HMDB0034393",NA,NA,NA,NA,NA,NA,NA,NA,NA,NA,NA,NA,NA,NA,NA,NA,NA,NA,NA,NA,NA,NA,NA,NA,NA,NA,NA,NA,NA,NA,NA,NA,NA,NA,NA,NA,NA,NA,NA,NA,NA,NA,NA,NA,NA,NA,NA,NA,NA,NA,NA,NA,NA,NA,NA,NA,NA,NA,NA,NA,NA,NA,NA,NA,NA,NA,NA,NA,NA,NA,NA,NA,NA,NA,NA,NA,NA,NA,NA,NA,NA,NA,NA,NA,NA,NA,NA,NA,NA,NA,NA,NA,NA,NA,NA,NA,NA,NA,NA,NA,NA,NA,NA,NA,NA,NA,NA,NA,NA,NA,NA,NA,NA,NA,NA,NA,NA,NA,NA,NA,NA,NA,NA,NA,NA,NA,NA,NA,NA,NA,NA,NA,NA,NA,NA,NA,NA,0.762050986482508,NA,NA,NA,NA,NA,NA,NA,NA,NA,NA,NA,0.036810250912178,NA,NA,NA,NA,NA,NA,NA,NA,0.493084668122189,NA,NA,NA,NA,NA,NA,NA,NA,NA,0.227985288859066,NA,NA,NA,NA,0.0185366580445107,NA,NA,NA,NA,NA,NA,NA,NA,0.240628730867836,0.000174903446884799,NA,0.0463578707959735,NA,NA,NA,NA,NA,NA,NA,0.89847780810401,NA,NA,NA,NA,NA,NA,NA,NA,NA,NA,NA,NA,NA,NA,0.40086318137902,NA,NA,NA,NA,NA,NA,NA,NA,NA,NA,NA,NA,NA,NA,NA,NA,NA,NA,NA,0.989555010524094,NA,NA,0.127959191352431,NA,NA,NA,NA,NA,NA,NA,NA,NA,NA,NA,NA,NA,NA,0.689556735013959,NA,0.0577498396461756,NA,NA,0.166050820153294,NA,NA,0.518527234896165,NA,NA,0.724936938224557,NA,NA,NA,0.387449472218972,NA,NA,NA,NA,NA,NA,NA,NA,NA,NA,NA,NA,0.946059349321036,NA,0.829834906102632,NA,NA,0.174048292786864,0.771514957870551,NA,NA,0.881392973085235,NA,0.913070601660415,NA,0.383944918433773,NA,NA,0.0242670369707779,NA,0.472579659064177,NA
"HMDB0012986",NA,NA,NA,NA,NA,NA,NA,NA,NA,NA,NA,NA,NA,NA,NA,NA,0.598057784302601,NA,NA,NA,NA,NA,NA,NA,NA,NA,NA,NA,NA,NA,NA,NA,NA,NA,NA,NA,NA,NA,NA,NA,NA,NA,NA,NA,NA,NA,NA,NA,NA,NA,NA,NA,NA,NA,NA,NA,NA,NA,NA,NA,NA,NA,NA,NA,NA,NA,NA,NA,NA,NA,NA,NA,NA,NA,NA,NA,NA,NA,NA,NA,NA,NA,NA,NA,NA,NA,NA,NA,NA,NA,NA,NA,NA,NA,NA,NA,NA,NA,NA,NA,NA,NA,NA,NA,NA,NA,NA,NA,NA,0.00252640348930418,NA,NA,NA,NA,NA,NA,NA,NA,NA,NA,NA,NA,NA,NA,NA,NA,NA,0.0422700200973959,NA,NA,NA,NA,NA,0.0377391365551985,NA,NA,NA,NA,0.613188636201503,NA,NA,NA,NA,0.257048547674315,0.912303207959074,NA,NA,NA,NA,NA,0.862643984716035,NA,NA,NA,NA,NA,NA,NA,NA,NA,NA,0.0494919188255123,0.99462531229369,NA,0.285653348838351,NA,NA,NA,NA,NA,NA,0.66354997193019,NA,NA,NA,NA,NA,NA,NA,NA,NA,NA,NA,NA,NA,NA,0.71107329063274,0.131302967036276,NA,0.503505453838281,0.803307921727504,0.949818378971471,NA,0.454727891850709,0.172837817577179,NA,0.0205703004470824,NA,NA,NA,NA,NA,NA,NA,NA,0.275184428813739,NA,NA,0.118803821678938,NA,NA,NA,0.0169080475936764,NA,NA,NA,NA,NA,NA,0.724462176927135,NA,NA,0.189848328524518,NA,NA,NA,NA,0.964463338874322,NA,0.0153695968947844,NA,NA,NA,NA,0.5661974927174,0.414198644781233,NA,NA,NA,0.173416674119094,NA,NA,NA,NA,NA,0.398559268584845,NA,NA,0.0750976088328854,0.709412708015234,NA,0.0526094797373327,NA,NA,0.18860524342145,0.260862587348986,NA,0.126892836436794,0.123521518736284,NA,0.934471569700504,0.0493090779580615,NA,NA,NA,NA,0.998549082884897,NA,NA,NA,NA,0.239604510369472,NA,NA,NA,0.78756905869997,NA,0.0206962589789507,NA,0.0504700936497051,0.737314330722052,NA,0.117151108038017,0.947145082106174,0.101872901310461,NA,0.102437206942558,0.817641896196412,NA,0.534768461667134,NA,NA,0.0287320736827427,NA
"HMDB0255962",NA,NA,NA,NA,NA,NA,NA,NA,NA,NA,NA,NA,NA,NA,NA,NA,NA,NA,NA,NA,NA,NA,NA,NA,NA,NA,NA,NA,NA,NA,NA,NA,NA,NA,NA,NA,NA,NA,NA,NA,NA,NA,NA,NA,NA,NA,NA,NA,NA,NA,NA,NA,NA,NA,NA,NA,NA,NA,NA,NA,NA,NA,NA,NA,NA,NA,NA,NA,NA,NA,NA,NA,NA,NA,NA,NA,NA,NA,NA,NA,NA,NA,NA,NA,NA,NA,NA,NA,NA,NA,NA,NA,NA,NA,NA,NA,NA,NA,NA,NA,NA,NA,NA,NA,NA,NA,NA,NA,NA,NA,NA,NA,NA,NA,NA,NA,NA,NA,NA,NA,NA,NA,NA,NA,NA,NA,NA,NA,NA,NA,NA,NA,NA,NA,NA,NA,NA,NA,NA,NA,NA,NA,NA,NA,NA,NA,NA,NA,NA,NA,NA,NA,NA,NA,NA,NA,NA,NA,NA,NA,NA,NA,NA,NA,NA,NA,0.222577161132835,NA,NA,NA,0.788169932920549,NA,0.203696977246705,NA,NA,NA,NA,NA,0.363797638659738,NA,NA,NA,NA,0.271040507476973,NA,NA,NA,NA,NA,NA,NA,NA,NA,NA,NA,0.810105166393598,NA,NA,0.74941808802671,0.77485051165248,NA,NA,NA,NA,NA,NA,NA,NA,NA,NA,NA,NA,0.880793902088441,NA,NA,NA,NA,0.268928518848906,NA,NA,NA,NA,0.80851745570997,0.358093861152373,NA,NA,NA,NA,NA,NA,NA,NA,0.390615948179023,0.157919322175398,NA,0.453314412479807,0.555337321841848,NA,NA,NA,NA,NA,NA,NA,NA,NA,0.512462680162764,NA,0.990042020814813,0.155284498418365,NA,NA,0.926117735214999,NA,NA,NA,NA,NA,0.0871162662144086,NA,NA,0.935010099558269,NA,NA,NA,NA,NA,NA,0.0077016897411062,0.916262685647868,NA,NA,NA,NA,NA,NA,NA,NA,0.0518384875962177,0.976596786563997,NA,NA,0.0954952729000733,0.415759689693281,0.57397846967747,NA,NA,NA,NA,NA,NA,NA,0.434631432684057,NA
"HMDB0010386",NA,NA,NA,NA,NA,NA,NA,NA,NA,NA,NA,NA,NA,NA,NA,NA,NA,NA,NA,NA,NA,NA,NA,NA,NA,NA,NA,NA,NA,NA,NA,NA,NA,NA,NA,NA,NA,NA,NA,NA,NA,NA,NA,0.0287326965042609,NA,NA,NA,NA,NA,NA,NA,NA,NA,NA,NA,NA,NA,NA,NA,NA,NA,NA,NA,NA,NA,NA,NA,NA,NA,0.0259575218671232,NA,NA,NA,NA,NA,NA,NA,NA,NA,NA,NA,NA,NA,NA,NA,NA,NA,NA,NA,NA,NA,NA,NA,NA,NA,NA,NA,NA,NA,NA,NA,NA,NA,NA,NA,NA,NA,NA,NA,NA,NA,NA,NA,NA,NA,NA,NA,NA,NA,NA,NA,NA,NA,NA,NA,NA,NA,NA,NA,NA,NA,NA,NA,NA,NA,NA,NA,NA,NA,NA,NA,NA,NA,NA,NA,NA,NA,NA,NA,NA,NA,NA,NA,NA,NA,NA,0.663487469428112,NA,NA,NA,NA,0.135562111805839,NA,NA,NA,NA,NA,NA,0.033593576766432,NA,NA,NA,NA,NA,NA,NA,NA,0.131474630125879,NA,NA,NA,NA,NA,NA,NA,NA,0.49375544192438,0.0341279074893363,NA,NA,0.0403548818110362,0.0349786021122339,NA,NA,NA,NA,0.363200238306226,NA,NA,NA,NA,NA,0.246058922868206,0.0159441351918394,NA,NA,0.0682070935088293,NA,NA,NA,NA,NA,0.0453804370386708,NA,NA,NA,NA,NA,NA,NA,NA,NA,NA,NA,0.21496706315456,NA,NA,NA,NA,NA,NA,0.00624011263238498,NA,NA,NA,NA,0.196726938651963,NA,NA,NA,NA,0.347528677535089,NA,NA,0.297998617722595,NA,NA,0.648588910303857,0.224175850582347,NA,NA,0.00469045011294804,NA,0.00879874182376634,0.255000694733801,NA,NA,0.0526599159739514,NA,NA,0.0941513334646424,0.0370178363763327,NA,NA,NA,NA,NA,NA,NA,NA,NA,0.095503960475575,NA,NA,NA,NA,NA,0.136601770229996,NA,NA,NA,NA,NA,NA,NA,NA,NA,NA,NA,NA,NA,NA,NA,NA
"HMDB0030116",NA,NA,NA,NA,NA,NA,NA,NA,NA,NA,NA,NA,NA,NA,NA,NA,NA,NA,NA,NA,NA,NA,NA,NA,NA,NA,NA,NA,NA,NA,NA,NA,NA,NA,NA,NA,NA,NA,NA,NA,NA,NA,NA,NA,NA,NA,NA,NA,NA,NA,NA,NA,NA,NA,NA,NA,NA,NA,NA,NA,NA,NA,NA,NA,NA,NA,NA,NA,NA,NA,NA,NA,NA,NA,NA,NA,NA,NA,NA,NA,NA,NA,NA,NA,NA,NA,NA,NA,NA,NA,NA,NA,NA,NA,NA,NA,NA,NA,NA,NA,NA,NA,NA,NA,NA,NA,NA,NA,NA,NA,NA,NA,NA,NA,NA,NA,NA,NA,NA,NA,NA,NA,NA,NA,NA,NA,NA,NA,NA,NA,NA,NA,NA,NA,NA,NA,NA,NA,NA,0.216373767796067,NA,NA,0.271335026921183,0.415773578386577,NA,NA,NA,0.00570760569453403,NA,0.294296877421463,NA,NA,NA,NA,NA,NA,NA,NA,NA,NA,0.182487275337483,NA,NA,0.874107748328861,0.253602123960002,NA,NA,0.206719796261005,NA,0.452141796363352,NA,NA,0.812951773918663,NA,NA,0.0277265465186331,NA,NA,NA,NA,NA,NA,NA,NA,NA,0.324920919996413,NA,NA,NA,NA,NA,NA,NA,NA,NA,NA,NA,NA,NA,NA,NA,NA,NA,NA,NA,NA,NA,NA,0.86258641401176,NA,NA,0.0381829734550831,NA,NA,NA,NA,NA,NA,NA,0.0957977794095222,NA,NA,NA,NA,NA,NA,NA,NA,NA,NA,0.93744654448931,NA,NA,NA,NA,0.510660922660358,NA,0.547204105120395,0.608296008369782,0.186609829866283,NA,NA,NA,NA,NA,NA,NA,NA,NA,0.59478767093743,NA,NA,0.526730738882318,NA,NA,0.431944406535592,NA,NA,NA,NA,NA,NA,NA,0.998549082884897,NA,NA,NA,NA,NA,NA,NA,NA,NA,NA,0.584831458757413,NA,NA,NA,NA,NA,NA,NA,0.705583593303235,NA,0.732934898517351,NA,NA,NA,NA,NA,NA,NA,NA,NA
"HMDB0037381",NA,NA,NA,NA,NA,NA,NA,NA,NA,NA,NA,NA,NA,NA,NA,NA,NA,NA,NA,NA,NA,NA,0.914619015920119,NA,NA,NA,NA,NA,NA,NA,NA,NA,NA,NA,NA,NA,NA,NA,NA,NA,NA,NA,NA,NA,NA,NA,NA,NA,NA,NA,NA,NA,NA,NA,NA,NA,NA,NA,0.0082653374698171,NA,NA,NA,NA,NA,NA,0.215621299276227,NA,NA,NA,NA,NA,NA,NA,NA,NA,NA,0.235993756218908,NA,NA,NA,NA,NA,NA,NA,NA,NA,NA,NA,NA,NA,NA,NA,NA,NA,NA,NA,NA,NA,NA,NA,NA,NA,NA,NA,NA,NA,NA,NA,NA,NA,NA,NA,NA,NA,NA,NA,NA,NA,NA,NA,NA,NA,NA,NA,NA,NA,NA,NA,NA,NA,NA,NA,NA,NA,NA,NA,NA,NA,NA,NA,NA,NA,NA,NA,NA,NA,NA,NA,NA,0.61281368649295,0.316765452990152,NA,NA,NA,NA,NA,0.170468498694195,0.266477601836332,NA,NA,NA,0.0621795089496245,0.418176157143666,NA,NA,NA,0.8827345886448,0.0539157688854976,0.425824115707878,NA,NA,0.863358353914903,0.43738281377437,0.570903261312134,NA,NA,NA,NA,0.791210974251073,NA,NA,0.0626663744571033,0.0140527505803267,0.937752500237952,NA,NA,NA,0.0203432594569417,NA,NA,NA,0.00744705470700972,0.0306098902004509,NA,NA,0.939727228959888,NA,0.778367488563532,NA,NA,NA,0.0039042200956841,NA,0.001900211423733,NA,NA,NA,NA,NA,0.571407833475399,0.947837951929974,NA,0.00394581122159931,NA,NA,NA,NA,0.533695100705051,NA,NA,0.827881536280289,NA,NA,NA,NA,NA,NA,0.591691414353965,0.0407527533156682,NA,NA,NA,NA,0.0686903921053976,0.0551244217384026,NA,0.0412050405453322,0.0829296758639427,NA,NA,NA,0.468557966291474,NA,NA,NA,0.678102254348372,NA,NA,NA,NA,0.268619199530893,0.00114254472463151,NA,0.00827016654907106,NA,0.648741339026578,NA,0.0285808831563029,NA,0.644109329148081,NA,NA,NA,NA,NA,NA,NA,NA,0.334167287996891,0.904299351246697,NA,NA,0.757610594652282,0.242358422803986,NA,NA,NA,NA,NA,NA,NA,0.0141809851176338,0.229241962208674,NA,NA,NA,NA,NA,NA,NA,NA,0.0519212280224666,0.29776578570414,0.412551543848358
"HMDB0061034",NA,NA,NA,NA,NA,NA,NA,NA,NA,NA,NA,NA,NA,NA,NA,NA,NA,NA,NA,NA,NA,0.237840837553805,NA,NA,NA,NA,NA,NA,NA,NA,NA,NA,NA,NA,NA,NA,NA,NA,NA,NA,NA,NA,NA,0.0922070381793118,NA,NA,NA,NA,NA,NA,NA,0.241517624440921,NA,NA,NA,NA,NA,NA,0.0510756795437204,NA,NA,NA,NA,NA,NA,NA,NA,NA,NA,NA,NA,NA,NA,NA,NA,NA,0.159269557028881,NA,NA,NA,NA,NA,NA,NA,NA,NA,NA,NA,0.00376405142106981,NA,NA,NA,NA,NA,NA,NA,NA,NA,NA,NA,NA,NA,NA,NA,NA,NA,NA,NA,NA,NA,NA,NA,NA,NA,NA,NA,NA,NA,NA,NA,NA,NA,NA,NA,NA,NA,NA,NA,NA,NA,NA,NA,NA,NA,NA,NA,0.272147834636815,NA,NA,NA,NA,NA,0.239984886462355,NA,0.0802955039787594,NA,NA,NA,NA,0.367496857979182,0.0970846694711394,NA,NA,NA,NA,NA,0.219466093847499,0.11966518114856,NA,NA,0.0159311741908252,0.0368670902106167,0.49510073077804,NA,NA,NA,0.271989593689595,NA,NA,NA,NA,0.346721459260693,0.781008557701574,NA,NA,0.00138556714242844,0.077243593524295,NA,0.138624248126884,NA,NA,0.0801168967814179,0.415769848159129,NA,NA,NA,0.00230113145876176,NA,0.0142495791959893,NA,NA,NA,NA,NA,0.0997940491745576,NA,0.175733759065539,NA,NA,NA,NA,0.000347711361912396,NA,0.0889370537818576,0.0476950073306537,NA,NA,0.0299197582353921,NA,NA,NA,NA,NA,0.997047371833125,0.134982520893354,0.139043008319265,0.072411733453882,NA,0.28571768378253,NA,NA,NA,0.386354971706291,NA,NA,NA,NA,0.651614106995121,0.168130268642306,0.0407526459493979,NA,NA,NA,NA,0.0694029419462802,0.630907298056867,0.00106293650620465,0.238518114665688,0.936234934488237,NA,NA,NA,0.326377559751941,NA,NA,0.493981702980803,NA,NA,0.000909246274094806,NA,NA,0.000156295066998531,NA,0.015167916845765,0.0149614011184171,0.260849436952836,0.408169554708626,0.00176676221002848,NA,NA,0.0195565849826638,8.95786940705777e-05,NA,NA,0.0077016897411062,NA,NA,0.334167287996891,NA,0.862626882395335,NA,NA,NA,NA,NA,NA,0.0383977595077719,0.0228867932607584,NA,NA,0.471370467275405,NA,0.8762150883511,NA,NA,0.0540848998408106,NA,NA,NA,NA,NA,NA,0.124094478182734,0.27054092222146
"HMDB0035217",NA,NA,NA,0.065558528425693,NA,NA,NA,NA,NA,NA,NA,NA,0.0702769686692602,NA,NA,NA,NA,NA,NA,NA,NA,NA,NA,NA,NA,NA,NA,NA,NA,NA,NA,NA,NA,NA,NA,NA,NA,NA,NA,NA,NA,NA,NA,NA,NA,NA,NA,NA,NA,NA,NA,NA,NA,NA,NA,NA,NA,NA,NA,NA,NA,NA,NA,NA,NA,NA,NA,NA,NA,NA,NA,NA,NA,NA,NA,NA,NA,NA,NA,NA,NA,NA,NA,NA,NA,NA,NA,NA,NA,NA,NA,NA,NA,NA,NA,NA,NA,NA,NA,NA,NA,NA,NA,NA,NA,NA,NA,NA,NA,NA,NA,NA,NA,NA,NA,NA,NA,NA,NA,NA,NA,NA,NA,NA,NA,NA,NA,NA,NA,NA,NA,NA,NA,NA,NA,NA,NA,NA,NA,0.251443254066626,NA,NA,NA,NA,NA,NA,0.00579800317577136,NA,NA,0.429229498346854,NA,NA,NA,NA,NA,NA,0.422508868468346,0.818167500163125,NA,NA,NA,0.206873414583828,NA,NA,NA,NA,0.16208675900554,0.940556536977242,NA,NA,0.317832360927404,0.976941240403284,0.48719523085073,NA,0.917996234874995,NA,NA,NA,0.899375773614145,NA,NA,0.00829667600883843,0.135552556187497,0.909290535215624,NA,0.104848180833974,NA,NA,NA,NA,NA,NA,NA,NA,NA,0.88807025321941,NA,NA,0.856044144528086,0.814616871795764,NA,NA,NA,0.859990937718753,NA,NA,NA,0.0284267966164997,NA,NA,NA,NA,NA,NA,NA,NA,NA,NA,NA,0.0660823542357735,0.258988684173872,NA,0.0882295795663907,0.90230036900939,NA,0.014503263456239,NA,NA,0.0600110088185886,NA,NA,NA,0.758636848730533,0.173742228403667,NA,0.383342810029781,0.507720780722441,NA,0.201016042061757,NA,NA,NA,NA,NA,NA,NA,NA,NA,NA,0.630680609575794,NA,NA,0.211661314764622,0.46536165539787,NA,0.788614305211918,NA,NA,NA,NA,NA,NA,NA,NA,0.916262685647868,NA,NA,0.904299351246697,0.862626882395335,NA,NA,NA,NA,NA,0.0108007471964421,0.0567872842944096,NA,NA,0.927410644738323,0.613474647986627,NA,NA,0.855799659887313,0.910072725948889,NA,NA,NA,0.390910887149367,NA,NA,NA,NA,NA,NA
"HMDB0302594",NA,NA,NA,NA,NA,NA,NA,NA,NA,NA,NA,NA,0.429787665451202,NA,NA,NA,NA,NA,NA,NA,NA,NA,NA,NA,NA,0.0473658594514861,NA,NA,NA,NA,NA,NA,0.0269463049524982,0.397852801087055,NA,NA,NA,0.26180084426344,NA,NA,NA,NA,NA,NA,NA,NA,NA,0.227354071536329,NA,NA,NA,NA,NA,NA,NA,0.256486441338753,NA,NA,NA,NA,NA,NA,0.441511004641058,NA,NA,NA,NA,NA,NA,NA,NA,NA,NA,NA,NA,NA,NA,NA,NA,NA,NA,NA,NA,NA,NA,NA,NA,NA,NA,NA,NA,NA,NA,NA,NA,NA,NA,NA,NA,NA,NA,NA,NA,NA,NA,NA,NA,NA,NA,NA,NA,NA,NA,NA,NA,NA,NA,NA,NA,NA,NA,NA,NA,NA,NA,NA,NA,NA,NA,NA,NA,NA,NA,NA,NA,NA,NA,NA,NA,NA,0.0779411017732433,NA,NA,NA,NA,0.750730523701986,NA,NA,0.0425067681377811,NA,NA,NA,NA,NA,NA,0.96334575736906,NA,NA,NA,NA,NA,NA,NA,0.343106164015565,NA,NA,NA,NA,NA,NA,NA,NA,NA,NA,NA,NA,NA,NA,NA,NA,0.111015845883168,NA,NA,NA,NA,0.335999034987606,NA,NA,NA,NA,NA,NA,0.598853254626865,NA,NA,NA,NA,NA,NA,NA,0.0932773732868353,NA,NA,NA,NA,NA,0.0067603696128211,0.948141695505147,NA,NA,NA,NA,NA,NA,NA,NA,NA,NA,NA,NA,NA,NA,NA,NA,NA,NA,NA,0.102706849175465,NA,0.0473508325435686,NA,NA,NA,NA,NA,NA,NA,NA,NA,0.580169482125557,NA,NA,NA,NA,0.042770985217119,0.998073503432946,NA,NA,NA,NA,NA,NA,NA,NA,NA,NA,NA,NA,NA,NA,NA,NA,NA,NA,NA,NA,NA,NA,NA,NA,NA,NA,0.186237258951527,0.0565489424485122,NA,NA,0.742332788154131,NA,NA,NA,NA,0.101061327822254,NA,NA,NA,NA,NA,0.444127459064344,NA,0.583062891187015,NA,0.168423508479255,NA,NA
"HMDB0297111",NA,NA,NA,NA,NA,NA,NA,NA,NA,NA,NA,NA,NA,NA,NA,NA,NA,NA,NA,NA,NA,NA,NA,NA,NA,NA,NA,NA,NA,NA,NA,NA,NA,NA,NA,NA,NA,NA,NA,NA,NA,NA,NA,NA,NA,NA,NA,NA,NA,NA,NA,NA,NA,NA,NA,NA,NA,NA,NA,NA,NA,NA,NA,0.00114706502320173,NA,NA,NA,NA,NA,NA,NA,NA,NA,NA,NA,NA,NA,NA,NA,NA,NA,NA,NA,NA,NA,NA,NA,NA,NA,NA,NA,NA,NA,NA,NA,NA,NA,NA,NA,NA,0.00496272083588537,NA,NA,NA,NA,NA,NA,NA,NA,NA,NA,NA,NA,NA,NA,NA,NA,NA,NA,NA,NA,NA,NA,NA,NA,NA,NA,NA,NA,NA,NA,NA,NA,NA,NA,NA,NA,NA,NA,NA,NA,NA,NA,NA,NA,NA,NA,NA,0.509014806991192,NA,NA,NA,NA,NA,NA,NA,0.181143177206909,NA,NA,NA,NA,NA,NA,NA,NA,0.503232833027819,NA,0.00946604299259438,NA,NA,NA,NA,NA,NA,NA,0.0440131168904612,NA,NA,NA,NA,NA,NA,NA,NA,NA,0.0206022070432142,NA,0.461957421908076,NA,0.334041459908609,0.646444463349258,0.00364819036671893,0.035186974528247,NA,NA,NA,NA,NA,NA,NA,0.819674262910506,NA,NA,0.0921607078069078,NA,NA,0.201295368145611,NA,NA,NA,NA,NA,0.63460134736581,NA,NA,NA,NA,NA,NA,NA,NA,NA,NA,NA,NA,NA,NA,NA,NA,NA,NA,NA,NA,NA,NA,NA,0.348147968350934,NA,NA,NA,NA,0.050121673292051,NA,0.740007634911863,NA,NA,NA,NA,0.526897098668865,NA,NA,0.604158478742108,NA,0.388363544829408,NA,NA,NA,NA,NA,0.00456299920190068,NA,0.84013328327399,NA,0.239604510369472,NA,0.095503960475575,NA,NA,NA,NA,NA,NA,NA,NA,NA,NA,NA,0.297993265790262,NA,NA,NA,0.6682255360547,NA,NA,0.212590371920842,NA,0.974549391758212,NA,NA,NA,NA,0.424153622137534,NA,NA
"HMDB0059793",NA,NA,0.00986922752707594,NA,NA,NA,NA,NA,NA,NA,NA,NA,NA,NA,NA,NA,NA,NA,NA,NA,NA,NA,NA,NA,NA,0.0745398057764655,NA,NA,NA,NA,NA,NA,NA,NA,NA,NA,NA,NA,NA,NA,NA,NA,NA,NA,NA,NA,NA,NA,NA,NA,NA,NA,NA,NA,NA,NA,NA,NA,NA,NA,NA,NA,NA,NA,NA,NA,NA,NA,NA,NA,NA,NA,NA,NA,NA,NA,NA,NA,NA,NA,NA,NA,NA,NA,NA,NA,NA,NA,NA,NA,NA,NA,NA,NA,NA,NA,NA,NA,NA,NA,NA,NA,NA,NA,NA,NA,NA,NA,NA,NA,NA,NA,NA,NA,NA,NA,NA,NA,NA,NA,NA,NA,NA,NA,NA,NA,NA,NA,NA,NA,NA,NA,NA,NA,NA,NA,NA,0.171929216115561,NA,NA,NA,NA,NA,NA,NA,0.804907740359231,NA,NA,NA,NA,0.38678659642426,NA,NA,NA,NA,0.89075634340043,NA,NA,0.147543374631191,NA,NA,NA,NA,NA,NA,NA,NA,NA,NA,NA,NA,NA,NA,NA,NA,NA,NA,NA,NA,NA,0.865733543892899,NA,NA,0.142527149272829,NA,NA,NA,NA,NA,NA,NA,NA,NA,NA,NA,NA,NA,NA,NA,NA,0.399006235087154,NA,NA,NA,NA,NA,NA,NA,NA,NA,NA,NA,NA,NA,NA,NA,NA,NA,NA,NA,NA,NA,0.382876001405387,NA,NA,NA,NA,0.771874758724933,NA,NA,NA,NA,NA,NA,NA,NA,NA,NA,NA,NA,NA,NA,NA,NA,NA,0.368968527994711,NA,NA,NA,NA,0.322770365562694,NA,NA,NA,NA,NA,NA,NA,NA,0.058516701586482,NA,NA,NA,NA,NA,NA,NA,0.757610594652282,NA,NA,0.186237258951527,NA,NA,0.264626935766355,NA,NA,NA,NA,NA,0.408135370935678,NA,0.391380643488498,NA,NA,NA,NA,NA,NA,0.875853213618498,0.840461532757581,NA,0.913674168595442,NA,NA
"HMDB0038934",NA,NA,0.103970329451684,NA,NA,NA,NA,NA,NA,NA,NA,NA,NA,NA,NA,NA,NA,NA,NA,NA,NA,NA,NA,NA,NA,NA,NA,NA,NA,NA,NA,NA,NA,NA,NA,NA,NA,NA,NA,NA,NA,NA,NA,NA,NA,NA,NA,NA,NA,NA,NA,NA,NA,NA,NA,NA,NA,NA,NA,NA,NA,NA,NA,NA,NA,NA,NA,NA,NA,NA,NA,NA,NA,NA,NA,NA,NA,NA,NA,NA,NA,NA,NA,NA,NA,NA,NA,NA,NA,NA,NA,NA,NA,NA,NA,NA,NA,NA,NA,NA,NA,NA,NA,NA,NA,NA,NA,NA,NA,NA,NA,NA,NA,NA,NA,NA,NA,NA,NA,NA,NA,NA,NA,NA,NA,NA,NA,NA,NA,NA,NA,NA,NA,NA,NA,NA,NA,NA,NA,NA,0.647722419698801,NA,NA,0.854037602846196,NA,0.185487544085291,0.107434113629323,NA,0.150232263004284,NA,NA,NA,NA,NA,NA,0.831163911205065,0.673473356461097,NA,NA,NA,NA,NA,NA,0.373029412810493,NA,0.730079345976061,NA,NA,NA,NA,NA,NA,NA,0.0243849668589296,NA,NA,NA,NA,0.00410267737762347,NA,0.40930028407593,NA,NA,0.00290106845356216,0.596108597764224,0.708057667355872,NA,NA,NA,NA,NA,NA,0.0330068586166497,NA,NA,NA,NA,NA,NA,NA,0.71831188629264,NA,NA,NA,NA,NA,NA,NA,NA,NA,NA,NA,NA,NA,NA,NA,NA,NA,NA,NA,NA,NA,NA,NA,NA,NA,NA,0.71139403778724,NA,0.145812001179625,NA,NA,NA,NA,NA,NA,NA,NA,NA,0.47132279294761,NA,NA,NA,NA,NA,0.146720486885382,NA,NA,NA,NA,0.842150198546721,NA,NA,0.229337612710378,NA,NA,NA,NA,NA,NA,NA,NA,NA,NA,NA,NA,NA,0.242358422803986,NA,NA,0.0565489424485122,NA,0.264626935766355,NA,NA,NA,0.246250316472449,NA,NA,0.0926109394973276,NA,0.970258744717456,NA,NA,NA,NA,NA,NA,NA,0.75270487532868,NA,0.589047009167494,NA,NA
"HMDB0041125",NA,NA,NA,NA,NA,NA,NA,NA,NA,NA,NA,NA,NA,NA,NA,NA,NA,NA,NA,NA,NA,NA,NA,NA,NA,NA,NA,NA,NA,NA,NA,NA,NA,NA,NA,NA,NA,NA,NA,NA,NA,NA,NA,NA,NA,NA,NA,NA,NA,NA,NA,NA,NA,NA,NA,NA,NA,NA,NA,NA,NA,NA,NA,NA,NA,NA,NA,NA,NA,NA,NA,NA,NA,NA,NA,NA,NA,NA,NA,NA,NA,NA,NA,NA,NA,NA,NA,NA,NA,NA,NA,NA,NA,NA,NA,NA,NA,NA,NA,NA,NA,NA,NA,NA,NA,NA,NA,NA,NA,NA,NA,NA,NA,NA,NA,NA,NA,NA,NA,NA,NA,NA,NA,NA,NA,NA,NA,NA,NA,NA,NA,NA,NA,NA,NA,NA,NA,NA,NA,NA,0.00658400751806988,NA,NA,0.0933586057401918,0.16985497069072,NA,NA,0.691306540127375,NA,NA,0.0254302518903389,NA,0.393746108103348,NA,NA,0.00310884087029396,NA,NA,NA,NA,0.0653240579367646,NA,NA,NA,NA,NA,NA,NA,NA,0.436741610086022,NA,NA,NA,0.941902600673628,0.216749038927677,NA,NA,NA,NA,NA,NA,NA,NA,NA,NA,NA,NA,NA,NA,NA,NA,NA,NA,0.423258129242964,NA,NA,0.204136100404201,NA,NA,NA,NA,NA,NA,NA,NA,NA,NA,NA,0.0394955167501032,NA,NA,NA,NA,NA,NA,NA,NA,NA,NA,NA,NA,NA,NA,NA,NA,NA,NA,NA,NA,0.417734558267649,NA,NA,NA,NA,NA,NA,NA,0.252107725542077,0.157046109312973,NA,NA,NA,NA,0.163779084129198,NA,NA,NA,NA,NA,NA,NA,NA,0.173571263393998,NA,NA,NA,NA,NA,NA,NA,NA,NA,0.946059349321036,NA,NA,NA,0.584831458757413,NA,NA,0.0108007471964421,NA,NA,NA,NA,NA,0.297142257546633,0.240938344439259,NA,NA,0.117986654659047,0.239443136450475,NA,NA,0.158736679840328,NA,NA,NA,0.0185261953156312,NA,NA,0.725446107765794,NA,NA,NA
"HMDB0304575",NA,NA,NA,NA,NA,NA,NA,NA,0.115604262468715,NA,NA,NA,NA,NA,NA,NA,NA,NA,NA,NA,0.061178994635572,NA,NA,NA,NA,NA,NA,NA,NA,NA,NA,NA,NA,NA,NA,NA,NA,NA,NA,NA,NA,NA,NA,NA,NA,NA,NA,NA,NA,NA,NA,NA,NA,NA,NA,NA,NA,NA,NA,NA,NA,NA,NA,NA,NA,NA,NA,NA,NA,NA,NA,NA,NA,NA,NA,NA,NA,NA,NA,NA,NA,NA,NA,NA,NA,NA,NA,NA,NA,NA,NA,NA,NA,NA,NA,NA,NA,NA,NA,NA,NA,NA,NA,NA,NA,NA,NA,NA,NA,NA,NA,NA,NA,NA,NA,NA,NA,NA,NA,NA,NA,NA,NA,NA,NA,NA,NA,NA,NA,NA,NA,NA,NA,NA,NA,NA,NA,NA,NA,NA,0.52130162861209,NA,NA,NA,NA,0.0784653658729601,NA,NA,NA,NA,0.188173468492653,NA,NA,NA,NA,NA,NA,NA,NA,NA,NA,NA,NA,NA,NA,NA,NA,NA,NA,NA,NA,0.741490447377117,NA,NA,NA,NA,NA,NA,0.266663354296051,NA,NA,NA,NA,NA,NA,NA,NA,NA,NA,NA,NA,NA,NA,0.519078086523667,NA,NA,NA,NA,NA,NA,NA,NA,NA,NA,NA,0.0380581466650154,NA,NA,NA,NA,NA,NA,0.208555460528948,NA,NA,NA,NA,NA,NA,NA,NA,NA,NA,NA,NA,NA,NA,NA,NA,NA,NA,NA,NA,0.548983134407363,NA,NA,NA,NA,NA,NA,NA,NA,0.543468837224369,NA,NA,0.292986044345806,NA,NA,0.973314888894727,NA,NA,NA,NA,NA,0.628636905496864,NA,0.317034876009875,0.332748552557471,0.411693968217494,NA,NA,NA,NA,0.78756905869997,NA,NA,NA,NA,NA,0.0567872842944096,NA,NA,NA,NA,0.297142257546633,NA,NA,NA,0.38249614619958,NA,NA,NA,NA,0.323842538174624,NA,0.578503666098166,NA,0.126573097998543,NA,0.679361204532522,NA,NA,0.912504557976913,NA
"HMDB0304867",NA,NA,NA,NA,NA,NA,NA,NA,NA,NA,NA,NA,NA,NA,NA,NA,NA,NA,NA,NA,NA,NA,NA,NA,NA,NA,NA,NA,NA,NA,NA,NA,0.385455469828282,NA,NA,NA,NA,NA,NA,NA,NA,NA,NA,NA,NA,NA,NA,NA,NA,NA,NA,NA,NA,NA,NA,NA,NA,NA,NA,NA,NA,NA,NA,NA,NA,NA,NA,NA,NA,NA,NA,NA,NA,NA,NA,NA,NA,NA,NA,NA,NA,NA,NA,NA,NA,NA,NA,NA,NA,NA,NA,NA,NA,NA,NA,NA,NA,NA,NA,NA,NA,NA,NA,NA,NA,NA,NA,NA,NA,NA,NA,NA,NA,NA,NA,NA,NA,NA,NA,NA,NA,NA,NA,NA,NA,NA,NA,NA,NA,NA,NA,NA,NA,NA,NA,NA,0.902965449327073,0.0735487715497203,NA,NA,NA,NA,NA,NA,NA,NA,NA,NA,NA,0.240405840567006,NA,NA,0.288774738279737,NA,NA,NA,NA,0.167533303795778,0.22983503919913,0.943572435670033,NA,NA,NA,NA,NA,NA,NA,NA,NA,NA,NA,0.0151289928347779,NA,0.00561933573948146,0.317996087660407,NA,NA,0.0518384011649742,0.0037263184601692,NA,0.147393038618125,0.312914566846419,NA,0.011764946295752,NA,0.562179629157203,0.0371147455886804,NA,NA,NA,NA,NA,0.441113806297509,NA,0.66549738721414,NA,0.0375996251776943,NA,NA,NA,NA,0.418052085794415,NA,NA,NA,NA,NA,NA,0.118081354739047,0.704487809359519,NA,0.082697713116967,0.577320951301864,0.542618055846593,0.847276146087294,0.94113371938097,NA,NA,0.879875514661953,NA,NA,0.95944611899535,NA,0.14300957373744,0.542068786558022,0.174651912775262,0.469351476652864,NA,0.0383890310571051,0.0579540025559947,NA,NA,0.166449475995441,NA,NA,NA,NA,NA,NA,NA,NA,NA,0.797377085053889,NA,NA,NA,NA,NA,0.77452971705197,NA,NA,0.164101081842951,NA,0.253616053793217,0.360638821265447,NA,0.8654513605982,0.818780744483725,NA,NA,NA,0.829238363189148,0.829834906102632,NA,NA,NA,NA,NA,0.0383977595077719,NA,0.742332788154131,NA,NA,0.246250316472449,0.240938344439259,NA,NA,0.809653680763128,NA,0.550228909459187,0.460989228308056,NA,NA,NA,NA,NA,NA,NA,NA,NA,NA,NA,NA,0.0678065841803569
"HMDB0266649",NA,NA,NA,NA,NA,NA,NA,NA,NA,NA,NA,NA,NA,NA,NA,NA,NA,NA,NA,NA,NA,NA,NA,NA,NA,NA,NA,NA,NA,NA,NA,NA,NA,NA,NA,NA,NA,NA,NA,NA,NA,NA,NA,NA,NA,NA,NA,NA,NA,NA,NA,NA,NA,NA,NA,NA,NA,NA,NA,NA,NA,NA,NA,NA,NA,NA,NA,NA,NA,NA,NA,NA,NA,NA,NA,NA,NA,NA,NA,NA,NA,NA,NA,NA,NA,NA,NA,NA,NA,NA,NA,NA,NA,NA,NA,NA,NA,NA,NA,1.30763217777234e-05,NA,NA,NA,NA,NA,NA,NA,NA,NA,NA,NA,NA,NA,NA,NA,NA,NA,NA,NA,NA,NA,NA,NA,NA,NA,NA,NA,NA,NA,NA,NA,NA,NA,NA,NA,NA,NA,0.32835325390279,0.559635224651189,NA,NA,0.597552861044715,NA,NA,0.702251418185583,NA,NA,NA,0.787068019632637,0.0312001230306723,0.358824760021702,NA,0.709548267782576,NA,NA,0.199819522382623,0.0335949435085858,0.520322574694403,0.685964182283729,0.344295466234671,NA,0.0728475964880815,0.851928477532577,0.144322334043422,NA,0.0581744923545033,NA,NA,NA,NA,0.905418942273932,0.847771966785528,0.0568540319898784,0.00839395438617906,0.358402909667309,NA,0.939730377464603,0.911375500921873,0.0132557201344283,NA,NA,NA,0.964334766861924,NA,NA,0.739078460604532,0.0821449017356454,0.166028014763298,NA,0.126376400407567,0.149719187187678,0.123904688780462,NA,NA,0.245683721670626,NA,0.284652376511239,NA,NA,NA,NA,0.619641225318053,NA,0.136352924326794,NA,NA,NA,NA,NA,NA,NA,0.864140882820125,0.523906728104112,0.58481167124421,NA,NA,NA,NA,0.773943112548563,NA,NA,NA,0.579604364964808,NA,0.612474707594246,0.901626527910312,NA,NA,NA,NA,NA,NA,0.834303154624149,NA,NA,NA,0.644625056231,NA,NA,NA,NA,0.0283821746686483,0.902453283638171,NA,NA,NA,NA,NA,0.494963414200216,NA,NA,0.582801421338786,NA,0.0185664764459873,0.408351295760716,NA,0.553381414433479,0.588961418156287,0.00904182746447718,NA,0.209369324448076,0.178945368918712,NA,0.0206962589789507,NA,0.136601770229996,NA,NA,0.0228867932607584,NA,NA,0.297993265790262,NA,NA,NA,NA,0.809653680763128,NA,NA,0.871978127064847,0.612084700721131,NA,NA,NA,0.213317969123864,NA,0.0729103500636294,NA,NA,NA,0.9832592819761,NA,0.794148199908233,0.0407087685363687
"HMDB0040767",NA,NA,NA,NA,NA,NA,NA,NA,NA,NA,NA,NA,0.0235024289354622,NA,NA,NA,NA,NA,NA,NA,NA,NA,NA,NA,NA,NA,NA,NA,NA,NA,NA,NA,NA,NA,NA,NA,NA,NA,NA,NA,NA,NA,NA,NA,NA,NA,NA,NA,NA,NA,NA,NA,NA,NA,NA,NA,NA,NA,NA,NA,NA,NA,NA,NA,NA,NA,NA,NA,NA,NA,NA,NA,NA,NA,NA,NA,NA,NA,NA,NA,NA,NA,NA,NA,NA,NA,NA,NA,NA,NA,NA,NA,NA,0.00909937452640334,NA,NA,NA,NA,NA,NA,NA,NA,NA,NA,NA,NA,NA,NA,NA,NA,NA,NA,NA,NA,NA,NA,NA,NA,NA,NA,NA,NA,NA,NA,NA,NA,NA,NA,NA,NA,NA,NA,NA,NA,NA,NA,NA,NA,NA,NA,NA,NA,NA,NA,NA,NA,0.0133635227850597,NA,NA,NA,NA,NA,NA,NA,0.15111142377766,NA,NA,NA,NA,NA,NA,NA,NA,NA,NA,NA,NA,NA,NA,NA,NA,0.218585908795073,NA,NA,NA,NA,NA,NA,NA,NA,NA,NA,NA,NA,NA,NA,NA,NA,NA,NA,NA,NA,NA,NA,NA,NA,NA,NA,NA,NA,NA,NA,NA,NA,NA,NA,NA,NA,0.0977531424978181,NA,NA,NA,NA,NA,NA,NA,NA,0.0198641541780972,NA,NA,NA,NA,NA,0.0268943125666268,NA,NA,NA,NA,NA,NA,NA,NA,0.0168608791486793,0.174489926406535,NA,NA,NA,NA,NA,NA,NA,NA,NA,NA,NA,NA,NA,NA,NA,NA,NA,NA,0.0930959165385992,NA,NA,NA,NA,NA,0.00475301922834976,0.990110231421405,NA,NA,NA,NA,0.0518384875962177,NA,NA,NA,NA,0.927410644738323,NA,NA,NA,NA,NA,0.38249614619958,NA,NA,NA,NA,NA,NA,NA,0.189657062070144,NA,0.497399884014938,NA,0.359844345063645,NA,NA,NA,NA,NA,NA
"HMDB0266684",NA,NA,NA,NA,NA,NA,NA,NA,NA,NA,NA,NA,NA,NA,NA,NA,NA,NA,NA,NA,NA,NA,NA,NA,NA,NA,NA,NA,NA,NA,NA,NA,NA,0.000160662149147612,NA,NA,NA,NA,NA,NA,NA,NA,NA,NA,NA,NA,NA,NA,NA,NA,NA,NA,NA,NA,NA,NA,NA,NA,NA,NA,NA,NA,NA,NA,NA,NA,NA,NA,NA,NA,NA,NA,NA,NA,NA,NA,NA,NA,NA,NA,NA,NA,NA,NA,NA,NA,NA,NA,NA,NA,NA,NA,NA,NA,NA,NA,NA,NA,NA,NA,NA,NA,NA,NA,NA,NA,NA,NA,NA,NA,NA,NA,NA,NA,NA,NA,NA,NA,NA,NA,NA,NA,NA,NA,NA,NA,NA,NA,NA,NA,NA,NA,NA,NA,NA,NA,0.376690624872751,0.846677525571718,NA,NA,0.315004549683137,NA,NA,NA,0.416282612769568,NA,NA,NA,NA,NA,NA,NA,0.814799339202128,NA,NA,0.0290224195526354,0.123246725831632,NA,0.638787209434743,0.201323773827702,NA,NA,NA,NA,NA,NA,NA,NA,NA,NA,NA,NA,NA,0.0138592366352323,0.142067854340302,NA,NA,0.403910624274745,0.0177054179443482,NA,NA,NA,NA,0.0161334741812443,NA,0.165934370358254,0.174537422327508,0.31386373868732,NA,NA,NA,NA,NA,0.28350538802964,NA,0.871809338073544,0.492120746384637,NA,0.984203420687673,NA,NA,NA,NA,NA,NA,NA,NA,NA,NA,0.697123401794374,NA,NA,0.548616952988173,NA,0.706098748836981,NA,NA,NA,NA,NA,NA,NA,NA,0.343202140178087,NA,NA,NA,NA,NA,NA,0.775110343743271,NA,0.315164773295102,NA,NA,NA,NA,NA,NA,NA,NA,NA,NA,NA,NA,NA,0.275137283873516,NA,0.412365775445086,NA,0.0817041524337872,0.261559507247051,NA,0.331675270863943,0.769741936392692,NA,NA,0.984325194850879,NA,NA,NA,0.801598527175822,0.174048292786864,0.0504700936497051,0.976596786563997,NA,NA,NA,NA,0.613474647986627,NA,NA,0.408135370935678,0.0926109394973276,0.117986654659047,NA,0.550228909459187,0.871978127064847,NA,NA,0.789596493992899,NA,NA,NA,NA,NA,NA,NA,NA,NA,NA,NA,0.597587245924097,NA
"HMDB0039553",NA,NA,NA,NA,NA,NA,NA,NA,NA,NA,NA,NA,NA,NA,NA,NA,NA,NA,NA,NA,NA,NA,NA,NA,NA,NA,NA,NA,NA,NA,NA,NA,NA,NA,NA,NA,NA,NA,NA,NA,NA,NA,NA,NA,NA,NA,NA,NA,NA,NA,NA,NA,NA,NA,NA,NA,NA,NA,NA,NA,NA,NA,NA,NA,NA,NA,NA,NA,NA,NA,NA,NA,NA,NA,NA,NA,NA,NA,NA,NA,NA,NA,NA,NA,NA,NA,NA,NA,NA,NA,NA,NA,NA,NA,NA,NA,NA,NA,NA,NA,NA,NA,NA,NA,NA,NA,NA,NA,NA,0.304502324573234,NA,NA,NA,NA,NA,NA,NA,NA,NA,NA,NA,NA,NA,NA,NA,NA,NA,NA,NA,NA,NA,NA,NA,NA,NA,NA,NA,NA,NA,NA,NA,NA,NA,NA,0.919347174678259,NA,NA,NA,NA,0.978685950603056,0.992408222061276,NA,0.145279830295088,NA,NA,NA,NA,0.64177118354396,NA,0.840211085790757,NA,NA,0.755186936216733,NA,NA,NA,NA,NA,NA,NA,NA,0.806604830315645,NA,NA,0.474569921017838,NA,NA,NA,NA,NA,NA,NA,0.861541475403204,NA,NA,NA,0.104828240025337,NA,NA,NA,NA,NA,NA,0.116236815225935,0.206673762830539,NA,NA,NA,NA,NA,NA,0.567724409134211,NA,NA,NA,0.0466691363383414,NA,NA,NA,NA,NA,NA,NA,0.0722100772383248,0.660853368648589,NA,0.0753309770973221,NA,0.132770607660414,0.137777602309099,NA,0.288166986726803,NA,NA,NA,NA,0.0758472152698535,0.791100596826737,NA,NA,NA,NA,NA,NA,NA,NA,NA,NA,NA,NA,NA,NA,0.385207034603255,NA,NA,NA,0.620310250265759,NA,0.119966823422779,NA,NA,0.741137093875138,NA,NA,0.460982179331108,NA,0.356821091712957,0.526376570461786,NA,NA,0.364127381004263,0.68543023821709,0.771514957870551,0.737314330722052,NA,NA,NA,NA,0.471370467275405,NA,NA,NA,NA,NA,0.239443136450475,NA,0.460989228308056,0.612084700721131,NA,0.789596493992899,NA,NA,NA,NA,NA,NA,NA,0.122975374638435,NA,NA,0.047145668325133,NA,0.878021366397459,NA
"HMDB0303682",NA,NA,NA,NA,NA,NA,NA,NA,NA,NA,NA,NA,NA,NA,NA,NA,NA,NA,NA,NA,NA,NA,NA,NA,NA,NA,NA,NA,NA,NA,NA,NA,NA,NA,NA,NA,NA,NA,NA,NA,NA,NA,NA,NA,NA,NA,NA,NA,NA,NA,NA,NA,NA,NA,NA,NA,NA,NA,NA,NA,NA,NA,NA,NA,NA,NA,NA,NA,NA,NA,NA,NA,NA,NA,NA,NA,NA,NA,NA,NA,NA,NA,NA,NA,NA,NA,NA,NA,NA,NA,NA,NA,NA,NA,NA,NA,NA,NA,NA,NA,NA,NA,NA,NA,NA,NA,NA,NA,NA,NA,NA,NA,NA,NA,NA,NA,NA,NA,NA,NA,NA,NA,NA,NA,NA,NA,NA,NA,NA,NA,NA,NA,NA,NA,NA,NA,NA,NA,NA,NA,NA,NA,NA,NA,NA,0.286057395804829,NA,NA,0.184860007434773,NA,0.0698324979606856,NA,NA,NA,NA,NA,0.0276236247003443,NA,NA,NA,NA,NA,NA,NA,NA,NA,NA,NA,NA,NA,NA,NA,NA,NA,NA,NA,NA,NA,NA,NA,NA,NA,NA,NA,NA,NA,NA,0.292566359503388,NA,NA,NA,NA,0.00433430659596506,NA,NA,NA,NA,NA,NA,NA,0.252637616056732,NA,NA,NA,NA,NA,0.00472918279270241,NA,NA,NA,NA,NA,0.650660603044383,NA,NA,NA,NA,NA,NA,NA,NA,NA,NA,NA,NA,NA,NA,0.0324401030854694,NA,NA,NA,NA,NA,NA,NA,NA,0.184323063218547,NA,NA,NA,NA,NA,NA,0.365063344831844,NA,0.814354268468605,NA,NA,NA,NA,NA,NA,NA,NA,NA,NA,NA,NA,NA,NA,NA,NA,NA,NA,NA,NA,NA,0.0141809851176338,NA,NA,0.101061327822254,0.6682255360547,0.391380643488498,0.970258744717456,NA,NA,NA,NA,NA,NA,NA,NA,NA,NA,NA,NA,0.80538534539548,NA,0.201146054424763,0.50447730252556,NA,0.399008417910952,NA,NA
"HMDB0303182",NA,NA,NA,NA,NA,NA,NA,NA,NA,NA,NA,NA,NA,NA,NA,NA,NA,NA,NA,NA,NA,0.038352575892932,NA,NA,NA,NA,NA,NA,NA,NA,NA,NA,NA,NA,NA,NA,NA,NA,NA,NA,NA,0.0817334250629429,NA,NA,NA,NA,NA,NA,NA,NA,NA,NA,NA,NA,NA,NA,NA,NA,NA,NA,NA,NA,NA,0.0491371495625807,NA,NA,NA,NA,NA,NA,NA,NA,NA,NA,NA,NA,NA,NA,NA,NA,NA,NA,NA,NA,NA,NA,NA,NA,NA,NA,NA,NA,NA,NA,NA,NA,NA,NA,NA,NA,NA,NA,NA,NA,NA,NA,NA,NA,NA,NA,NA,NA,NA,NA,NA,0.265135771833242,NA,NA,NA,NA,NA,NA,NA,NA,NA,NA,NA,NA,NA,NA,NA,NA,NA,NA,NA,NA,0.990612727351355,0.758885722290407,0.272429490069462,0.264567168216901,NA,NA,0.296307460702092,NA,NA,NA,NA,NA,NA,0.514638816255762,NA,NA,NA,NA,NA,NA,0.551356851375555,NA,NA,NA,0.146451865482378,NA,NA,0.0671037174986009,NA,NA,0.165893914355339,0.598344414894843,0.409416706569785,NA,NA,NA,0.779030335948171,NA,NA,0.0463411542941437,NA,NA,NA,0.920294441106014,NA,NA,0.0193819807394701,NA,NA,0.0217145651300098,NA,0.268548730785977,NA,0.0222835191551399,NA,0.0359700993402933,NA,NA,NA,NA,NA,NA,NA,NA,NA,NA,NA,0.612517760258893,0.532914211390103,NA,NA,NA,0.182592473534154,NA,0.240906274127366,NA,0.0195783296533703,NA,NA,NA,NA,NA,NA,0.522175000555473,0.755484672441343,NA,NA,NA,NA,NA,NA,NA,0.970556361281252,NA,0.315879946628131,NA,NA,0.20047306034925,NA,0.829749607724773,NA,0.635263040098069,0.0565294838265485,NA,NA,0.230080796544086,NA,NA,NA,NA,NA,NA,NA,0.774378748909457,NA,NA,0.360070149488481,0.829088093289161,NA,0.827957730569347,NA,NA,0.735074018801003,NA,NA,0.0036976212470493,NA,0.117151108038017,0.0954952729000733,NA,0.705583593303235,0.229241962208674,0.8762150883511,0.855799659887313,NA,NA,NA,NA,NA,NA,NA,NA,NA,NA,NA,NA,NA,NA,0.476566249716636,NA,0.20981345051981,NA,NA,NA,NA,NA,NA,0.101532134919978
"HMDB0034361",NA,NA,NA,NA,NA,NA,NA,NA,NA,NA,NA,NA,NA,NA,NA,NA,NA,NA,0.0158535642636038,NA,NA,NA,NA,NA,NA,NA,NA,NA,NA,NA,NA,NA,NA,NA,NA,NA,NA,NA,NA,NA,NA,NA,NA,NA,NA,NA,NA,NA,NA,NA,NA,NA,NA,NA,NA,NA,NA,NA,NA,NA,NA,NA,NA,NA,NA,NA,NA,NA,NA,NA,NA,NA,NA,NA,NA,NA,NA,NA,NA,NA,NA,NA,NA,NA,NA,NA,NA,NA,NA,NA,NA,NA,NA,NA,NA,NA,NA,NA,NA,NA,NA,NA,NA,NA,NA,NA,NA,NA,NA,NA,NA,NA,NA,NA,NA,NA,NA,NA,NA,NA,NA,NA,NA,NA,NA,NA,NA,NA,NA,NA,NA,NA,NA,NA,NA,NA,NA,NA,0.204300924390431,NA,NA,NA,NA,NA,NA,NA,NA,NA,NA,0.33097005723108,NA,NA,NA,0.0613136553988886,NA,NA,NA,0.799449458973264,0.714789574799636,0.698630603622895,NA,0.149712362365916,0.746562721612647,NA,NA,NA,NA,0.393960492586483,NA,NA,0.999530178325236,0.861125094701575,0.270774455599988,NA,0.657596786736021,NA,NA,NA,0.38485670193976,NA,NA,NA,0.929207243836762,NA,NA,0.711157746638598,NA,0.4415258056024,NA,NA,NA,NA,NA,0.885000200091481,NA,0.882978666934511,NA,NA,0.690409663982945,0.706917933244416,NA,0.799338895415608,NA,NA,NA,0.0186459928829647,NA,NA,NA,NA,NA,NA,0.122268743213317,NA,NA,NA,0.820178530247056,NA,NA,NA,NA,0.287839532414495,NA,0.369255756740602,NA,NA,NA,NA,0.772042442126273,NA,NA,NA,0.908184067923007,0.577867468866072,NA,NA,NA,NA,NA,NA,NA,NA,NA,NA,NA,NA,NA,NA,NA,NA,NA,NA,NA,NA,0.969017949259263,NA,0.291301666953708,0.529767526494101,0.663427585159866,0.537866455349555,NA,NA,0.881392973085235,0.947145082106174,0.415759689693281,NA,NA,NA,NA,0.910072725948889,NA,NA,NA,NA,0.158736679840328,0.323842538174624,NA,NA,0.189657062070144,NA,NA,NA,NA,NA,NA,0.910142307681947,NA,0.74677599972343,NA,NA,NA,NA,NA,NA
"HMDB0271082",NA,NA,NA,NA,NA,NA,NA,NA,NA,NA,NA,NA,NA,NA,NA,NA,NA,NA,NA,NA,NA,NA,NA,NA,NA,NA,NA,NA,NA,NA,NA,NA,NA,NA,NA,NA,NA,NA,NA,NA,NA,NA,NA,NA,NA,NA,NA,NA,NA,NA,NA,NA,NA,NA,NA,NA,NA,NA,NA,NA,NA,NA,NA,7.08287955709609e-06,NA,NA,NA,NA,NA,NA,NA,NA,NA,NA,NA,NA,NA,NA,NA,NA,NA,NA,NA,NA,NA,NA,NA,NA,NA,NA,NA,NA,NA,NA,NA,NA,NA,NA,NA,NA,NA,NA,NA,NA,NA,NA,NA,NA,NA,NA,NA,NA,NA,NA,0.489304521047177,NA,NA,NA,NA,NA,NA,NA,NA,NA,NA,NA,NA,NA,NA,NA,NA,NA,NA,NA,NA,NA,NA,NA,0.180865933308052,NA,0.375375458044767,0.939318669717794,NA,0.262480099867807,NA,NA,NA,NA,NA,NA,NA,NA,NA,NA,NA,NA,0.578495006694927,NA,NA,NA,NA,0.0712545911825163,NA,0.00356673634055819,0.116539653307656,0.656446437108939,NA,NA,0.405323662774242,NA,NA,NA,NA,NA,NA,NA,NA,NA,NA,0.221842137805324,NA,NA,NA,NA,NA,NA,NA,0.628520212601731,NA,0.661369115197469,0.986704582793408,NA,NA,NA,0.117871374212993,NA,NA,NA,NA,NA,NA,NA,NA,NA,NA,0.974223972609276,NA,NA,NA,NA,NA,NA,0.12736059878571,NA,NA,NA,NA,NA,NA,0.947772593714068,NA,NA,NA,NA,NA,NA,NA,NA,NA,NA,NA,NA,NA,NA,NA,0.746687440081214,0.743947926351568,0.86534190093058,0.0230294949074405,0.316347011948405,NA,NA,NA,NA,NA,NA,NA,NA,0.0833470576230978,0.634651400862017,NA,0.150194020118102,0.105516850363533,0.654825438681012,0.52015409569104,0.802854026750605,NA,0.111562694469997,0.375018214752841,NA,0.695738047001837,0.148468682423029,NA,0.101872901310461,0.57397846967747,NA,0.732934898517351,NA,NA,NA,NA,0.212590371920842,NA,NA,NA,NA,NA,0.213317969123864,NA,NA,NA,NA,0.476566249716636,NA,NA,NA,0.709345746254197,NA,NA,NA,NA,NA,NA,NA
"HMDB0262879",NA,NA,NA,NA,NA,NA,NA,NA,NA,NA,NA,NA,NA,NA,NA,NA,NA,NA,NA,NA,NA,NA,NA,NA,NA,NA,NA,NA,NA,NA,NA,NA,NA,NA,NA,NA,NA,NA,NA,NA,NA,NA,NA,NA,NA,NA,NA,NA,0.108416411344644,NA,NA,NA,NA,NA,NA,NA,NA,NA,NA,NA,NA,NA,NA,NA,NA,NA,NA,NA,NA,NA,NA,NA,NA,NA,NA,NA,NA,NA,NA,NA,NA,NA,NA,NA,0.0188430563974084,NA,NA,NA,NA,NA,NA,NA,NA,NA,NA,NA,NA,NA,NA,NA,NA,NA,NA,NA,NA,NA,NA,NA,NA,NA,NA,NA,NA,NA,NA,NA,NA,NA,NA,NA,NA,0.0535640765665177,NA,NA,NA,NA,NA,NA,NA,NA,NA,NA,NA,NA,NA,NA,NA,NA,NA,NA,NA,NA,NA,NA,NA,NA,NA,NA,NA,NA,0.0316237974634667,NA,NA,NA,NA,NA,NA,NA,NA,NA,NA,NA,NA,NA,NA,NA,NA,NA,NA,NA,NA,NA,NA,NA,NA,NA,NA,NA,NA,NA,0.0399773770257056,NA,NA,NA,NA,NA,NA,0.476541782878241,NA,NA,NA,NA,NA,NA,NA,NA,NA,NA,NA,NA,NA,NA,NA,0.0323545665322325,NA,0.102533404587119,NA,NA,NA,NA,NA,NA,0.171958594441813,NA,NA,NA,NA,NA,NA,NA,NA,NA,NA,NA,NA,NA,NA,NA,NA,NA,NA,NA,NA,NA,NA,NA,0.453234663081549,NA,NA,NA,NA,NA,NA,NA,NA,NA,NA,NA,0.326127896349283,NA,NA,NA,NA,NA,0.961114891304424,NA,NA,0.457753347545569,NA,0.133687040234044,NA,0.92955631680621,0.913070601660415,NA,NA,NA,NA,NA,0.0540848998408106,NA,NA,NA,NA,NA,NA,0.578503666098166,NA,NA,0.497399884014938,NA,NA,NA,NA,0.910142307681947,NA,NA,NA,0.492924666266123,NA,NA,NA,NA,NA,NA
"HMDB0010332",NA,0.818782609154883,0.274447031200412,NA,NA,NA,NA,NA,NA,NA,NA,NA,NA,NA,NA,NA,NA,NA,NA,NA,NA,NA,NA,NA,NA,NA,NA,NA,NA,NA,NA,NA,NA,NA,NA,NA,NA,NA,NA,NA,NA,NA,NA,NA,NA,NA,NA,NA,NA,NA,NA,NA,NA,NA,NA,NA,NA,NA,NA,NA,NA,NA,NA,NA,NA,NA,NA,NA,NA,NA,NA,NA,NA,NA,NA,NA,NA,NA,NA,NA,NA,NA,NA,NA,NA,NA,NA,NA,NA,NA,NA,NA,NA,NA,NA,NA,NA,NA,NA,NA,NA,NA,NA,NA,NA,NA,NA,NA,NA,NA,NA,NA,NA,NA,NA,NA,NA,NA,NA,NA,NA,NA,NA,NA,NA,NA,NA,NA,NA,NA,NA,NA,NA,NA,NA,NA,NA,NA,NA,NA,NA,NA,NA,NA,NA,0.761541994685541,NA,NA,0.10646516821466,NA,NA,NA,NA,NA,NA,NA,0.0117864352811883,NA,NA,NA,NA,NA,NA,NA,NA,0.0612765754568248,NA,NA,NA,NA,NA,NA,NA,NA,NA,NA,NA,NA,NA,0.405344309586332,NA,NA,NA,NA,NA,NA,NA,0.582796475717425,NA,0.258675961054028,NA,0.284216244450562,0.260231226879349,NA,NA,NA,NA,NA,NA,NA,0.183146519893065,NA,0.0512931620697018,0.378795786806959,NA,NA,NA,NA,0.335511879736207,NA,NA,NA,0.102723377500573,NA,NA,NA,NA,NA,NA,NA,NA,NA,NA,NA,NA,NA,NA,0.824604504023532,0.35995056714051,NA,NA,NA,NA,NA,NA,0.414910965622869,NA,NA,NA,NA,NA,NA,NA,0.656109504960698,NA,NA,NA,NA,0.230675549739244,0.31617251474213,NA,NA,NA,0.543512845688528,0.192886384932281,0.408681290777046,NA,NA,NA,0.495338621264538,NA,0.0155611716812805,NA,0.102437206942558,NA,NA,NA,NA,NA,NA,NA,0.974549391758212,NA,NA,NA,NA,NA,0.0729103500636294,NA,NA,NA,0.80538534539548,0.20981345051981,NA,0.709345746254197,NA,NA,NA,NA,NA,NA,0.489502353557068,NA,NA
"HMDB0303369",NA,NA,NA,NA,0.480768509296191,NA,NA,NA,NA,NA,NA,NA,NA,NA,NA,NA,0.901340753608977,NA,0.0312629966857632,NA,NA,NA,NA,NA,NA,NA,NA,NA,NA,NA,NA,NA,NA,NA,NA,NA,NA,NA,NA,NA,NA,NA,NA,NA,NA,NA,NA,NA,0.904720227585906,NA,NA,NA,NA,NA,NA,NA,NA,NA,NA,NA,NA,NA,NA,NA,NA,NA,NA,NA,NA,NA,NA,NA,NA,NA,NA,NA,NA,NA,NA,NA,NA,NA,NA,NA,NA,NA,NA,NA,NA,NA,NA,NA,NA,NA,NA,NA,NA,NA,NA,NA,NA,NA,NA,NA,NA,NA,NA,NA,NA,NA,NA,NA,NA,NA,NA,NA,NA,NA,NA,NA,NA,0.0355700892442425,NA,NA,NA,NA,NA,NA,NA,NA,NA,NA,NA,NA,NA,NA,NA,0.174861989590206,0.208814548553324,NA,NA,NA,NA,NA,NA,NA,NA,NA,NA,NA,NA,NA,0.150123502774769,NA,NA,NA,NA,0.884714976952948,0.898802043659982,NA,NA,NA,0.614118744923174,NA,0.826409022169705,NA,NA,NA,NA,NA,NA,0.735506765225347,0.144127777297061,NA,NA,NA,NA,NA,NA,NA,NA,NA,0.687164910167785,NA,NA,NA,NA,NA,NA,NA,NA,NA,NA,0.46085556767787,NA,0.488643791300448,NA,NA,NA,NA,NA,NA,NA,NA,NA,0.109672932834986,NA,NA,NA,NA,NA,NA,NA,NA,NA,NA,NA,NA,NA,NA,NA,0.0205332602999569,NA,0.973068668973689,NA,NA,NA,0.276460734561262,NA,NA,NA,NA,0.267899960773797,NA,NA,NA,NA,NA,NA,NA,NA,NA,0.11850694159481,NA,NA,NA,NA,NA,NA,NA,NA,NA,NA,NA,0.168616685298792,NA,0.0619628438167662,0.594353978659774,0.314878617509837,NA,0.129277183107157,NA,0.383944918433773,0.817641896196412,NA,NA,NA,NA,NA,0.390910887149367,0.444127459064344,NA,NA,NA,0.0185261953156312,0.126573097998543,NA,NA,0.359844345063645,NA,0.122975374638435,NA,NA,0.74677599972343,NA,0.492924666266123,NA,NA,NA,NA,NA,0.13674862859607,0.49875524660121,NA
"HMDB0250003",NA,NA,NA,NA,NA,NA,NA,NA,NA,NA,NA,NA,NA,NA,NA,NA,NA,NA,NA,NA,NA,NA,NA,NA,NA,NA,NA,NA,NA,NA,NA,NA,NA,NA,NA,NA,NA,NA,NA,NA,NA,NA,NA,NA,NA,NA,NA,NA,NA,NA,NA,NA,NA,NA,NA,NA,NA,NA,NA,NA,NA,NA,NA,NA,NA,NA,NA,0.0831673936733728,NA,NA,NA,NA,NA,NA,NA,NA,NA,NA,NA,NA,NA,NA,NA,NA,NA,NA,NA,NA,NA,NA,NA,NA,NA,NA,NA,NA,NA,NA,NA,NA,NA,NA,NA,NA,NA,NA,NA,NA,NA,NA,NA,NA,NA,NA,NA,NA,NA,NA,NA,NA,NA,NA,NA,NA,NA,NA,NA,NA,NA,NA,NA,NA,NA,NA,NA,NA,NA,NA,NA,0.649207907271026,NA,NA,NA,NA,NA,NA,NA,NA,NA,NA,NA,NA,NA,NA,NA,NA,NA,NA,NA,NA,NA,NA,NA,NA,NA,NA,NA,NA,NA,NA,NA,NA,NA,NA,NA,NA,NA,NA,NA,NA,NA,NA,NA,NA,NA,NA,NA,NA,NA,NA,NA,NA,NA,NA,NA,NA,NA,NA,NA,NA,0.626582241607209,NA,NA,NA,NA,NA,NA,NA,NA,NA,NA,NA,NA,NA,NA,NA,NA,NA,NA,NA,NA,NA,NA,NA,NA,NA,NA,0.38718967368972,NA,NA,NA,NA,NA,NA,NA,NA,NA,NA,NA,NA,NA,NA,NA,0.289034769995886,NA,NA,NA,NA,NA,NA,NA,NA,NA,NA,NA,NA,NA,NA,NA,NA,NA,NA,NA,NA,NA,NA,NA,NA,NA,NA,NA,NA,0.875853213618498,NA,NA,NA,NA,NA,NA,NA,NA,0.201146054424763,NA,NA,NA,NA,NA,NA,NA,0.999011016284335,NA,0.448270145401199,NA,NA
"HMDB0272648",NA,NA,0.172075679997309,NA,NA,NA,NA,0.0313746225521436,NA,NA,NA,NA,NA,NA,NA,NA,0.199549944265677,NA,NA,NA,NA,NA,NA,NA,NA,NA,NA,NA,NA,NA,NA,NA,NA,NA,NA,NA,NA,NA,NA,NA,NA,NA,NA,NA,NA,NA,NA,NA,NA,NA,NA,NA,NA,NA,NA,NA,NA,NA,NA,NA,NA,0.167390589741238,0.337413744941766,NA,NA,NA,NA,NA,NA,NA,NA,NA,NA,NA,NA,NA,0.0137750213835127,NA,NA,NA,NA,NA,NA,NA,NA,NA,NA,NA,0.0508641611217928,NA,NA,NA,NA,NA,NA,NA,NA,NA,NA,NA,NA,NA,NA,NA,NA,NA,NA,NA,NA,NA,NA,NA,NA,NA,NA,NA,NA,NA,NA,NA,NA,NA,NA,NA,NA,NA,NA,NA,NA,NA,NA,0.00507322842020327,NA,NA,NA,NA,NA,NA,NA,NA,0.0455282670484896,0.688874544415417,NA,0.169346266206873,NA,0.334218617971747,NA,NA,NA,NA,0.273752525003281,NA,NA,NA,NA,NA,NA,NA,NA,NA,NA,NA,NA,NA,NA,NA,NA,NA,NA,0.0127070107139908,NA,NA,NA,0.358686099011902,NA,NA,NA,NA,NA,NA,0.0139004000986037,NA,NA,0.844674267794513,NA,NA,NA,NA,NA,NA,NA,NA,NA,NA,NA,NA,NA,NA,NA,NA,NA,NA,NA,NA,NA,0.168278398216796,NA,NA,0.0034635586992955,NA,NA,NA,NA,NA,NA,NA,NA,NA,NA,NA,NA,NA,NA,NA,NA,NA,NA,0.316602514523749,NA,0.0821536459868623,NA,NA,NA,NA,NA,NA,NA,NA,NA,0.805804872517132,NA,NA,NA,0.0172378625841365,NA,0.816245948362467,NA,NA,NA,NA,0.317794590942657,NA,NA,NA,NA,NA,NA,NA,0.324492067271749,NA,NA,NA,NA,0.534768461667134,NA,NA,NA,NA,NA,NA,0.583062891187015,NA,0.840461532757581,0.75270487532868,NA,0.679361204532522,NA,NA,NA,NA,NA,0.50447730252556,NA,NA,NA,NA,NA,NA,0.999011016284335,NA,NA,0.297304659568048,NA,NA
"HMDB0034108",NA,NA,NA,NA,NA,NA,NA,NA,NA,NA,NA,NA,NA,NA,NA,NA,NA,NA,NA,NA,NA,NA,NA,NA,NA,NA,NA,NA,NA,NA,NA,0.472825210074803,NA,NA,NA,NA,NA,NA,NA,NA,NA,NA,NA,NA,NA,NA,NA,NA,NA,NA,NA,NA,NA,NA,NA,NA,NA,NA,NA,NA,NA,NA,0.320530746552889,NA,NA,NA,NA,NA,NA,NA,0.0732973183816206,NA,NA,NA,NA,NA,NA,NA,NA,NA,NA,NA,NA,NA,NA,NA,NA,NA,NA,NA,NA,NA,NA,0.0555623015672514,NA,NA,NA,NA,NA,NA,NA,NA,NA,NA,NA,0.32560674556343,NA,NA,NA,NA,NA,NA,NA,NA,NA,NA,NA,NA,NA,NA,0.538330141832436,NA,NA,NA,NA,NA,NA,NA,NA,NA,NA,NA,NA,NA,NA,NA,NA,NA,NA,NA,0.166466310162421,NA,NA,NA,NA,NA,NA,0.291483939190329,NA,NA,0.32908422135527,NA,NA,NA,NA,NA,NA,NA,NA,NA,NA,NA,NA,NA,NA,NA,NA,NA,NA,0.270050483280272,NA,NA,NA,NA,NA,NA,NA,NA,NA,NA,NA,NA,NA,NA,NA,0.576008257837566,0.191733697456403,NA,NA,NA,NA,NA,NA,NA,NA,NA,NA,NA,NA,NA,NA,NA,NA,NA,NA,NA,NA,NA,NA,NA,NA,NA,NA,NA,NA,NA,NA,NA,NA,NA,NA,NA,NA,NA,NA,NA,NA,NA,NA,NA,NA,NA,NA,NA,NA,NA,NA,0.200704363054424,NA,NA,NA,NA,NA,NA,NA,NA,NA,NA,NA,NA,NA,NA,NA,NA,NA,NA,NA,NA,NA,NA,NA,NA,0.0242670369707779,NA,NA,NA,NA,NA,NA,NA,NA,NA,NA,NA,0.725446107765794,NA,NA,0.9832592819761,NA,NA,0.047145668325133,NA,NA,NA,NA,NA,NA,NA,NA,NA,NA,NA,0.108839542606194,NA
"HMDB0273947",NA,NA,NA,NA,0.752323897157869,NA,NA,NA,NA,NA,NA,NA,NA,NA,NA,NA,NA,NA,NA,NA,NA,NA,NA,NA,NA,NA,NA,NA,NA,NA,NA,NA,NA,NA,NA,NA,NA,NA,NA,NA,NA,NA,NA,0.665527948073181,NA,NA,NA,NA,NA,NA,NA,NA,NA,NA,NA,NA,NA,NA,NA,NA,NA,NA,NA,NA,NA,NA,NA,NA,NA,NA,NA,NA,NA,NA,NA,NA,NA,NA,NA,NA,NA,NA,NA,NA,NA,NA,NA,NA,NA,NA,NA,NA,NA,NA,NA,NA,NA,NA,NA,NA,NA,NA,NA,NA,NA,NA,NA,NA,NA,NA,NA,NA,NA,NA,NA,NA,NA,NA,NA,NA,NA,NA,NA,NA,NA,NA,NA,NA,NA,NA,NA,NA,NA,NA,NA,NA,NA,NA,NA,NA,NA,NA,NA,NA,NA,0.356563153059267,NA,NA,NA,NA,NA,NA,NA,NA,NA,NA,0.105511345443264,NA,NA,NA,NA,NA,NA,NA,NA,0.705714188479088,NA,NA,NA,NA,NA,NA,NA,NA,0.92992225532916,NA,NA,NA,NA,NA,0.224472426327124,NA,NA,NA,NA,NA,NA,0.359115434428968,NA,NA,NA,NA,0.0024235266914609,NA,NA,NA,NA,NA,NA,NA,0.7363164311856,NA,NA,NA,NA,NA,0.00193789730408598,NA,NA,NA,NA,NA,0.277032617297492,NA,NA,NA,NA,NA,NA,NA,NA,NA,NA,NA,NA,NA,NA,0.26666604601816,NA,NA,NA,NA,NA,NA,NA,NA,0.110767106910872,NA,NA,NA,NA,NA,NA,0.613627623634937,NA,0.640231989114377,NA,NA,NA,NA,NA,NA,NA,0.233638395716678,NA,NA,NA,NA,NA,NA,NA,NA,NA,NA,NA,NA,NA,0.0519212280224666,NA,NA,0.168423508479255,0.424153622137534,0.913674168595442,0.589047009167494,NA,NA,NA,NA,NA,NA,NA,0.399008417910952,NA,NA,NA,NA,0.489502353557068,0.13674862859607,0.448270145401199,0.297304659568048,NA,NA,NA,NA
"HMDB0279169",NA,NA,NA,NA,NA,NA,NA,NA,NA,NA,NA,NA,NA,NA,NA,NA,NA,NA,NA,NA,NA,NA,NA,NA,NA,NA,NA,NA,NA,NA,NA,NA,NA,NA,NA,NA,NA,NA,NA,NA,NA,NA,NA,NA,NA,NA,NA,NA,NA,NA,NA,NA,NA,NA,NA,NA,NA,NA,NA,NA,NA,NA,NA,NA,NA,NA,0.0788289689291642,NA,NA,NA,NA,NA,NA,NA,NA,NA,NA,NA,NA,NA,NA,NA,NA,NA,NA,NA,NA,NA,NA,NA,NA,NA,NA,NA,NA,NA,NA,NA,NA,NA,NA,NA,NA,NA,NA,NA,NA,NA,NA,NA,NA,NA,NA,NA,0.832314569227243,NA,NA,NA,NA,NA,NA,NA,NA,NA,NA,NA,NA,NA,NA,NA,NA,NA,NA,NA,NA,NA,NA,0.226147940410261,NA,NA,NA,NA,NA,NA,NA,NA,NA,NA,NA,0.0369656327894725,0.288066831966944,NA,NA,NA,NA,NA,NA,0.530693205936001,0.593514378274018,NA,NA,NA,NA,NA,NA,NA,NA,NA,NA,NA,NA,NA,NA,NA,NA,NA,NA,NA,NA,NA,NA,NA,0.860184208786366,NA,NA,NA,0.471569155002791,NA,NA,NA,NA,NA,NA,0.0504229594412602,NA,NA,NA,0.011174517303005,NA,NA,NA,0.166375883263279,NA,NA,NA,0.0485205822713566,NA,NA,NA,NA,NA,NA,0.489063843585323,NA,NA,NA,0.176431059784389,NA,NA,NA,NA,NA,NA,NA,NA,NA,NA,NA,NA,NA,NA,NA,NA,NA,NA,NA,NA,NA,NA,0.0145975110891366,NA,NA,NA,NA,NA,NA,0.0732001814923503,NA,0.87557478861324,NA,NA,0.608754414936792,NA,NA,0.108052147306254,NA,NA,0.418450039172711,0.0117242841572447,NA,NA,0.380892499230721,0.472579659064177,0.0287320736827427,0.434631432684057,NA,NA,0.29776578570414,0.124094478182734,NA,NA,NA,NA,NA,NA,0.912504557976913,NA,0.794148199908233,NA,0.597587245924097,0.878021366397459,NA,NA,NA,NA,NA,NA,0.49875524660121,NA,NA,0.108839542606194,NA,NA,NA
"HMDB0280068",NA,NA,NA,NA,NA,NA,NA,NA,NA,NA,NA,NA,NA,NA,NA,NA,NA,NA,NA,NA,NA,NA,NA,NA,NA,NA,NA,NA,NA,NA,NA,NA,NA,NA,NA,NA,NA,NA,NA,NA,NA,NA,NA,NA,NA,NA,NA,NA,NA,NA,NA,NA,NA,NA,NA,NA,NA,NA,NA,NA,NA,NA,NA,NA,NA,NA,NA,NA,NA,NA,NA,NA,NA,NA,NA,NA,NA,NA,NA,NA,NA,NA,NA,NA,NA,NA,NA,NA,NA,NA,NA,NA,NA,NA,NA,NA,NA,NA,NA,NA,NA,NA,NA,NA,NA,NA,NA,NA,NA,NA,NA,NA,NA,NA,NA,NA,NA,NA,NA,NA,NA,NA,NA,NA,NA,NA,NA,NA,NA,NA,NA,NA,NA,NA,NA,NA,0.938676718368588,0.116730927571156,NA,NA,NA,NA,0.178285461669617,NA,0.210065393038973,NA,NA,NA,NA,0.165580957380517,NA,NA,NA,0.917401292361893,NA,NA,NA,0.31662752377528,0.888450885954035,NA,0.389332013882095,0.569136015306014,0.399955589774258,0.089262714279924,NA,NA,NA,NA,NA,NA,0.0907801395566494,0.193208486459977,0.780852080219915,NA,0.396637555094923,NA,0.745318088905897,0.297826553680549,NA,0.998340428716619,NA,0.453660507893689,0.77730007745947,NA,NA,0.160066473734329,0.0211694519960753,NA,0.0398785815966721,NA,NA,NA,NA,NA,0.965793540782031,NA,0.148420568544817,NA,NA,NA,NA,0.0332271695315206,NA,0.47890303487955,0.112005449643739,NA,NA,0.631270791560494,NA,NA,NA,0.0675172023885888,NA,0.209979344567025,0.23821870851274,0.716026634226701,NA,0.987646016105765,0.199180099603658,NA,NA,NA,0.546308784785696,0.269627735732322,0.088107547971945,0.586472393904729,NA,0.874972676525412,0.431400953928682,NA,NA,NA,0.467631217113031,NA,NA,0.774774676565229,NA,0.0296971191989229,0.592851836717846,NA,NA,NA,NA,NA,NA,NA,NA,NA,0.13216336140282,NA,NA,0.00351612847849097,NA,0.405597120647479,NA,NA,0.392652593341609,0.282047088202433,NA,0.257593877788536,NA,NA,NA,NA,NA,NA,NA,0.412551543848358,0.27054092222146,NA,NA,NA,NA,NA,NA,NA,0.0678065841803569,0.0407087685363687,NA,NA,NA,NA,0.101532134919978,NA,NA,NA,NA,NA,NA,NA,NA,NA,NA,NA
