SCFA,Estimate,p
oral_acetic_acid,0.225226588862977,0.0141430733580881
fecal_valeric_acid,0.240922412375217,0.00410675070034257
fecal_isovaleric_acid,0.152851988891771,0.0457998725192297
fecal_hexanoic_acid,0.403949731758956,0.0308724009761277
plasma_butyric_acid,-0.144939669061547,0.00140895124563746
